date,time_idx,mean_AE,median_AE,std_AE,min_AE,max_AE,P05_AE,P95_AE,n_valid,n_zeros,fraction_at_041,RMSE,Bias,MAE,abs_delta_difference,std_residual,mean_AE_tminus1,delta_AE,abs_delta_AE,percentile_abs_delta
2015-01-01,0,0.38174086001136576,0.38,0.00479354985291435,0.37,0.4,0.38,0.39,5279,0,0.0,0.23735332,0.18761352,0.20081586,0.0,0.14538841,,,,
2015-01-02,1,0.38040727410494407,0.38,0.0048704442952317165,0.37,0.4,0.37,0.39,5279,0,0.0,0.2924723,-0.2041504,0.23975687,0.3916912078857422,0.20943385,0.38174086001136576,-0.001333585906421686,0.001333585906421686,21.83221309434902
2015-01-03,2,0.37423375639325634,0.37,0.0056055128165483975,0.37,0.39,0.37,0.38,5279,0,0.0,0.31695598,-0.23584513,0.2646604,0.0317840576171875,0.21175,0.38040727410494407,-0.006173517711687726,0.006173517711687726,73.03958177744585
2015-01-04,3,0.3749441182042053,0.37,0.005760229621033505,0.37,0.39,0.37,0.38,5279,0,0.0,0.24153638,-0.15885058,0.20013058,0.077035903930664,0.1819517,0.37423375639325634,0.0007103618109489673,0.0007103618109489673,11.924321633059497
2015-01-05,4,0.3732316726652775,0.37,0.005437266682548163,0.37,0.39,0.37,0.38,5279,0,0.0,0.14914078,-0.094725855,0.12995493,0.0641002655029296,0.11519546,0.3749441182042053,-0.0017124455389277982,0.0017124455389277982,26.512322628827484
2015-01-06,5,0.3696362947527941,0.37,0.007938741665524282,0.36,0.39,0.36,0.38,5279,0,0.0,0.1517882,-0.07947132,0.13006867,0.0153179168701171,0.12932107,0.3732316726652775,-0.003595377912483433,0.003595377912483433,49.34030370923575
2015-01-07,6,0.3754574730062512,0.37,0.0067856277404634395,0.37,0.39,0.37,0.39,5279,0,0.0,0.21484125,0.14014588,0.1635391,0.2196254730224609,0.16283707,0.3696362947527941,0.005821178253457127,0.005821178253457127,69.8033358227533
2015-01-08,7,0.3850369388141694,0.38,0.006008262873446718,0.38,0.4,0.38,0.4,5279,0,0.0,0.30871716,0.24169919,0.25369167,0.1013755798339843,0.19206193,0.3754574730062512,0.009579465807918186,0.009579465807918186,91.61065471745083
2015-01-09,8,0.392862284523584,0.39,0.005016564357029477,0.38,0.4,0.39,0.4,5279,0,0.0,0.27220416,0.14535326,0.21622054,0.0963554382324218,0.23014677,0.3850369388141694,0.007825345709414622,0.007825345709414622,83.54493403037092
2015-01-10,9,0.40190376965334335,0.4,0.0075531471091770525,0.38,0.41000000000000003,0.39,0.41000000000000003,5279,0,0.3733661678348172,0.28937978,0.1186786,0.25357547,0.0265827178955078,0.26392448,0.392862284523584,0.00904148512975933,0.00904148512975933,90.04232013940752
2015-01-11,10,0.3987554461072173,0.4,0.006230455798052852,0.38,0.41000000000000003,0.39,0.41000000000000003,5279,0,0.13354802045842015,0.40024215,0.32515776,0.3479113,0.2065315246582031,0.2333801,0.40190376965334335,-0.0031483235461260417,0.0031483235461260417,44.83445357231765
2015-01-12,11,0.3839723432468271,0.38,0.004893252660312777,0.38,0.39,0.38,0.39,5279,0,0.0,0.2642197,0.19896644,0.2060091,0.1261768341064453,0.17385097,0.3987554461072173,-0.014783102860390196,0.014783102860390196,98.97933781428927
2015-01-13,12,0.3738738397423754,0.37,0.005249594780786345,0.37,0.39,0.37,0.38,5279,0,0.0,0.20090625,0.041441318,0.14325063,0.1575241088867187,0.19658558,0.3839723432468271,-0.010098503504451684,0.010098503504451684,92.88025889967638
2015-01-14,13,0.379232809244175,0.38,0.004877605528940192,0.37,0.39,0.37,0.39,5279,0,0.0,0.2238906,0.12437257,0.1757755,0.0828628540039062,0.18616784,0.3738738397423754,0.005358969501799593,0.005358969501799593,66.51730146875778
2015-01-15,14,0.3777741996590263,0.38,0.00636912848729999,0.37,0.39,0.37,0.39,5279,0,0.0,0.28856903,0.16896443,0.22535336,0.0446243286132812,0.23393014,0.379232809244175,-0.0014586095851487069,0.0014586095851487069,23.5748070699527
2015-01-16,15,0.3747073309338891,0.37,0.006593820350187245,0.36,0.39,0.37,0.39,5279,0,0.0,0.22320239,-0.009430733,0.17564291,0.1784019470214843,0.22300336,0.3777741996590263,-0.0030668687251372284,0.0030668687251372284,43.63953198904655
2015-01-17,16,0.3781530592915325,0.38,0.007584746660767312,0.37,0.4,0.37,0.39,5279,0,0.0,0.23488769,0.04017164,0.20180665,0.0497055053710937,0.23142712,0.3747073309338891,0.003445728357643396,0.003445728357643396,47.97112272840428
2015-01-18,17,0.3816878196628149,0.38,0.005554352266217726,0.37,0.4,0.37,0.39,5279,0,0.0,0.14962587,-0.05826694,0.1282368,0.0985546112060546,0.1378146,0.3781530592915325,0.0035347603712824194,0.0035347603712824194,48.76773711725168
2015-01-19,18,0.3818261034286796,0.38,0.004659181041387136,0.37,0.39,0.38,0.39,5279,0,0.0,0.17921191,0.08708071,0.13165668,0.1453475952148437,0.15663286,0.3816878196628149,0.0001382837658647218,0.0001382837658647218,3.410505352252925
2015-01-20,19,0.378893729873082,0.38,0.00465395404034685,0.37,0.39,0.37,0.39,5279,0,0.0,0.29228514,0.26903826,0.26973462,0.1819820404052734,0.11423154,0.3818261034286796,-0.0029323735555976116,0.0029323735555976116,41.97162061239731
2015-01-21,20,0.37301572267474903,0.37,0.004904654380615768,0.37,0.39,0.37,0.38,5279,0,0.0,0.43747148,0.40993783,0.40993783,0.140970230102539,0.15274823,0.378893729873082,-0.00587800719833298,0.00587800719833298,70.17674881752552
2015-01-22,21,0.37140178064027285,0.37,0.004473127510133547,0.36,0.39,0.37,0.38,5279,0,0.0,0.40775457,0.37596872,0.37662613,0.0340347290039062,0.1578346,0.37301572267474903,-0.001613942034476179,0.001613942034476179,25.516554642768234
2015-01-23,22,0.381973858685357,0.38,0.003994512064515898,0.38,0.4,0.38,0.39,5279,0,0.0,0.37898394,0.339588,0.339588,0.0363521575927734,0.16825214,0.37140178064027285,0.010572078045084143,0.010572078045084143,94.22454568085637
2015-01-24,23,0.38382837658647473,0.38,0.004891869405747084,0.38,0.4,0.38,0.39,5279,0,0.0,0.25304088,-0.035994433,0.19918585,0.3756523132324219,0.2504675,0.381973858685357,0.001854517901117736,0.001854517901117736,28.329599203385612
2015-01-25,24,0.37376207615078616,0.37,0.005652786950848712,0.37,0.39,0.37,0.38,5279,0,0.0,0.18880412,0.048390854,0.14174993,0.0844631195068359,0.1824973,0.38382837658647473,-0.010066300435688569,0.010066300435688569,92.78068210107045
2015-01-26,25,0.37251752225800344,0.37,0.004776539584448787,0.36,0.39,0.37,0.38,5279,0,0.0,0.14624017,0.057287794,0.103435904,0.0088672637939453,0.1345524,0.37376207615078616,-0.0012445538927827182,0.0012445538927827182,20.388349514563107
2015-01-27,26,0.3721822314832355,0.37,0.004305546789050679,0.37,0.39,0.37,0.38,5279,0,0.0,0.19945428,0.12823728,0.13998573,0.0709590911865234,0.15276515,0.37251752225800344,-0.0003352907747679601,0.0003352907747679601,6.39780931043067
2015-01-28,27,0.3783140746353476,0.38,0.004881533959039427,0.37,0.39,0.37,0.38,5279,0,0.0,0.21600564,-0.11811346,0.18816146,0.2463741302490234,0.18085255,0.3721822314832355,0.006131843152112126,0.006131843152112126,72.49190938511327
2015-01-29,28,0.38219359727221064,0.38,0.004215230136625635,0.38,0.4,0.38,0.39,5279,0,0.0,0.27906576,-0.22236396,0.24384506,0.1042346954345703,0.16861695,0.3783140746353476,0.003879522636863031,0.003879522636863031,52.32760766741349
2015-01-30,29,0.38122750520932,0.38,0.0077789814758971055,0.37,0.4,0.37,0.4,5279,0,0.0,0.18064542,0.09035945,0.13554333,0.312652587890625,0.15642238,0.38219359727221064,-0.0009660920628906666,0.0009660920628906666,15.93228777694797
2015-01-31,30,0.37778177685167647,0.38,0.008598785877692161,0.37,0.4,0.37,0.39,5279,0,0.0,0.22263767,0.062263086,0.17332868,0.0280361175537109,0.21375428,0.38122750520932,-0.003445728357643507,0.003445728357643507,48.020911127707244
2015-02-01,31,0.3864103049820042,0.39,0.006232766038966297,0.38,0.4,0.38,0.4,5279,0,0.0,0.24580228,0.062443655,0.20744896,0.0002021789550781,0.23773855,0.37778177685167647,0.008628528130327717,0.008628528130327717,87.72715957181977
2015-02-02,32,0.37999242280734985,0.38,0.0049700694789462435,0.37,0.4,0.37,0.39,5279,0,0.0,0.31970242,0.26397467,0.2712333,0.2014884948730468,0.18035296,0.3864103049820042,-0.006417882174654332,0.006417882174654332,74.90664675130695
2015-02-03,33,0.3731483235461262,0.37,0.0059338217937844155,0.36,0.39,0.37,0.39,5279,0,0.0,0.39575356,0.35403043,0.35418874,0.0899829864501953,0.17687085,0.37999242280734985,-0.006844099261223646,0.006844099261223646,77.94373910878765
2015-02-04,34,0.3790282250426217,0.38,0.006073284756863638,0.37,0.4,0.37,0.39,5279,0,0.0,0.26432207,0.2290854,0.22922821,0.1248149871826171,0.13185684,0.3731483235461262,0.0058799014964954766,0.0058799014964954766,70.20164301717699
2015-02-05,35,0.3883576434930859,0.39,0.006299056675408652,0.38,0.4,0.38,0.4,5279,0,0.0,0.4343312,0.35712773,0.36223528,0.1280155181884765,0.24719185,0.3790282250426217,0.0093294184504642,0.0093294184504642,90.739357729649
2015-02-06,36,0.3903599166508809,0.39,0.004922513014158989,0.38,0.4,0.38,0.4,5279,0,0.0,0.37434575,0.30181456,0.3369117,0.0552692413330078,0.22145501,0.3883576434930859,0.002002273157794998,0.002002273157794998,30.495394573064477
2015-02-07,37,0.3844307634021595,0.38,0.004971303215348027,0.38,0.4,0.38,0.39,5279,0,0.0,0.5898979,0.55981463,0.5609529,0.2579593658447265,0.18597925,0.3903599166508809,-0.005929153248721397,0.005929153248721397,70.82399800846403
2015-02-08,38,0.3742223906042811,0.37,0.005667809112065734,0.37,0.39,0.37,0.38,5279,0,0.0,0.5772121,0.55481434,0.55481434,0.0050239562988281,0.15923476,0.3844307634021595,-0.010208372797878396,0.010208372797878396,93.15409509584268
2015-02-09,39,0.37192650123129384,0.37,0.0042845264148219575,0.37,0.39,0.37,0.38,5279,0,0.0,0.37348506,0.35048705,0.35048705,0.2043838500976562,0.12903446,0.3742223906042811,-0.0022958893729872476,0.0022958893729872476,34.22952452078666
2015-02-10,40,0.37209319946959657,0.37,0.004442176447362009,0.37,0.39,0.37,0.38,5279,0,0.0,0.25153437,0.18438525,0.20974126,0.1659832000732422,0.17108919,0.37192650123129384,0.00016669823830273156,0.00016669823830273156,3.7590241473736623
2015-02-11,41,0.373904148512976,0.37,0.005291923226881277,0.37,0.39,0.37,0.38,5279,0,0.0,0.17536454,-0.05844398,0.14362048,0.2430419921875,0.16533898,0.37209319946959657,0.0018109490433794173,0.0018109490433794173,27.856609410007465
2015-02-12,42,0.3735593862473954,0.37,0.005019740014268001,0.37,0.39,0.37,0.38,5279,0,0.0,0.20495024,0.114915326,0.14118333,0.1735420227050781,0.16970293,0.373904148512976,-0.0003447622655806115,0.0003447622655806115,6.721433905899925
2015-02-13,43,0.3733131274862664,0.37,0.0047469275068107025,0.37,0.39,0.37,0.38,5279,0,0.0,0.16674969,0.01813365,0.12886763,0.0968151092529296,0.16576064,0.3735593862473954,-0.00024625876112899237,0.00024625876112899237,4.779686333084392
2015-02-14,44,0.37451790111763594,0.37,0.0053861682624749396,0.37,0.39,0.37,0.38,5279,0,0.0,0.23262788,0.0877489,0.17352,0.0695552825927734,0.21544334,0.3733131274862664,0.00120477363136956,0.00120477363136956,19.765994523276078
2015-02-15,45,0.3821594999052851,0.38,0.006360718700788221,0.37,0.39,0.37,0.39,5279,0,0.0,0.1317048,-0.0379274,0.109571345,0.125640869140625,0.12612554,0.37451790111763594,0.00764159878764914,0.00764159878764914,82.44958924570575
2015-02-16,46,0.3822958893729873,0.38,0.004312429574484879,0.38,0.4,0.38,0.39,5279,0,0.0,0.13297497,-0.073816165,0.1131267,0.0358524322509765,0.110605106,0.3821594999052851,0.00013638946770222482,0.00013638946770222482,3.3856111526014443
2015-02-17,47,0.37778935404432656,0.38,0.00674406647360169,0.37,0.4,0.37,0.39,5279,0,0.0,0.17486261,0.07129633,0.1262392,0.1450996398925781,0.15966791,0.3822958893729873,-0.0045065353286607435,0.0045065353286607435,58.824993776450086
2015-02-18,48,0.37343057397234325,0.37,0.005244040725389558,0.37,0.39,0.37,0.38,5279,0,0.0,0.30153698,0.2394636,0.2500757,0.1681175231933593,0.1832534,0.37778935404432656,-0.004358780071983315,0.004358780071983315,57.50560119492158
2015-02-19,49,0.38060049251752226,0.38,0.006375810846879893,0.37,0.4,0.37,0.39,5279,0,0.0,0.33070934,0.26177886,0.27024972,0.0224037170410156,0.20208982,0.37343057397234325,0.00716991854517901,0.00716991854517901,80.134428678118
2015-02-20,50,0.3856393256298542,0.39,0.005295175671761767,0.38,0.4,0.38,0.39,5279,0,0.0,0.28006783,0.20192067,0.22460397,0.0598945617675781,0.19407782,0.38060049251752226,0.005038833112331942,0.005038833112331942,63.45531491162559
2015-02-21,51,0.3769103996969123,0.38,0.005531233861552745,0.37,0.39,0.37,0.38,5279,0,0.0,0.26806167,0.035412755,0.23129459,0.1664752960205078,0.26571208,0.3856393256298542,-0.008728925932941889,0.008728925932941889,88.3495145631068
2015-02-22,52,0.37428869103996976,0.37,0.005392424419192646,0.37,0.39,0.37,0.38,5279,0,0.0,0.2536587,0.09583181,0.20711246,0.060373306274414,0.23485999,0.3769103996969123,-0.0026217086569425563,0.0026217086569425563,38.18770226537217
2015-02-23,53,0.3748853949611669,0.37,0.00548648072300516,0.37,0.39,0.37,0.38,5279,0,0.0,0.30777657,0.25756842,0.26042664,0.161773681640625,0.16847718,0.37428869103996976,0.0005967039211971503,0.0005967039211971503,10.10704505850137
2015-02-24,54,0.376648986550483,0.38,0.005986987406037071,0.37,0.39,0.37,0.39,5279,0,0.0,0.17546798,-0.039944213,0.14258353,0.297464370727539,0.1708608,0.3748853949611669,0.0017635915893161047,0.0017635915893161047,27.184466019417474
2015-02-25,55,0.3748172002273158,0.37,0.0056479833142431745,0.37,0.39,0.37,0.38,5279,0,0.0,0.1302206,-0.019522632,0.10911784,0.0205078125,0.12874886,0.376648986550483,-0.0018317863231672171,0.0018317863231672171,28.130445606173758
2015-02-26,56,0.37706952074256483,0.38,0.005487513351441292,0.37,0.39,0.37,0.38,5279,0,0.0,0.19605823,0.15606794,0.16102211,0.1753158569335937,0.11866635,0.3748172002273158,0.00225232051524904,0.00225232051524904,33.806323126711476
2015-02-27,57,0.37880280356128054,0.38,0.0052052714640862955,0.37,0.39,0.37,0.39,5279,0,0.0,0.3157748,0.29479712,0.29479712,0.1388359069824218,0.113173805,0.37706952074256483,0.001733282818715709,0.001733282818715709,26.736370425690815
2015-02-28,58,0.37546126160257626,0.37,0.0066014146594721825,0.37,0.39,0.37,0.39,5279,0,0.0,0.16898575,0.12896925,0.133373,0.165863037109375,0.10919302,0.37880280356128054,-0.003341541958704286,0.003341541958704286,46.900672143390594
2015-03-01,59,0.3730990717939004,0.37,0.005158947071238453,0.37,0.39,0.37,0.38,5279,0,0.0,0.1698201,0.11827903,0.13223568,0.0105915069580078,0.12185629,0.37546126160257626,-0.002362189808675863,0.002362189808675863,35.00124470998258
2015-03-02,60,0.37391362000378864,0.37,0.005841640224115075,0.37,0.39,0.37,0.39,5279,0,0.0,0.25817308,0.23034927,0.23154311,0.1120738983154296,0.1165878,0.3730990717939004,0.000814548209888244,0.000814548209888244,13.417973612148371
2015-03-03,61,0.37770411062701265,0.38,0.005522068570344375,0.37,0.39,0.37,0.39,5279,0,0.0,0.27203643,0.25114742,0.25114742,0.0207653045654296,0.10453958,0.37391362000378864,0.0037904906232240076,0.0037904906232240076,51.406522280308685
2015-03-04,62,0.3790698996021974,0.38,0.005603107259182774,0.37,0.39,0.37,0.39,5279,0,0.0,0.20311727,0.14763634,0.16825038,0.1034488677978515,0.13949987,0.37770411062701265,0.0013657889751847452,0.0013657889751847452,22.30520288772716
2015-03-05,63,0.37662814927069516,0.38,0.005276608249972134,0.37,0.39,0.37,0.38,5279,0,0.0,0.21163203,0.12797944,0.17285049,0.0197486877441406,0.16855092,0.3790698996021974,-0.002441750331502235,0.002441750331502235,36.07169529499627
2015-03-06,64,0.3726330744459178,0.37,0.004916431103047232,0.37,0.39,0.37,0.38,5279,0,0.0,0.16062394,0.048721507,0.13387215,0.0792446136474609,0.15305652,0.37662814927069516,-0.003995074824777345,0.003995074824777345,53.94573064475977
2015-03-07,65,0.37581928395529457,0.37,0.0064236904792823075,0.37,0.39,0.37,0.39,5279,0,0.0,0.17351584,0.10249272,0.14219187,0.0537109375,0.14001067,0.3726330744459178,0.0031862095093767584,0.0031862095093767584,45.25765496639283
2015-03-08,66,0.3825421481341163,0.38,0.004457378974620272,0.38,0.4,0.38,0.39,5279,0,0.0,0.23325871,0.2037348,0.20479567,0.1013870239257812,0.11358636,0.37581928395529457,0.00672286417882173,0.00672286417882173,77.09733632063728
2015-03-09,67,0.374214813411631,0.37,0.005137259782581382,0.37,0.39,0.37,0.38,5279,0,0.0,0.30973879,0.2870244,0.2870244,0.0831737518310546,0.116427675,0.3825421481341163,-0.008327334722485313,0.008327334722485313,86.25840179238237
2015-03-10,68,0.3717503315021785,0.37,0.003799954559500181,0.37,0.38,0.37,0.38,5279,0,0.0,0.33175284,0.3008521,0.30099112,0.0138111114501953,0.13981539,0.374214813411631,-0.002464481909452476,0.002464481909452476,36.39531989046552
2015-03-11,69,0.37117446486076916,0.37,0.0035390367056297423,0.36,0.38,0.37,0.38,5279,0,0.0,0.20816493,0.16938688,0.17660686,0.1314010620117187,0.120999016,0.3717503315021785,-0.0005758666414093505,0.0005758666414093505,9.808314662683594
2015-03-12,70,0.37510134495169545,0.37,0.006082727969522481,0.37,0.39,0.37,0.39,5279,0,0.0,0.1488458,0.08000686,0.1179194,0.0894317626953125,0.12551485,0.37117446486076916,0.003926880090926288,0.003926880090926288,53.02464525765497
2015-03-13,71,0.3809547262739155,0.38,0.006586136104110298,0.37,0.4,0.37,0.39,5279,0,0.0,0.1291167,-0.022070542,0.10553119,0.1021232604980468,0.12721625,0.37510134495169545,0.005853381322220075,0.005853381322220075,70.00248941996516
2015-03-14,72,0.38811896192460693,0.39,0.005241312495887886,0.38,0.4,0.38,0.4,5279,0,0.0,0.13904431,0.0031107527,0.11139465,0.0252685546875,0.13900943,0.3809547262739155,0.0071642356506914084,0.0071642356506914084,80.08464027881503
2015-03-15,73,0.3850520931994696,0.38,0.005261861808273074,0.38,0.4,0.38,0.39,5279,0,0.0,0.16183616,0.115608364,0.12716468,0.1124706268310546,0.113250576,0.38811896192460693,-0.0030668687251373394,0.0030668687251373394,43.689320388349515
2015-03-16,74,0.37798636105322975,0.38,0.006673380407332161,0.37,0.4,0.37,0.39,5279,0,0.0,0.3299123,0.22540653,0.24050361,0.1097450256347656,0.24090308,0.3850520931994696,-0.007065732146239845,0.007065732146239845,79.38760268857357
2015-03-17,75,0.37245879901496504,0.37,0.00530710205472943,0.36,0.39,0.37,0.38,5279,0,0.0,0.38215777,0.2730706,0.28733137,0.0476913452148437,0.26735216,0.37798636105322975,-0.005527562038264711,0.005527562038264711,67.58775205377147
2015-03-18,76,0.37440424322788407,0.37,0.006019815497435654,0.37,0.4,0.37,0.39,5279,0,0.0,0.30271253,0.19108352,0.23451589,0.0820255279541015,0.23478042,0.37245879901496504,0.0019454442129190341,0.0019454442129190341,29.499626587005228
2015-03-19,77,0.3786114794468649,0.38,0.006533202308295794,0.37,0.4,0.37,0.39,5279,0,0.0,0.17567089,0.087996066,0.14302884,0.102975845336914,0.15204245,0.37440424322788407,0.0042072362189808366,0.0042072362189808366,56.23599701269604
2015-03-20,78,0.37439666603523397,0.37,0.006953603463086254,0.37,0.4,0.37,0.39,5279,0,0.0,0.1938222,0.13185523,0.15987623,0.0438175201416015,0.14206052,0.3786114794468649,-0.0042148134116309355,0.0042148134116309355,56.285785411999
2015-03-21,79,0.37471301382837663,0.37,0.006880852358658881,0.37,0.4,0.37,0.39,5279,0,0.0,0.18333389,0.13695648,0.15875308,0.005014419555664,0.12187809,0.37439666603523397,0.00031634779314265726,0.00031634779314265726,5.974607916355489
2015-03-22,80,0.37770789922333775,0.38,0.006740748686826126,0.37,0.4,0.37,0.39,5279,0,0.0,0.2079386,0.02345965,0.15303642,0.1134147644042968,0.2066109,0.37471301382837663,0.002994885394961122,0.002994885394961122,42.81802340054767
2015-03-23,81,0.379168403106649,0.38,0.005450865263019079,0.37,0.39,0.37,0.39,5279,0,0.0,0.24179548,0.06866118,0.17047256,0.0452308654785156,0.2318425,0.37770789922333775,0.0014605038833112594,0.0014605038833112594,23.649489668907144
2015-03-24,82,0.37608259139988626,0.38,0.005280321384982931,0.37,0.39,0.37,0.38,5279,0,0.0,0.18251936,0.0971973,0.13734445,0.0285854339599609,0.15448636,0.379168403106649,-0.0030858117067627533,0.0030858117067627533,44.01294498381877
2015-03-25,83,0.3761545747300625,0.38,0.005243418682597577,0.37,0.39,0.37,0.38,5279,0,0.0,0.13338402,0.0058902996,0.10673959,0.0913200378417968,0.13325375,0.37608259139988626,7.198333017621739e-05,7.198333017621739e-05,2.2404779686333085
2015-03-26,84,0.37329039590831603,0.37,0.005531870893385509,0.37,0.39,0.37,0.38,5279,0,0.0,0.12694857,0.069298744,0.10225095,0.0633449554443359,0.10636569,0.3761545747300625,-0.0028641788217464437,0.0028641788217464437,41.175006223549914
2015-03-27,85,0.3799336995643114,0.38,0.006159415268328573,0.37,0.4,0.37,0.39,5279,0,0.0,0.1360171,0.086261705,0.1099165,0.016998291015625,0.10516467,0.37329039590831603,0.0066433036559953584,0.0066433036559953584,76.47498132935027
2015-03-28,86,0.3880659215760561,0.39,0.004837833535695572,0.38,0.4,0.38,0.39,5279,0,0.0,0.10621449,0.06923269,0.08949657,0.01702880859375,0.080550484,0.3799336995643114,0.008132222011744739,0.008132222011744739,85.08837440876276
2015-03-29,87,0.3995358969501799,0.4,0.0021216528424436902,0.39,0.41000000000000003,0.4,0.4,5279,0,0.00037885963250615644,0.40012076,0.39314777,0.39314777,0.3238811492919922,0.07437134,0.3880659215760561,0.011469975374123753,0.011469975374123753,95.8924570575056
2015-03-30,88,0.3850975563553703,0.38,0.005599582536549519,0.38,0.4,0.38,0.39,5279,0,0.0,0.16727798,0.12007367,0.13603985,0.2730426788330078,0.11646547,0.3995358969501799,-0.014438340594809584,0.014438340594809584,98.8050784167289
2015-03-31,89,0.38133926880090924,0.38,0.0063495359855638605,0.37,0.4,0.37,0.39,5279,0,0.0,0.1568221,-0.10048255,0.12950638,0.2205886840820312,0.12040154,0.3850975563553703,-0.0037582875544610594,0.0037582875544610594,51.03310928553647
2015-04-01,90,0.3793369956431142,0.38,0.003865504663365505,0.37,0.39,0.37,0.38,5279,0,0.0,0.23933613,-0.20811777,0.21205935,0.1076641082763671,0.118189536,0.38133926880090924,-0.0020022731577950537,0.0020022731577950537,30.545182972367442
2015-04-02,91,0.38299677969312373,0.38,0.00458116889037268,0.38,0.39,0.38,0.39,5279,0,0.0,0.22333808,-0.17876828,0.19860445,0.0294342041015625,0.13387264,0.3793369956431142,0.0036597840500095513,0.0036597840500095513,50.03734129947722
2015-04-03,92,0.3806516385679105,0.38,0.003220693512775923,0.37,0.39,0.38,0.39,5279,0,0.0,0.15807252,-0.04135159,0.12913045,0.1373710632324218,0.15256807,0.38299677969312373,-0.0023451411252132237,0.0023451411252132237,34.802091112770725
2015-04-04,93,0.38002273157795036,0.38,0.004916373442819077,0.37,0.39,0.37,0.39,5279,0,0.0,0.15668488,0.026134292,0.12390725,0.0675048828125,0.15449005,0.3806516385679105,-0.000628906989960154,0.000628906989960154,10.580034851879512
2015-04-05,94,0.3751562795984088,0.37,0.006367629667554818,0.37,0.39,0.37,0.39,5279,0,0.0,0.15847108,0.07658359,0.12554578,0.0503749847412109,0.13873737,0.38002273157795036,-0.004866451979541553,0.004866451979541553,61.96166293253672
2015-04-06,95,0.38028793332070465,0.38,0.006027064383816526,0.37,0.4,0.37,0.39,5279,0,0.0,0.2912076,0.25812647,0.2617841,0.1816616058349609,0.13480501,0.3751562795984088,0.005131653722295848,0.005131653722295848,64.42618869803336
2015-04-07,96,0.380399696912294,0.38,0.005689054563717617,0.37,0.4,0.37,0.39,5279,0,0.0,0.22279914,0.15911481,0.17381437,0.0990657806396484,0.15595515,0.38028793332070465,0.00011176359158937554,0.00011176359158937554,2.9624097585262636
2015-04-08,97,0.3803409736692555,0.38,0.005535985830579263,0.37,0.4,0.37,0.39,5279,0,0.0,0.22539622,0.17226847,0.19012234,0.0131568908691406,0.14535142,0.380399696912294,-5.8723243038516504e-05,5.8723243038516504e-05,1.9915359721184962
2015-04-09,98,0.37603902254214816,0.38,0.0057949420002114845,0.37,0.39,0.37,0.38,5279,0,0.0,0.18097259,-0.14171101,0.1592714,0.3140392303466797,0.11255727,0.3803409736692555,-0.004301951127107351,0.004301951127107351,57.15708239980085
2015-04-10,99,0.377937109301004,0.38,0.005502502836612802,0.37,0.39,0.37,0.39,5279,0,0.0,0.255009,-0.22528392,0.2310846,0.083526611328125,0.11948586,0.37603902254214816,0.0018980867588558326,0.0018980867588558326,28.902165795369676
2015-04-11,100,0.38091305171433976,0.38,0.004885487141150054,0.37,0.39,0.37,0.39,5279,0,0.0,0.20614462,0.10592031,0.16519637,0.3311767578125,0.17685102,0.377937109301004,0.0029759424133357637,0.0029759424133357637,42.59397560368434
2015-04-12,101,0.37763212729683654,0.38,0.006027681161113689,0.37,0.4,0.37,0.39,5279,0,0.0,0.24328567,0.06531488,0.20248935,0.0406150817871093,0.234354,0.38091305171433976,-0.003280924417503217,0.003280924417503217,46.25342295245208
2015-04-13,102,0.37676643303655993,0.38,0.006082451287461765,0.37,0.39,0.37,0.39,5279,0,0.0,0.215917,0.026191005,0.17037597,0.0390472412109375,0.2143224,0.37763212729683654,-0.000865694260276606,0.000865694260276606,14.189693801344285
2015-04-14,103,0.3774048115173328,0.38,0.0057088200701695575,0.37,0.39,0.37,0.39,5279,0,0.0,0.2786392,-0.13999574,0.2269971,0.166168212890625,0.24091698,0.37676643303655993,0.000638378480772861,0.000638378480772861,10.7294000497884
2015-04-15,104,0.38075582496684973,0.38,0.0026432892932829657,0.38,0.39,0.38,0.39,5279,0,0.0,0.26168996,-0.11355841,0.23098242,0.0264091491699218,0.23576733,0.3774048115173328,0.0033510134495169375,0.0033510134495169375,46.97535474234503
2015-04-16,105,0.378986550483046,0.38,0.005050944202190525,0.37,0.39,0.37,0.39,5279,0,0.0,0.32274887,-0.22324581,0.29597244,0.1097316741943359,0.23308353,0.38075582496684973,-0.0017692744838037067,0.0017692744838037067,27.23425441872044
2015-04-17,106,0.3767361242659595,0.38,0.006299096551981426,0.37,0.39,0.37,0.39,5279,0,0.0,0.28571194,-0.20906577,0.2622575,0.01416015625,0.19473825,0.378986550483046,-0.002250426217086543,0.002250426217086543,33.756534727408514
2015-04-18,107,0.37803182420913056,0.38,0.006638597031744695,0.37,0.4,0.37,0.39,5279,0,0.0,0.34936717,-0.28439343,0.30840796,0.0752792358398437,0.20292383,0.3767361242659595,0.0012956999431710803,0.0012956999431710803,21.184963903410505
2015-04-19,108,0.3818261034286796,0.38,0.003863467426362115,0.38,0.39,0.38,0.39,5279,0,0.0,0.3042235,-0.24584378,0.26612133,0.0385398864746093,0.17920081,0.37803182420913056,0.003794279219549057,0.003794279219549057,51.43141647996017
2015-04-20,109,0.38883879522636866,0.39,0.004691300439931375,0.38,0.4,0.38,0.4,5279,0,0.0,0.49611896,-0.42817682,0.43980318,0.182403564453125,0.2505965,0.3818261034286796,0.007012691797689041,0.007012691797689041,79.11376649240727
2015-04-21,110,0.3806838416366736,0.38,0.0050687886364003875,0.37,0.39,0.37,0.39,5279,0,0.0,0.35245618,-0.24310037,0.3120589,0.1850528717041015,0.25520116,0.38883879522636866,-0.008154953589695035,0.008154953589695035,85.28752800597461
2015-04-22,111,0.3802064784997158,0.38,0.005762143644649132,0.37,0.39,0.37,0.39,5279,0,0.0,0.30860794,-0.21945459,0.26689237,0.0238494873046875,0.21697584,0.3806838416366736,-0.0004773631369578424,0.0004773631369578424,8.538710480458054
2015-04-23,112,0.38152680431899977,0.38,0.003826457906178945,0.37,0.39,0.38,0.39,5279,0,0.0,0.3999986,-0.24166682,0.3484657,0.0222225189208984,0.31874117,0.3802064784997158,0.001320325819283985,0.001320325819283985,21.558376898182726
2015-04-24,113,0.3781379049062322,0.38,0.004977608609071232,0.37,0.39,0.37,0.38,5279,0,0.0,0.204096,-0.06456538,0.17372169,0.1770401000976562,0.1936144,0.38152680431899977,-0.003388899412767543,0.003388899412767543,47.498132935026135
2015-04-25,114,0.3728888046978595,0.37,0.004886391220755237,0.37,0.39,0.37,0.38,5279,0,0.0,0.22693488,-0.17300028,0.20322481,0.1085414886474609,0.1468683,0.3781379049062322,-0.0052491002083727145,0.0052491002083727145,65.54642768235001
2015-04-26,115,0.3729986739912862,0.37,0.005117135055104584,0.37,0.39,0.37,0.38,5279,0,0.0,0.2797749,-0.24828649,0.25521514,0.0752429962158203,0.12894882,0.3728888046978595,0.00010986929342671203,0.00010986929342671203,2.912621359223301
2015-04-27,116,0.3751051335480205,0.37,0.006536021552777257,0.37,0.39,0.37,0.39,5279,0,0.0,0.31962028,-0.28864196,0.29145443,0.0403156280517578,0.1372691,0.3729986739912862,0.0021064595567342748,0.0021064595567342748,31.939258152850385
2015-04-28,117,0.3825970827808297,0.38,0.00589890835102716,0.37,0.4,0.37,0.39,5279,0,0.0,0.35097343,-0.27859458,0.2983342,0.0100250244140625,0.2134658,0.3751051335480205,0.007491949232809214,0.007491949232809214,81.80234005476724
2015-04-29,118,0.393472248531919,0.39,0.004780732712464611,0.39,0.41000000000000003,0.39,0.4,5279,0,0.0009471490812653912,0.22586626,0.06053885,0.18110956,0.3390941619873047,0.21760157,0.3825970827808297,0.010875165751089266,0.010875165751089266,94.89668907144635
2015-04-30,119,0.4089695017995833,0.41000000000000003,0.0030402393759546833,0.4,0.41000000000000003,0.4,0.41000000000000003,5279,0,0.8969501799583255,0.6517891,0.61987066,0.61987066,0.5593643188476562,0.20146795,0.393472248531919,0.015497253267664324,0.015497253267664324,99.30296240975852
2015-05-01,120,0.4010342867967418,0.4,0.003214642400100033,0.39,0.41000000000000003,0.4,0.41000000000000003,5279,0,0.1087327145292669,0.21984915,0.20135511,0.20153579,0.4184951782226562,0.088259034,0.4089695017995833,-0.0079352150028415,0.0079352150028415,84.21707742096092
2015-05-02,121,0.4010342867967418,0.4,0.003214642400100033,0.39,0.41000000000000003,0.4,0.41000000000000003,5279,0,0.1087327145292669,0.073546104,-0.044082355,0.06548182,0.2453994750976562,0.05887079,0.4010342867967418,0.0,0.0,0.5227781926811054
2015-05-03,122,0.38330933888994123,0.38,0.007394978528921768,0.37,0.4,0.37,0.4,5279,0,0.0,0.11482428,-0.025042318,0.08990737,0.0189704895019531,0.11206032,0.4010342867967418,-0.01772494790680057,0.01772494790680057,99.85063480209111
2015-05-04,123,0.3796381890509566,0.38,0.006514136362498032,0.37,0.4,0.37,0.39,5279,0,0.0,0.16596726,-0.11996348,0.14596328,0.0948257446289062,0.11469042,0.38330933888994123,-0.003671149838984644,0.003671149838984644,50.18670649738611
2015-05-05,124,0.3763553703352908,0.38,0.006293288433321727,0.37,0.39,0.37,0.39,5279,0,0.0,0.29746965,-0.26057684,0.27569497,0.1408023834228515,0.14348492,0.3796381890509566,-0.0032828187156657695,0.0032828187156657695,46.27831715210356
2015-05-06,125,0.37667361242659597,0.38,0.005852072945481752,0.37,0.39,0.37,0.39,5279,0,0.0,0.21227574,-0.17556664,0.18813458,0.0850791931152343,0.119320214,0.3763553703352908,0.00031824209130515424,0.00031824209130515424,6.024396315658452
2015-05-07,126,0.3793028982761887,0.38,0.00519435968559703,0.37,0.39,0.37,0.39,5279,0,0.0,0.1684491,-0.054606207,0.14166512,0.1209964752197265,0.1593526,0.37667361242659597,0.0026292858495927107,0.0026292858495927107,38.237490664675136
2015-05-08,127,0.3815552187914377,0.38,0.004315894704053362,0.37,0.39,0.38,0.39,5279,0,0.0,0.24117312,0.17745091,0.1915963,0.2322731018066406,0.16332716,0.3793028982761887,0.00225232051524904,0.00225232051524904,33.806323126711476
2015-05-09,128,0.38876302329986745,0.39,0.004295897375174231,0.38,0.4,0.38,0.39,5279,0,0.0,0.2610381,-0.10740905,0.22004631,0.2851314544677734,0.2379159,0.3815552187914377,0.007207804508429727,0.007207804508429727,80.4082648742843
2015-05-10,129,0.382309149460125,0.38,0.00428549866224042,0.38,0.4,0.38,0.39,5279,0,0.0,0.12558544,-0.018117845,0.10401447,0.0894050598144531,0.12427165,0.38876302329986745,-0.006453873839742441,0.006453873839742441,75.05601194921583
2015-05-11,130,0.37333964766054184,0.37,0.0054712046798425125,0.37,0.39,0.37,0.38,5279,0,0.0,0.086703606,0.006701521,0.066380106,0.024871826171875,0.08644425,0.382309149460125,-0.008969501799583168,0.008969501799583168,89.69380134428678
2015-05-12,131,0.3717332828187157,0.37,0.004129933196983468,0.37,0.39,0.37,0.38,5279,0,0.0,0.11066113,0.057691276,0.08828386,0.0509281158447265,0.09443298,0.37333964766054184,-0.0016063648418261356,0.0016063648418261356,25.416977844162307
2015-05-13,132,0.37999810570183745,0.38,0.003633628297511187,0.37,0.39,0.37,0.39,5279,0,0.0,0.23740686,0.17739968,0.1963507,0.1197586059570312,0.15777008,0.3717332828187157,0.008264822883121747,0.008264822883121747,85.9596713965646
2015-05-14,133,0.3851373366167835,0.38,0.005342510570812976,0.38,0.4,0.38,0.39,5279,0,0.0,0.27421495,0.22233513,0.23374286,0.0452041625976562,0.16050291,0.37999810570183745,0.005139230914946058,0.005139230914946058,64.50087129698781
2015-05-15,134,0.3834741428300814,0.38,0.005962632589906706,0.37,0.4,0.38,0.39,5279,0,0.0,0.19289744,0.09764806,0.14875232,0.1250877380371093,0.16635591,0.3851373366167835,-0.0016631937867020996,0.0016631937867020996,26.03933283544934
2015-05-16,135,0.37919871187724946,0.38,0.006032533996739331,0.37,0.4,0.37,0.39,5279,0,0.0,0.21281438,0.15097356,0.1787228,0.0534076690673828,0.14998981,0.3834741428300814,-0.004275430952831949,0.004275430952831949,56.88324620363455
2015-05-17,136,0.37803182420913056,0.38,0.0060504079027383076,0.37,0.39,0.37,0.39,5279,0,0.0,0.22270107,0.18399408,0.19420575,0.0329475402832031,0.12546733,0.37919871187724946,-0.0011668876681188989,0.0011668876681188989,19.118745332337568
2015-05-18,137,0.383172949422239,0.38,0.004722917272360794,0.38,0.4,0.38,0.39,5279,0,0.0,0.14995642,0.09908047,0.12196902,0.0848751068115234,0.11256097,0.37803182420913056,0.005141125213108444,0.005141125213108444,64.52576549663928
2015-05-19,138,0.38330365599545363,0.38,0.004771423099401297,0.38,0.4,0.38,0.39,5279,0,0.0,0.1920163,0.15182061,0.16293521,0.0527057647705078,0.117562264,0.383172949422239,0.00013070657321462287,0.00013070657321462287,3.261140154344038
2015-05-20,139,0.3748569804887289,0.37,0.0055030519054868115,0.37,0.39,0.37,0.38,5279,0,0.0,0.1514155,0.09730884,0.12311374,0.0544948577880859,0.116007075,0.38330365599545363,-0.008446675506724732,0.008446675506724732,86.93054518297237
2015-05-21,140,0.37157984466755073,0.37,0.0037648259796015295,0.37,0.39,0.37,0.38,5279,0,0.0,0.2137811,0.1744489,0.17859435,0.0771598815917968,0.12357167,0.3748569804887289,-0.0032771358211781676,0.0032771358211781676,46.203634553149115
2015-05-22,141,0.3802216328850161,0.38,0.004409445198289829,0.37,0.39,0.37,0.39,5279,0,0.0,0.2957061,0.23185284,0.24288099,0.0574188232421875,0.18353812,0.37157984466755073,0.008641788217465363,0.008641788217465363,87.82673637042569
2015-05-23,142,0.3890092820609964,0.39,0.005663389524083494,0.38,0.4,0.38,0.4,5279,0,0.0,0.41230863,0.27232692,0.32548052,0.040496826171875,0.3095744,0.3802216328850161,0.008787649175980294,0.008787649175980294,88.69803335822753
2015-05-24,143,0.3926179200606176,0.39,0.005064844620049515,0.38,0.41000000000000003,0.39,0.4,5279,0,0.00852434173138852,0.25253552,-0.034350228,0.22240913,0.3067359924316406,0.2501886,0.3890092820609964,0.0036086379996211893,0.0036086379996211893,49.48966890714463
2015-05-25,144,0.3844686493654101,0.38,0.0056527767941064655,0.38,0.4,0.38,0.39,5279,0,0.0,0.2291541,-0.16125573,0.19153565,0.1269168853759765,0.16281308,0.3926179200606176,-0.008149270695207489,0.008149270695207489,85.26263380632312
2015-05-26,145,0.38093578329229016,0.38,0.005269354594951452,0.37,0.39,0.37,0.39,5279,0,0.0,0.17699413,-0.10946818,0.1421932,0.0518684387207031,0.13908173,0.3844686493654101,-0.0035328660731199224,0.0035328660731199224,48.7428429176002
2015-05-27,146,0.3808808486455768,0.38,0.004916504089708046,0.37,0.39,0.37,0.39,5279,0,0.0,0.12570435,-0.022437103,0.098394565,0.0869903564453125,0.12368569,0.38093578329229016,-5.493464671335602e-05,5.493464671335602e-05,1.8919591735125716
2015-05-28,147,0.3825345709414662,0.38,0.0043499033963223955,0.38,0.39,0.38,0.39,5279,0,0.0,0.21606864,0.09135426,0.18398504,0.1137866973876953,0.19580615,0.3808808486455768,0.0016537222958893927,0.0016537222958893927,25.88996763754045
2015-05-29,148,0.3807463534760371,0.38,0.00431869654605061,0.37,0.39,0.37,0.39,5279,0,0.0,0.12802267,0.04631507,0.10249441,0.0450611114501953,0.119351245,0.3825345709414662,-0.0017882174654291205,0.0017882174654291205,27.508090614886733
2015-05-30,149,0.3817200227315779,0.38,0.0038286413666458008,0.38,0.4,0.38,0.39,5279,0,0.0,0.16723385,-0.03951221,0.1229767,0.0856151580810546,0.16249926,0.3807463534760371,0.0009736692555408211,0.0009736692555408211,16.056758775205378
2015-05-31,150,0.3889391930289828,0.39,0.004640096399225928,0.38,0.4,0.38,0.4,5279,0,0.0,0.24762793,0.05612663,0.17688134,0.0954723358154296,0.24118347,0.3817200227315779,0.0072191702974048755,0.0072191702974048755,80.45805327358725
2015-06-01,151,0.3975809812464482,0.4,0.005124129401650729,0.39,0.41000000000000003,0.39,0.4,5279,0,0.039590831596893354,0.38653982,0.32180572,0.34267634,0.2657890319824219,0.21413489,0.3889391930289828,0.008641788217465418,0.008641788217465418,87.85163057007718
2015-06-02,152,0.39648418261034285,0.4,0.005449077655050249,0.39,0.41000000000000003,0.39,0.4,5279,0,0.034476226558060236,0.128425,0.06475156,0.112022646,0.2572803497314453,0.110906206,0.3975809812464482,-0.001096798636105345,0.001096798636105345,17.97361214836943
2015-06-03,153,0.3865277514680811,0.39,0.007566760198366822,0.37,0.41000000000000003,0.38,0.4,5279,0,0.0015154385300246258,0.29025048,-0.17804109,0.21879114,0.2426395416259765,0.22923057,0.39648418261034285,-0.009956431142261746,0.009956431142261746,92.33258650734378
2015-06-04,154,0.38577760939571887,0.39,0.00755585269264635,0.37,0.4,0.37,0.4,5279,0,0.0,0.3022508,-0.20302367,0.2284629,0.0250301361083984,0.2239126,0.3865277514680811,-0.0007501420723622365,0.0007501420723622365,12.62135922330097
2015-06-05,155,0.3889638189050957,0.39,0.005135631325711955,0.38,0.4,0.38,0.4,5279,0,0.0,0.22739202,-0.0665442,0.1841674,0.1365642547607422,0.21743742,0.38577760939571887,0.003186209509376814,0.003186209509376814,45.307443365695796
2015-06-06,156,0.3863553703352908,0.39,0.005220599130873803,0.38,0.4,0.38,0.39,5279,0,0.0,0.20001394,-0.14057587,0.16060293,0.0740318298339843,0.1422812,0.3889638189050957,-0.0026084485698048554,0.0026084485698048554,38.06323126711476
2015-06-07,157,0.3808675885584391,0.38,0.0039032251517207408,0.37,0.4,0.38,0.39,5279,0,0.0,0.1790295,-0.114558406,0.14358802,0.025949478149414,0.13757864,0.3863553703352908,-0.005487781776851719,0.005487781776851719,67.33881005725667
2015-06-08,158,0.387723053608638,0.39,0.004966855561856891,0.38,0.41000000000000003,0.38,0.39,5279,0,0.00037885963250615644,0.15908393,-0.06690984,0.12364931,0.047555923461914,0.14432856,0.3808675885584391,0.006855465050198906,0.006855465050198906,78.1428927059995
2015-06-09,159,0.39852813032771356,0.4,0.005132522480602671,0.39,0.41000000000000003,0.39,0.41000000000000003,5279,0,0.06895245311612047,0.15355705,0.048169423,0.12466459,0.1151790618896484,0.14580634,0.387723053608638,0.010805076719075546,0.010805076719075546,94.8220064724919
2015-06-10,160,0.4056128054555788,0.41000000000000003,0.006002344909454,0.39,0.41000000000000003,0.39,0.41000000000000003,5279,0,0.6182989202500474,0.13981493,0.028875256,0.104886584,0.019296646118164,0.13680072,0.39852813032771356,0.007084675127865259,0.007084675127865259,79.51207368683096
2015-06-11,161,0.40960598598219367,0.41000000000000003,0.0019454801802732638,0.4,0.41000000000000003,0.41000000000000003,0.41000000000000003,5279,0,0.9605985982193598,0.21125846,-0.19530123,0.19662377,0.2242488861083984,0.08054633,0.4056128054555788,0.003993180526614848,0.003993180526614848,53.920836445108286
2015-06-12,162,0.4100000000000001,0.41000000000000003,5.551115123125783e-17,0.41000000000000003,0.41000000000000003,0.41000000000000003,0.41000000000000003,5279,0,1.0,0.37414333,-0.36204094,0.36204094,0.1666450500488281,0.09439067,0.40960598598219367,0.0003940140178064211,0.0003940140178064211,7.269106298232512
2015-06-13,163,0.4100000000000001,0.41000000000000003,5.551115123125783e-17,0.41000000000000003,0.41000000000000003,0.41000000000000003,0.41000000000000003,5279,0,1.0,0.44533968,-0.39842635,0.40119585,0.0364570617675781,0.19895609,0.4100000000000001,0.0,0.0,0.5227781926811054
2015-06-14,164,0.4069350255730252,0.41000000000000003,0.00461038783962245,0.4,0.41000000000000003,0.4,0.41000000000000003,5279,0,0.6935025573025194,0.6904159,0.63910806,0.63910806,1.0374755859375,0.26117918,0.4100000000000001,-0.003064974426974898,0.003064974426974898,43.614637789395076
2015-06-15,165,0.39539496116688766,0.4,0.008490453571521875,0.38,0.41000000000000003,0.38,0.41000000000000003,5279,0,0.12066679295321084,0.27899092,0.18913159,0.21747193,0.4498844146728515,0.205098,0.4069350255730252,-0.011540064406137529,0.011540064406137529,96.09161065471746
2015-06-16,166,0.386491759802993,0.39,0.008544673192140867,0.37,0.41000000000000003,0.37,0.4,5279,0,0.00966092062890699,0.2979411,0.1350667,0.23154324,0.0541305541992187,0.26556748,0.39539496116688766,-0.008903201363894664,0.008903201363894664,89.2705999502116
2015-06-17,167,0.38203068763023296,0.38,0.006583875735570969,0.37,0.4,0.37,0.39,5279,0,0.0,0.3516332,0.24634758,0.26511782,0.1113262176513671,0.2509168,0.386491759802993,-0.004461072172760039,0.004461072172760039,58.42668658202639
2015-06-18,168,0.3852358401212351,0.39,0.006022647461801991,0.37,0.4,0.38,0.39,5279,0,0.0,0.30509174,0.22202432,0.23414539,0.0243148803710937,0.20925203,0.38203068763023296,0.0032051524910021167,0.0032051524910021167,45.58127956186209
2015-06-19,169,0.39423565069141886,0.39,0.006377213213386052,0.38,0.41000000000000003,0.38,0.4,5279,0,0.030687630232998673,0.19032721,0.08664013,0.12661213,0.1353683471679687,0.16946363,0.3852358401212351,0.008999810570183786,0.008999810570183786,89.76848394324122
2015-06-20,170,0.4028850161015344,0.4,0.005579866738498654,0.39,0.41000000000000003,0.39,0.41000000000000003,5279,0,0.34154195870430004,0.19472964,0.13791803,0.15116484,0.0512027740478515,0.13747053,0.39423565069141886,0.008649365410115517,0.008649365410115517,87.90141896938013
2015-06-21,171,0.4006781587421861,0.4,0.006960666582802365,0.38,0.41000000000000003,0.39,0.41000000000000003,5279,0,0.2538359537791248,0.43796337,0.36840534,0.39283603,0.2305316925048828,0.23683202,0.4028850161015344,-0.00220685735934828,0.00220685735934828,33.43291013193926
2015-06-22,172,0.39078802803561274,0.39,0.008738609107880919,0.38,0.41000000000000003,0.38,0.41000000000000003,5279,0,0.06251183936351581,0.36903018,0.34049904,0.34453598,0.027963638305664,0.14227998,0.4006781587421861,-0.009890130706573352,0.009890130706573352,92.28279810804084
2015-06-23,173,0.38379049062322407,0.38,0.01159436507541674,0.37,0.41000000000000003,0.37,0.4,5279,0,0.02595188482667172,0.2870595,0.20772189,0.24329895,0.1327362060546875,0.198128,0.39078802803561274,-0.006997537412388677,0.006997537412388677,78.98929549414986
2015-06-24,174,0.3832127296836523,0.38,0.01139046856443168,0.37,0.41000000000000003,0.37,0.4,5279,0,0.017616972911536275,0.23633008,0.15039313,0.19386032,0.0573043823242187,0.18230107,0.38379049062322407,-0.000577760939571792,0.000577760939571792,9.858103061986558
2015-06-25,175,0.3923375639325631,0.39,0.008539429303337816,0.38,0.41000000000000003,0.38,0.41000000000000003,5279,0,0.07634021594999053,0.21609351,0.16415323,0.1830541,0.0138702392578125,0.14053501,0.3832127296836523,0.009124834248910807,0.009124834248910807,90.36594473487676
2015-06-26,176,0.3952585716991855,0.39,0.005584292668971782,0.39,0.41000000000000003,0.39,0.4,5279,0,0.03125591968175791,0.5260086,0.4562183,0.47154695,0.2919635772705078,0.26181874,0.3923375639325631,0.0029210077666224077,0.0029210077666224077,41.79736121483694
2015-06-27,177,0.3824398560333396,0.38,0.004555952878186976,0.38,0.4,0.38,0.39,5279,0,0.0,0.6409559,0.6170105,0.6170105,0.1607532501220703,0.17355469,0.3952585716991855,-0.012818715665845914,0.012818715665845914,97.56036843415484
2015-06-28,178,0.3761053229778367,0.38,0.006507102512444992,0.37,0.4,0.37,0.39,5279,0,0.0,0.60977274,0.58847046,0.58847046,0.028482437133789,0.15976767,0.3824398560333396,-0.006334533055502856,0.006334533055502856,74.23450336071696
2015-06-29,179,0.37716612994885396,0.38,0.007222878660094314,0.37,0.4,0.37,0.39,5279,0,0.0,0.7578222,0.72918457,0.72918457,0.140695571899414,0.206365,0.3761053229778367,0.0010608069710172363,0.0010608069710172363,17.32636295743092
2015-06-30,180,0.38759234703542333,0.39,0.006855457460439703,0.37,0.4,0.38,0.4,5279,0,0.0,0.68787605,0.6623423,0.6623423,0.0667991638183593,0.18567638,0.37716612994885396,0.010426217086569378,0.010426217086569378,93.7764500871297
2015-07-01,181,0.3982818715665845,0.4,0.006248569832337396,0.38,0.41000000000000003,0.39,0.41000000000000003,5279,0,0.08088653154006441,0.5724949,0.49680883,0.49680883,0.165771484375,0.28448412,0.38759234703542333,0.010689524531161176,0.010689524531161176,94.64774707493154
2015-07-02,182,0.4067096040916841,0.41000000000000003,0.004726780679537773,0.39,0.41000000000000003,0.4,0.41000000000000003,5279,0,0.6722864178821747,0.5483083,0.5294176,0.5294176,0.0327491760253906,0.14268434,0.3982818715665845,0.008427732525099596,0.008427732525099596,86.85586258401793
2015-07-03,183,0.40478689145671526,0.41000000000000003,0.005795911004313256,0.39,0.41000000000000003,0.4,0.41000000000000003,5279,0,0.5218791437772305,0.46189287,0.41159645,0.41209137,0.117767333984375,0.2096022,0.4067096040916841,-0.0019227126349688484,0.0019227126349688484,29.225790390838934
2015-07-04,184,0.3991721917029741,0.4,0.0053744513897216115,0.39,0.41000000000000003,0.39,0.41000000000000003,5279,0,0.10645955673422997,0.1619956,-0.017159492,0.12925997,0.4288234710693359,0.16108428,0.40478689145671526,-0.005614699753741181,0.005614699753741181,68.35947224296739
2015-07-05,185,0.39331691608259145,0.39,0.007112081338463611,0.38,0.41000000000000003,0.38,0.4,5279,0,0.014207236218980868,0.22433268,-0.06454312,0.15805884,0.0473518371582031,0.21484755,0.3991721917029741,-0.005855275620382627,0.005855275620382627,70.0522778192681
2015-07-06,186,0.38885205531350636,0.39,0.009027787030197208,0.37,0.4,0.37,0.4,5279,0,0.0,0.4858669,0.42040604,0.4358543,0.484954833984375,0.24356888,0.39331691608259145,-0.004464860769085088,0.004464860769085088,58.47647498132935
2015-07-07,187,0.3916063648418261,0.39,0.008475117923613468,0.37,0.41000000000000003,0.38,0.4,5279,0,0.0030308770600492516,0.18083978,-0.024484092,0.1474796,0.4449024200439453,0.17917459,0.38885205531350636,0.0027543095283197316,0.0027543095283197316,39.65646004480956
2015-07-08,188,0.400363705247206,0.4,0.008194704950530459,0.38,0.41000000000000003,0.39,0.41000000000000003,5279,0,0.3489297215381701,0.29094017,-0.254917,0.2557122,0.2304153442382812,0.14022662,0.3916063648418261,0.008757340405379899,0.008757340405379899,88.59845655962161
2015-07-09,189,0.40749384353097184,0.41000000000000003,0.004333675627343406,0.4,0.41000000000000003,0.4,0.41000000000000003,5279,0,0.7493843530971775,0.3368334,0.16360772,0.30740416,0.4185085296630859,0.2944298,0.400363705247206,0.007130138283765852,0.007130138283765852,80.00995767986059
2015-07-10,190,0.4096950179958327,0.41000000000000003,0.0017195365709424637,0.4,0.41000000000000003,0.41000000000000003,0.41000000000000003,5279,0,0.9695017995832544,0.33137965,-0.3075159,0.30794778,0.4710960388183594,0.12347669,0.40749384353097184,0.0022011744648608444,0.0022011744648608444,33.33333333333333
2015-07-11,191,0.40459177874597463,0.4,0.004983307677412864,0.4,0.41000000000000003,0.4,0.41000000000000003,5279,0,0.4591778745974616,0.18883614,0.13808753,0.14475086,0.4455471038818359,0.12880568,0.4096950179958327,-0.00510323924985806,0.00510323924985806,64.1025641025641
2015-07-12,192,0.3979655237734421,0.4,0.007014580724493588,0.39,0.41000000000000003,0.39,0.41000000000000003,5279,0,0.16499336995643113,0.1350505,0.059581563,0.10543832,0.0785446166992187,0.121196784,0.40459177874597463,-0.006626254972532553,0.006626254972532553,76.35051033109286
2015-07-13,193,0.391784428869104,0.39,0.00851094567362154,0.38,0.41000000000000003,0.38,0.41000000000000003,5279,0,0.05701837469217655,0.1248439,0.042072125,0.0995796,0.0174293518066406,0.117541455,0.3979655237734421,-0.0061810949043381025,0.0061810949043381025,73.13915857605178
2015-07-14,194,0.3915078613373745,0.39,0.008070036109590622,0.38,0.41000000000000003,0.38,0.4,5279,0,0.04243227884068952,0.1252208,0.064541936,0.10208667,0.0224494934082031,0.10730595,0.391784428869104,-0.0002765675317294991,0.0002765675317294991,5.3024645257654965
2015-07-15,195,0.3939950748247774,0.39,0.0049172711139876145,0.38,0.41000000000000003,0.39,0.4,5279,0,0.00037885963250615644,0.23770714,0.19950011,0.20745914,0.1349716186523437,0.12924604,0.3915078613373745,0.0024872134874029395,0.0024872134874029395,36.64426188698033
2015-07-16,196,0.39896192460693314,0.4,0.0064777197941103095,0.39,0.41000000000000003,0.39,0.41000000000000003,5279,0,0.16328850161015343,0.22329842,0.1652943,0.19078246,0.0342140197753906,0.15013349,0.3939950748247774,0.0049668497821557245,0.0049668497821557245,62.733383121732636
2015-07-17,197,0.39953021405569233,0.4,0.007249444666637485,0.39,0.41000000000000003,0.39,0.41000000000000003,5279,0,0.24038643682515629,0.13702792,0.0025363408,0.11019266,0.1627101898193359,0.13700452,0.39896192460693314,0.0005682894487591961,0.0005682894487591961,9.70873786407767
2015-07-18,198,0.39729683652206854,0.4,0.006611078333262413,0.39,0.41000000000000003,0.39,0.41000000000000003,5279,0,0.11990907368819852,0.1371335,-0.04751393,0.11172265,0.0499820709228515,0.1286393,0.39953021405569233,-0.0022333775336237927,0.0022333775336237927,33.632063729151106
2015-07-19,199,0.3959992422807351,0.4,0.006341664382136215,0.39,0.41000000000000003,0.39,0.41000000000000003,5279,0,0.08107596135631748,0.14295785,0.037734617,0.11169293,0.0852298736572265,0.13788773,0.39729683652206854,-0.0012975942413334662,0.0012975942413334662,21.209858103061986
2015-07-20,200,0.39485129759424137,0.39,0.006235546175556525,0.39,0.41000000000000003,0.39,0.41000000000000003,5279,0,0.06952074256487971,0.27570233,0.2500727,0.25787416,0.2122726440429687,0.11608378,0.3959992422807351,-0.001147944686493707,0.001147944686493707,18.745332337565348
2015-07-21,201,0.3926501231293806,0.39,0.005751446731032017,0.38,0.41000000000000003,0.38,0.4,5279,0,0.011365788975184693,0.17201944,0.15029667,0.1503974,0.0998115539550781,0.08367578,0.39485129759424137,-0.002201174464860789,0.002201174464860789,33.30843913368185
2015-07-22,202,0.3842242849024436,0.38,0.0055600945825164776,0.38,0.4,0.38,0.39,5279,0,0.0,0.20690186,0.18187492,0.18214081,0.0316181182861328,0.09864071,0.3926501231293806,-0.008425838226936988,0.008425838226936988,86.83096838436644
2015-07-23,203,0.38028414472437955,0.38,0.0035565355934974287,0.37,0.39,0.38,0.39,5279,0,0.0,0.16911581,0.12516701,0.14602989,0.0566024780273437,0.11372483,0.3842242849024436,-0.003940140178064044,0.003940140178064044,53.17401045556386
2015-07-24,204,0.3733339647660542,0.37,0.005195955924450158,0.37,0.39,0.37,0.38,5279,0,0.0,0.11489055,0.032990653,0.08590677,0.0923347473144531,0.11005214,0.38028414472437955,-0.006950179958325364,0.006950179958325364,78.71545929798357
2015-07-25,205,0.3820212161394203,0.38,0.0040158245369973766,0.38,0.39,0.38,0.39,5279,0,0.0,0.23192562,0.016263118,0.18658951,0.0165996551513671,0.23135477,0.3733339647660542,0.008687251373366123,0.008687251373366123,88.15036096589495
2015-07-26,206,0.39028793332070477,0.39,0.0038724291828996734,0.38,0.4,0.38,0.4,5279,0,0.0,0.41314676,0.2956601,0.33819115,0.2793483734130859,0.2885746,0.3820212161394203,0.008266717181284466,0.008266717181284466,85.98456559621607
2015-07-27,207,0.3916404622087517,0.39,0.0038289234662551856,0.38,0.4,0.39,0.4,5279,0,0.0,0.5182536,0.43353635,0.46001056,0.1378765106201172,0.2839603,0.39028793332070477,0.0013525288880469333,0.0013525288880469333,22.10604929051531
2015-07-28,208,0.3856942602765675,0.39,0.005128220250843304,0.38,0.4,0.38,0.39,5279,0,0.0,0.25486237,0.11882125,0.1984718,0.314737319946289,0.22546943,0.3916404622087517,-0.005946201932184203,0.005946201932184203,70.94846900672144
2015-07-29,209,0.3831577950369388,0.38,0.006567001446659084,0.37,0.4,0.37,0.39,5279,0,0.0,0.25701186,0.14269197,0.20752108,0.0239086151123046,0.2137619,0.3856942602765675,-0.0025364652396286935,0.0025364652396286935,37.191934279312925
2015-07-30,210,0.3811687819662814,0.38,0.003212750905082763,0.38,0.39,0.38,0.39,5279,0,0.0,0.54422563,0.49176785,0.49715504,0.3490524291992187,0.23312242,0.3831577950369388,-0.0019890130706574083,0.0019890130706574083,30.346029375155588
2015-07-31,211,0.3815760560712256,0.38,0.0036437079977145567,0.38,0.39,0.38,0.39,5279,0,0.0,0.39381734,0.37002593,0.37002593,0.1216850280761718,0.13480608,0.3811687819662814,0.0004072741049441775,0.0004072741049441775,7.443365695792881
2015-08-01,212,0.37506914188293244,0.37,0.006357264069002106,0.37,0.39,0.37,0.39,5279,0,0.0,0.48446587,0.41851822,0.4428064,0.0484619140625,0.24402834,0.3815760560712256,-0.006506914188293134,0.006506914188293134,75.3796365446851
2015-08-02,213,0.3774408031824209,0.38,0.006356898858565491,0.37,0.39,0.37,0.39,5279,0,0.0,0.67619365,0.5885713,0.61439645,0.1698589324951172,0.3328946,0.37506914188293244,0.002371661299488459,0.002371661299488459,35.150609907891464
2015-08-03,214,0.39080507671907566,0.39,0.002720775379769218,0.39,0.4,0.39,0.4,5279,0,0.0,1.1024562,1.0066062,1.0076364,0.4182014465332031,0.44961876,0.3774408031824209,0.013364273536654758,0.013364273536654758,98.05825242718447
2015-08-04,215,0.40078613373745026,0.4,0.004536429232949849,0.39,0.41000000000000003,0.39,0.41000000000000003,5279,0,0.14529266906611102,0.5546177,0.50374705,0.5038638,0.5028591156005859,0.23203397,0.39080507671907566,0.009981057018374595,0.009981057018374595,92.43216330594971
2015-08-05,216,0.39657132032581927,0.4,0.00619719057603324,0.39,0.41000000000000003,0.39,0.41000000000000003,5279,0,0.07937109301003978,0.58826274,-0.5044776,0.5177834,1.0082283020019531,0.30258325,0.40078613373745026,-0.004214813411630991,0.004214813411630991,56.310679611650485
2015-08-06,217,0.3880431899981058,0.39,0.004701471733567362,0.38,0.4,0.38,0.39,5279,0,0.0,0.3438284,0.17135504,0.2966307,0.6758651733398438,0.2980867,0.39657132032581927,-0.00852813032771349,0.00852813032771349,87.20438137913867
2015-08-07,218,0.37964576624360674,0.38,0.005751657607594197,0.37,0.39,0.37,0.39,5279,0,0.0,0.35274374,0.28340426,0.2905006,0.111948013305664,0.21002452,0.3880431899981058,-0.008397423754499034,0.008397423754499034,86.58202638785163
2015-08-08,219,0.37979731009660916,0.38,0.00437586073698653,0.37,0.39,0.37,0.39,5279,0,0.0,0.16647063,0.10995026,0.13063946,0.1733760833740234,0.12499347,0.37964576624360674,0.00015154385300242268,0.00015154385300242268,3.559870550161812
2015-08-09,220,0.38304034855086183,0.38,0.004624616954667132,0.38,0.4,0.38,0.39,5279,0,0.0,0.20311283,-0.060713816,0.15982528,0.1706924438476562,0.19382618,0.37979731009660916,0.003243038454252667,0.003243038454252667,45.88000995767986
2015-08-10,221,0.38206857359348356,0.38,0.004092396961736972,0.38,0.4,0.38,0.39,5279,0,0.0,0.28771907,-0.23230886,0.25518984,0.171539306640625,0.16974983,0.38304034855086183,-0.0009717749573782686,0.0009717749573782686,15.982076176250933
2015-08-11,222,0.382555408221254,0.38,0.004506894028686336,0.38,0.4,0.38,0.39,5279,0,0.0,0.3543658,-0.31506407,0.3204051,0.0828227996826171,0.16220216,0.38206857359348356,0.0004868346277704383,0.0004868346277704383,8.66318147871546
2015-08-12,223,0.38981625307823453,0.39,0.0049800086324744775,0.38,0.4,0.38,0.4,5279,0,0.0,0.23090889,-0.12388508,0.17779504,0.1911468505859375,0.19486237,0.382555408221254,0.007260844856980531,0.007260844856980531,80.60741847149615
2015-08-13,224,0.38716044705436636,0.39,0.005646918391186255,0.38,0.4,0.38,0.4,5279,0,0.0,0.21153013,0.03257659,0.16384473,0.1564655303955078,0.20900644,0.38981625307823453,-0.002655806023868168,0.002655806023868168,38.56111526014438
2015-08-14,225,0.3829456336427353,0.38,0.004693593043438001,0.38,0.4,0.38,0.39,5279,0,0.0,0.20981714,0.079641156,0.17382456,0.0471572875976562,0.19411494,0.38716044705436636,-0.0042148134116310465,0.0042148134116310465,56.33557381130196
2015-08-15,226,0.3898333017616973,0.39,0.004460967200862459,0.38,0.4,0.38,0.4,5279,0,0.0,0.28668135,0.1975958,0.24571191,0.117828369140625,0.20770672,0.3829456336427353,0.006887668118961965,0.006887668118961965,78.36694050286283
2015-08-16,227,0.389935593862474,0.39,0.005071530429428285,0.38,0.4,0.38,0.4,5279,0,0.0,0.2607611,0.15342446,0.21623673,0.0440578460693359,0.21084914,0.3898333017616973,0.00010229210077672413,0.00010229210077672413,2.8379387602688575
2015-08-17,228,0.3875544610721728,0.39,0.004934273293464749,0.38,0.4,0.38,0.39,5279,0,0.0,0.30860415,0.09755127,0.2444485,0.0558891296386718,0.29278022,0.389935593862474,-0.0023811327903012214,0.0023811327903012214,35.34976350510331
2015-08-18,229,0.38235082401970066,0.38,0.004550786303425992,0.37,0.4,0.38,0.39,5279,0,0.0,0.27472773,0.047125828,0.21300913,0.0504703521728515,0.2706558,0.3875544610721728,-0.005203637052472121,0.005203637052472121,65.19790888722927
2015-08-19,230,0.3826823261981436,0.38,0.005787456323629045,0.37,0.4,0.37,0.39,5279,0,0.0,0.21730995,0.0945844,0.15949531,0.0474224090576171,0.19564627,0.38235082401970066,0.00033150217844291063,0.00033150217844291063,6.323126711476227
2015-08-20,231,0.38245501041863983,0.38,0.005372699135275176,0.37,0.4,0.38,0.39,5279,0,0.0,0.35523266,-0.31819162,0.32166138,0.4127731323242187,0.15793727,0.3826823261981436,-0.00022731577950374504,0.00022731577950374504,4.505850136918098
2015-08-21,232,0.382095093767759,0.38,0.0040695847186030774,0.38,0.39,0.38,0.39,5279,0,0.0,0.43608174,-0.40584174,0.40584174,0.0876579284667968,0.15956165,0.38245501041863983,-0.0003599166508808094,0.0003599166508808094,6.870799103808813
2015-08-22,233,0.38084106838416365,0.38,0.0036013104152006377,0.37,0.39,0.38,0.39,5279,0,0.0,0.26164812,-0.18217824,0.22319573,0.2237071990966797,0.18780504,0.382095093767759,-0.0012540253835953696,0.0012540253835953696,20.562608912123476
2015-08-23,234,0.3844629664709225,0.38,0.0051396948678812,0.38,0.4,0.38,0.39,5279,0,0.0,0.18064108,-0.038591985,0.13770135,0.1436405181884765,0.17647049,0.38084106838416365,0.0036218980867588346,0.0036218980867588346,49.56435150609908
2015-08-24,235,0.392765675317295,0.39,0.004473007177755808,0.39,0.4,0.39,0.4,5279,0,0.0,0.2141306,0.038345955,0.15718697,0.0769004821777343,0.21066912,0.3844629664709225,0.00830270884637252,0.00830270884637252,86.13393079412496
2015-08-25,236,0.3992081833680621,0.4,0.003890191143586997,0.39,0.41000000000000003,0.39,0.4,5279,0,0.03921197196438719,0.54739684,0.5204636,0.5204636,0.482177734375,0.16959256,0.392765675317295,0.006442508050767071,0.006442508050767071,75.03111774956434
2015-08-26,237,0.3974900549346468,0.4,0.005499198789289903,0.39,0.41000000000000003,0.39,0.41000000000000003,5279,0,0.057207804508429626,0.62886894,0.5584717,0.56292707,0.0379467010498046,0.28911158,0.3992081833680621,-0.001718128433415289,0.001718128433415289,26.58700522778193
2015-08-27,238,0.40081454820988827,0.4,0.005028756908067801,0.39,0.41000000000000003,0.39,0.41000000000000003,5279,0,0.17048683462777042,0.425913,0.35593548,0.3713305,0.2025642395019531,0.23390646,0.3974900549346468,0.00332449327524148,0.00332449327524148,46.65173014687578
2015-08-28,239,0.4042905853381322,0.4,0.0051703000560231905,0.39,0.41000000000000003,0.4,0.41000000000000003,5279,0,0.4402348929721538,0.37006807,-0.054220516,0.3063699,0.4102420806884765,0.36607397,0.40081454820988827,0.0034760371282439584,0.0034760371282439584,48.29474732387354
2015-08-29,240,0.400367493843531,0.4,0.006619113660127092,0.39,0.41000000000000003,0.39,0.41000000000000003,5279,0,0.23811327903011933,0.4676854,-0.2864222,0.37439686,0.2321853637695312,0.36971852,0.4042905853381322,-0.0039230914946012385,0.0039230914946012385,52.94996265870052
2015-08-30,241,0.39702784618298925,0.4,0.006329149805696473,0.38,0.41000000000000003,0.39,0.41000000000000003,5279,0,0.089600303087706,0.49264184,-0.23032591,0.41832924,0.0561599731445312,0.4354837,0.400367493843531,-0.0033396476605417336,0.0033396476605417336,46.87577794373911
2015-08-31,242,0.3988274294373934,0.4,0.005735236005247776,0.39,0.41000000000000003,0.39,0.41000000000000003,5279,0,0.11271074067058155,0.23594002,-0.12712602,0.19255827,0.103179931640625,0.19876283,0.39702784618298925,0.001799583254404158,0.001799583254404158,27.6823500124471
2015-09-01,243,0.39110248153059296,0.39,0.003131988151419266,0.39,0.4,0.39,0.4,5279,0,0.0,0.3568909,-0.27852148,0.31243464,0.1513938903808593,0.22315277,0.3988274294373934,-0.00772494790680045,0.00772494790680045,82.92257903908389
2015-09-02,244,0.38920439477173707,0.39,0.004780827285746938,0.38,0.4,0.38,0.4,5279,0,0.0,0.476782,-0.40701863,0.42673644,0.1285209655761718,0.24830806,0.39110248153059296,-0.001898086758855888,0.001898086758855888,28.92705999502116
2015-09-03,245,0.3866338321651828,0.39,0.0066447654050665154,0.37,0.4,0.38,0.4,5279,0,0.0,0.41010314,-0.35956928,0.36741924,0.0474433898925781,0.19721565,0.38920439477173707,-0.0025705626065542497,0.0025705626065542497,37.59024147373662
2015-09-04,246,0.3843379427921956,0.39,0.006630180498139502,0.37,0.4,0.37,0.39,5279,0,0.0,0.32128844,-0.2518018,0.2794389,0.1078929901123046,0.19955505,0.3866338321651828,-0.0022958893729872476,0.0022958893729872476,34.22952452078666
2015-09-05,247,0.3826652775146808,0.38,0.006856850171415547,0.37,0.4,0.37,0.39,5279,0,0.0,0.42430395,-0.3739524,0.37586504,0.1221885681152343,0.20048268,0.3843379427921956,-0.001672665277514751,0.001672665277514751,26.163803833706744
2015-09-06,248,0.3923584012123509,0.39,0.006339183255491249,0.38,0.4,0.38,0.4,5279,0,0.0,0.42955846,-0.40541172,0.40541172,0.0314044952392578,0.14199296,0.3826652775146808,0.009693123697670059,0.009693123697670059,91.7849141150112
2015-09-07,249,0.40353097177495745,0.4,0.006086804768760787,0.39,0.41000000000000003,0.39,0.41000000000000003,5279,0,0.42413335859064216,0.4078276,-0.39771792,0.39771792,0.007608413696289,0.09023933,0.3923584012123509,0.011172570562606565,0.011172570562606565,95.4941498630819
2015-09-08,250,0.4094184504641031,0.41000000000000003,0.002340362257486553,0.4,0.41000000000000003,0.4,0.41000000000000003,5279,0,0.941845046410305,0.14223425,-0.062653065,0.112966724,0.3350353240966797,0.12769166,0.40353097177495745,0.005887478689145631,0.005887478689145631,70.30121981578293
2015-09-09,251,0.4033888994127675,0.4,0.006290206375815366,0.39,0.41000000000000003,0.39,0.41000000000000003,5279,0,0.4247016480394014,0.1899005,0.1440078,0.17446692,0.2068119049072265,0.123789854,0.4094184504641031,-0.006029551051335569,0.006029551051335569,71.62061239731142
2015-09-10,252,0.3898977078992234,0.39,0.003742638471566084,0.38,0.4,0.38,0.4,5279,0,0.0,0.17300463,0.04205842,0.1329024,0.1020641326904296,0.16781461,0.4033888994127675,-0.01349119151354411,0.01349119151354411,98.20761762509336
2015-09-11,253,0.3814983898465618,0.38,0.004357741418405923,0.37,0.39,0.38,0.39,5279,0,0.0,0.33181617,-0.21277611,0.2410874,0.2547645568847656,0.25461447,0.3898977078992234,-0.008399318052661586,0.008399318052661586,86.60692058750311
2015-09-12,254,0.38280356128054555,0.38,0.004495947387918589,0.37,0.39,0.38,0.39,5279,0,0.0,0.58128077,-0.5531452,0.5531452,0.3404140472412109,0.17865506,0.3814983898465618,0.0013051714339837317,0.0013051714339837317,21.334329101319394
2015-09-13,255,0.3913108543284714,0.39,0.00337493766079332,0.39,0.4,0.39,0.4,5279,0,0.0,0.48956263,-0.41160896,0.44490218,0.1415348052978515,0.26504597,0.38280356128054555,0.008507293047925857,0.008507293047925857,87.10480458053273
2015-09-14,256,0.3903940140178065,0.39,0.0059768520269540834,0.38,0.4,0.38,0.4,5279,0,0.0,0.340617,-0.28412586,0.3142439,0.1274261474609375,0.187863,0.3913108543284714,-0.0009168403106649126,0.0009168403106649126,15.110779188449092
2015-09-15,257,0.3836673612426596,0.38,0.005614365493474673,0.37,0.4,0.38,0.39,5279,0,0.0,0.3261793,-0.2457221,0.29046324,0.0384407043457031,0.21450745,0.3903940140178065,-0.006726652775146891,0.006726652775146891,77.12223052028877
2015-09-16,258,0.38981435878007215,0.39,0.00307197463370347,0.38,0.4,0.38,0.39,5279,0,0.0,0.2869504,-0.22190008,0.25540343,0.0238761901855468,0.18193665,0.3836673612426596,0.006146997537412546,0.006146997537412546,72.69106298232512
2015-09-17,259,0.39862852813032773,0.4,0.005971938922331488,0.39,0.41000000000000003,0.39,0.41000000000000003,5279,0,0.11915135442318621,0.2290676,-0.19813815,0.20149018,0.0237293243408203,0.11494838,0.38981435878007215,0.008814169350255585,0.008814169350255585,88.94697535474234
2015-09-18,260,0.39969691229399507,0.4,0.009641372494929384,0.38,0.41000000000000003,0.38,0.41000000000000003,5279,0,0.3597272210645956,0.27193305,-0.16092412,0.24492301,0.0371952056884765,0.21920583,0.39862852813032773,0.0010683841636673352,0.0010683841636673352,17.450833955688324
2015-09-19,261,0.40247205910210276,0.4,0.007381566365959948,0.39,0.41000000000000003,0.39,0.41000000000000003,5279,0,0.4265959462019322,0.26523507,-0.08182753,0.23394132,0.0791549682617187,0.25229713,0.39969691229399507,0.002775146808107698,0.002775146808107698,39.830719442369926
2015-09-20,262,0.40593104754688386,0.41000000000000003,0.004912550301568582,0.4,0.41000000000000003,0.4,0.41000000000000003,5279,0,0.593104754688388,0.17005867,0.030603379,0.1484675,0.1123619079589843,0.16728231,0.40247205910210276,0.003458988444781097,0.003458988444781097,48.120487926313174
2015-09-21,263,0.40181852623602954,0.4,0.0070709626376108435,0.39,0.41000000000000003,0.39,0.41000000000000003,5279,0,0.35745406326955864,0.30911583,-0.055507664,0.26417363,0.0861682891845703,0.30409136,0.40593104754688386,-0.004112521310854322,0.004112521310854322,55.29001742593975
2015-09-22,264,0.3986133737450274,0.4,0.005917438787040485,0.39,0.41000000000000003,0.39,0.41000000000000003,5279,0,0.11536275809812464,0.46751463,-0.4402825,0.44032624,0.3846149444580078,0.15723214,0.40181852623602954,-0.0032051524910021167,0.0032051524910021167,45.58127956186209
2015-09-23,265,0.39485129759424137,0.39,0.0051176399266206025,0.39,0.41000000000000003,0.39,0.4,5279,0,0.006061754120098503,0.31979084,-0.2897188,0.29226065,0.1504592895507812,0.13538621,0.3986133737450274,-0.0037620761507860534,0.0037620761507860534,51.05800348518795
2015-09-24,266,0.39168971396097757,0.39,0.00732344440388168,0.38,0.41000000000000003,0.38,0.41000000000000003,5279,0,0.054176927448380374,0.34818265,-0.31548846,0.31637624,0.0257625579833984,0.14730322,0.39485129759424137,-0.003161583633263798,0.003161583633263798,44.95892457057506
2015-09-25,267,0.3915968933510134,0.39,0.007319698503440986,0.38,0.41000000000000003,0.38,0.41000000000000003,5279,0,0.0573972343246827,0.38432366,-0.33438972,0.33726317,0.0188407897949218,0.18944141,0.39168971396097757,-9.282060996418373e-05,9.282060996418373e-05,2.6138909634055265
2015-09-26,268,0.39920060617541203,0.4,0.006259322398599364,0.39,0.41000000000000003,0.39,0.41000000000000003,5279,0,0.15912104565258572,0.3958023,-0.34897044,0.3489992,0.0146694183349609,0.18676008,0.3915968933510134,0.007603712824398645,0.007603712824398645,82.35001244709983
2015-09-27,269,0.40312559196817577,0.4,0.006612537709408117,0.39,0.41000000000000003,0.39,0.41000000000000003,5279,0,0.423754498958136,0.25401905,-0.124413654,0.203919,0.2246379852294922,0.22146517,0.39920060617541203,0.0039249857927637355,0.0039249857927637355,52.99975105800348
2015-09-28,270,0.405110816442508,0.41000000000000003,0.006556184275942248,0.39,0.41000000000000003,0.39,0.41000000000000003,5279,0,0.6010608069710173,0.3719638,-0.25415355,0.2696474,0.1297588348388672,0.27159342,0.40312559196817577,0.001985224474332248,0.001985224474332248,30.271346776201145
2015-09-29,271,0.40699564311422615,0.41000000000000003,0.004584474731159686,0.4,0.41000000000000003,0.4,0.41000000000000003,5279,0,0.6995643114226179,0.2068527,0.014171358,0.16270357,0.268280029296875,0.20636672,0.405110816442508,0.0018848266717181317,0.0018848266717181317,28.70301219815783
2015-09-30,272,0.40211782534570945,0.4,0.004085715269345745,0.4,0.41000000000000003,0.4,0.41000000000000003,5279,0,0.21178253457094146,0.54111624,0.5303841,0.5303841,0.5162067413330078,0.10723372,0.40699564311422615,-0.004877817768516701,0.004877817768516701,62.06123973114265
2015-10-01,273,0.3851127107406706,0.39,0.005013864790951188,0.38,0.4,0.38,0.39,5279,0,0.0,0.5285259,0.48992178,0.49213067,0.0404644012451171,0.19828336,0.40211782534570945,-0.01700511460503884,0.01700511460503884,99.72616380383371
2015-10-02,274,0.3772513733661678,0.38,0.0052448556334977695,0.37,0.39,0.37,0.38,5279,0,0.0,0.20628726,0.07844907,0.16419527,0.4113693237304687,0.19078827,0.3851127107406706,-0.007861337374502786,0.007861337374502786,83.86855862584018
2015-10-03,275,0.3729020647849972,0.37,0.004762603889936143,0.37,0.39,0.37,0.38,5279,0,0.0,0.2376625,-0.16240376,0.19923219,0.2408790588378906,0.17351846,0.3772513733661678,-0.004349308581170608,0.004349308581170608,57.45581279561862
2015-10-04,276,0.3738946770221633,0.37,0.005486822120090924,0.37,0.39,0.37,0.38,5279,0,0.0,0.33033976,-0.257583,0.28202674,0.0952529907226562,0.2068222,0.3729020647849972,0.0009926122371660684,0.0009926122371660684,16.280806572068705
2015-10-05,277,0.38045273726084483,0.38,0.005000813685384355,0.37,0.39,0.37,0.39,5279,0,0.0,0.42443383,-0.34048894,0.3611335,0.0828704833984375,0.25340018,0.3738946770221633,0.006558060238681551,0.006558060238681551,75.82773213841175
2015-10-06,278,0.38952074256487973,0.39,0.0035059411240365144,0.38,0.4,0.38,0.39,5279,0,0.0,0.55938315,-0.45911095,0.47370657,0.118621826171875,0.31957343,0.38045273726084483,0.009068005304034898,0.009068005304034898,90.14189693801345
2015-10-07,279,0.3884390983140746,0.39,0.007153476352550317,0.38,0.4,0.38,0.4,5279,0,0.0,0.49616614,-0.33565077,0.43419275,0.12353515625,0.3654019,0.38952074256487973,-0.0010816442508051471,0.0010816442508051471,17.849141150112025
2015-10-08,280,0.3809945065353287,0.38,0.0075620667361845605,0.37,0.4,0.37,0.39,5279,0,0.0,0.2949745,-0.22396164,0.26561192,0.1115989685058593,0.19196643,0.3884390983140746,-0.0074445917787459015,0.0074445917787459015,81.42892705999503
2015-10-09,281,0.3758041295699943,0.38,0.005783252269684297,0.37,0.39,0.37,0.38,5279,0,0.0,0.36013925,-0.2999233,0.31325343,0.0760097503662109,0.19936438,0.3809945065353287,-0.0051903769653343645,0.0051903769653343645,64.97386109036594
2015-10-10,282,0.37363136957757154,0.37,0.004960282586060724,0.37,0.39,0.37,0.38,5279,0,0.0,0.23222631,-0.088005885,0.19032523,0.2118949890136718,0.21490468,0.3758041295699943,-0.002172759992422779,0.002172759992422779,32.835449340303704
2015-10-11,283,0.37894866451979536,0.38,0.005571439089338626,0.37,0.39,0.37,0.39,5279,0,0.0,0.19094248,-0.09762266,0.1556962,0.0094757080078125,0.16410014,0.37363136957757154,0.005317294942223827,0.005317294942223827,66.26835947224296
2015-10-12,284,0.38175412009850346,0.38,0.004320833899362422,0.37,0.39,0.38,0.39,5279,0,0.0,0.16294155,-0.055323195,0.13435186,0.0422306060791015,0.15326218,0.37894866451979536,0.0028054555787080937,0.0028054555787080937,40.22902663679363
2015-10-13,285,0.3815552187914377,0.38,0.005448820823412681,0.37,0.4,0.37,0.39,5279,0,0.0,0.31592694,0.13977262,0.2644798,0.1951351165771484,0.28332588,0.38175412009850346,-0.00019890130706573528,0.00019890130706573528,4.132437142145879
2015-10-14,286,0.38244175033150213,0.38,0.005678542881484206,0.37,0.4,0.37,0.39,5279,0,0.0,0.34899083,-0.09586909,0.26786977,0.2357044219970703,0.3355651,0.3815552187914377,0.0008865315400644058,0.0008865315400644058,14.612895195419467
2015-10-15,287,0.3946296647092252,0.39,0.005076624359790823,0.39,0.41000000000000003,0.39,0.4,5279,0,0.004546315590073877,0.4131594,-0.2875256,0.32184935,0.1916732788085937,0.2966981,0.38244175033150213,0.012187914377723097,0.012187914377723097,96.8135424446104
2015-10-16,288,0.40957378291343066,0.41000000000000003,0.0020200271930868995,0.4,0.41000000000000003,0.41000000000000003,0.41000000000000003,5279,0,0.9573782913430574,0.3652451,-0.29602256,0.2992702,0.0084171295166015,0.2139501,0.3946296647092252,0.014944118204205437,0.014944118204205437,99.05402041324372
2015-10-17,289,0.4100000000000001,0.41000000000000003,5.551115123125783e-17,0.41000000000000003,0.41000000000000003,0.41000000000000003,0.41000000000000003,5279,0,1.0,0.54731,0.53177965,0.53177965,0.8277931213378906,0.12945494,0.40957378291343066,0.0004262170865694248,0.0004262170865694248,7.717201891959173
2015-10-18,290,0.4100000000000001,0.41000000000000003,5.551115123125783e-17,0.41000000000000003,0.41000000000000003,0.41000000000000003,0.41000000000000003,5279,0,1.0,2.276469,2.2643058,2.2643058,1.7324771881103516,0.23502532,0.4100000000000001,0.0,0.0,0.5227781926811054
2015-10-19,291,0.4095662057207805,0.41000000000000003,0.002037097276889813,0.4,0.41000000000000003,0.41000000000000003,0.41000000000000003,5279,0,0.9566205720780451,2.1524782,2.1455867,2.1455867,0.1186733245849609,0.17203793,0.4100000000000001,-0.00043379427921957925,0.00043379427921957925,7.916355489171023
2015-10-20,292,0.3969880659215761,0.4,0.004895386916451589,0.39,0.41000000000000003,0.39,0.4,5279,0,0.014586095851487024,0.84842145,0.79999125,0.79999125,1.345623016357422,0.2825512,0.4095662057207805,-0.012578139799204413,0.012578139799204413,97.36121483694299
2015-10-21,293,0.38446107217276,0.38,0.006895998306057484,0.37,0.4,0.38,0.4,5279,0,0.0,0.27983645,0.13746135,0.23726514,0.6624794006347656,0.24374734,0.3969880659215761,-0.012526993748816106,0.012526993748816106,97.16206123973114
2015-10-22,294,0.377783671149839,0.38,0.008265679245614612,0.37,0.4,0.37,0.39,5279,0,0.0,0.19967493,0.01925058,0.15787648,0.118173599243164,0.19874443,0.38446107217276,-0.00667740102292097,0.00667740102292097,76.72392332586507
2015-10-23,295,0.3845046410304982,0.38,0.006272217737198001,0.38,0.4,0.38,0.4,5279,0,0.0,0.23534621,-0.05883548,0.19347659,0.0781707763671875,0.22787333,0.377783671149839,0.006720969880659178,0.006720969880659178,77.07244212098581
2015-10-24,296,0.3929115362758099,0.39,0.004794501954768594,0.38,0.41000000000000003,0.39,0.4,5279,0,0.009471490812653912,0.25499168,0.16692989,0.22535785,0.2257308959960937,0.19275682,0.3845046410304982,0.008406895245311685,0.008406895245311685,86.70649738610904
2015-10-25,297,0.39358022352718325,0.39,0.005185218315755788,0.38,0.4,0.39,0.4,5279,0,0.0,0.47311234,0.4422866,0.445533,0.2754039764404297,0.16798142,0.3929115362758099,0.0006686872513733677,0.0006686872513733677,11.35175504107543
2015-10-26,298,0.39263686304224293,0.39,0.0056963457652335426,0.38,0.41000000000000003,0.39,0.4,5279,0,0.03883311233188104,0.12957296,0.027454391,0.10732738,0.4147014617919922,0.12663102,0.39358022352718325,-0.0009433604849403143,0.0009433604849403143,15.509086382872791
2015-10-27,299,0.39363705247205916,0.39,0.007277267833075433,0.38,0.41000000000000003,0.38,0.4,5279,0,0.006819473385110817,0.4840859,-0.41663048,0.43145874,0.4442100524902344,0.24649145,0.39263686304224293,0.0010001894298162228,0.0010001894298162228,16.405277570326113
2015-10-28,300,0.38328660731199093,0.38,0.007868946488337861,0.37,0.4,0.37,0.39,5279,0,0.0,0.5077054,-0.49107793,0.49114424,0.0744915008544921,0.12886925,0.39363705247205916,-0.010350445160068222,0.010350445160068222,93.62708488922081
2015-10-29,301,0.3795737829134306,0.38,0.006516056371278893,0.37,0.39,0.37,0.39,5279,0,0.0,0.37504238,-0.3504416,0.35045224,0.1406421661376953,0.13359247,0.38328660731199093,-0.003712824398560355,0.003712824398560355,50.634802091112775
2015-10-30,302,0.3817749573782913,0.38,0.0038208768742479227,0.38,0.39,0.38,0.39,5279,0,0.0,0.3863591,-0.28275958,0.32921135,0.0678348541259765,0.26328728,0.3795737829134306,0.0022011744648607334,0.0022011744648607334,33.25865073437889
2015-10-31,303,0.38790869482856605,0.39,0.004337355437280911,0.38,0.4,0.38,0.39,5279,0,0.0,0.3791008,-0.15519907,0.31017038,0.1274833679199218,0.34587675,0.3817749573782913,0.006133737450274734,0.006133737450274734,72.54169778441623
2015-11-01,304,0.3818431521121424,0.38,0.003935599442516572,0.38,0.4,0.38,0.39,5279,0,0.0,0.2261765,-0.14287499,0.19262977,0.0123023986816406,0.17533562,0.38790869482856605,-0.006065542716423622,0.006065542716423622,71.94423699278069
2015-11-02,305,0.3763174843720402,0.38,0.00627723309063733,0.37,0.39,0.37,0.39,5279,0,0.0,0.18569264,-0.15131196,0.16358681,0.0082740783691406,0.107640065,0.3818431521121424,-0.005525667740102214,0.005525667740102214,67.56285785412
2015-11-03,306,0.37530403485508623,0.37,0.006094647564612874,0.37,0.39,0.37,0.39,5279,0,0.0,0.23301683,-0.17638133,0.20144892,0.0252838134765625,0.15227124,0.3763174843720402,-0.0010134495169539792,0.0010134495169539792,16.654219566840926
2015-11-04,307,0.3807690850539875,0.38,0.004611801055481287,0.37,0.39,0.37,0.39,5279,0,0.0,0.2621216,-0.19944836,0.22978619,0.0230617523193359,0.1700825,0.37530403485508623,0.005465050198901256,0.005465050198901256,67.23923325865073
2015-11-05,308,0.39120856222769473,0.39,0.0032596011441181237,0.39,0.4,0.39,0.4,5279,0,0.0,0.7176658,-0.69405586,0.69405586,0.4946041107177734,0.18256494,0.3807690850539875,0.010439477173707246,0.010439477173707246,93.87602688573563
2015-11-06,309,0.39875165751089214,0.4,0.005205993875234485,0.39,0.41000000000000003,0.39,0.41000000000000003,5279,0,0.08088653154006441,0.9443946,-0.8823735,0.8829814,0.1882572174072265,0.33659983,0.39120856222769473,0.00754309528319741,0.00754309528319741,81.9765994523276
2015-11-07,310,0.3919965902633074,0.39,0.008294128207647787,0.38,0.41000000000000003,0.38,0.41000000000000003,5279,0,0.06743701458609586,0.6023359,-0.5658223,0.56794137,0.3163795471191406,0.20652519,0.39875165751089214,-0.006755067247584734,0.006755067247584734,77.24670151854617
2015-11-08,311,0.39107217275999245,0.39,0.008377930196273994,0.38,0.41000000000000003,0.38,0.4,5279,0,0.040159121045652585,0.39801252,-0.32254645,0.36724234,0.2433204650878906,0.23318984,0.3919965902633074,-0.000924417503314956,0.000924417503314956,15.185461787403534
2015-11-09,312,0.3890964197764728,0.39,0.005204474489679917,0.38,0.4,0.38,0.4,5279,0,0.0,0.34897795,-0.2920501,0.3187253,0.0305671691894531,0.19102855,0.39107217275999245,-0.001975752983519652,0.001975752983519652,29.997510580034852
2015-11-10,313,0.3823565069141883,0.38,0.0042707446756706765,0.37,0.4,0.38,0.39,5279,0,0.0,0.5904338,-0.55635923,0.55635923,0.2642631530761719,0.19767796,0.3890964197764728,-0.006739912862284481,0.006739912862284481,77.17201891959174
2015-11-11,314,0.3769767001326009,0.38,0.0057468891593382655,0.37,0.39,0.37,0.39,5279,0,0.0,0.5694719,-0.5404568,0.54055065,0.0158367156982421,0.17945613,0.3823565069141883,-0.005379806781587448,0.005379806781587448,66.6168782673637
2015-11-12,315,0.3808675885584391,0.38,0.005091071421783339,0.37,0.4,0.37,0.39,5279,0,0.0,0.52674705,-0.49902812,0.49968815,0.0414295196533203,0.16862202,0.3769767001326009,0.003890888425838235,0.003890888425838235,52.47697286532238
2015-11-13,316,0.3909016859253647,0.39,0.005609438758157886,0.38,0.4,0.38,0.4,5279,0,0.0,0.58854806,-0.57053816,0.57053816,0.0714588165283203,0.14448366,0.3808675885584391,0.010034097366925565,0.010034097366925565,92.63131690316156
2015-11-14,317,0.40320704678916464,0.4,0.005287790728991218,0.39,0.41000000000000003,0.4,0.41000000000000003,5279,0,0.3515817389657132,0.67538524,-0.66636527,0.66636527,0.0958671569824218,0.11001175,0.3909016859253647,0.012305360863799963,0.012305360863799963,96.98780184217077
2015-11-15,318,0.39581928395529453,0.4,0.005904326514029192,0.38,0.41000000000000003,0.39,0.4,5279,0,0.008903201363894678,0.42563957,-0.40592557,0.40592557,0.2604427337646484,0.12803891,0.40320704678916464,-0.007387762833870104,0.007387762833870104,81.20487926313169
2015-11-16,319,0.39137715476415985,0.39,0.006424523319253215,0.38,0.4,0.38,0.4,5279,0,0.0,0.45637214,-0.43681735,0.4368571,0.0307960510253906,0.13215908,0.39581928395529453,-0.0044421291911346805,0.0044421291911346805,58.252427184466015
2015-11-17,320,0.38939571888615276,0.39,0.004196633638747204,0.38,0.4,0.38,0.4,5279,0,0.0,0.59365505,-0.5762255,0.5763304,0.1394386291503906,0.14279656,0.39137715476415985,-0.0019814358780070873,0.0019814358780070873,30.097087378640776
2015-11-18,321,0.3857226747490055,0.39,0.0051867564869761615,0.38,0.4,0.38,0.39,5279,0,0.0,0.6486203,-0.6277119,0.6279725,0.0514736175537109,0.16336046,0.38939571888615276,-0.003673044137147252,0.003673044137147252,50.26138909634055
2015-11-19,322,0.3838852055313507,0.38,0.005027193235066009,0.38,0.4,0.38,0.39,5279,0,0.0,0.5667418,-0.53188884,0.535424,0.0957584381103515,0.19567838,0.3857226747490055,-0.001837469217654819,0.001837469217654819,28.205128205128204
2015-11-20,323,0.3822996779693124,0.38,0.005659430628545225,0.37,0.39,0.37,0.39,5279,0,0.0,0.6006314,-0.57723564,0.57723564,0.045379638671875,0.1660079,0.3838852055313507,-0.0015855275620382803,0.0015855275620382803,25.143141647996014
2015-11-21,324,0.3812767569615457,0.38,0.0036047015793102947,0.37,0.39,0.38,0.39,5279,0,0.0,0.34782776,-0.26982483,0.31599987,0.3074474334716797,0.21949682,0.3822996779693124,-0.0010229210077666862,0.0010229210077666862,16.853373164052776
2015-11-22,325,0.38197954157984465,0.38,0.00474414107093903,0.37,0.4,0.38,0.39,5279,0,0.0,0.40992773,0.34574857,0.34674114,0.6155509948730469,0.22022553,0.3812767569615457,0.0007027846182989239,0.0007027846182989239,11.849639034105055
2015-11-23,326,0.39321841257813983,0.39,0.00516848483770621,0.38,0.41000000000000003,0.39,0.4,5279,0,0.00757719265012313,0.42917216,0.23283046,0.3231396,0.1128807067871093,0.3605254,0.38197954157984465,0.01123887099829518,0.01123887099829518,95.61862086133931
2015-11-24,327,0.4039874976321274,0.4,0.00538643407714084,0.39,0.41000000000000003,0.4,0.41000000000000003,5279,0,0.4239439287743891,0.61552954,-0.48025873,0.50537366,0.7131099700927734,0.3850033,0.39321841257813983,0.010769085053987548,0.010769085053987548,94.77221807318895
2015-11-25,328,0.39786323167266524,0.4,0.004856283744851266,0.39,0.41000000000000003,0.39,0.4,5279,0,0.033907937109301005,0.39801803,-0.35006547,0.37072012,0.1302452087402343,0.18940234,0.4039874976321274,-0.0061242659594621385,0.0061242659594621385,72.36743838685587
2015-11-26,329,0.3862511839363516,0.39,0.005357302273462958,0.38,0.4,0.38,0.39,5279,0,0.0,0.24385582,-0.06485938,0.1997456,0.2851276397705078,0.23507258,0.39786323167266524,-0.011612047736313635,0.011612047736313635,96.19118745332338
2015-11-27,330,0.3799905285091873,0.38,0.004449193869602503,0.37,0.39,0.37,0.39,5279,0,0.0,0.42178196,-0.36024907,0.38161534,0.2953338623046875,0.21936445,0.3862511839363516,-0.006260655427164308,0.006260655427164308,73.71172516803584
2015-11-28,331,0.3813260087137715,0.38,0.004402507056762714,0.37,0.4,0.38,0.39,5279,0,0.0,0.6306029,-0.60911155,0.61149055,0.2488307952880859,0.16322577,0.3799905285091873,0.001335480204584183,0.001335480204584183,21.882001493651977
2015-11-29,332,0.38288122750520925,0.38,0.004986751336204696,0.38,0.4,0.38,0.39,5279,0,0.0,0.68778056,-0.66563106,0.6666679,0.0566368103027343,0.17314008,0.3813260087137715,0.0015552187914377735,0.0015552187914377735,24.645257654966393
2015-11-30,333,0.38356506914188293,0.38,0.006317743661205264,0.37,0.4,0.38,0.4,5279,0,0.0,0.5889833,-0.5681863,0.56911045,0.0973854064941406,0.15513802,0.38288122750520925,0.0006838416366736766,0.0006838416366736766,11.550908638287279
2015-12-01,334,0.37779314264065167,0.38,0.007692593936420656,0.37,0.4,0.37,0.39,5279,0,0.0,0.43731865,-0.41619515,0.4162477,0.1520900726318359,0.13427347,0.38356506914188293,-0.0057719265012312615,0.0057719265012312615,69.42992282798109
2015-12-02,335,0.379785944307634,0.38,0.008124552731567088,0.37,0.4,0.37,0.39,5279,0,0.0,0.44530675,-0.41866595,0.41871265,0.0024738311767578,0.1517128,0.37779314264065167,0.0019928016669823467,0.0019928016669823467,30.37092357480707
2015-12-03,336,0.386952074256488,0.39,0.006923647604557274,0.38,0.4,0.38,0.4,5279,0,0.0,0.42527175,-0.39574525,0.39574525,0.0228919982910156,0.1556965,0.379785944307634,0.007166129948853961,0.007166129948853961,80.10953447846651
2015-12-04,337,0.3956128054555787,0.4,0.005674650837164888,0.39,0.41000000000000003,0.39,0.4,5279,0,0.03788596325061565,0.5050591,-0.4833201,0.4833201,0.0873775482177734,0.14658307,0.386952074256488,0.008660731199090721,0.008660731199090721,88.02588996763754
2015-12-05,338,0.385167645387384,0.38,0.006130898856329629,0.38,0.4,0.38,0.4,5279,0,0.0,0.24801388,-0.19574839,0.22379833,0.2874774932861328,0.15229413,0.3956128054555787,-0.010445160068194681,0.010445160068194681,93.9009210853871
2015-12-06,339,0.37878196628149274,0.38,0.007171062790135374,0.37,0.4,0.37,0.39,5279,0,0.0,0.31533283,-0.27622887,0.28090546,0.0805072784423828,0.15209492,0.385167645387384,-0.006385679105891273,0.006385679105891273,74.60791635548917
2015-12-07,340,0.3846656563743133,0.38,0.005900367506488391,0.38,0.4,0.38,0.39,5279,0,0.0,0.34545732,-0.27626002,0.28358257,8.96453857421875e-05,0.20741482,0.37878196628149274,0.0058836900928205815,0.0058836900928205815,70.27632561613144
2015-12-08,341,0.3923375639325631,0.39,0.006501700435805733,0.38,0.41000000000000003,0.38,0.41000000000000003,5279,0,0.0513354802045842,0.21160012,0.12627496,0.18586595,0.4025249481201172,0.16979186,0.3846656563743133,0.0076719075582497576,0.0076719075582497576,82.69853124222057
2015-12-09,342,0.3902386815684789,0.39,0.00554133858091783,0.38,0.4,0.38,0.4,5279,0,0.0,0.2140838,0.18243638,0.18372275,0.0562667846679687,0.11202112,0.3923375639325631,-0.002098882364084176,0.002098882364084176,31.76499875529002
2015-12-10,343,0.38053419208183364,0.38,0.005808290094232477,0.37,0.4,0.37,0.39,5279,0,0.0,0.28280395,-0.25774467,0.2619718,0.4402427673339844,0.11638629,0.3902386815684789,-0.009704489486645262,0.009704489486645262,91.80980831466269
2015-12-11,344,0.37690282250426216,0.38,0.005550934278720727,0.37,0.39,0.37,0.38,5279,0,0.0,0.5641017,-0.54557395,0.54588753,0.2878646850585937,0.14338937,0.38053419208183364,-0.003631369577571486,0.003631369577571486,49.73861090365945
2015-12-12,345,0.3778859632506157,0.38,0.00588143492131276,0.37,0.39,0.37,0.39,5279,0,0.0,0.5065679,-0.46146235,0.47070086,0.084075927734375,0.20896116,0.37690282250426216,0.000983140746353528,0.000983140746353528,16.231018172765747
2015-12-13,346,0.3847262739155143,0.38,0.005138348625526122,0.38,0.4,0.38,0.39,5279,0,0.0,0.28780675,-0.19559896,0.24064529,0.2659664154052734,0.21112496,0.3778859632506157,0.006840310664898597,0.006840310664898597,77.91884490913617
2015-12-14,347,0.3820136389467702,0.38,0.004066482413432985,0.37,0.4,0.38,0.39,5279,0,0.0,0.29704422,-0.24534407,0.25416002,0.0497474670410156,0.16745658,0.3847262739155143,-0.0027126349687440765,0.0027126349687440765,39.258152850385855
2015-12-15,348,0.3753911725705626,0.37,0.005760372898968863,0.37,0.39,0.37,0.38,5279,0,0.0,0.23383082,-0.18544479,0.20282342,0.0599327087402343,0.1424326,0.3820136389467702,-0.006622466376207614,0.006622466376207614,76.3007219317899
2015-12-16,349,0.374614510323925,0.37,0.005790274889332166,0.37,0.39,0.37,0.38,5279,0,0.0,0.312282,-0.29513195,0.29541537,0.1097221374511718,0.10206178,0.3753911725705626,-0.0007766622466375828,0.0007766622466375828,12.944983818770226
2015-12-17,350,0.381723811327903,0.38,0.0051112517334079835,0.37,0.4,0.37,0.39,5279,0,0.0,0.28129026,-0.25782844,0.25968674,0.0373306274414062,0.112466596,0.374614510323925,0.007109301003977997,0.007109301003977997,79.81080408264874
2015-12-18,351,0.3897007008903202,0.39,0.005246835927741947,0.38,0.4,0.38,0.4,5279,0,0.0,0.27697313,0.2290968,0.23032993,0.4868545532226562,0.15565576,0.381723811327903,0.007976889562417211,0.007976889562417211,84.34154841921833
2015-12-19,352,0.3964330365599546,0.4,0.0056469012338608345,0.38,0.41000000000000003,0.39,0.4,5279,0,0.0365599545368441,0.4130309,0.33732933,0.33732933,0.1082363128662109,0.23833293,0.3897007008903202,0.006732335669634382,0.006732335669634382,77.14712471994025
2015-12-20,353,0.39017616972911534,0.39,0.006716404502384594,0.38,0.4,0.38,0.4,5279,0,0.0,0.3027838,0.25819248,0.2581976,0.0790920257568359,0.15816051,0.3964330365599546,-0.006256866830839258,0.006256866830839258,73.66193676873289
2015-12-21,354,0.3795169539685546,0.38,0.00581439631536956,0.37,0.39,0.37,0.39,5279,0,0.0,0.2642862,0.21033497,0.21521112,0.0478973388671875,0.16002055,0.39017616972911534,-0.010659215760560725,0.010659215760560725,94.54817027632562
2015-12-22,355,0.37697859443076337,0.38,0.0055993088965933056,0.37,0.39,0.37,0.39,5279,0,0.0,0.28045085,0.20698357,0.2153736,0.0032768249511718,0.18923618,0.3795169539685546,-0.002538359537791246,0.002538359537791246,37.266616878267364
2015-12-23,356,0.37912293995074825,0.38,0.004422282776345475,0.37,0.39,0.37,0.39,5279,0,0.0,0.14302985,0.011698377,0.10754755,0.1953201293945312,0.14255065,0.37697859443076337,0.0021443455199848804,0.0021443455199848804,32.48693054518297
2015-12-24,357,0.38697291153627583,0.39,0.005091084108798248,0.38,0.4,0.38,0.39,5279,0,0.0,0.14924388,-0.06493323,0.12636542,0.0765647888183593,0.13437787,0.37912293995074825,0.007849971585527582,0.007849971585527582,83.74408762758277
2015-12-25,358,0.39200227315779507,0.39,0.006472228880354466,0.38,0.4,0.38,0.4,5279,0,0.0,0.23978715,0.18584916,0.21046054,0.2506828308105469,0.15151863,0.38697291153627583,0.005029361621519235,0.005029361621519235,63.25616131441374
2015-12-26,359,0.3888804697859443,0.39,0.005755707059063219,0.38,0.4,0.38,0.4,5279,0,0.0,0.36892754,0.33320686,0.33405906,0.1474628448486328,0.1583699,0.39200227315779507,-0.003121803371850751,0.003121803371850751,44.510828976848394
2015-12-27,360,0.3843530971774957,0.38,0.0053192425341204745,0.38,0.4,0.38,0.39,5279,0,0.0,0.2300481,0.15472586,0.166801,0.1785850524902343,0.17024109,0.3888804697859443,-0.004527372608448599,0.004527372608448599,58.949464774707494
2015-12-28,361,0.38929721538170114,0.39,0.005024898586944399,0.38,0.4,0.38,0.4,5279,0,0.0,0.14621404,-0.0047594383,0.114362225,0.1594886779785156,0.1461366,0.3843530971774957,0.004944118204205428,0.004944118204205428,62.58401792382375
2015-12-29,362,0.3914908126539118,0.39,0.006212857879710038,0.38,0.4,0.38,0.4,5279,0,0.0,0.20379065,-0.12504615,0.15765998,0.1203498840332031,0.1609165,0.38929721538170114,0.0021935972722106345,0.0021935972722106345,33.109285536470004
2015-12-30,363,0.38256487971206665,0.38,0.004371278433884782,0.38,0.4,0.38,0.39,5279,0,0.0,0.13235728,-0.00016593789,0.10053871,0.1249141693115234,0.13235715,0.3914908126539118,-0.008925932941845127,0.008925932941845127,89.41996514812048
2015-12-31,364,0.37675317294942223,0.38,0.00536504836490554,0.37,0.39,0.37,0.38,5279,0,0.0,0.19995844,0.15061213,0.15954766,0.1508045196533203,0.13152693,0.38256487971206665,-0.00581170676264442,0.00581170676264442,69.72865322379886
2016-01-01,365,0.378833112331881,0.38,0.0059773515198911185,0.37,0.39,0.37,0.39,5279,0,0.0,0.15773281,0.10529564,0.12283791,0.0453224182128906,0.11744127,0.37675317294942223,0.002079939382458762,0.002079939382458762,31.540950958426688
2016-01-02,366,0.3806402727789354,0.38,0.005764788472710954,0.37,0.4,0.37,0.39,5279,0,0.0,0.12225541,-0.013036608,0.09745605,0.1181583404541015,0.12155833,0.378833112331881,0.0018071604470544234,0.0018071604470544234,27.781926811053026
2016-01-03,367,0.3826917976889562,0.38,0.004816180714383498,0.38,0.4,0.38,0.39,5279,0,0.0,0.16478556,0.11732417,0.13126905,0.1301536560058593,0.11571247,0.3806402727789354,0.0020515249100208077,0.0020515249100208077,31.19243216330595
2016-01-04,368,0.3829683652206857,0.38,0.004609915374059146,0.38,0.4,0.38,0.39,5279,0,0.0,0.2340133,-0.20932558,0.21424216,0.32659912109375,0.104618475,0.3826917976889562,0.0002765675317294991,0.0002765675317294991,5.3024645257654965
2016-01-05,369,0.3761886720969881,0.38,0.006302894493056689,0.37,0.39,0.37,0.39,5279,0,0.0,0.17971282,-0.13199012,0.15539084,0.0773735046386718,0.121964715,0.3829683652206857,-0.006779693123697639,0.006779693123697639,77.42096091610655
2016-01-06,370,0.3741257813979921,0.37,0.005626845531292287,0.37,0.39,0.37,0.38,5279,0,0.0,0.16190402,0.091040954,0.11911949,0.2230167388916015,0.1338821,0.3761886720969881,-0.0020628906989960116,0.0020628906989960116,31.316903161563353
2016-01-07,371,0.3725970827808298,0.37,0.004879568668554569,0.37,0.39,0.37,0.38,5279,0,0.0,0.27912074,-0.252662,0.25926343,0.3438282012939453,0.118618116,0.3741257813979921,-0.0015286986171622607,0.0015286986171622607,24.22205626089121
2016-01-08,372,0.372151922712635,0.37,0.004338276142775708,0.37,0.39,0.37,0.38,5279,0,0.0,0.40404847,-0.38740745,0.38830003,0.134714126586914,0.11476273,0.3725970827808298,-0.00044516006819483867,0.00044516006819483867,8.140403286034353
2016-01-09,373,0.3723356696344005,0.37,0.004487384041368708,0.37,0.39,0.37,0.38,5279,0,0.0,0.2449558,-0.21382335,0.22719628,0.1736278533935547,0.11951233,0.372151922712635,0.00018374692176553742,0.00018374692176553742,3.9083893452825493
2016-01-10,374,0.3809679863610532,0.38,0.002956833782164165,0.38,0.39,0.38,0.39,5279,0,0.0,0.14531082,-0.08534906,0.11988778,0.1285057067871093,0.11760424,0.3723356696344005,0.008632316726652711,0.008632316726652711,87.75205377147125
2016-01-11,375,0.3848740291721917,0.38,0.005054940236966267,0.38,0.4,0.38,0.39,5279,0,0.0,0.1050944,0.022724211,0.0853702,0.1081733703613281,0.102608174,0.3809679863610532,0.003906042811138488,0.003906042811138488,52.676126462534235
2016-01-12,376,0.4012502367872703,0.4,0.003307457610984483,0.4,0.41000000000000003,0.4,0.41000000000000003,5279,0,0.12502367872703163,0.3074926,0.28393498,0.28393498,0.2611770629882812,0.11803614,0.3848740291721917,0.016376207615078575,0.016376207615078575,99.50211600697038
2016-01-13,377,0.4001420723621898,0.4,0.0011834437315731987,0.4,0.41000000000000003,0.4,0.4,5279,0,0.014207236218980868,0.36519146,0.3428547,0.3428547,0.0589332580566406,0.12575912,0.4012502367872703,-0.0011081644250804934,0.0011081644250804934,18.17276574558128
2016-01-14,378,0.3815533244932752,0.38,0.0036741376653372433,0.38,0.4,0.38,0.39,5279,0,0.0,0.18125719,0.10130164,0.14216736,0.2415695190429687,0.15030676,0.4001420723621898,-0.018588747868914568,0.018588747868914568,99.87552900174259
2016-01-15,379,0.37558817957946583,0.37,0.0066627795728112045,0.37,0.39,0.37,0.39,5279,0,0.0,0.1971339,0.12736127,0.15431976,0.026010513305664,0.15046908,0.3815533244932752,-0.005965144913809395,0.005965144913809395,71.1227284042818
2016-01-16,380,0.373104754688388,0.37,0.005397849730396188,0.36,0.39,0.37,0.38,5279,0,0.0,0.1763556,0.06548668,0.14569728,0.0620021820068359,0.1637462,0.37558817957946583,-0.0024834248910778345,0.0024834248910778345,36.59447348767737
2016-01-17,381,0.37725137336616776,0.38,0.006112189547240283,0.37,0.39,0.37,0.39,5279,0,0.0,0.21330602,0.117364764,0.18659085,0.0520439147949218,0.17811513,0.373104754688388,0.0041466186777797676,0.0041466186777797676,55.68832462036346
2016-01-18,382,0.3798541390414851,0.38,0.00523347102720571,0.37,0.39,0.37,0.39,5279,0,0.0,0.14068554,0.059067048,0.10928124,0.0584735870361328,0.12768522,0.37725137336616776,0.002602765675317309,0.002602765675317309,38.03833706746328
2016-01-19,383,0.3893748816063649,0.39,0.007326151551296739,0.38,0.4,0.38,0.4,5279,0,0.0,0.21693206,-0.14605612,0.17851329,0.2050342559814453,0.16039653,0.3798541390414851,0.009520742564879836,0.009520742564879836,91.48618371919342
2016-01-20,384,0.3893748816063649,0.39,0.007326151551296739,0.38,0.4,0.38,0.4,5279,0,0.0,0.28872108,0.093646556,0.218196,0.2396678924560547,0.27311197,0.3893748816063649,0.0,0.0,0.5227781926811054
2016-01-21,385,0.39498579276378104,0.4,0.006626076804301041,0.37,0.41000000000000003,0.38,0.4,5279,0,0.004925175222580034,0.4280696,0.36601198,0.36601198,0.272409439086914,0.22198802,0.3893748816063649,0.005610911157416132,0.005610911157416132,68.30968384366443
2016-01-22,386,0.3824569047168025,0.38,0.004594443587815629,0.37,0.39,0.38,0.39,5279,0,0.0,0.43374935,-0.39442974,0.40560305,0.7604312896728516,0.18045358,0.39498579276378104,-0.012528888046978548,0.012528888046978548,97.18695543938263
2016-01-23,387,0.3719208183368063,0.37,0.004010851497351953,0.37,0.39,0.37,0.38,5279,0,0.0,0.33870068,-0.28875515,0.30956778,0.105630874633789,0.17702621,0.3824569047168025,-0.010536086379996201,0.010536086379996201,94.1747572815534
2016-01-24,388,0.3703921197196439,0.37,0.004176634058111557,0.36,0.39,0.36,0.38,5279,0,0.0,0.30677164,0.12662344,0.21397907,0.415506362915039,0.27942005,0.3719208183368063,-0.0015286986171623718,0.0015286986171623718,24.246950460542692
2016-01-25,389,0.3738378480772874,0.37,0.00527775945163795,0.37,0.39,0.37,0.38,5279,0,0.0,0.3298347,-0.01828348,0.25560486,0.1449527740478515,0.3293273,0.3703921197196439,0.003445728357643507,0.003445728357643507,48.020911127707244
2016-01-26,390,0.3853987497632127,0.39,0.0051375405710916856,0.38,0.4,0.38,0.39,5279,0,0.0,0.29841706,-0.13328317,0.25259632,0.1149559020996093,0.26699847,0.3738378480772874,0.011560901685925273,0.011560901685925273,96.14139905402041
2016-01-27,391,0.3806838416366736,0.38,0.005830063824040569,0.37,0.4,0.37,0.39,5279,0,0.0,0.20502818,-0.14638026,0.17304753,0.0132656097412109,0.1435597,0.3853987497632127,-0.004714908126539075,0.004714908126539075,60.567587752053775
2016-01-28,392,0.3769823830270885,0.38,0.007088183775614578,0.37,0.4,0.37,0.39,5279,0,0.0,0.17326143,-0.061760206,0.13952352,0.0845088958740234,0.16188033,0.3806838416366736,-0.003701458609585151,0.003701458609585151,50.51033109285537
2016-01-29,393,0.3855635537033529,0.38,0.0064482204392539095,0.38,0.4,0.38,0.4,5279,0,0.0,0.16399154,-0.0659271,0.13937865,0.003936767578125,0.15015578,0.3769823830270885,0.008581170676264405,0.008581170676264405,87.57779437391088
2016-01-30,394,0.40025951884826666,0.4,0.003001056175068501,0.39,0.41000000000000003,0.4,0.41000000000000003,5279,0,0.058344383405948094,0.35631603,0.25667495,0.2844799,0.3226547241210937,0.24714227,0.3855635537033529,0.01469596514491378,0.01469596514491378,98.92954941498631
2016-01-31,395,0.3847149081265391,0.38,0.0058449035626635315,0.38,0.41000000000000003,0.38,0.39,5279,0,0.00018942981625307822,0.6079628,0.4871482,0.50045395,0.230325698852539,0.36373904,0.40025951884826666,-0.01554461072172758,0.01554461072172758,99.35275080906149
2016-02-01,396,0.37258761129001705,0.37,0.00682991244955916,0.36,0.4,0.37,0.39,5279,0,0.0,0.33788037,0.13214633,0.26305518,0.3549327850341797,0.31096777,0.3847149081265391,-0.012127296836522028,0.012127296836522028,96.71396564600448
2016-02-02,397,0.37303277135821183,0.37,0.006602756066866565,0.36,0.4,0.37,0.39,5279,0,0.0,0.2069679,-0.058646847,0.16098171,0.1908206939697265,0.19848491,0.37258761129001705,0.00044516006819478315,0.00044516006819478315,8.115509086382874
2016-02-03,398,0.37341352528888044,0.37,0.005475812151142527,0.37,0.39,0.37,0.38,5279,0,0.0,0.2591086,-0.20481285,0.22498463,0.1463623046875,0.15871029,0.37303277135821183,0.0003807539306686092,0.0003807539306686092,7.045058501369181
2016-02-04,399,0.380524720591021,0.38,0.004676431740263449,0.37,0.39,0.37,0.39,5279,0,0.0,0.18143223,-0.123600505,0.15060179,0.081451416015625,0.13281804,0.37341352528888044,0.007111195302140549,0.007111195302140549,79.86059248195171
2016-02-05,400,0.3889202500473576,0.39,0.00536674360958351,0.38,0.4,0.38,0.4,5279,0,0.0,0.1678772,-0.07506893,0.12136555,0.0485076904296875,0.15015791,0.380524720591021,0.008395529456336592,0.008395529456336592,86.53223798854867
2016-02-06,401,0.39923470354233753,0.4,0.0038019795820577163,0.38,0.41000000000000003,0.39,0.4,5279,0,0.03333964766054177,0.29919788,-0.12676488,0.23087963,0.0517044067382812,0.2710167,0.3889202500473576,0.010314453494979947,0.010314453494979947,93.47771969131192
2016-02-07,402,0.3929285849592727,0.39,0.005275585353319957,0.38,0.4,0.39,0.4,5279,0,0.0,0.26348647,0.006816745,0.20968176,0.1335525512695312,0.26339838,0.39923470354233753,-0.006306118583064846,0.006306118583064846,74.06024396315658
2016-02-08,403,0.3824531161204773,0.38,0.005010542895718477,0.37,0.4,0.38,0.39,5279,0,0.0,0.31057918,0.032691866,0.24398142,0.0259723663330078,0.3088536,0.3929285849592727,-0.01047546883879541,0.01047546883879541,93.95070948469007
2016-02-09,404,0.37513923091494605,0.37,0.007806048544376191,0.37,0.4,0.37,0.39,5279,0,0.0,0.27692315,0.0021507891,0.21987756,0.0306282043457031,0.27691454,0.3824531161204773,-0.007313885205531223,0.007313885205531223,80.85636046801096
2016-02-10,405,0.37655616594051905,0.37,0.007682749781989574,0.37,0.4,0.37,0.39,5279,0,0.0,0.23686486,-0.044872776,0.19149223,0.0470428466796875,0.23257568,0.37513923091494605,0.0014169350255729962,0.0014169350255729962,22.92755787901419
2016-02-11,406,0.38560143966660354,0.38,0.0064974885360207894,0.38,0.4,0.38,0.4,5279,0,0.0,0.1553374,-0.0651076,0.13048081,0.0201759338378906,0.14103451,0.37655616594051905,0.00904527372608449,0.00904527372608449,90.06721433905899
2016-02-12,407,0.38777041106270127,0.39,0.00549255533295944,0.38,0.4,0.38,0.4,5279,0,0.0,0.15596788,-0.040283117,0.123824865,0.0248432159423828,0.15067609,0.38560143966660354,0.0021689713960977297,0.0021689713960977297,32.73587254169779
2016-02-13,408,0.38139988634211025,0.38,0.006039505604511252,0.37,0.4,0.37,0.39,5279,0,0.0,0.22287403,-0.17381129,0.18981037,0.1335105895996093,0.1395079,0.38777041106270127,-0.00637052472059102,0.00637052472059102,74.50833955688324
2016-02-14,409,0.3850388331123319,0.39,0.0059448599610760185,0.37,0.4,0.38,0.39,5279,0,0.0,0.17462666,-0.12882459,0.14670496,0.0449695587158203,0.11789289,0.38139988634211025,0.0036389467702216405,0.0036389467702216405,49.83818770226537
2016-02-15,410,0.39442508050767194,0.39,0.005498973010952296,0.38,0.41000000000000003,0.39,0.4,5279,0,0.0005682894487592347,0.19641836,-0.17430751,0.17974529,0.0454635620117187,0.09053724,0.3850388331123319,0.009386247395340053,0.009386247395340053,90.93851132686083
2016-02-16,411,0.39987876491759805,0.4,0.005472942443149938,0.38,0.41000000000000003,0.39,0.41000000000000003,5279,0,0.1392309149460125,0.20069478,-0.15258034,0.16756342,0.0217723846435546,0.13037498,0.39442508050767194,0.005453684409926107,0.005453684409926107,67.1396564600448
2016-02-17,412,0.3966755067247585,0.4,0.009465294809890208,0.38,0.41000000000000003,0.38,0.41000000000000003,5279,0,0.2428490244364463,0.23784603,0.20414434,0.20512691,0.3566665649414062,0.122048266,0.39987876491759805,-0.0032032581928395643,0.0032032581928395643,45.50659696290764
2016-02-18,413,0.39164614510323925,0.39,0.006617796173138926,0.38,0.41000000000000003,0.38,0.4,5279,0,0.018564121992801667,0.14437965,0.08351157,0.0965843,0.1206588745117187,0.11777651,0.3966755067247585,-0.005029361621519235,0.005029361621519235,63.25616131441374
2016-02-19,414,0.3834968744080318,0.38,0.007621562646045418,0.37,0.4,0.37,0.4,5279,0,0.0,0.16539755,-0.09681991,0.13740693,0.1804141998291015,0.13409786,0.39164614510323925,-0.008149270695207433,0.008149270695207433,85.23773960667165
2016-02-20,415,0.38064216707709797,0.38,0.007487098882086052,0.37,0.4,0.37,0.39,5279,0,0.0,0.21102849,-0.16242214,0.1821246,0.06549072265625,0.13472998,0.3834968744080318,-0.0028547073309338478,0.0028547073309338478,41.000746825989545
2016-02-21,416,0.3852301572267475,0.38,0.006512484680174672,0.37,0.4,0.38,0.4,5279,0,0.0,0.23837778,-0.19793099,0.2084986,0.0353584289550781,0.13284343,0.38064216707709797,0.004587990149649557,0.004587990149649557,59.37266616878267
2016-02-22,417,0.3852377344193976,0.38,0.0065238374640521225,0.37,0.4,0.38,0.4,5279,0,0.0,0.18338132,-0.14634074,0.16289684,0.0513801574707031,0.11051274,0.3852301572267475,7.5771926500989295e-06,7.5771926500989295e-06,0.8712969878018421
2016-02-23,418,0.3801837469217655,0.38,0.008581112550803885,0.37,0.4,0.37,0.4,5279,0,0.0,0.1361789,-0.040880855,0.10849276,0.1055374145507812,0.12989792,0.3852377344193976,-0.00505398749763214,0.00505398749763214,63.65446850883744
2016-02-24,419,0.3816575108922144,0.38,0.004264346648451048,0.38,0.4,0.38,0.39,5279,0,0.0,0.14553782,0.09489403,0.11044201,0.1356391906738281,0.11034644,0.3801837469217655,0.0014737639704489047,0.0014737639704489047,23.798854866816033
2016-02-25,420,0.3802936162151923,0.38,0.007257409547811019,0.37,0.39,0.37,0.39,5279,0,0.0,0.19976707,0.13607602,0.16886558,0.0412769317626953,0.14625356,0.3816575108922144,-0.0013638946770220817,0.0013638946770220817,22.255414488424197
2016-02-26,421,0.37487024057586665,0.37,0.005585379169308884,0.37,0.39,0.37,0.38,5279,0,0.0,0.18404369,0.09083448,0.14570001,0.0452098846435546,0.16006614,0.3802936162151923,-0.005423375639325656,0.005423375639325656,66.99029126213593
2016-02-27,422,0.3761375260465998,0.38,0.0059029236560359,0.37,0.39,0.37,0.39,5279,0,0.0,0.14746448,0.0418714,0.1220549,0.0489387512207031,0.14139494,0.37487024057586665,0.001267285470733126,0.001267285470733126,20.761762509335323
2016-02-28,423,0.3839325629854139,0.38,0.005126917189494187,0.38,0.4,0.38,0.39,5279,0,0.0,0.25749582,0.21153222,0.22030774,0.16961669921875,0.14682704,0.3761375260465998,0.007795036938814115,0.007795036938814115,83.42046303211352
2016-02-29,424,0.3762663383216518,0.38,0.006653687173756017,0.37,0.39,0.37,0.39,5279,0,0.0,0.26619872,0.18878081,0.21458699,0.0227928161621093,0.1876798,0.3839325629854139,-0.0076662246637621,0.0076662246637621,82.62384864326611
2016-03-01,425,0.371074067058155,0.37,0.005094485907371018,0.36,0.39,0.36,0.38,5279,0,0.0,0.16940741,0.07150211,0.12953204,0.1172847747802734,0.15357846,0.3762663383216518,-0.005192271263496806,0.005192271263496806,64.99875529001743
2016-03-02,426,0.37417882174654293,0.37,0.005644906816141586,0.37,0.39,0.37,0.38,5279,0,0.0,0.16016589,0.051484656,0.1244112,0.0200405120849609,0.1516657,0.371074067058155,0.003104754688387945,0.003104754688387945,44.31167537963655
2016-03-03,427,0.38622655806023864,0.39,0.005846314818886954,0.38,0.4,0.38,0.4,5279,0,0.0,0.16047515,0.09355759,0.12791945,0.0421295166015625,0.13038127,0.37417882174654293,0.012047736313695712,0.012047736313695712,96.61438884739856
2016-03-04,428,0.40540064406137527,0.41000000000000003,0.004983922585282076,0.4,0.41000000000000003,0.4,0.41000000000000003,5279,0,0.540064406137526,0.3892225,0.3761897,0.3761897,0.2826480865478515,0.09987756,0.38622655806023864,0.019174086001136625,0.019174086001136625,99.90042320139408
2016-03-05,429,0.4100000000000001,0.41000000000000003,5.551115123125783e-17,0.41000000000000003,0.41000000000000003,0.41000000000000003,0.41000000000000003,5279,0,1.0,0.6766695,0.66619825,0.66619825,0.2900753021240234,0.11856152,0.40540064406137527,0.004599355938624816,0.004599355938624816,59.4722429673886
2016-03-06,430,0.4029816253078235,0.4,0.004574512389531945,0.4,0.41000000000000003,0.4,0.41000000000000003,5279,0,0.2981625307823451,0.8162467,0.7888131,0.7888131,0.1225337982177734,0.20983538,0.4100000000000001,-0.007018374692176588,0.007018374692176588,79.13866069205875
2016-03-07,431,0.3934968744080319,0.39,0.005274213925349717,0.39,0.41000000000000003,0.39,0.4,5279,0,0.025383595377912484,0.68508434,0.67542386,0.67542386,0.1133632659912109,0.11464624,0.4029816253078235,-0.009484750899791616,0.009484750899791616,91.2621359223301
2016-03-08,432,0.3835196059859821,0.38,0.0056245766952414955,0.38,0.4,0.38,0.39,5279,0,0.0,0.4177037,0.3879198,0.3879198,0.2875347137451172,0.15490155,0.3934968744080319,-0.009977268422049768,0.009977268422049768,92.40726910629823
2016-03-09,433,0.3773745027467323,0.38,0.0062196123644142525,0.37,0.4,0.37,0.39,5279,0,0.0,0.2069819,0.13087696,0.16184041,0.2570552825927734,0.16035205,0.3835196059859821,-0.006145103239249827,0.006145103239249827,72.66616878267364
2016-03-10,434,0.3807501420723622,0.38,0.0060750723885507,0.37,0.4,0.37,0.39,5279,0,0.0,0.15259112,-0.0819498,0.12563638,0.2128448486328125,0.1287178,0.3773745027467323,0.0033756393256298978,0.0033756393256298978,47.29897933781429
2016-03-11,435,0.3829569994317105,0.38,0.005257910427449279,0.38,0.4,0.38,0.39,5279,0,0.0,0.16498844,-0.04974445,0.12968656,0.0322380065917968,0.15731066,0.3807501420723622,0.0022068573593483354,0.0022068573593483354,33.457804331590744
2016-03-12,436,0.3913430573972344,0.39,0.003409805097080686,0.39,0.4,0.39,0.4,5279,0,0.0,0.23660305,-0.15196806,0.20266798,0.1021976470947265,0.18134736,0.3829569994317105,0.008386057965523885,0.008386057965523885,86.45755538959422
2016-03-13,437,0.3811233188103807,0.38,0.0031577433325164863,0.38,0.39,0.38,0.39,5279,0,0.0,0.114569545,-0.05234347,0.0934699,0.099517822265625,0.10191352,0.3913430573972344,-0.01021973858685371,0.01021973858685371,93.17898929549415
2016-03-14,438,0.3747338511081645,0.37,0.00550535843964425,0.37,0.39,0.37,0.38,5279,0,0.0,0.081823535,-0.013735695,0.06696106,0.03863525390625,0.080662414,0.3811233188103807,-0.006389467702216212,0.006389467702216212,74.63281055514065
2016-03-15,439,0.37293237355559766,0.37,0.004889513452221996,0.37,0.39,0.37,0.38,5279,0,0.0,0.10457237,-0.072185956,0.088146105,0.0584182739257812,0.07566087,0.3747338511081645,-0.0018014775525668214,0.0018014775525668214,27.732138411750064
2016-03-16,440,0.37424512218223155,0.37,0.006185348500021306,0.37,0.39,0.37,0.39,5279,0,0.0,0.0662512,0.03105658,0.051920775,0.1032657623291015,0.058521014,0.37293237355559766,0.0013127486266338861,0.0013127486266338861,21.4588000995768
2016-03-17,441,0.37366546694449715,0.37,0.006225131842501208,0.37,0.4,0.37,0.39,5279,0,0.0,0.2503647,0.1294802,0.16459171,0.0983943939208984,0.21428356,0.37424512218223155,-0.0005796552377344,0.0005796552377344,9.882997261638039
2016-03-18,442,0.379047168024247,0.38,0.00462881049106794,0.37,0.39,0.37,0.39,5279,0,0.0,0.27700168,0.17264639,0.18984242,0.0431690216064453,0.21661738,0.37366546694449715,0.005381701079749834,0.005381701079749834,66.64177246701519
2016-03-19,443,0.38454820988823646,0.38,0.005332254510708561,0.38,0.4,0.38,0.39,5279,0,0.0,0.41352573,0.34575245,0.3482495,0.1731719970703125,0.22684483,0.379047168024247,0.005501041863989475,0.005501041863989475,67.38859845655962
2016-03-20,444,0.39824398560333396,0.4,0.00598700598619287,0.38,0.41000000000000003,0.39,0.41000000000000003,5279,0,0.10399696912293994,0.40917546,0.36785468,0.37768507,0.0220222473144531,0.17918745,0.38454820988823646,0.013695775715097502,0.013695775715097502,98.4067712223052
2016-03-21,445,0.3983614320894108,0.4,0.006501291456260296,0.38,0.41000000000000003,0.39,0.41000000000000003,5279,0,0.13544231862095094,0.17176571,0.033598118,0.1331677,0.3342533111572265,0.16844778,0.39824398560333396,0.00011744648607686647,0.00011744648607686647,3.061986557132188
2016-03-22,446,0.3932051524910021,0.39,0.006764638730714581,0.38,0.4,0.38,0.4,5279,0,0.0,0.202278,-0.034076694,0.16371736,0.0677242279052734,0.19938706,0.3983614320894108,-0.005156279598408753,0.005156279598408753,64.6253422952452
2016-03-23,447,0.3838113279030119,0.38,0.005321917328573322,0.37,0.4,0.38,0.39,5279,0,0.0,0.14048134,0.03636486,0.108399324,0.0705528259277343,0.13569309,0.3932051524910021,-0.009393824587990152,0.009393824587990152,90.96340552651232
2016-03-24,448,0.3781341163099072,0.38,0.007008790054533344,0.37,0.4,0.37,0.39,5279,0,0.0,0.17700559,0.009119669,0.13522795,0.02728271484375,0.17677069,0.3838113279030119,-0.005677211593104747,0.005677211593104747,68.63330843913367
2016-03-25,449,0.37446107217276003,0.37,0.0059109023739774835,0.37,0.39,0.37,0.39,5279,0,0.0,0.18218303,-0.13869269,0.15042186,0.1478118896484375,0.118131295,0.3781341163099072,-0.003673044137147141,0.003673044137147141,50.236494896689074
2016-03-26,450,0.3724095472627392,0.37,0.0043945961843819565,0.37,0.39,0.37,0.38,5279,0,0.0,0.15645376,-0.08879121,0.13218024,0.0498847961425781,0.1288172,0.37446107217276003,-0.0020515249100208077,0.0020515249100208077,31.19243216330595
2016-03-27,451,0.3729532108353855,0.37,0.0048827790422735625,0.37,0.39,0.37,0.38,5279,0,0.0,0.14425415,-0.05148993,0.11769085,0.0373706817626953,0.13475187,0.3724095472627392,0.0005436635726462913,0.0005436635726462913,9.310430669653972
2016-03-28,452,0.37801098692934265,0.38,0.00630889170609351,0.37,0.39,0.37,0.39,5279,0,0.0,0.2492061,0.124951765,0.21110901,0.1763553619384765,0.21561693,0.3729532108353855,0.005057776093957134,0.005057776093957134,63.75404530744336
2016-03-29,453,0.3745197954157985,0.37,0.005828867182155677,0.37,0.39,0.37,0.38,5279,0,0.0,0.2196559,0.14247379,0.16747002,0.017578125,0.16718248,0.37801098692934265,-0.0034911915135441562,0.0034911915135441562,48.419218322130945
2016-03-30,454,0.37463155900738776,0.37,0.0052238829315943095,0.37,0.39,0.37,0.38,5279,0,0.0,0.14246938,-0.059768632,0.121293895,0.2022743225097656,0.12932608,0.3745197954157985,0.00011176359158926452,0.00011176359158926452,2.9375155588747823
2016-03-31,455,0.380556923659784,0.38,0.003232560842481948,0.37,0.39,0.38,0.39,5279,0,0.0,0.16088244,-0.05837829,0.13691325,0.0014171600341796,0.14991695,0.37463155900738776,0.005925364652396237,0.005925364652396237,70.72442120985811
2016-04-01,456,0.3781265391172571,0.38,0.0073678478037786784,0.37,0.4,0.37,0.39,5279,0,0.0,0.18431218,0.13926162,0.14711183,0.1976757049560547,0.12073579,0.380556923659784,-0.00243038454252692,0.00243038454252692,35.92233009708738
2016-04-02,457,0.37791627202121614,0.38,0.008078031455856952,0.37,0.4,0.37,0.39,5279,0,0.0,0.25022763,0.19142504,0.20108648,0.0521526336669921,0.16115297,0.3781265391172571,-0.00021026709604093918,0.00021026709604093918,4.281802340054767
2016-04-03,458,0.3865580602386815,0.39,0.006770112977529816,0.38,0.4,0.38,0.4,5279,0,0.0,0.32309386,0.2942672,0.2942672,0.1028518676757812,0.1334044,0.37791627202121614,0.008641788217465363,0.008641788217465363,87.82673637042569
2016-04-04,459,0.39736124265959455,0.4,0.005809081442985913,0.38,0.41000000000000003,0.38,0.4,5279,0,0.008334911915135442,0.24268056,0.20009142,0.20828824,0.0941505432128906,0.13732286,0.3865580602386815,0.010803182420913049,0.010803182420913049,94.79711227284044
2016-04-05,460,0.3838700511460504,0.38,0.004989757554052811,0.37,0.39,0.38,0.39,5279,0,0.0,0.1332665,0.027769947,0.11282297,0.1724185943603515,0.13034101,0.39736124265959455,-0.013491191513544165,0.013491191513544165,98.23251182474483
2016-04-06,461,0.3797878386057965,0.38,0.005508133083886359,0.37,0.39,0.37,0.39,5279,0,0.0,0.15792027,0.08487012,0.12606788,0.057168960571289,0.13317595,0.3838700511460504,-0.004082212540253871,0.004082212540253871,54.69255663430421
2016-04-07,462,0.38146429247963626,0.38,0.004100947712543255,0.37,0.39,0.38,0.39,5279,0,0.0,0.3303605,0.29790172,0.2979925,0.2129478454589843,0.1428022,0.3797878386057965,0.001676453873839745,0.001676453873839745,26.188698033358225
2016-04-08,463,0.3878177685167645,0.39,0.005997105655896672,0.38,0.4,0.38,0.4,5279,0,0.0,0.38463274,0.3314644,0.3322845,0.0336265563964843,0.19512369,0.38146429247963626,0.0063534760371282695,0.0063534760371282695,74.35897435897436
2016-04-09,464,0.3827959840878954,0.38,0.006995401770424473,0.37,0.4,0.37,0.39,5279,0,0.0,0.38986406,0.33429667,0.33474648,0.0027828216552734,0.20059916,0.3878177685167645,-0.005021784428869136,0.005021784428869136,63.13169031615633
2016-04-10,465,0.3818639893919302,0.38,0.004283440016987047,0.37,0.39,0.38,0.39,5279,0,0.0,0.23550949,0.18125433,0.18406777,0.153024673461914,0.15037175,0.3827959840878954,-0.0009319946959651659,0.0009319946959651659,15.260144386357979
2016-04-11,466,0.3808126539117257,0.38,0.002732422503386688,0.38,0.39,0.38,0.39,5279,0,0.0,0.17463951,0.093858816,0.13148361,0.0875377655029296,0.1472735,0.3818639893919302,-0.0010513354802045294,0.0010513354802045294,17.15210355987055
2016-04-12,467,0.37655616594051905,0.38,0.005961153160025257,0.37,0.39,0.37,0.39,5279,0,0.0,0.14052556,0.014781705,0.10542978,0.0789451599121093,0.13974583,0.3808126539117257,-0.004256487971206646,0.004256487971206646,56.783669405028625
2016-04-13,468,0.3786057965523773,0.38,0.0059571409617571935,0.37,0.39,0.37,0.39,5279,0,0.0,0.25201115,-0.18023528,0.22244877,0.1949939727783203,0.17613886,0.37655616594051905,0.0020496306118582552,0.0020496306118582552,31.117749564351506
2016-04-14,469,0.37904148512975944,0.38,0.005883730344994171,0.37,0.39,0.37,0.39,5279,0,0.0,0.375337,-0.34149262,0.3437162,0.161264419555664,0.1557584,0.3786057965523773,0.00043568857738213174,0.00043568857738213174,7.941249688822505
2016-04-15,470,0.37820041674559574,0.38,0.006098017948389033,0.37,0.39,0.37,0.39,5279,0,0.0,0.3370159,-0.3007672,0.30428553,0.0406780242919921,0.15204646,0.37904148512975944,-0.0008410683841637012,0.0008410683841637012,13.816280806572067
2016-04-16,471,0.3835252888804698,0.38,0.004987090246773887,0.37,0.4,0.38,0.39,5279,0,0.0,0.26102942,-0.2084414,0.22977552,0.0924015045166015,0.15712625,0.37820041674559574,0.005324872134874037,0.005324872134874037,66.44261886980334
2016-04-17,472,0.395256677401023,0.4,0.004993407324843845,0.39,0.4,0.39,0.4,5279,0,0.0,0.25702107,-0.11346431,0.21231188,0.094858169555664,0.23062044,0.3835252888804698,0.011731388520553221,0.011731388520553221,96.31565845158077
2016-04-18,473,0.3929892025004736,0.39,0.004627237293991491,0.38,0.4,0.39,0.4,5279,0,0.0,0.1996365,0.060075305,0.15957445,0.1736564636230468,0.190383,0.395256677401023,-0.0022674749005494044,0.0022674749005494044,33.95568832462036
2016-04-19,474,0.3908183368062133,0.39,0.004018916838511341,0.38,0.4,0.39,0.4,5279,0,0.0,0.45082587,0.36512974,0.39724007,0.3049659729003906,0.26443228,0.3929892025004736,-0.002170865694260282,0.002170865694260282,32.81055514065223
2016-04-20,475,0.39014964955484,0.39,0.003107646798023953,0.38,0.4,0.39,0.4,5279,0,0.0,0.6388594,0.5936316,0.59391254,0.2285575866699218,0.2360972,0.3908183368062133,-0.0006686872513733122,0.0006686872513733122,11.301966641772466
2016-04-21,476,0.3849649554839931,0.38,0.005660879882713677,0.38,0.4,0.38,0.39,5279,0,0.0,0.24190557,0.060431615,0.19338237,0.5331230163574219,0.23423593,0.39014964955484,-0.005184694070846874,0.005184694070846874,64.8991784914115
2016-04-22,477,0.38378859632506157,0.38,0.005190591279315018,0.38,0.4,0.38,0.39,5279,0,0.0,0.40567726,0.294955,0.32425904,0.234466552734375,0.27852282,0.3849649554839931,-0.0011763591589315503,0.0011763591589315503,19.268110530246453
2016-04-23,478,0.39243227884068965,0.39,0.005185871558009051,0.38,0.41000000000000003,0.39,0.4,5279,0,0.011555218791437772,0.25598288,-0.09076812,0.22523704,0.3857765197753906,0.23934986,0.38378859632506157,0.008643682515628082,0.008643682515628082,87.87652476972865
2016-04-24,479,0.4055502936162153,0.41000000000000003,0.004969625432158127,0.4,0.41000000000000003,0.4,0.41000000000000003,5279,0,0.5550293616215193,0.17463546,0.06185052,0.14258926,0.1526508331298828,0.16331568,0.39243227884068965,0.013118014775525655,0.013118014775525655,97.7595220313667
2016-04-25,480,0.40850729304792577,0.41000000000000003,0.0035635509644134137,0.4,0.41000000000000003,0.4,0.41000000000000003,5279,0,0.8507293047925744,0.5550021,0.53838944,0.53838944,0.4765777587890625,0.13477252,0.4055502936162153,0.002956999431710461,0.002956999431710461,42.2454568085636
2016-04-26,481,0.397908694828566,0.4,0.0054030922738723414,0.39,0.41000000000000003,0.39,0.41000000000000003,5279,0,0.06326955862852814,0.15923962,0.03490209,0.1260792,0.5034942626953125,0.15536764,0.40850729304792577,-0.010598598219359767,0.010598598219359767,94.2992282798108
2016-04-27,482,0.39509945065353297,0.4,0.005006583814739664,0.38,0.4,0.39,0.4,5279,0,0.0,0.29338038,0.12264058,0.22022456,0.0877151489257812,0.266517,0.397908694828566,-0.002809244175033032,0.002809244175033032,40.32860343539955
2016-04-28,483,0.39069331312748634,0.39,0.0050693705243778225,0.38,0.4,0.38,0.4,5279,0,0.0,0.28436345,-0.07575223,0.22686481,0.1983871459960937,0.27408782,0.39509945065353297,-0.004406137526046627,0.004406137526046627,57.8790141896938
2016-04-29,484,0.3874635347603713,0.39,0.007896094627703498,0.38,0.41000000000000003,0.38,0.4,5279,0,0.028793332070467893,0.29726246,0.07713067,0.22583984,0.1529541015625,0.28708133,0.39069331312748634,-0.0032297783671150215,0.0032297783671150215,45.78043315907394
2016-04-30,485,0.38547831028603896,0.38,0.007910841332904093,0.38,0.41000000000000003,0.38,0.4,5279,0,0.03125591968175791,0.35479555,0.24522346,0.28305787,0.1680107116699218,0.2564082,0.3874635347603713,-0.001985224474332359,0.001985224474332359,30.29624097585263
2016-05-01,486,0.3938984656184884,0.39,0.005308615049466218,0.39,0.41000000000000003,0.39,0.4,5279,0,0.021973858685357076,0.34726602,0.16955584,0.28436485,0.0756435394287109,0.3030588,0.38547831028603896,0.008420155332449442,0.008420155332449442,86.78117998506349
2016-05-02,487,0.3926595946201932,0.39,0.005213009422089691,0.38,0.4,0.39,0.4,5279,0,0.0,0.5472164,0.4897213,0.48987448,0.320159912109375,0.24416982,0.3938984656184884,-0.0012388709982952273,0.0012388709982952273,20.238984316654218
2016-05-03,488,0.38556734229967793,0.38,0.006159400121173462,0.38,0.4,0.38,0.4,5279,0,0.0,0.45882168,0.2874007,0.3865768,0.2022876739501953,0.35765663,0.3926595946201932,-0.007092252320515247,0.007092252320515247,79.56186208613393
2016-05-04,489,0.3820003788596325,0.38,0.007554512371948826,0.37,0.4,0.37,0.4,5279,0,0.0,0.4475251,0.39928514,0.39979607,0.1117897033691406,0.20211455,0.38556734229967793,-0.003566963440045423,0.003566963440045423,49.11625591237242
2016-05-05,490,0.38254025383595375,0.38,0.005139375795642038,0.37,0.4,0.38,0.39,5279,0,0.0,0.22840524,0.042262215,0.18921754,0.3569202423095703,0.22446123,0.3820003788596325,0.0005398749763212418,0.0005398749763212418,9.260642270351008
2016-05-06,491,0.3785091873460883,0.38,0.00578007145874,0.37,0.39,0.37,0.39,5279,0,0.0,0.19209337,-0.109552324,0.15266003,0.1519031524658203,0.15779147,0.38254025383595375,-0.004031066489865454,0.004031066489865454,54.2942494398805
2016-05-07,492,0.3773498768706195,0.38,0.006740175333001331,0.37,0.4,0.37,0.39,5279,0,0.0,0.20460631,-0.1210289,0.16303216,0.0114688873291015,0.16497202,0.3785091873460883,-0.0011593104754688,0.0011593104754688,18.944485934777198
2016-05-08,493,0.38252320515249094,0.38,0.005694616942962304,0.37,0.4,0.38,0.39,5279,0,0.0,0.27129245,-0.227204,0.23615451,0.1061935424804687,0.14824995,0.3773498768706195,0.005173328281871448,0.005173328281871448,64.72491909385113
2016-05-09,494,0.3845406326955863,0.38,0.005419703242148985,0.37,0.4,0.38,0.39,5279,0,0.0,0.21651185,0.08082995,0.19238356,0.3081283569335937,0.20085785,0.38252320515249094,0.0020174275430953625,0.0020174275430953625,30.71944236992781
2016-05-10,495,0.3819909073688198,0.38,0.004865603563804081,0.37,0.4,0.38,0.39,5279,0,0.0,0.2970336,0.19837192,0.25607932,0.1175308227539062,0.22108257,0.3845406326955863,-0.0025497253267665054,0.0025497253267665054,37.39108787652477
2016-05-11,496,0.3851146050388331,0.38,0.005775782506592521,0.38,0.4,0.38,0.39,5279,0,0.0,0.2130806,0.037295002,0.16202885,0.1612014770507812,0.20979151,0.3819909073688198,0.0031236976700133035,0.0031236976700133035,44.53572317649987
2016-05-12,497,0.38382837658647473,0.38,0.0054765080482897886,0.37,0.4,0.38,0.39,5279,0,0.0,0.42392096,-0.27597204,0.3614994,0.313241958618164,0.32178965,0.3851146050388331,-0.0012862284523583734,0.0012862284523583734,20.985810306198655
2016-05-13,498,0.38489107785565446,0.38,0.005723177302237582,0.37,0.4,0.38,0.39,5279,0,0.0,0.37245733,-0.26098946,0.32816294,0.0151214599609375,0.26572347,0.38382837658647473,0.0010627012691797333,0.0010627012691797333,17.401045556385363
2016-05-14,499,0.38826103428679676,0.39,0.0049783827970793304,0.38,0.4,0.38,0.4,5279,0,0.0,0.39010793,0.3641257,0.3641257,0.6251163482666016,0.1399894,0.38489107785565446,0.003369956431142296,0.003369956431142296,47.22429673885984
2016-05-15,500,0.38419397613184314,0.38,0.00535083539003781,0.37,0.4,0.38,0.39,5279,0,0.0,0.23815785,-0.2234972,0.22440504,0.5877532958984375,0.082268395,0.38826103428679676,-0.004067058154953618,0.004067058154953618,54.59297983569829
2016-05-16,501,0.3830820231104376,0.38,0.005207486632575135,0.38,0.4,0.38,0.39,5279,0,0.0,0.2722265,-0.066115946,0.2120839,0.1573982238769531,0.264076,0.38419397613184314,-0.0011119530214055429,0.0011119530214055429,18.222554144884242
2016-05-17,502,0.3933415419587044,0.39,0.005718919721628518,0.38,0.41000000000000003,0.39,0.4,5279,0,0.023299867399128624,0.41678238,-0.25900525,0.38942382,0.1928958892822265,0.32653284,0.3830820231104376,0.010259518848266813,0.010259518848266813,93.30346029375156
2016-05-18,503,0.4063534760371283,0.41000000000000003,0.005430935322738846,0.39,0.41000000000000003,0.4,0.41000000000000003,5279,0,0.6669823830270885,0.3335302,0.09879805,0.19412394,0.3578948974609375,0.31856135,0.3933415419587044,0.013011934078423881,0.013011934078423881,97.70973363206373
2016-05-19,504,0.40019132411441555,0.4,0.004010470352262945,0.39,0.41000000000000003,0.39,0.41000000000000003,5279,0,0.09016859253646524,0.15786378,0.09670194,0.11602846,0.002166748046875,0.124778494,0.4063534760371283,-0.006162151922712744,0.006162151922712744,72.91511077918845
2016-05-20,505,0.3892422807349878,0.39,0.003459207329921553,0.38,0.4,0.38,0.39,5279,0,0.0,0.14404634,0.05794253,0.1014895,0.0387706756591796,0.13187873,0.40019132411441555,-0.010949043379427759,0.010949043379427759,94.9713716704008
2016-05-21,506,0.38104375828755443,0.38,0.0038179070760419216,0.37,0.39,0.38,0.39,5279,0,0.0,0.16328707,-0.11335327,0.14011249,0.1713008880615234,0.117531426,0.3892422807349878,-0.008198522447433354,0.008198522447433354,85.63604680109535
2016-05-22,507,0.3756544800151544,0.38,0.00599478480722605,0.37,0.39,0.37,0.39,5279,0,0.0,0.28693455,-0.25905007,0.26710123,0.1456794738769531,0.12338819,0.38104375828755443,-0.005389278272400044,0.005389278272400044,66.71645506596963
2016-05-23,508,0.3280242470164804,0.38,0.13305757270510196,0.0,0.4,0.0,0.39,5279,744,0.0,0.25431967,-0.22490506,0.2346075,0.0341987609863281,0.11872853,0.3756544800151544,-0.04763023299867397,0.04763023299867397,99.97510580034852
2016-05-24,509,0.38124455389278267,0.38,0.004661760399834243,0.37,0.39,0.37,0.39,5279,0,0.0,0.12730977,-0.090419985,0.110879585,0.1342601776123047,0.089621566,0.3280242470164804,0.05322030687630225,0.05322030687630225,100.0
2016-05-25,510,0.38165372229588934,0.38,0.0037151615748136895,0.38,0.39,0.38,0.39,5279,0,0.0,0.115448475,-0.07652866,0.09587327,0.014190673828125,0.08643898,0.38124455389278267,0.00040916840310667446,0.00040916840310667446,7.493154095095843
2016-05-26,511,0.38221443455199844,0.38,0.0041521831769444064,0.38,0.39,0.38,0.39,5279,0,0.0,0.17267194,-0.061320405,0.12801245,0.0150737762451171,0.1614171,0.38165372229588934,0.0005607122561090971,0.0005607122561090971,9.658949464774707
2016-05-27,512,0.38208562227694637,0.38,0.00444999789777169,0.37,0.4,0.38,0.39,5279,0,0.0,0.22249909,-0.1753242,0.18899518,0.113922119140625,0.13699372,0.38221443455199844,-0.00012881227505207038,0.00012881227505207038,3.2362459546925564
2016-05-28,513,0.3755256677401023,0.37,0.0065562723947234355,0.37,0.39,0.37,0.39,5279,0,0.0,0.20234194,-0.12802733,0.17729819,0.0473403930664062,0.15668836,0.38208562227694637,-0.006559954536844048,0.006559954536844048,75.85262633806323
2016-05-29,514,0.3770998295131654,0.38,0.005821399240440894,0.37,0.39,0.37,0.39,5279,0,0.0,0.32833433,-0.3062831,0.30893227,0.1783428192138672,0.11829621,0.3755256677401023,0.0015741617730630764,0.0015741617730630764,24.968882250435648
2016-05-30,515,0.3831274862663383,0.38,0.004636129022929414,0.38,0.39,0.38,0.39,5279,0,0.0,0.39064848,-0.3801437,0.3801437,0.0739402770996093,0.0899821,0.3770998295131654,0.006027656753172905,0.006027656753172905,71.59571819765993
2016-05-31,516,0.38595377912483425,0.39,0.005425147573971354,0.38,0.4,0.38,0.39,5279,0,0.0,0.7072891,-0.6984146,0.6984146,0.3180580139160156,0.11169659,0.3831274862663383,0.002826292858495949,0.002826292858495949,40.62733383121733
2016-06-01,517,0.3830517143398371,0.38,0.006036086498150199,0.37,0.4,0.37,0.39,5279,0,0.0,0.22342584,-0.18084998,0.19527264,0.5175037384033203,0.1311963,0.38595377912483425,-0.0029020647849971604,0.0029020647849971604,41.57331341797361
2016-06-02,518,0.38148512975942406,0.38,0.0035773217698323746,0.38,0.4,0.38,0.39,5279,0,0.0,0.12544923,-0.03369518,0.09923116,0.1470317840576172,0.120839305,0.3830517143398371,-0.001566584580413033,0.001566584580413033,24.869305451829725
2016-06-03,519,0.39001894298162537,0.39,0.00453142728566628,0.38,0.4,0.38,0.4,5279,0,0.0,0.17321742,-0.13479212,0.14180993,0.1010818481445312,0.10879125,0.38148512975942406,0.008533813222201314,0.008533813222201314,87.2790639780931
2016-06-04,520,0.3999450653532866,0.4,0.0014358855044010407,0.39,0.41000000000000003,0.4,0.4,5279,0,0.00757719265012313,0.43865997,0.3734233,0.38157794,0.5082206726074219,0.23016864,0.39001894298162537,0.009926122371661239,0.009926122371661239,92.3076923076923
2016-06-05,521,0.4004792574351203,0.4,0.0070245352319077015,0.39,0.41000000000000003,0.39,0.41000000000000003,5279,0,0.2718317863231673,1.0585961,1.0474347,1.0474347,0.6740989685058594,0.15332754,0.3999450653532866,0.0005341920818336954,0.0005341920818336954,9.185959671396565
2016-06-06,522,0.4048512975942413,0.4,0.004997788270277326,0.4,0.41000000000000003,0.4,0.41000000000000003,5279,0,0.48512975942413333,1.0211647,1.007362,1.007362,0.0401287078857421,0.16734333,0.4004792574351203,0.004372040159121016,0.004372040159121016,57.60517799352751
2016-06-07,523,0.4100000000000001,0.41000000000000003,5.551115123125783e-17,0.41000000000000003,0.41000000000000003,0.41000000000000003,0.41000000000000003,5279,0,1.0,0.73746437,0.7020561,0.70282227,0.305337905883789,0.225769,0.4048512975942413,0.005148702405758765,0.005148702405758765,64.57555389594225
2016-06-08,524,0.409810570183747,0.41000000000000003,0.0013632367759289325,0.4,0.41000000000000003,0.41000000000000003,0.41000000000000003,5279,0,0.9810570183746922,0.3967057,0.20230822,0.3350355,0.499664306640625,0.34124255,0.4100000000000001,-0.00018942981625308386,0.00018942981625308386,4.057754543191437
2016-06-09,525,0.4059973479825725,0.41000000000000003,0.004899520078707576,0.4,0.41000000000000003,0.4,0.41000000000000003,5279,0,0.5997347982572457,0.6210666,0.43087596,0.5062196,0.2285041809082031,0.44729093,0.409810570183747,-0.0038132222011745265,0.0038132222011745265,51.630570077172024
2016-06-10,526,0.3945046410304982,0.39,0.005461807261970772,0.38,0.41000000000000003,0.39,0.4,5279,0,0.0015154385300246258,0.46751723,-0.2693255,0.4103869,0.7001972198486328,0.38214594,0.4059973479825725,-0.011492706952074272,0.011492706952074272,95.96713965646005
2016-06-11,527,0.3869767001326009,0.39,0.005596594202141332,0.38,0.4,0.38,0.4,5279,0,0.0,0.33926293,-0.30853018,0.31105313,0.0391559600830078,0.14109747,0.3945046410304982,-0.007527940897897323,0.007527940897897323,81.90191685337317
2016-06-12,528,0.3813809433604849,0.38,0.003839775551224077,0.37,0.39,0.38,0.39,5279,0,0.0,0.29870293,-0.25720322,0.26694456,0.0513153076171875,0.15189005,0.3869767001326009,-0.0055957567721159895,0.0055957567721159895,68.23500124470998
2016-06-13,529,0.37991854517901114,0.38,0.003574895482279235,0.37,0.39,0.37,0.39,5279,0,0.0,0.21352525,-0.16263892,0.17766672,0.0945339202880859,0.13835315,0.3813809433604849,-0.0014623981814737563,0.0014623981814737563,23.69927806821011
2016-06-14,530,0.3802481530592915,0.38,0.006151692961405443,0.37,0.4,0.37,0.39,5279,0,0.0,0.23041971,0.04710107,0.18050337,0.2096900939941406,0.22555423,0.37991854517901114,0.00032960788028035815,0.00032960788028035815,6.248444112521782
2016-06-15,531,0.3818052661488919,0.38,0.006871976437904213,0.37,0.4,0.37,0.39,5279,0,0.0,0.20028986,-0.034043256,0.15812473,0.0810756683349609,0.19737521,0.3802481530592915,0.0015571130896003815,0.0015571130896003815,24.744834453572317
2016-06-16,532,0.38285281303277136,0.38,0.006578199596480438,0.37,0.4,0.37,0.39,5279,0,0.0,0.21799704,-0.00023343757,0.17800188,0.0337791442871093,0.21799707,0.3818052661488919,0.00104754688387948,0.00104754688387948,17.12720936021907
2016-06-17,533,0.3908524341731389,0.39,0.006055311858923766,0.38,0.41000000000000003,0.38,0.4,5279,0,0.010229210077666225,0.24756871,-0.1250445,0.19059452,0.1248149871826171,0.21366854,0.38285281303277136,0.007999621140367563,0.007999621140367563,84.54070201643017
2016-06-18,534,0.4026254972532677,0.4,0.004519130854133112,0.39,0.41000000000000003,0.4,0.41000000000000003,5279,0,0.26785376018185264,0.20596823,0.18078409,0.18078409,0.3058052062988281,0.09869091,0.3908524341731389,0.011773063080128765,0.011773063080128765,96.4152352501867
2016-06-19,535,0.3962303466565638,0.4,0.00549128187555427,0.39,0.41000000000000003,0.39,0.4,5279,0,0.03333964766054177,0.72094333,0.7019938,0.7019938,0.5212879180908203,0.16420783,0.4026254972532677,-0.006395150596703869,0.006395150596703869,74.70749315409509
2016-06-20,536,0.3849062322409547,0.38,0.006460402724609032,0.38,0.4,0.38,0.4,5279,0,0.0,0.54712766,0.51183194,0.51183194,0.1902008056640625,0.19333205,0.3962303466565638,-0.011324114415609099,0.011324114415609099,95.71819765994523
2016-06-21,537,0.38204205341920816,0.38,0.006892493867022298,0.37,0.4,0.37,0.4,5279,0,0.0,0.42044914,0.3846852,0.38503417,0.1271648406982422,0.16969027,0.3849062322409547,-0.0028641788217465547,0.0028641788217465547,41.1999004232014
2016-06-22,538,0.388740291721917,0.39,0.00708676158759036,0.37,0.41000000000000003,0.38,0.4,5279,0,0.01629096419776473,0.46893072,0.43961188,0.43961188,0.0548362731933593,0.16321178,0.38204205341920816,0.0066982383027088255,0.0066982383027088255,76.9479711227284
2016-06-23,539,0.40102860390225414,0.4,0.004693982170132059,0.39,0.41000000000000003,0.39,0.41000000000000003,5279,0,0.1668876681189619,0.44171742,0.4332217,0.4332217,0.0063018798828125,0.08621472,0.388740291721917,0.012288312180337158,0.012288312180337158,96.93801344286781
2016-06-24,540,0.39652775146808106,0.4,0.0055097028950435376,0.38,0.41000000000000003,0.39,0.4,5279,0,0.004735745406326956,0.4301451,0.30956253,0.3716557,0.1236133575439453,0.29865685,0.40102860390225414,-0.004500852434173086,0.004500852434173086,58.725416977844155
2016-06-25,541,0.38797310096609217,0.39,0.004423845311262351,0.38,0.4,0.38,0.39,5279,0,0.0,0.38046286,-0.10658834,0.31938052,0.4163722991943359,0.36522704,0.39652775146808106,-0.008554650501988892,0.008554650501988892,87.37864077669903
2016-06-26,542,0.3811081644250805,0.38,0.0031390469664837896,0.38,0.39,0.38,0.39,5279,0,0.0,0.37727186,0.23903692,0.29405248,0.3458461761474609,0.2918823,0.38797310096609217,-0.006864936541011668,0.006864936541011668,78.19268110530247
2016-06-27,543,0.38442697480583443,0.38,0.004967055679862223,0.38,0.39,0.38,0.39,5279,0,0.0,0.20194252,0.06100845,0.16091086,0.1779460906982422,0.19250637,0.3811081644250805,0.0033188103807539338,0.0033188103807539338,46.552153348269854
2016-06-28,544,0.38567152869861715,0.39,0.005512121873428455,0.38,0.4,0.38,0.39,5279,0,0.0,0.17666315,0.024165168,0.13692938,0.0369529724121093,0.17500281,0.38442697480583443,0.0012445538927827182,0.0012445538927827182,20.388349514563107
2016-06-29,545,0.3799109679863611,0.38,0.007104584388406744,0.37,0.4,0.37,0.39,5279,0,0.0,0.255327,0.040034916,0.20511591,0.0159015655517578,0.2521688,0.38567152869861715,-0.005760560712256058,0.005760560712256058,69.35524022902663
2016-06-30,546,0.3762890698996022,0.38,0.0068264397917082425,0.37,0.39,0.37,0.39,5279,0,0.0,0.15934512,-0.049058322,0.12572019,0.089080810546875,0.1516053,0.3799109679863611,-0.00362189808675889,0.00362189808675889,49.589245705750564
2016-07-01,547,0.3784428869103997,0.38,0.006966492618116631,0.37,0.39,0.37,0.39,5279,0,0.0,0.29155612,0.19130443,0.24497342,0.2403125762939453,0.22001739,0.3762890698996022,0.0021538170107974763,0.0021538170107974763,32.586507343788895
2016-07-02,548,0.38233188103807536,0.38,0.0049393852739105385,0.37,0.4,0.38,0.39,5279,0,0.0,0.39819756,0.2911685,0.33927217,0.0999183654785156,0.27162844,0.3784428869103997,0.0038889941276756823,0.0038889941276756823,52.42718446601942
2016-07-03,549,0.3829910967986361,0.38,0.00508817090417863,0.38,0.4,0.38,0.39,5279,0,0.0,0.23867373,0.12159816,0.1868779,0.1696090698242187,0.20537552,0.38233188103807536,0.0006592157605607163,0.0006592157605607163,11.17749564351506
2016-07-04,550,0.3820363705247206,0.38,0.005443209652766747,0.37,0.4,0.37,0.39,5279,0,0.0,0.17672583,-0.04636264,0.13417107,0.1679229736328125,0.17053613,0.3829910967986361,-0.0009547262739154627,0.0009547262739154627,15.683345780433159
2016-07-05,551,0.38443455199848453,0.38,0.0064597950447641385,0.38,0.4,0.38,0.4,5279,0,0.0,0.1966532,-0.10844654,0.15592448,0.0621871948242187,0.16404842,0.3820363705247206,0.002398181473763916,0.002398181473763916,35.57381130196664
2016-07-06,552,0.38681568478878575,0.39,0.007388389868523892,0.38,0.4,0.38,0.4,5279,0,0.0,0.25225806,-0.01931025,0.18707702,0.0892372131347656,0.2515177,0.38443455199848453,0.0023811327903012214,0.0023811327903012214,35.34976350510331
2016-07-07,553,0.38820041674559586,0.39,0.0059406670278971205,0.38,0.41000000000000003,0.38,0.4,5279,0,0.0005682894487592347,0.2097187,-0.10441776,0.17741525,0.0852241516113281,0.18187597,0.38681568478878575,0.0013847319568101035,0.0013847319568101035,22.603933283544933
2016-07-08,554,0.38764538738397425,0.39,0.005721849813932508,0.38,0.4,0.38,0.4,5279,0,0.0,0.39505905,-0.22556233,0.35020155,0.1210708618164062,0.32433516,0.38820041674559586,-0.0005550293616216062,0.0005550293616216062,9.559372666168784
2016-07-09,555,0.3883197575298353,0.39,0.006173537764826968,0.38,0.41000000000000003,0.38,0.4,5279,0,0.0007577192650123129,0.34603158,0.10226228,0.30143222,0.3278789520263672,0.33057573,0.38764538738397425,0.0006743701458610252,0.0006743701458610252,11.501120238984317
2016-07-10,556,0.3857548778177685,0.39,0.0058936526436844374,0.37,0.4,0.38,0.39,5279,0,0.0,0.37189314,0.17572346,0.33460388,0.0733528137207031,0.32775864,0.3883197575298353,-0.002564879712066759,0.002564879712066759,37.54045307443366
2016-07-11,557,0.3967569615457474,0.4,0.005231506937284319,0.38,0.41000000000000003,0.39,0.4,5279,0,0.02140556923659784,0.5147474,0.43947777,0.4817023,0.2638397216796875,0.26800066,0.3857548778177685,0.011002083727978895,0.011002083727978895,95.07094846900672
2016-07-12,558,0.40620382648228837,0.41000000000000003,0.005122568222223605,0.39,0.41000000000000003,0.4,0.41000000000000003,5279,0,0.6338321651827997,0.40240353,0.35908973,0.36570194,0.0804443359375,0.18161225,0.3967569615457474,0.009446864936540955,0.009446864936540955,91.1376649240727
2016-07-13,559,0.40745785186588374,0.41000000000000003,0.004952595360335084,0.39,0.41000000000000003,0.4,0.41000000000000003,5279,0,0.7736313695775715,0.25340378,0.03704693,0.2168613,0.3219833374023437,0.2506811,0.40620382648228837,0.0012540253835953696,0.0012540253835953696,20.562608912123476
2016-07-14,560,0.40538170107974997,0.41000000000000003,0.00543967367514309,0.39,0.41000000000000003,0.4,0.41000000000000003,5279,0,0.5618488350066301,0.34618056,-0.2828852,0.31105256,0.3199043273925781,0.1995417,0.40745785186588374,-0.002076150786133768,0.002076150786133768,31.491162559123726
2016-07-15,561,0.39215381701079755,0.39,0.005955112457777439,0.38,0.41000000000000003,0.38,0.4,5279,0,0.012312938056450085,0.24125904,0.0393192,0.19665292,0.3221645355224609,0.23803347,0.40538170107974997,-0.013227884068952422,0.013227884068952422,97.90888722927558
2016-07-16,562,0.3847868914567153,0.38,0.00576970507599085,0.37,0.4,0.38,0.39,5279,0,0.0,0.20542386,0.08295029,0.16110459,0.0436744689941406,0.18793146,0.39215381701079755,-0.007366925554082249,0.007366925554082249,81.10530246452576
2016-07-17,563,0.3798579276378102,0.38,0.0042509249459465655,0.37,0.39,0.37,0.39,5279,0,0.0,0.19256632,0.06838757,0.14293754,0.0147724151611328,0.18001379,0.3847868914567153,-0.004928963818905119,0.004928963818905119,62.48444112521783
2016-07-18,564,0.3812862284523583,0.38,0.0033478203195404237,0.38,0.39,0.38,0.39,5279,0,0.0,0.17426059,0.04816071,0.13312617,0.0201835632324218,0.16747327,0.3798579276378102,0.0014283008145481446,0.0014283008145481446,23.076923076923077
2016-07-19,565,0.3905152491002085,0.39,0.004087472311956412,0.38,0.4,0.38,0.4,5279,0,0.0,0.19014032,0.14416309,0.15459542,0.0960578918457031,0.12397769,0.3812862284523583,0.009229020647850195,0.009229020647850195,90.4655215334827
2016-07-20,566,0.39439856033339643,0.4,0.006474123073414395,0.38,0.4,0.38,0.4,5279,0,0.0,0.17350747,0.105482936,0.1316462,0.0385322570800781,0.13776109,0.3905152491002085,0.003883311233187914,0.003883311233187914,52.35250186706497
2016-07-21,567,0.39017616972911534,0.39,0.0047345958066695865,0.38,0.4,0.38,0.4,5279,0,0.0,0.24907042,0.059552178,0.20035192,0.0460777282714843,0.24184597,0.39439856033339643,-0.00422239060428109,0.00422239060428109,56.43515060990789
2016-07-22,568,0.3912369767001327,0.39,0.0038690083534378937,0.38,0.4,0.39,0.4,5279,0,0.0,0.1600375,0.004768292,0.12559594,0.0547733306884765,0.15996648,0.39017616972911534,0.0010608069710173473,0.0010608069710173473,17.37615135673388
2016-07-23,569,0.3859613563174844,0.39,0.005895730291279152,0.38,0.4,0.38,0.4,5279,0,0.0,0.26710016,0.19819391,0.23121278,0.1935348510742187,0.17905773,0.3912369767001327,-0.005275620382648283,0.005275620382648283,65.87005227781927
2016-07-24,570,0.3827940897897329,0.38,0.006661904879584628,0.37,0.4,0.37,0.39,5279,0,0.0,0.35763732,0.29409766,0.30618396,0.0957775115966796,0.20349619,0.3859613563174844,-0.003167266527751511,0.003167266527751511,45.033607169529496
2016-07-25,571,0.38754120098503514,0.39,0.005402615406178749,0.38,0.4,0.38,0.4,5279,0,0.0,0.3951476,0.2844186,0.35142514,0.0096435546875,0.27431288,0.3827940897897329,0.004747111195302245,0.004747111195302245,60.866318147871546
2016-07-26,572,0.39044137147186975,0.39,0.002239310423049752,0.38,0.4,0.39,0.39,5279,0,0.0,0.3111515,-0.11690524,0.26541075,0.4012508392333984,0.28835467,0.38754120098503514,0.002900170486834608,0.002900170486834608,41.52352501867065
2016-07-27,573,0.3853267664330366,0.39,0.005404833346997001,0.38,0.4,0.38,0.39,5279,0,0.0,0.20334831,-0.16430743,0.17905968,0.047403335571289,0.119806595,0.39044137147186975,-0.005114605038833153,0.005114605038833153,64.20214090117003
2016-07-28,574,0.38745406326955867,0.39,0.005041645289149954,0.38,0.4,0.38,0.39,5279,0,0.0,0.1550519,-0.10793452,0.13495299,0.056436538696289,0.11131592,0.3853267664330366,0.0021272968365220746,0.0021272968365220746,32.16330594971372
2016-07-29,575,0.3950331502178443,0.4,0.0050263408962993375,0.38,0.41000000000000003,0.39,0.4,5279,0,0.0005682894487592347,0.25895214,0.002683614,0.21587789,0.1104450225830078,0.2589384,0.38745406326955867,0.007579086948285629,0.007579086948285629,82.1259646502365
2016-07-30,576,0.39762076150786135,0.4,0.0051445622781775965,0.39,0.41000000000000003,0.39,0.4,5279,0,0.041674559575677214,0.22746234,-0.013364399,0.17590791,0.0160388946533203,0.22706932,0.3950331502178443,0.0025876112900170556,0.0025876112900170556,37.888971869554396
2016-07-31,577,0.3988842583822694,0.4,0.0032723297584493364,0.39,0.41000000000000003,0.39,0.4,5279,0,0.003978026141314643,0.28344655,0.039836165,0.24161825,0.0532245635986328,0.28063345,0.39762076150786135,0.001263496874408021,0.001263496874408021,20.711974110032365
2016-08-01,578,0.39443076340215955,0.39,0.0049674912879318685,0.39,0.4,0.39,0.4,5279,0,0.0,0.30055046,-0.11019142,0.26256874,0.1500244140625,0.27962187,0.3988842583822694,-0.004453494980109829,0.004453494980109829,58.37689818272342
2016-08-02,579,0.3965732146239819,0.4,0.005392519577085123,0.39,0.41000000000000003,0.39,0.4,5279,0,0.032771358211782536,0.2014865,0.1471527,0.16350715,0.2573909759521484,0.13763289,0.39443076340215955,0.002142451221822328,0.002142451221822328,32.43714214588001
2016-08-03,580,0.40448569804887285,0.4,0.004973479014037045,0.4,0.41000000000000003,0.4,0.41000000000000003,5279,0,0.44856980488728926,0.5243834,0.5044516,0.5044516,0.3573646545410156,0.14320163,0.3965732146239819,0.007912483424890981,0.007912483424890981,84.09260642270351
2016-08-04,581,0.4100000000000001,0.41000000000000003,5.551115123125783e-17,0.41000000000000003,0.41000000000000003,0.41000000000000003,0.41000000000000003,5279,0,1.0,0.63631105,0.59247833,0.59247833,0.0879631042480468,0.23208289,0.40448569804887285,0.005514301951127232,0.005514301951127232,67.51306945481703
2016-08-05,582,0.40849213866262557,0.41000000000000003,0.0035784029344102966,0.4,0.41000000000000003,0.4,0.41000000000000003,5279,0,0.8492138662625497,0.4826789,0.37042558,0.42546153,0.2221622467041015,0.30945688,0.4100000000000001,-0.0015078613373745164,0.0015078613373745164,24.022902663679364
2016-08-06,583,0.40639515059670395,0.41000000000000003,0.005402877090876349,0.39,0.41000000000000003,0.4,0.41000000000000003,5279,0,0.6702026899033908,0.27449578,-0.15756577,0.2232201,0.5279102325439453,0.22476839,0.40849213866262557,-0.0020969880659216233,0.0020969880659216233,31.74010455563854
2016-08-07,584,0.407812085622277,0.41000000000000003,0.004134268309263843,0.4,0.41000000000000003,0.4,0.41000000000000003,5279,0,0.7812085622276946,0.4234212,-0.38548788,0.38942686,0.2278957366943359,0.17517145,0.40639515059670395,0.0014169350255730517,0.0014169350255730517,22.952452078665672
2016-08-08,585,0.4100000000000001,0.41000000000000003,5.551115123125783e-17,0.41000000000000003,0.41000000000000003,0.41000000000000003,0.41000000000000003,5279,0,1.0,0.9567663,-0.932172,0.932172,0.5466461181640625,0.21553555,0.407812085622277,0.002187914377723088,0.002187914377723088,33.059497137167035
2016-08-09,586,0.4011498389846562,0.4,0.0031900251027110584,0.4,0.41000000000000003,0.4,0.41000000000000003,5279,0,0.11498389846561849,0.63576823,-0.62884134,0.62884134,0.3032512664794922,0.09359014,0.4100000000000001,-0.00885016101534386,0.00885016101534386,89.09634055265123
2016-08-10,587,0.38994127675696155,0.39,0.0036643042386066034,0.38,0.4,0.38,0.4,5279,0,0.0,0.24687417,0.013594321,0.19125612,0.6424274444580078,0.24649985,0.4011498389846562,-0.011208562227694674,0.011208562227694674,95.59372666168782
2016-08-11,588,0.3867266527751468,0.39,0.005516280815523676,0.38,0.4,0.38,0.39,5279,0,0.0,0.31082696,0.09732591,0.21484157,0.08367919921875,0.29519677,0.38994127675696155,-0.003214623981814768,0.003214623981814768,45.65596216081653
2016-08-12,589,0.3861147944686494,0.39,0.005638178562425932,0.38,0.4,0.38,0.39,5279,0,0.0,0.34203115,0.16506055,0.24258907,0.0677337646484375,0.299567,0.3867266527751468,-0.0006118583064974037,0.0006118583064974037,10.405775454319144
2016-08-13,590,0.3915968933510135,0.39,0.005718637987334655,0.38,0.4,0.38,0.4,5279,0,0.0,0.22274613,0.027992897,0.1862963,0.1369190216064453,0.22098018,0.3861147944686494,0.005482098882364117,0.005482098882364117,67.31391585760518
2016-08-14,591,0.3982818715665845,0.4,0.004856660575266278,0.39,0.41000000000000003,0.39,0.4,5279,0,0.046789164614510326,0.12219466,0.008960269,0.09930585,0.0191688537597656,0.12186581,0.3915968933510135,0.006684978215571014,0.006684978215571014,76.79860592481951
2016-08-15,592,0.4093085811706763,0.41000000000000003,0.002536952560789019,0.4,0.41000000000000003,0.4,0.41000000000000003,5279,0,0.9308581170676264,0.14488456,-0.063630715,0.12895732,0.0725555419921875,0.13016406,0.3982818715665845,0.0110267096040918,0.0110267096040918,95.12073686830969
2016-08-16,593,0.4042564879712066,0.4,0.006235522581269693,0.39,0.41000000000000003,0.39,0.41000000000000003,5279,0,0.4978215571130896,0.123612955,0.052485593,0.106169686,0.1161842346191406,0.11191721,0.4093085811706763,-0.005052093199469698,0.005052093199469698,63.629574309185955
2016-08-17,594,0.3957776093957189,0.39,0.00968320826686936,0.38,0.41000000000000003,0.38,0.41000000000000003,5279,0,0.22314832354612615,0.4598725,0.36511526,0.39241782,0.312601089477539,0.27959442,0.4042564879712066,-0.008478878575487736,0.008478878575487736,87.03012198157829
2016-08-18,595,0.3942204963061187,0.39,0.008107154858373374,0.38,0.41000000000000003,0.38,0.41000000000000003,5279,0,0.11005872324303845,0.512842,0.45035505,0.45091632,0.0852870941162109,0.24533029,0.3957776093957189,-0.0015571130896001595,0.0015571130896001595,24.670151854617874
2016-08-19,596,0.394885394961167,0.4,0.005517467208163793,0.38,0.41000000000000003,0.39,0.4,5279,0,0.0022731577950369387,0.37573528,0.31233135,0.32234854,0.138153076171875,0.2088688,0.3942204963061187,0.0006648986550482627,0.0006648986550482627,11.202389843166543
2016-08-20,597,0.3902822504262171,0.39,0.0040800719934882415,0.38,0.4,0.38,0.4,5279,0,0.0,0.15278615,0.050189294,0.122035995,0.2620429992675781,0.14430754,0.394885394961167,-0.004603144534949866,0.004603144534949866,59.522031366691564
2016-08-21,598,0.38208562227694637,0.38,0.0040628072175983064,0.38,0.39,0.38,0.39,5279,0,0.0,0.19463387,-0.15317866,0.16266935,0.2034778594970703,0.12007755,0.3902822504262171,-0.008196628149270746,0.008196628149270746,85.58625840179238
2016-08-22,599,0.3806611100587232,0.38,0.0034653242875786116,0.37,0.39,0.38,0.39,5279,0,0.0,0.15983403,-0.08179725,0.13268569,0.0715217590332031,0.13731757,0.38208562227694637,-0.0014245122182231507,0.0014245122182231507,23.002240477968634
2016-08-23,600,0.3814188293237355,0.38,0.004349588261671819,0.37,0.39,0.38,0.39,5279,0,0.0,0.22469161,0.1856863,0.189802,0.2673625946044922,0.12651868,0.3806611100587232,0.0007577192650122799,0.0007577192650122799,12.671147622603934
2016-08-24,601,0.3880223527183179,0.39,0.005473478087587974,0.38,0.4,0.38,0.4,5279,0,0.0,0.21007845,0.090608545,0.17287856,0.0949783325195312,0.1895336,0.3814188293237355,0.006603523394582422,0.006603523394582422,76.151356733881
2016-08-25,602,0.3869463913620004,0.39,0.005193286731928436,0.38,0.4,0.38,0.39,5279,0,0.0,0.14429088,-0.017481409,0.11628615,0.1081447601318359,0.14322808,0.3880223527183179,-0.0010759613563175452,0.0010759613563175452,17.649987552900175
2016-08-26,603,0.38415230157226743,0.38,0.005127315421144138,0.38,0.4,0.38,0.39,5279,0,0.0,0.1584181,-0.019817961,0.116417065,0.0022926330566406,0.15717392,0.3869463913620004,-0.0027940897897329453,0.0027940897897329453,40.10455563853622
2016-08-27,604,0.391259708278083,0.39,0.0033181648293837004,0.39,0.4,0.39,0.4,5279,0,0.0,0.14887843,-0.015290054,0.1110179,0.00457763671875,0.1480911,0.38415230157226743,0.0071074067058155554,0.0071074067058155554,79.78590988299726
2016-08-28,605,0.4028243985603334,0.4,0.0064934463218368505,0.39,0.41000000000000003,0.39,0.41000000000000003,5279,0,0.39193028982761885,0.2202895,-0.14087304,0.18250714,0.1257038116455078,0.16935816,0.391259708278083,0.011564690282250434,0.011564690282250434,96.1662932536719
2016-08-29,606,0.40743701458609594,0.41000000000000003,0.0055876966731027685,0.39,0.41000000000000003,0.39,0.41000000000000003,5279,0,0.8045084296268232,0.98216,-0.88806176,0.88806176,0.7471561431884766,0.41950312,0.4028243985603334,0.004612616025762517,0.004612616025762517,59.69629076425193
2016-08-30,607,0.40918355749194923,0.41000000000000003,0.0027382196244193887,0.4,0.41000000000000003,0.4,0.41000000000000003,5279,0,0.9183557491949232,0.8407097,-0.7899343,0.7899343,0.0981388092041015,0.2877422,0.40743701458609594,0.0017465429058532989,0.0017465429058532989,26.935524022902662
2016-08-31,608,0.4100000000000001,0.41000000000000003,5.551115123125783e-17,0.41000000000000003,0.41000000000000003,0.41000000000000003,0.41000000000000003,5279,0,1.0,0.29903528,0.009948217,0.25483915,0.7998390197753906,0.29887006,0.40918355749194923,0.0008164425080508519,0.0008164425080508519,13.517550410754295
2016-09-01,609,0.4100000000000001,0.41000000000000003,5.551115123125783e-17,0.41000000000000003,0.41000000000000003,0.41000000000000003,0.41000000000000003,5279,0,1.0,0.2250565,0.06155159,0.17419505,0.0517406463623046,0.21647595,0.4100000000000001,0.0,0.0,0.5227781926811054
2016-09-02,610,0.4056203826482289,0.41000000000000003,0.004961363257188151,0.4,0.41000000000000003,0.4,0.41000000000000003,5279,0,0.5620382648228831,0.2515092,-0.03979557,0.22282882,0.1013946533203125,0.24834089,0.4100000000000001,-0.00437961735177117,0.00437961735177117,57.679860592481944
2016-09-03,611,0.3941257813979921,0.39,0.004922980990812711,0.39,0.4,0.39,0.4,5279,0,0.0,0.17522605,0.12577005,0.15212028,0.1655349731445312,0.12200819,0.4056203826482289,-0.011494601250236824,0.011494601250236824,95.99203385611152
2016-09-04,612,0.38805834438340603,0.39,0.0041335452381717945,0.38,0.4,0.38,0.39,5279,0,0.0,0.32566434,0.29154536,0.2942542,0.165658950805664,0.1451175,0.3941257813979921,-0.0060674370145860634,0.0060674370145860634,71.96913119243217
2016-09-05,613,0.3882477741996591,0.39,0.004558389914309879,0.38,0.4,0.38,0.39,5279,0,0.0,0.14165333,0.051713936,0.11301132,0.2397594451904297,0.13187632,0.38805834438340603,0.00018942981625308386,0.00018942981625308386,4.057754543191437
2016-09-06,614,0.38442886910399693,0.38,0.005778198771872808,0.38,0.4,0.38,0.39,5279,0,0.0,0.30896094,0.2687309,0.27428657,0.2169551849365234,0.15244913,0.3882477741996591,-0.003818905095662184,0.003818905095662184,51.680358476474986
2016-09-07,615,0.37993559386247394,0.38,0.005105036196333243,0.37,0.39,0.37,0.39,5279,0,0.0,0.23832503,0.17766419,0.19255555,0.0907268524169921,0.15885341,0.38442886910399693,-0.004493275241522987,0.004493275241522987,58.70052277819268
2016-09-08,616,0.38199469596514485,0.38,0.003996016473700248,0.38,0.39,0.38,0.39,5279,0,0.0,0.3828502,0.3489233,0.34906244,0.1711025238037109,0.15756501,0.37993559386247394,0.0020591021026709067,0.0020591021026709067,31.292008961911876
2016-09-09,617,0.39265770032203073,0.39,0.0044174237082925255,0.39,0.4,0.39,0.4,5279,0,0.0,0.36476955,0.32609504,0.33301288,0.0231361389160156,0.16345894,0.38199469596514485,0.010663004356885886,0.010663004356885886,94.57306447597709
2016-09-10,618,0.40328850161015345,0.4,0.004701984604909217,0.39,0.41000000000000003,0.4,0.41000000000000003,5279,0,0.3290395908315969,0.27133253,0.13515869,0.24003272,0.1906700134277343,0.23527314,0.39265770032203073,0.010630801288122715,0.010630801288122715,94.42369927806821
2016-09-11,619,0.4073820799393826,0.41000000000000003,0.004396099994585166,0.4,0.41000000000000003,0.4,0.41000000000000003,5279,0,0.7382079939382459,0.33289766,-0.26897636,0.27187386,0.4041900634765625,0.19614452,0.40328850161015345,0.0040935783292291306,0.0040935783292291306,54.94149863081902
2016-09-12,620,0.4099772684220496,0.41000000000000003,0.00047623424369482346,0.4,0.41000000000000003,0.41000000000000003,0.41000000000000003,5279,0,0.9977268422049631,0.30705926,-0.16886397,0.2182059,0.100107192993164,0.25645745,0.4073820799393826,0.0025951884826670435,0.0025951884826670435,37.93876026885736
2016-09-13,621,0.4043549914756583,0.4,0.004958221859046501,0.4,0.41000000000000003,0.4,0.41000000000000003,5279,0,0.43549914756582686,0.4438781,-0.3476599,0.36131123,0.1786994934082031,0.27597153,0.4099772684220496,-0.005622276946391336,0.005622276946391336,68.45904904157332
2016-09-14,622,0.3954214813411632,0.4,0.005306252749832558,0.39,0.41000000000000003,0.39,0.4,5279,0,0.016669823830270884,0.6611224,-0.5485031,0.55566794,0.2008895874023437,0.36909094,0.4043549914756583,-0.008933510134495115,0.008933510134495115,89.49464774707494
2016-09-15,623,0.38728547073309344,0.39,0.004850498313574035,0.38,0.4,0.38,0.39,5279,0,0.0,0.2258874,-0.04390594,0.18470761,0.5044994354248047,0.22157946,0.3954214813411632,-0.008136010608069733,0.008136010608069733,85.1630570077172
2016-09-16,624,0.38173517711687815,0.38,0.0037869422416831585,0.38,0.39,0.38,0.39,5279,0,0.0,0.14929326,0.065564476,0.12308819,0.1094837188720703,0.13412574,0.38728547073309344,-0.005550293616215285,0.005550293616215285,67.8117998506348
2016-09-17,625,0.3801420723621898,0.38,0.0033485823190880894,0.37,0.39,0.38,0.39,5279,0,0.0,0.171615,-0.09553141,0.13713871,0.161081314086914,0.14256747,0.38173517711687815,-0.0015931047546883792,0.0015931047546883792,25.21782424695046
2016-09-18,626,0.3815646902822504,0.38,0.003632994239347946,0.38,0.39,0.38,0.39,5279,0,0.0,0.21839471,-0.17372762,0.18666388,0.0781326293945312,0.13234466,0.3801420723621898,0.0014226179200605982,0.0014226179200605982,22.97734627831715
2016-09-19,627,0.3895624171244555,0.39,0.003322906759275329,0.38,0.4,0.38,0.39,5279,0,0.0,0.21990839,-0.120556965,0.1906301,0.0532073974609375,0.18391784,0.3815646902822504,0.007997726842205122,0.007997726842205122,84.46601941747572
2016-09-20,628,0.38565637431331684,0.39,0.005689787446859912,0.37,0.4,0.38,0.39,5279,0,0.0,0.31445688,-0.2280491,0.27734128,0.1076164245605468,0.21651079,0.3895624171244555,-0.0039060428111386547,0.0039060428111386547,52.70102066218571
2016-09-21,629,0.3839098314074635,0.38,0.0049910144634247415,0.38,0.4,0.38,0.39,5279,0,0.0,0.41481304,-0.31829956,0.36515105,0.0901832580566406,0.26599807,0.38565637431331684,-0.0017465429058533544,0.0017465429058533544,26.960418222554143
2016-09-22,630,0.39208562227694643,0.39,0.0040628072175983064,0.39,0.4,0.39,0.4,5279,0,0.0,0.41619107,-0.3098359,0.34921378,0.008432388305664,0.277879,0.3839098314074635,0.008175790869482946,0.008175790869482946,85.41199900423202
2016-09-23,631,0.400617541200985,0.4,0.0024070843098936774,0.4,0.41000000000000003,0.4,0.41000000000000003,5279,0,0.06175412009850351,0.32019544,-0.15389426,0.24259146,0.1559600830078125,0.2807877,0.39208562227694643,0.00853191892403854,0.00853191892403854,87.22927557879015
2016-09-24,632,0.4048456146997538,0.4,0.004997615949537131,0.4,0.41000000000000003,0.4,0.41000000000000003,5279,0,0.48456146997537414,0.3902441,-0.2919976,0.29925916,0.138153076171875,0.2588968,0.400617541200985,0.004228073498768803,0.004228073498768803,56.484939009210855
2016-09-25,633,0.4072229588937299,0.41000000000000003,0.004478666515469453,0.4,0.41000000000000003,0.4,0.41000000000000003,5279,0,0.7222958893729873,0.19454482,-0.011116707,0.16324456,0.2808151245117187,0.19422704,0.4048456146997538,0.0023773441939761164,0.0023773441939761164,35.25018670649739
2016-09-26,634,0.4003769653343436,0.4,0.0019046129475931485,0.4,0.41000000000000003,0.4,0.4,5279,0,0.03769653343436257,0.4155637,0.3752679,0.3752679,0.3865165710449219,0.1785139,0.4072229588937299,-0.00684599355938631,0.00684599355938631,78.01842170774209
2016-09-27,635,0.38781587421860203,0.39,0.0046980633812342115,0.38,0.4,0.38,0.39,5279,0,0.0,0.23593122,-0.08855782,0.19764361,0.4639053344726562,0.2186805,0.4003769653343436,-0.012561091115741552,0.012561091115741552,97.28653223798854
2016-09-28,636,0.38022163288501604,0.38,0.003874345009985454,0.37,0.39,0.37,0.39,5279,0,0.0,0.29482305,-0.22677684,0.25174832,0.1381759643554687,0.18839535,0.38781587421860203,-0.007594241333585994,0.007594241333585994,82.17575304953945
2016-09-29,637,0.38108543284713015,0.38,0.0034567791078848682,0.37,0.4,0.38,0.39,5279,0,0.0,0.18139572,-0.08624611,0.14907849,0.140472412109375,0.1595809,0.38022163288501604,0.000863799962114109,0.000863799962114109,14.139905402041325
2016-09-30,638,0.38941276756961546,0.39,0.00411014249774078,0.38,0.4,0.38,0.4,5279,0,0.0,0.1898923,-0.028175345,0.16196194,0.0581588745117187,0.18779042,0.38108543284713015,0.008327334722485313,0.008327334722485313,86.25840179238237
2016-10-01,639,0.38796362947527946,0.39,0.0043438367557722775,0.38,0.4,0.38,0.39,5279,0,0.0,0.4032458,-0.33935812,0.3426842,0.3112087249755859,0.21781518,0.38941276756961546,-0.001449138094336,0.001449138094336,23.32586507343789
2016-10-02,640,0.3874199659026331,0.39,0.004427007633729663,0.38,0.4,0.38,0.39,5279,0,0.0,0.5010257,-0.45398286,0.4550297,0.1145839691162109,0.21196039,0.38796362947527946,-0.0005436635726463468,0.0005436635726463468,9.335324869305452
2016-10-03,641,0.3835177116878197,0.38,0.004775229979757374,0.38,0.39,0.38,0.39,5279,0,0.0,0.5011034,-0.47765356,0.478013,0.0237007141113281,0.15149689,0.3874199659026331,-0.0039022542148134387,0.0039022542148134387,52.60144386357979
2016-10-04,642,0.380032203068763,0.38,0.0033627255303802354,0.37,0.39,0.37,0.39,5279,0,0.0,0.38306832,-0.35484976,0.35484976,0.1228904724121093,0.14430237,0.3835177116878197,-0.0034855086190566653,0.0034855086190566653,48.36942992282798
2016-10-05,643,0.3781776851676454,0.38,0.004570371885188756,0.37,0.39,0.37,0.38,5279,0,0.0,0.33949915,-0.311291,0.31168073,0.0433921813964843,0.13549075,0.380032203068763,-0.001854517901117625,0.001854517901117625,28.30470500373413
2016-10-06,644,0.3791153627580981,0.38,0.004007209454862439,0.37,0.39,0.37,0.38,5279,0,0.0,0.32630658,-0.3031008,0.30465257,0.0082206726074218,0.12085539,0.3781776851676454,0.0009376775904527124,0.0009376775904527124,15.384615384615385
2016-10-07,645,0.3809016859253646,0.38,0.002864231440656608,0.38,0.39,0.38,0.39,5279,0,0.0,0.36540374,-0.33130765,0.33148253,0.028116226196289,0.15412839,0.3791153627580981,0.0017863231672665125,0.0017863231672665125,27.483196415235252
2016-10-08,646,0.3889107785565449,0.39,0.005042666539706439,0.38,0.4,0.38,0.4,5279,0,0.0,0.26299667,-0.12731646,0.2136073,0.203927993774414,0.23012526,0.3809016859253646,0.00800909263118027,0.00800909263118027,84.59049041573313
2016-10-09,647,0.3837848077287365,0.38,0.005411282117756854,0.38,0.4,0.38,0.39,5279,0,0.0,0.38291034,-0.34591267,0.34823757,0.2186126708984375,0.16420813,0.3889107785565449,-0.005125970827808357,0.005125970827808357,64.3764002987304
2016-10-10,648,0.3823394582307255,0.38,0.004233381331033838,0.38,0.39,0.38,0.39,5279,0,0.0,0.49328434,-0.45730925,0.45823133,0.1114215850830078,0.18492542,0.3837848077287365,-0.001445349498011006,0.001445349498011006,23.300970873786408
2016-10-11,649,0.39074445917787465,0.39,0.0042504977908659,0.38,0.4,0.38,0.4,5279,0,0.0,0.43817413,-0.37063253,0.39492124,0.0867996215820312,0.23372859,0.3823394582307255,0.008405000947149133,0.008405000947149133,86.65670898680608
2016-10-12,650,0.3925705626065543,0.39,0.00509834083432441,0.38,0.4,0.39,0.4,5279,0,0.0,0.35091344,-0.27050278,0.32752645,0.1001033782958984,0.22353491,0.39074445917787465,0.0018261034286796707,0.0018261034286796707,28.005974607916357
2016-10-13,651,0.3831426406516386,0.38,0.005858138430125386,0.37,0.4,0.37,0.39,5279,0,0.0,0.27556625,-0.22984818,0.23734124,0.0407085418701171,0.15200925,0.3925705626065543,-0.009427921954915708,0.009427921954915708,91.08787652476973
2016-10-14,652,0.37802424701648035,0.38,0.00542026003654615,0.37,0.39,0.37,0.39,5279,0,0.0,0.14698155,-0.06196292,0.116395116,0.1678619384765625,0.13328235,0.3831426406516386,-0.005118393635158258,0.005118393635158258,64.27682350012446
2016-10-15,653,0.3773100966092062,0.38,0.005583975867096922,0.37,0.39,0.37,0.39,5279,0,0.0,0.18491739,0.0011486766,0.14156112,0.06317138671875,0.18491384,0.37802424701648035,-0.0007141504072741278,0.0007141504072741278,11.974110032362459
2016-10-16,654,0.3828793332070468,0.38,0.004527998713920486,0.38,0.39,0.38,0.39,5279,0,0.0,0.32310042,-0.25577486,0.27162144,0.2571315765380859,0.19741598,0.3773100966092062,0.005569236597840588,0.005569236597840588,67.98605924819518
2016-10-17,655,0.3905834438340595,0.39,0.002343935074419254,0.39,0.4,0.39,0.4,5279,0,0.0,0.24828406,-0.15684173,0.19139835,0.0990066528320312,0.1924726,0.3828793332070468,0.007704110627012706,0.007704110627012706,82.79810804082649
2016-10-18,656,0.38740102292100775,0.39,0.00534369122353143,0.38,0.4,0.38,0.39,5279,0,0.0,0.28570667,-0.21355689,0.2567069,0.0567779541015625,0.18979438,0.3905834438340595,-0.0031824209130517644,0.0031824209130517644,45.15807816778691
2016-10-19,657,0.38416745595756774,0.38,0.005937669054169195,0.38,0.4,0.38,0.4,5279,0,0.0,0.2730043,-0.07001472,0.21541953,0.1436004638671875,0.2638737,0.38740102292100775,-0.0032335669634400155,0.0032335669634400155,45.8302215583769
2016-10-20,658,0.38401970070089037,0.38,0.005133230663281426,0.38,0.4,0.38,0.39,5279,0,0.0,0.17871997,-0.08077752,0.1401941,0.0107421875,0.15942344,0.38416745595756774,-0.00014775525667737321,0.00014775525667737321,3.51008215085885
2016-10-21,659,0.379971585527562,0.38,0.004275414586467394,0.37,0.39,0.37,0.39,5279,0,0.0,0.18018527,-0.020728758,0.14219227,0.0600090026855468,0.17898908,0.38401970070089037,-0.0040481151733283705,0.0040481151733283705,54.46850883744088
2016-10-22,660,0.380431899981057,0.38,0.00312689474419509,0.37,0.39,0.38,0.39,5279,0,0.0,0.18044253,-0.10558127,0.14949045,0.0848388671875,0.146329,0.379971585527562,0.000460314453494981,0.000460314453494981,8.289768483943242
2016-10-23,661,0.37926122371661297,0.38,0.004525584957460925,0.37,0.39,0.37,0.39,5279,0,0.0,0.20545737,-0.16543698,0.18530764,0.0599822998046875,0.121833496,0.380431899981057,-0.0011706762644440039,0.0011706762644440039,19.21832213094349
2016-10-24,662,0.3818242091305171,0.38,0.003920329566798783,0.38,0.4,0.38,0.39,5279,0,0.0,0.1267858,-0.021058831,0.10324792,0.1445350646972656,0.12502468,0.37926122371661297,0.002562985413904151,0.002562985413904151,37.46577047547922
2016-10-25,663,0.3830517143398371,0.38,0.004702493604931153,0.38,0.4,0.38,0.39,5279,0,0.0,0.12720071,0.07414366,0.102783516,0.0952816009521484,0.10335734,0.3818242091305171,0.0012275052093199679,0.0012275052093199679,20.139407518048294
2016-10-26,664,0.39641409357832924,0.4,0.004846943044227577,0.39,0.41000000000000003,0.39,0.4,5279,0,0.002462587611290017,0.19375776,0.10094071,0.12578566,0.0266571044921875,0.16538736,0.3830517143398371,0.01336237923849215,0.01336237923849215,98.03335822753299
2016-10-27,665,0.39508240197007016,0.39,0.00567709687218707,0.39,0.41000000000000003,0.39,0.4,5279,0,0.03618109490433794,0.19710979,-0.05556422,0.15817475,0.1564044952392578,0.18911602,0.39641409357832924,-0.001331691608259078,0.001331691608259078,21.757530495394573
2016-10-28,666,0.4014036749384354,0.4,0.0037160732448500086,0.39,0.41000000000000003,0.4,0.41000000000000003,5279,0,0.14908126539117256,0.16334078,-0.066453226,0.13270766,0.0109462738037109,0.14921175,0.39508240197007016,0.00632127296836521,0.00632127296836521,74.13492656211102
2016-10-29,667,0.4027221064595568,0.4,0.004450977535149653,0.4,0.41000000000000003,0.4,0.41000000000000003,5279,0,0.2722106459556734,0.19200367,0.064031065,0.15580416,0.1305503845214843,0.18101239,0.4014036749384354,0.0013184315211214326,0.0013184315211214326,21.50858849887976
2016-10-30,668,0.3988160636484183,0.4,0.008699269334190142,0.39,0.41000000000000003,0.39,0.41000000000000003,5279,0,0.3261981435878007,0.19982272,0.108119585,0.17833434,0.0440292358398437,0.16804555,0.4027221064595568,-0.003906042811138488,0.003906042811138488,52.676126462534235
2016-10-31,669,0.3966792953210836,0.39,0.010370006867318081,0.38,0.41000000000000003,0.38,0.41000000000000003,5279,0,0.3093388899412768,0.7577499,0.688026,0.6882505,0.5799331665039062,0.3174986,0.3988160636484183,-0.002136768327334726,0.002136768327334726,32.26288274831964
2016-11-01,670,0.3995775715097557,0.4,0.00838952684749871,0.39,0.41000000000000003,0.39,0.41000000000000003,5279,0,0.33169160825914,0.45384964,0.29411957,0.36407846,0.3939418792724609,0.3456492,0.3966792953210836,0.002898276188672111,0.002898276188672111,41.49863081901917
2016-11-02,671,0.40072362189808675,0.4,0.002590866713954409,0.4,0.41000000000000003,0.4,0.41000000000000003,5279,0,0.07236218980867588,0.30238163,0.22981137,0.26952767,0.064340591430664,0.19652358,0.3995775715097557,0.0011460503883310436,0.0011460503883310436,18.64575553895942
2016-11-03,672,0.3918658836900929,0.39,0.004010807658563124,0.38,0.41000000000000003,0.39,0.4,5279,0,0.0005682894487592347,0.30613324,0.15743789,0.26974404,0.0723533630371093,0.26254678,0.40072362189808675,-0.008857738207993848,0.008857738207993848,89.12123475230271
2016-11-04,673,0.38716044705436636,0.39,0.006673949283776676,0.38,0.4,0.38,0.4,5279,0,0.0,0.3432779,0.30629116,0.3063569,0.1489105224609375,0.15500043,0.3918658836900929,-0.004705436635726534,0.004705436635726534,60.44311675379637
2016-11-05,674,0.3843815116499337,0.38,0.00647251662053587,0.38,0.4,0.38,0.4,5279,0,0.0,0.38785022,0.3424926,0.3424926,0.0361995697021484,0.18200676,0.38716044705436636,-0.0027789354044326364,0.0027789354044326364,39.930296240975856
2016-11-06,675,0.38557870808865313,0.38,0.007095898817771074,0.38,0.41000000000000003,0.38,0.4,5279,0,0.004735745406326956,0.3237105,0.24936178,0.25179514,0.0931835174560546,0.20641531,0.3843815116499337,0.0011971964387194056,0.0011971964387194056,19.566840926064227
2016-11-07,676,0.3872267474900549,0.39,0.005688104576393105,0.38,0.4,0.38,0.4,5279,0,0.0,0.28990448,0.23105283,0.2369986,0.0182418823242187,0.17509827,0.38557870808865313,0.0016480394014017907,0.0016480394014017907,25.865073437888974
2016-11-08,677,0.3912521310854329,0.39,0.0055910960375897024,0.38,0.41000000000000003,0.38,0.4,5279,0,0.0007577192650123129,0.39809835,0.34858122,0.3531727,0.1175403594970703,0.19228396,0.3872267474900549,0.004025383595377963,0.004025383595377963,54.24446104057754
2016-11-09,678,0.39364462966470926,0.39,0.0048127924590837924,0.39,0.4,0.39,0.4,5279,0,0.0,0.31876037,0.24660668,0.2630493,0.1020450592041015,0.20197307,0.3912521310854329,0.0023924985792763698,0.0023924985792763698,35.499128703012204
2016-11-10,679,0.39425269937488167,0.39,0.004985808597555113,0.38,0.4,0.39,0.4,5279,0,0.0,0.35007805,0.26254478,0.28380764,0.0159454345703125,0.2315706,0.39364462966470926,0.0006080697101724097,0.0006080697101724097,10.3310928553647
2016-11-11,680,0.3954461072172761,0.4,0.004980059071004511,0.39,0.4,0.39,0.4,5279,0,0.0,0.29436406,0.2646176,0.26464808,0.0021018981933593,0.12894836,0.39425269937488167,0.0011934078423944117,0.0011934078423944117,19.541946726412746
2016-11-12,681,0.38901117635915894,0.39,0.004184564239393904,0.38,0.4,0.38,0.39,5279,0,0.0,0.23013037,0.20381288,0.20478953,0.0608501434326171,0.106864706,0.3954461072172761,-0.006434930858117138,0.006434930858117138,75.00622354991286
2016-11-13,682,0.38164235650691414,0.38,0.0037048927343903675,0.38,0.39,0.38,0.39,5279,0,0.0,0.35777736,0.32322037,0.32341954,0.1194133758544921,0.15340592,0.38901117635915894,-0.007368819852244801,0.007368819852244801,81.13019666417725
2016-11-14,683,0.3755502936162152,0.38,0.0056139692126928945,0.37,0.39,0.37,0.38,5279,0,0.0,0.37762177,0.35956255,0.35956255,0.0363693237304687,0.115383476,0.38164235650691414,-0.006092062890698913,0.006092062890698913,72.06870799103808
2016-11-15,684,0.3815609016859253,0.38,0.003629408048997663,0.38,0.39,0.38,0.39,5279,0,0.0,0.44178534,0.40649775,0.40649775,0.0469036102294921,0.17301522,0.3755502936162152,0.006010608069710099,0.006010608069710099,71.44635299975106
2016-11-16,685,0.3912843341541959,0.39,0.0036072639989823668,0.38,0.4,0.39,0.4,5279,0,0.0,0.47609255,0.46025878,0.46025878,0.053812026977539,0.121761486,0.3815609016859253,0.009723432468270565,0.009723432468270565,91.85959671396564
2016-11-17,686,0.3869198711877249,0.39,0.007105370245491627,0.38,0.4,0.38,0.4,5279,0,0.0,0.3574344,0.3359024,0.33638775,0.1244125366210937,0.122183636,0.3912843341541959,-0.004364462966470972,0.004364462966470972,57.530495394573066
2016-11-18,687,0.38302708846372413,0.38,0.005604694645937219,0.37,0.4,0.38,0.39,5279,0,0.0,0.25359675,0.21381377,0.22015588,0.1220531463623046,0.13636328,0.3869198711877249,-0.0038927827240007873,0.0038927827240007873,52.52676126462534
2016-11-19,688,0.3836749384353097,0.38,0.005517476313261124,0.38,0.4,0.38,0.39,5279,0,0.0,0.14054947,0.03773721,0.10007017,0.1762256622314453,0.13538852,0.38302708846372413,0.0006478499715855679,0.0006478499715855679,10.903659447348769
2016-11-20,689,0.38527372608448573,0.39,0.004992501780738007,0.38,0.39,0.38,0.39,5279,0,0.0,0.16993795,0.047496673,0.12486267,0.0099296569824218,0.16316546,0.3836749384353097,0.0015987876491760367,0.0015987876491760367,25.317401045556387
2016-11-21,690,0.38615457473006254,0.39,0.004907514930029036,0.38,0.4,0.38,0.39,5279,0,0.0,0.23622113,0.20056573,0.20479174,0.1529903411865234,0.12479502,0.38527372608448573,0.0008808486455768039,0.0008808486455768039,14.488424197162061
2016-11-22,691,0.3847603712824399,0.38,0.005154772012174447,0.37,0.39,0.38,0.39,5279,0,0.0,0.32695258,0.30978775,0.30978775,0.1092453002929687,0.10454461,0.38615457473006254,-0.001394203447622644,0.001394203447622644,22.67861588249938
2016-11-23,692,0.38222958893729875,0.38,0.004545193869321377,0.37,0.4,0.38,0.39,5279,0,0.0,0.28501007,0.2648108,0.2648108,0.0449428558349609,0.10538577,0.3847603712824399,-0.002530782345141147,0.002530782345141147,37.16704007966144
2016-11-24,693,0.3860825913998864,0.39,0.0056712351190924565,0.38,0.4,0.38,0.39,5279,0,0.0,0.26624155,0.23083018,0.2324833,0.0339832305908203,0.13267177,0.38222958893729875,0.003853002462587629,0.003853002462587629,52.00398307194424
2016-11-25,694,0.3935612805455579,0.39,0.0047924912409581305,0.39,0.41000000000000003,0.39,0.4,5279,0,0.00018942981625307822,0.45534304,0.4380368,0.4380368,0.2069988250732422,0.12434279,0.3860825913998864,0.007478689145671513,0.007478689145671513,81.70276325616132
2016-11-26,695,0.3979806781587421,0.4,0.004028550062212107,0.39,0.41000000000000003,0.39,0.4,5279,0,0.0005682894487592347,0.40336552,0.38225526,0.38225526,0.0556144714355468,0.12878236,0.3935612805455579,0.004419397613184217,0.004419397613184217,58.02837938760269
2016-11-27,696,0.38197954157984465,0.38,0.003994070963141994,0.38,0.4,0.38,0.39,5279,0,0.0,0.12781513,0.00023936882,0.10256582,0.3820323944091797,0.12781501,0.3979806781587421,-0.016001136578897457,0.016001136578897457,99.4772218073189
2016-11-28,697,0.3740234892972154,0.37,0.005473265671830958,0.37,0.39,0.37,0.38,5279,0,0.0,0.23808835,-0.18048508,0.21211232,0.1806583404541015,0.15527725,0.38197954157984465,-0.007956052282629245,0.007956052282629245,84.26686582026389
2016-11-29,698,0.37738207993938244,0.38,0.005849348572267143,0.37,0.39,0.37,0.39,5279,0,0.0,0.1915888,-0.049179155,0.15713197,0.1312751770019531,0.18516925,0.3740234892972154,0.0033585906421670364,0.0033585906421670364,47.05003734129948
2016-11-30,699,0.3831331691608259,0.38,0.004638420271806837,0.38,0.39,0.38,0.39,5279,0,0.0,0.14797686,0.07859242,0.11831092,0.1277408599853515,0.125381,0.37738207993938244,0.005751089221443462,0.005751089221443462,69.25566343042071
2016-12-01,700,0.3813392688009092,0.38,0.0036526430700976028,0.37,0.39,0.38,0.39,5279,0,0.0,0.14825496,0.09325144,0.11462055,0.0146999359130859,0.11525492,0.3831331691608259,-0.0017939003599167225,0.0017939003599167225,27.607667413492653
2016-12-02,701,0.37886720969880655,0.38,0.005665184882889048,0.37,0.39,0.37,0.39,5279,0,0.0,0.11747193,0.051094104,0.088299416,0.0422477722167968,0.105778396,0.3813392688009092,-0.0024720591021026306,0.0024720591021026306,36.445108289768484
2016-12-03,702,0.3820894108732714,0.38,0.005974844628957404,0.37,0.4,0.37,0.39,5279,0,0.0,0.11767736,-0.05941872,0.09584467,0.1101818084716796,0.101574555,0.37886720969880655,0.003222201174464867,0.003222201174464867,45.70575056011949
2016-12-04,703,0.38928963818905093,0.39,0.004106835795104608,0.38,0.4,0.38,0.4,5279,0,0.0,0.13209546,-0.027352106,0.104935825,0.031778335571289,0.12923275,0.3820894108732714,0.007200227315779517,0.007200227315779517,80.30868807567838
2016-12-05,704,0.3890509566205721,0.39,0.0036034042508875804,0.38,0.4,0.38,0.39,5279,0,0.0,0.29527408,0.15826578,0.23784532,0.1856441497802734,0.2492763,0.38928963818905093,-0.00023868156847883792,0.00023868156847883792,4.7050037341299475
2016-12-06,705,0.3863781019132412,0.39,0.005643801256920142,0.38,0.4,0.38,0.39,5279,0,0.0,0.35383558,0.27199078,0.30768237,0.1137580871582031,0.22631998,0.3890509566205721,-0.0026728547073309183,0.0026728547073309183,38.710480458053276
2016-12-07,706,0.3811157416177306,0.38,0.006869666997633583,0.37,0.4,0.37,0.39,5279,0,0.0,0.26569697,0.20182551,0.22178186,0.0701770782470703,0.17280379,0.3863781019132412,-0.005262360295510582,0.005262360295510582,65.67089868060741
2016-12-08,707,0.3848304603144535,0.39,0.006402891436689777,0.37,0.4,0.37,0.39,5279,0,0.0,0.20300838,0.16199401,0.1685198,0.0398292541503906,0.122353435,0.3811157416177306,0.0037147186967229073,0.0037147186967229073,50.65969629076426
2016-12-09,708,0.39104565258571705,0.39,0.0038049627548750625,0.38,0.4,0.39,0.4,5279,0,0.0,0.29595047,0.28205544,0.28205544,0.1199207305908203,0.08961816,0.3848304603144535,0.006215192271263548,0.006215192271263548,73.36320637291512
2016-12-10,709,0.4013714718696723,0.4,0.00724206712286489,0.39,0.41000000000000003,0.39,0.41000000000000003,5279,0,0.3402159499905285,0.48712063,0.46406096,0.46434307,0.182138442993164,0.14809981,0.39104565258571705,0.010325819283955262,0.010325819283955262,93.55240229026637
2016-12-11,710,0.4003106648986551,0.4,0.008860974047234946,0.38,0.41000000000000003,0.38,0.41000000000000003,5279,0,0.35442318620950936,0.5532674,0.50416046,0.5048687,0.0400753021240234,0.22787383,0.4013714718696723,-0.0010608069710172363,0.0010608069710172363,17.32636295743092
2016-12-12,711,0.40094146618677773,0.4,0.006426481268837143,0.39,0.41000000000000003,0.39,0.41000000000000003,5279,0,0.25800340973669256,0.35198447,0.318269,0.32508433,0.1857986450195312,0.15032548,0.4003106648986551,0.000630801288122651,0.000630801288122651,10.604929051530993
2016-12-13,712,0.3983557491949233,0.4,0.004483724920964177,0.39,0.41000000000000003,0.39,0.4,5279,0,0.031824209130517145,0.36807442,0.080586985,0.31399912,0.2377948760986328,0.35914382,0.40094146618677773,-0.0025857169918544476,0.0025857169918544476,37.81428927059995
2016-12-14,713,0.3866792953210836,0.39,0.006359323982262874,0.38,0.4,0.38,0.4,5279,0,0.0,0.354339,0.22419186,0.27912998,0.143655776977539,0.27439713,0.3983557491949233,-0.011676453873839698,0.011676453873839698,96.24097585262635
2016-12-15,714,0.38079939382458794,0.38,0.005920265779109126,0.37,0.4,0.37,0.39,5279,0,0.0,0.22042036,0.1334967,0.16626959,0.0907096862792968,0.17539595,0.3866792953210836,-0.005879901496495643,0.005879901496495643,70.22653721682848
2016-12-16,715,0.37607311990907366,0.38,0.0061443113669251564,0.37,0.39,0.37,0.39,5279,0,0.0,0.11017333,-0.027054923,0.08733368,0.1605892181396484,0.10679958,0.38079939382458794,-0.0047262739155142786,0.0047262739155142786,60.66716455065969
2016-12-17,716,0.38116499336995635,0.38,0.0032082275710307536,0.38,0.39,0.38,0.39,5279,0,0.0,0.15151064,-0.1139931,0.13187967,0.0868949890136718,0.09980521,0.37607311990907366,0.00509187346088269,0.00509187346088269,64.02788150360966
2016-12-18,717,0.3844250805076719,0.38,0.005384093924506839,0.38,0.4,0.38,0.39,5279,0,0.0,0.12425182,-0.07870952,0.10563781,0.0351734161376953,0.096142426,0.38116499336995635,0.0032600871377155283,0.0032600871377155283,46.15384615384615
2016-12-19,718,0.38309338889941275,0.38,0.00494686598743771,0.38,0.4,0.38,0.39,5279,0,0.0,0.11415345,0.045955583,0.08812778,0.1247329711914062,0.10449451,0.3844250805076719,-0.0013316916082591335,0.0013316916082591335,21.782424695046053
2016-12-20,719,0.3825478310286039,0.38,0.00463135562735278,0.38,0.4,0.38,0.39,5279,0,0.0,0.12730119,0.03518234,0.0977005,0.0107059478759765,0.122343116,0.38309338889941275,-0.0005455578708088438,0.0005455578708088438,9.434901667911378
2016-12-21,720,0.3825705626065543,0.38,0.0049244618948075325,0.38,0.4,0.38,0.39,5279,0,0.0,0.15821153,0.09001832,0.12971397,0.0549545288085937,0.13010599,0.3825478310286039,2.273157795040781e-05,2.273157795040781e-05,1.2447099825740602
2016-12-22,721,0.38233377533623786,0.38,0.004370766164686294,0.37,0.39,0.38,0.39,5279,0,0.0,0.17055559,0.090883575,0.13589865,0.0006771087646484,0.14432386,0.3825705626065543,-0.00023678727031645197,0.00023678727031645197,4.680109534478467
2016-12-23,722,0.38007387762833866,0.38,0.004975240605268093,0.37,0.39,0.37,0.39,5279,0,0.0,0.23885566,0.21060608,0.21062464,0.1197433471679687,0.11268128,0.38233377533623786,-0.0022598977078991944,0.0022598977078991944,33.85611152601444
2016-12-24,723,0.3799886342110248,0.38,0.0048504694615545555,0.37,0.4,0.37,0.39,5279,0,0.0,0.14023447,0.0818827,0.106244855,0.1287441253662109,0.11384601,0.38007387762833866,-8.524341731386276e-05,8.524341731386276e-05,2.539208364451083
2016-12-25,724,0.3816461451032392,0.38,0.004577115942281881,0.37,0.4,0.38,0.39,5279,0,0.0,0.13679525,0.013162333,0.10269917,0.0685920715332031,0.13616045,0.3799886342110248,0.0016575108922143866,0.0016575108922143866,25.914861837191932
2016-12-26,725,0.38968554650502,0.39,0.004808868315115546,0.38,0.4,0.38,0.4,5279,0,0.0,0.16008377,0.047840893,0.123188324,0.0345592498779296,0.15276796,0.3816461451032392,0.008039401401780832,0.008039401401780832,84.66517301468758
2016-12-27,726,0.39238681568478895,0.39,0.005264839073883388,0.38,0.4,0.39,0.4,5279,0,0.0,0.1500085,0.027574958,0.12145443,0.0201454162597656,0.14745227,0.38968554650502,0.002701269179768928,0.002701269179768928,39.10878765247697
2016-12-28,727,0.3862189808675886,0.39,0.005033151287263541,0.38,0.4,0.38,0.39,5279,0,0.0,0.16754366,0.07184843,0.13307275,0.0441932678222656,0.15135604,0.39238681568478895,-0.006167834817200346,0.006167834817200346,72.96489917849142
2016-12-29,728,0.38174843720401586,0.38,0.003798333764135554,0.38,0.39,0.38,0.39,5279,0,0.0,0.17868206,0.106207356,0.13345045,0.0343227386474609,0.14369155,0.3862189808675886,-0.004470543663572746,0.004470543663572746,58.5511575802838
2016-12-30,729,0.3775847698427732,0.38,0.005479573660817986,0.37,0.39,0.37,0.39,5279,0,0.0,0.1474896,-0.042261943,0.121075444,0.1484527587890625,0.14130495,0.38174843720401586,-0.004163667361242629,0.004163667361242629,55.83768981827234
2016-12-31,730,0.3833907937109301,0.38,0.004998669885105416,0.38,0.4,0.38,0.39,5279,0,0.0,0.109755024,-0.016360633,0.08559306,0.0259628295898437,0.108528785,0.3775847698427732,0.005806023868156873,0.005806023868156873,69.67886482449589
2017-01-01,731,0.3861488918355749,0.38,0.007026146214964985,0.38,0.4,0.38,0.4,5279,0,0.0,0.23095672,0.21071993,0.21117084,0.22705078125,0.09454203,0.3833907937109301,0.002758098124644781,0.002758098124644781,39.706248444112525
2017-01-02,732,0.3914718696722864,0.39,0.0069863555035159005,0.38,0.41000000000000003,0.38,0.4,5279,0,0.025383595377912484,0.25626028,0.23437281,0.234952,0.0235671997070312,0.10362785,0.3861488918355749,0.00532297783671154,0.00532297783671154,66.36793627084889
2017-01-03,733,0.3911915135442319,0.39,0.008621674952903184,0.38,0.41000000000000003,0.38,0.41000000000000003,5279,0,0.07255161962492897,0.18494375,-0.050608587,0.15969431,0.2849311828613281,0.17788455,0.3914718696722864,-0.00028035612805454857,0.00028035612805454857,5.402041324371421
2017-01-04,734,0.38864936541011563,0.39,0.006681535761446454,0.38,0.41000000000000003,0.38,0.4,5279,0,0.004925175222580034,0.36306483,-0.3405859,0.3405878,0.2900123596191406,0.12576626,0.3911915135442319,-0.00254214813411624,0.00254214813411624,37.29151107791884
2017-01-05,735,0.3861716234135253,0.39,0.005354076175140888,0.38,0.4,0.38,0.39,5279,0,0.0,0.12029856,0.029189598,0.09811106,0.3698902130126953,0.11670345,0.38864936541011563,-0.0024777419965903436,0.0024777419965903436,36.51979088872292
2017-01-06,736,0.39074445917787454,0.39,0.004826488827164202,0.38,0.4,0.38,0.4,5279,0,0.0,0.31621724,0.29626498,0.29626498,0.2668895721435547,0.11054708,0.3861716234135253,0.004572835764349248,0.004572835764349248,59.17351257157082
2017-01-07,737,0.3989391930289828,0.4,0.004524343888686202,0.39,0.41000000000000003,0.39,0.41000000000000003,5279,0,0.05493464671339269,0.38561076,0.3703715,0.3703715,0.0742244720458984,0.107334785,0.39074445917787454,0.008194733851108249,0.008194733851108249,85.5613642021409
2017-01-08,738,0.40331691608259135,0.4,0.005252134925132694,0.39,0.41000000000000003,0.4,0.41000000000000003,5279,0,0.3587800719833302,0.20534569,0.1496381,0.15535322,0.22076416015625,0.14062485,0.3989391930289828,0.004377723053608562,0.004377723053608562,57.654966392830474
2017-01-09,739,0.40705436635726466,0.41000000000000003,0.004562616007663793,0.39,0.41000000000000003,0.4,0.41000000000000003,5279,0,0.7056260655427165,0.21896964,-0.15202203,0.19967765,0.3016433715820312,0.15759738,0.40331691608259135,0.003737450274673315,0.003737450274673315,50.88374408762758
2017-01-10,740,0.38559007387762834,0.39,0.006294185277137455,0.37,0.4,0.38,0.4,5279,0,0.0,0.4937078,0.4597395,0.46006545,0.6117191314697266,0.17996489,0.40705436635726466,-0.021464292479636327,0.021464292479636327,99.95021160069703
2017-01-11,741,0.3874540632695586,0.39,0.006911649986759399,0.38,0.4,0.38,0.4,5279,0,0.0,0.31147033,0.26147026,0.26672643,0.1981945037841797,0.16925406,0.38559007387762834,0.0018639893919302764,0.0018639893919302764,28.478964401294498
2017-01-12,742,0.38725516196249293,0.39,0.006407387300356425,0.38,0.4,0.38,0.4,5279,0,0.0,0.32471925,0.18320027,0.2453012,0.0782604217529296,0.26810512,0.3874540632695586,-0.00019890130706567977,0.00019890130706567977,4.082648742842918
2017-01-13,743,0.388889941276757,0.39,0.005357021616433748,0.38,0.4,0.38,0.4,5279,0,0.0,0.2985319,0.24409047,0.24691638,0.060791015625,0.17187546,0.38725516196249293,0.0016347793142640898,0.0016347793142640898,25.690814040328604
2017-01-14,744,0.3860238681568479,0.39,0.005302749282679757,0.38,0.4,0.38,0.39,5279,0,0.0,0.27223527,0.2312161,0.23498648,0.0128383636474609,0.14370584,0.388889941276757,-0.002866073119909107,0.002866073119909107,41.224794622852876
2017-01-15,745,0.3822276946391362,0.38,0.005508819687041651,0.37,0.4,0.37,0.39,5279,0,0.0,0.23566245,0.14928183,0.16779768,0.0818958282470703,0.18235046,0.3860238681568479,-0.0037961735177117206,0.0037961735177117206,51.45631067961165
2017-01-16,746,0.3844307634021595,0.38,0.005492670968392181,0.38,0.4,0.38,0.39,5279,0,0.0,0.16219635,0.116323285,0.13108063,0.0329055786132812,0.1130332,0.3822276946391362,0.002203068763023286,0.002203068763023286,33.3831217326363
2017-01-17,747,0.392608448569805,0.39,0.004390954538221929,0.39,0.4,0.39,0.4,5279,0,0.0,0.23383205,0.1274997,0.20176981,0.0110683441162109,0.19601336,0.3844307634021595,0.008177685167645499,0.008177685167645499,85.43689320388349
2017-01-18,748,0.394489486645198,0.39,0.004992875517256753,0.39,0.41000000000000003,0.39,0.4,5279,0,0.0009471490812653912,0.21512963,0.17604136,0.1885982,0.0486030578613281,0.1236533,0.392608448569805,0.0018810380753930267,0.0018810380753930267,28.678117998506348
2017-01-19,749,0.38845235840121234,0.39,0.0048554745689787186,0.38,0.4,0.38,0.4,5279,0,0.0,0.30228984,0.28695357,0.28695357,0.1108760833740234,0.09506305,0.394489486645198,-0.006037128243985668,0.006037128243985668,71.74508339556883
2017-01-20,750,0.38534570941466184,0.39,0.005272352811687739,0.38,0.4,0.38,0.39,5279,0,0.0,0.26601908,0.24209762,0.2421267,0.0448780059814453,0.11024954,0.38845235840121234,-0.0031066489865504976,0.0031066489865504976,44.36146377893951
2017-01-21,751,0.38146808107596136,0.38,0.004389675406294562,0.37,0.39,0.38,0.39,5279,0,0.0,0.18293841,0.14251857,0.15343484,0.0994930267333984,0.114694856,0.38534570941466184,-0.0038776283387004784,0.0038776283387004784,52.302713467762004
2017-01-22,752,0.38481530592915325,0.38,0.005030592586311242,0.38,0.4,0.38,0.39,5279,0,0.0,0.12975425,0.042953104,0.10546781,0.0995655059814453,0.12243837,0.38146808107596136,0.003347224853191888,0.003347224853191888,46.95046054269355
2017-01-23,753,0.3802083727978784,0.38,0.0046013824224301475,0.37,0.39,0.37,0.39,5279,0,0.0,0.18613127,0.13981746,0.14479947,0.0968856811523437,0.12286543,0.38481530592915325,-0.00460693313127486,0.00460693313127486,59.62160816529749
2017-01-24,754,0.37737071415040724,0.38,0.005639708357996954,0.37,0.39,0.37,0.39,5279,0,0.0,0.15847461,-0.085827135,0.13741821,0.2258033752441406,0.13322139,0.3802083727978784,-0.002837658647471153,0.002837658647471153,40.85138162808066
2017-01-25,755,0.3749346467133927,0.37,0.0060048672106141916,0.37,0.39,0.37,0.39,5279,0,0.0,0.1394222,-0.047816522,0.117451295,0.0381393432617187,0.13096622,0.37737071415040724,-0.002436067437014522,0.002436067437014522,35.99701269604182
2017-01-26,756,0.38107785565448,0.38,0.003692248073663374,0.37,0.39,0.38,0.39,5279,0,0.0,0.19960873,0.1770042,0.1770042,0.2248363494873047,0.09226662,0.3749346467133927,0.006143208941087275,0.006143208941087275,72.59148618371918
2017-01-27,757,0.38197954157984465,0.38,0.003984574121799315,0.38,0.39,0.38,0.39,5279,0,0.0,0.110021345,0.03727818,0.07720607,0.1397609710693359,0.103513576,0.38107785565448,0.0009016859253646592,0.0009016859253646592,14.787154592979837
2017-01-28,758,0.38300056828944873,0.38,0.005719181364433413,0.37,0.4,0.37,0.39,5279,0,0.0,0.19146769,-0.113343395,0.15854803,0.1506233215332031,0.15431477,0.38197954157984465,0.0010210267096040782,0.0010210267096040782,16.753796365446853
2017-01-29,759,0.38137147186967224,0.38,0.005381285998411421,0.37,0.4,0.37,0.39,5279,0,0.0,0.15498164,-0.025506835,0.12999025,0.0878829956054687,0.15286855,0.38300056828944873,-0.001629096419776488,0.001629096419776488,25.61613144137416
2017-01-30,760,0.380589126728547,0.38,0.003966802376927516,0.37,0.4,0.37,0.39,5279,0,0.0,0.33048207,-0.1938721,0.28111807,0.1683902740478515,0.2676421,0.38137147186967224,-0.0007823451411252402,0.0007823451411252402,13.01966641772467
2017-01-31,761,0.38184694070846753,0.38,0.0052606314132940075,0.37,0.39,0.37,0.39,5279,0,0.0,0.37688088,-0.34158316,0.34198186,0.1477565765380859,0.1592481,0.380589126728547,0.0012578139799205301,0.0012578139799205301,20.63729151107792
2017-02-01,762,0.38233945823072546,0.38,0.004335077236764069,0.37,0.39,0.38,0.39,5279,0,0.0,0.22134425,-0.14320149,0.17309155,0.1983966827392578,0.16877966,0.38184694070846753,0.0004925175222579292,0.0004925175222579292,8.812546676624347
2017-02-02,763,0.3821329797310096,0.38,0.004096363604124833,0.38,0.39,0.38,0.39,5279,0,0.0,0.16629761,0.1274806,0.13526785,0.270700454711914,0.10678767,0.38233945823072546,-0.0002064784997158342,0.0002064784997158342,4.182225541448843
2017-02-03,764,0.3767626444402349,0.38,0.006685838350886126,0.37,0.4,0.37,0.39,5279,0,0.0,0.14053114,0.017582161,0.114802144,0.1098899841308593,0.13942698,0.3821329797310096,-0.0053703352907747415,0.0053703352907747415,66.54219566840926
2017-02-04,765,0.37436067437014586,0.37,0.0059008874600925834,0.37,0.39,0.37,0.39,5279,0,0.0,0.17480743,-0.060754433,0.14049557,0.0783500671386718,0.16390996,0.3767626444402349,-0.002401970070089021,0.002401970070089021,35.64849390092108
2017-02-05,766,0.3805701837469217,0.38,0.0057573552110900044,0.37,0.4,0.37,0.39,5279,0,0.0,0.17704384,-0.08287516,0.14608382,0.0221900939941406,0.15644872,0.37436067437014586,0.006209509376775835,0.006209509376775835,73.33831217326363
2017-02-06,767,0.3831994695965145,0.38,0.004828189594392456,0.38,0.4,0.38,0.39,5279,0,0.0,0.14910133,-0.013458564,0.1274304,0.0694236755371093,0.14849275,0.3805701837469217,0.0026292858495928217,0.0026292858495928217,38.28727906397809
2017-02-07,768,0.381816631937867,0.38,0.004507964783478284,0.37,0.39,0.38,0.39,5279,0,0.0,0.18597871,0.054832034,0.1527153,0.0683784484863281,0.17771217,0.3831994695965145,-0.0013828376586474955,0.0013828376586474955,22.55414488424197
2017-02-08,769,0.375042621708657,0.37,0.005620528533470705,0.37,0.39,0.37,0.38,5279,0,0.0,0.1174568,-0.06254989,0.09798018,0.117441177368164,0.09941615,0.381816631937867,-0.006774010229210037,0.006774010229210037,77.37117251680358
2017-02-09,770,0.3730914946012503,0.37,0.004857250145373344,0.37,0.39,0.37,0.38,5279,0,0.0,0.08768833,-0.02833562,0.0701535,0.03424072265625,0.082983926,0.375042621708657,-0.0019511271074066916,0.0019511271074066916,29.59920338561115
2017-02-10,771,0.38051714339837084,0.38,0.003756366031037185,0.37,0.39,0.38,0.39,5279,0,0.0,0.13961682,0.121598944,0.12286365,0.1498966217041015,0.068604186,0.3730914946012503,0.007425648797120543,0.007425648797120543,81.37913866069206
2017-02-11,772,0.3860750142072362,0.39,0.005054622913780813,0.38,0.4,0.38,0.39,5279,0,0.0,0.08377793,0.04599209,0.06956174,0.0753040313720703,0.07002463,0.38051714339837084,0.005557870808865384,0.005557870808865384,67.91137664924072
2017-02-12,773,0.3872324303845425,0.39,0.005732329031042275,0.38,0.4,0.38,0.4,5279,0,0.0,0.39820856,0.38496563,0.38496563,0.3387451171875,0.10184081,0.3860750142072362,0.001157416177306303,0.001157416177306303,18.919591735125714
2017-02-13,774,0.38440045463155903,0.38,0.005310539134281836,0.38,0.4,0.38,0.39,5279,0,0.0,0.24697946,0.1634817,0.20779221,0.2215595245361328,0.18512821,0.3872324303845425,-0.0028319757529834955,0.0028319757529834955,40.702016430171774
2017-02-14,775,0.3795491570373177,0.38,0.005118911701590386,0.37,0.39,0.37,0.39,5279,0,0.0,0.21219364,0.07342396,0.15981509,0.0900783538818359,0.19908552,0.38440045463155903,-0.004851297594241355,0.004851297594241355,61.7127209360219
2017-02-15,776,0.3765770032203069,0.38,0.005827059442362651,0.37,0.39,0.37,0.39,5279,0,0.0,0.25858974,0.20756872,0.21668942,0.1343193054199218,0.15422069,0.3795491570373177,-0.0029721538170107697,0.0029721538170107697,42.469504605426934
2017-02-16,777,0.3794923280924417,0.38,0.0047566155023974835,0.37,0.39,0.37,0.39,5279,0,0.0,0.35880584,0.308485,0.3153123,0.1007976531982421,0.18324608,0.3765770032203069,0.0029153248721348057,0.0029153248721348057,41.69778441623102
2017-02-17,778,0.38434362568668307,0.38,0.005231895836249356,0.38,0.4,0.38,0.39,5279,0,0.0,0.20436808,-0.13207522,0.17652598,0.4405326843261719,0.15595631,0.3794923280924417,0.004851297594241355,0.004851297594241355,61.7127209360219
2017-02-18,779,0.3819662814927069,0.38,0.0041607680238788,0.38,0.4,0.38,0.39,5279,0,0.0,0.4271755,0.3976308,0.3976308,0.5296096801757812,0.15610455,0.38434362568668307,-0.002377344193976172,0.002377344193976172,35.275080906148865
2017-02-19,780,0.38719833301761697,0.39,0.0064828645473479045,0.38,0.4,0.38,0.4,5279,0,0.0,0.7455942,0.54434556,0.545154,0.1466274261474609,0.5095078,0.3819662814927069,0.005232051524910075,0.005232051524910075,65.4219566840926
2017-02-20,781,0.39333964766054186,0.39,0.005248548843627333,0.39,0.41000000000000003,0.39,0.4,5279,0,0.026520174275430953,0.67075706,0.42949593,0.44046926,0.1148490905761718,0.51521754,0.38719833301761697,0.006141314642924889,0.006141314642924889,72.56659198406771
2017-02-21,782,0.39367872703163476,0.39,0.004822264793960137,0.39,0.4,0.39,0.4,5279,0,0.0,0.3060409,0.27103966,0.27103966,0.1582775115966797,0.14212017,0.39333964766054186,0.00033907937109289854,0.00033907937109289854,6.422703510082151
2017-02-22,783,0.37855086190566395,0.38,0.0066551754885895405,0.37,0.39,0.37,0.39,5279,0,0.0,0.15226161,0.061805043,0.11943314,0.2093009948730468,0.13915345,0.39367872703163476,-0.015127865125970807,0.015127865125970807,99.12870301219816
2017-02-23,784,0.3737204015912105,0.37,0.005552131363052806,0.37,0.39,0.37,0.38,5279,0,0.0,0.32103366,0.22596967,0.2645913,0.1641426086425781,0.22803545,0.37855086190566395,-0.004830460314453444,0.004830460314453444,61.463778939507094
2017-02-24,785,0.3778234514112521,0.38,0.00519174773077041,0.37,0.39,0.37,0.38,5279,0,0.0,0.2298537,0.09810803,0.200462,0.1277637481689453,0.20786451,0.3737204015912105,0.0041030498200416154,0.0041030498200416154,55.11575802837939
2017-02-25,786,0.3786550483046031,0.38,0.004296521299391931,0.37,0.39,0.37,0.38,5279,0,0.0,0.15068471,0.13113528,0.13314313,0.0329971313476562,0.0742259,0.3778234514112521,0.0008315968933509943,0.0008315968933509943,13.691809808314662
2017-02-26,787,0.37862663383216516,0.38,0.005371994466389681,0.37,0.39,0.37,0.39,5279,0,0.0,0.2523307,0.24422607,0.24422607,0.1131439208984375,0.0634377,0.3786550483046031,-2.8414472437954252e-05,2.8414472437954252e-05,1.3940751804829474
2017-02-27,788,0.38225610911157415,0.38,0.004188894211950802,0.38,0.4,0.38,0.39,5279,0,0.0,0.13802387,-0.06971385,0.11776476,0.3140697479248047,0.11912406,0.37862663383216516,0.003629475279408989,0.003629475279408989,49.68882250435648
2017-02-28,789,0.3802936162151922,0.38,0.003770376724583844,0.37,0.39,0.37,0.39,5279,0,0.0,0.20605835,0.1220089,0.16344413,0.1918067932128906,0.16605377,0.38225610911157415,-0.001962492896381951,0.001962492896381951,29.823251182474486
2017-03-01,790,0.37634211024815306,0.38,0.005043214442554362,0.37,0.39,0.37,0.38,5279,0,0.0,0.24040928,0.20913126,0.21003729,0.0871143341064453,0.11857812,0.3802936162151922,-0.003951505967039137,0.003951505967039137,53.49763505103311
2017-03-02,791,0.3772968365220686,0.38,0.004995278262467161,0.37,0.39,0.37,0.38,5279,0,0.0,0.2639239,0.24839231,0.24839231,0.039316177368164,0.08920353,0.37634211024815306,0.0009547262739155182,0.0009547262739155182,15.733134179736123
2017-03-03,792,0.3772475847698428,0.38,0.006233254235503963,0.37,0.39,0.37,0.39,5279,0,0.0,0.3050165,0.29278785,0.29278785,0.044260025024414,0.08550153,0.3772968365220686,-4.9251752225754064e-05,4.9251752225754064e-05,1.7425939756036841
2017-03-04,793,0.37706004925175224,0.38,0.006574387673994458,0.37,0.39,0.37,0.39,5279,0,0.0,0.2807016,0.26276264,0.2639781,0.0300025939941406,0.09873765,0.3772475847698428,-0.00018753551809058688,0.00018753551809058688,3.9830719442369924
2017-03-05,794,0.3777931426406516,0.38,0.0057837213300337845,0.37,0.39,0.37,0.39,5279,0,0.0,0.24140517,0.20999777,0.2194238,0.0526657104492187,0.119068526,0.37706004925175224,0.0007330933888993751,0.0007330933888993751,12.223052028877271
2017-03-06,795,0.3843360484940329,0.38,0.005135921984780698,0.38,0.4,0.38,0.39,5279,0,0.0,0.22089937,0.19479802,0.19834791,0.0151557922363281,0.10416484,0.3777931426406516,0.006542905853381298,0.006542905853381298,75.60368434154842
2017-03-07,796,0.39144913809433607,0.39,0.007863368347531362,0.38,0.41000000000000003,0.38,0.4,5279,0,0.01629096419776473,0.3297052,0.2847721,0.28708878,0.0899333953857421,0.16616425,0.3843360484940329,0.007113089600303157,0.007113089600303157,79.91038088125467
2017-03-08,797,0.38626823261981436,0.39,0.006989345700883067,0.37,0.4,0.38,0.4,5279,0,0.0,0.35934684,0.33202222,0.33281553,0.0472164154052734,0.13744375,0.39144913809433607,-0.005180905474521713,0.005180905474521713,64.87428429176002
2017-03-09,798,0.38216897139609773,0.38,0.0062204448383126176,0.37,0.4,0.37,0.39,5279,0,0.0,0.23297782,0.15055194,0.17805003,0.181436538696289,0.17779993,0.38626823261981436,-0.0040992612237166215,0.0040992612237166215,55.04107542942494
2017-03-10,799,0.37898465618488353,0.38,0.00662012518203649,0.37,0.39,0.37,0.39,5279,0,0.0,0.2184074,0.15748452,0.17094539,0.0068836212158203,0.15132873,0.38216897139609773,-0.003184315211214206,0.003184315211214206,45.18297236743838
2017-03-11,800,0.3759045273726085,0.38,0.006232471260277931,0.37,0.39,0.37,0.39,5279,0,0.0,0.20524095,0.1584068,0.1639861,0.000864028930664,0.13050357,0.37898465618488353,-0.0030801288122750403,0.0030801288122750403,43.988050784167285
2017-03-12,801,0.3729778367114984,0.37,0.004962225310603775,0.37,0.39,0.37,0.38,5279,0,0.0,0.17937738,0.15532039,0.1558171,0.0029983520507812,0.089732625,0.3759045273726085,-0.002926690661110065,0.002926690661110065,41.89693801344287
2017-03-13,802,0.3730706573214624,0.37,0.00521419668749362,0.37,0.39,0.37,0.38,5279,0,0.0,0.13583335,0.051076915,0.110125184,0.1043529510498046,0.12586431,0.3729778367114984,9.282060996396169e-05,9.282060996396169e-05,2.5889967637540456
2017-03-14,803,0.38107027846182984,0.38,0.00494816715089381,0.37,0.4,0.37,0.39,5279,0,0.0,0.12677793,0.05236821,0.0958579,0.0013160705566406,0.1154565,0.3730706573214624,0.007999621140367452,0.007999621140367452,84.51580781677869
2017-03-15,804,0.3885432847130138,0.39,0.007317882451190411,0.38,0.4,0.38,0.4,5279,0,0.0,0.18380289,0.12080303,0.15044668,0.0684776306152343,0.13852823,0.38107027846182984,0.007473006251183967,0.007473006251183967,81.62808065720687
2017-03-16,805,0.39267474900549354,0.39,0.009107059809157722,0.38,0.41000000000000003,0.38,0.41000000000000003,5279,0,0.09338889941276757,0.23148045,0.106834784,0.19278112,0.0138969421386718,0.20535247,0.3885432847130138,0.004131464292479736,0.004131464292479736,55.588747821757536
2017-03-17,806,0.392523205152491,0.39,0.006623460049608458,0.38,0.41000000000000003,0.38,0.4,5279,0,0.015343815116499336,0.26242015,0.21259357,0.21347663,0.105682373046875,0.15384546,0.39267474900549354,-0.0001515438530025337,0.0001515438530025337,3.5847647498132935
2017-03-18,807,0.38714529266906617,0.39,0.005486030072484917,0.38,0.4,0.38,0.39,5279,0,0.0,0.4170911,0.37749064,0.37764016,0.164896011352539,0.17738523,0.392523205152491,-0.00537791248342484,0.00537791248342484,66.56708986806075
2017-03-19,808,0.37821935972722104,0.38,0.0057057675701248445,0.37,0.4,0.37,0.39,5279,0,0.0,0.4994735,0.4746977,0.4746977,0.0971832275390625,0.15535955,0.38714529266906617,-0.008925932941845127,0.008925932941845127,89.41996514812048
2017-03-20,809,0.37701648039401403,0.38,0.005815069589073415,0.37,0.39,0.37,0.39,5279,0,0.0,0.47997874,0.46990028,0.46990028,0.0048389434814453,0.09784579,0.37821935972722104,-0.0012028793332070076,0.0012028793332070076,19.691311924321635
2017-03-21,810,0.3744875923470355,0.37,0.006663351508381719,0.37,0.4,0.37,0.39,5279,0,0.0,0.43108568,0.42120403,0.42120403,0.0485649108886718,0.09177381,0.37701648039401403,-0.002528888046978539,0.002528888046978539,37.11725168035848
2017-03-22,811,0.37670013260087143,0.38,0.00669069168048585,0.37,0.39,0.37,0.39,5279,0,0.0,0.3610557,0.3491161,0.3491161,0.0722274780273437,0.09208099,0.3744875923470355,0.0022125402538359373,0.0022125402538359373,33.507592730893705
2017-03-23,812,0.3759499905285092,0.38,0.006446933151063125,0.37,0.39,0.37,0.39,5279,0,0.0,0.35577592,0.33781752,0.33781752,0.0111522674560546,0.111605674,0.37670013260087143,-0.0007501420723622365,0.0007501420723622365,12.62135922330097
2017-03-24,813,0.37702405758666413,0.38,0.006117309119468774,0.37,0.39,0.37,0.39,5279,0,0.0,0.31850323,0.30660316,0.30660316,0.0312175750732421,0.08624891,0.3759499905285092,0.0010740670581549372,0.0010740670581549372,17.600199153597213
2017-03-25,814,0.3812540253835954,0.38,0.004824998676652914,0.37,0.4,0.37,0.39,5279,0,0.0,0.26804924,0.24582434,0.24582434,0.0607929229736328,0.10686933,0.37702405758666413,0.004229967796931244,0.004229967796931244,56.50983320886234
2017-03-26,815,0.3826179200606175,0.38,0.004882020564194191,0.37,0.4,0.38,0.39,5279,0,0.0,0.24436817,0.2217166,0.22186148,0.0241355895996093,0.10274964,0.3812540253835954,0.0013638946770221372,0.0013638946770221372,22.280308688075678
2017-03-27,816,0.3815893161583633,0.38,0.004559921548614538,0.37,0.4,0.38,0.39,5279,0,0.0,0.23716864,0.21455716,0.21759728,0.007120132446289,0.10106523,0.3826179200606175,-0.0010286039022542326,0.0010286039022542326,16.92805576300722
2017-03-28,817,0.3781776851676454,0.38,0.005278192532206182,0.37,0.39,0.37,0.39,5279,0,0.0,0.2688177,0.2595815,0.2595815,0.0449447631835937,0.06985822,0.3815893161583633,-0.0034116309907178954,0.0034116309907178954,47.64749813293503
2017-03-29,818,0.37365031255919684,0.37,0.005389867170532464,0.37,0.39,0.37,0.38,5279,0,0.0,0.286552,0.2610714,0.2610714,0.0015468597412109,0.11812518,0.3781776851676454,-0.004527372608448543,0.004527372608448543,58.92457057505601
2017-03-30,819,0.37601439666603526,0.38,0.0054802147333872925,0.37,0.39,0.37,0.38,5279,0,0.0,0.28057492,0.25547606,0.25547606,0.0056476593017578,0.11599191,0.37365031255919684,0.0023640841068384155,0.0023640841068384155,35.051033109285534
2017-03-31,820,0.3843152112142451,0.38,0.005551588441023579,0.38,0.4,0.38,0.39,5279,0,0.0,0.28821987,0.24555832,0.25125074,0.0099124908447265,0.15090361,0.37601439666603526,0.008300814548209856,0.008300814548209856,86.10903659447348
2017-04-01,821,0.38962682326198145,0.39,0.008104788724584167,0.37,0.41000000000000003,0.38,0.4,5279,0,0.035991665088084865,0.33704445,0.2711239,0.27799037,0.0255794525146484,0.20022744,0.3843152112142451,0.005311612047736336,0.005311612047736336,66.24346527259148
2017-04-02,822,0.3916764538738398,0.39,0.008473836618142655,0.37,0.41000000000000003,0.38,0.4,5279,0,0.032771358211782536,0.556201,0.5361457,0.5361457,0.2651386260986328,0.14800885,0.38962682326198145,0.0020496306118583663,0.0020496306118583663,31.142643764002987
2017-04-03,823,0.39879901496495546,0.4,0.006853896408604817,0.38,0.41000000000000003,0.39,0.41000000000000003,5279,0,0.13942034476226559,0.4479211,0.43787646,0.43787646,0.09844970703125,0.09433067,0.3916764538738398,0.007122561091115642,0.007122561091115642,79.9850634802091
2017-04-04,824,0.4022693691987119,0.4,0.006411608578893411,0.39,0.41000000000000003,0.39,0.41000000000000003,5279,0,0.3447622655806024,0.19626713,0.16097564,0.16291757,0.2768459320068359,0.11228327,0.39879901496495546,0.0034703542337564675,0.0034703542337564675,48.244958924570575
2017-04-05,825,0.39879333207046797,0.4,0.00862615754071282,0.38,0.41000000000000003,0.39,0.41000000000000003,5279,0,0.2716423565069142,0.4447188,-0.30394265,0.37254214,0.4648895263671875,0.32464376,0.4022693691987119,-0.0034760371282439584,0.0034760371282439584,48.29474732387354
2017-04-06,826,0.39007766622466383,0.39,0.006109876000462551,0.38,0.4,0.38,0.4,5279,0,0.0,0.40507534,-0.24511987,0.34228373,0.0588665008544921,0.3224941,0.39879333207046797,-0.008715665845804133,0.008715665845804133,88.29972616380384
2017-04-07,827,0.38533055502936164,0.39,0.004989061371897903,0.38,0.39,0.38,0.39,5279,0,0.0,0.24208269,0.0048196604,0.18855138,0.2498970031738281,0.24203496,0.39007766622466383,-0.004747111195302189,0.004747111195302189,60.84142394822006
2017-04-08,828,0.38182231483235457,0.38,0.005506532849109967,0.37,0.4,0.37,0.39,5279,0,0.0,0.25937083,-0.13560854,0.19708069,0.1404495239257812,0.22109602,0.38533055502936164,-0.003508240197007073,0.003508240197007073,48.54368932038835
2017-04-09,829,0.3839155143019511,0.38,0.005329924232486986,0.38,0.4,0.38,0.39,5279,0,0.0,0.26664248,-0.079505615,0.19477527,0.0561122894287109,0.2545135,0.38182231483235457,0.0020931994695965184,0.0020931994695965184,31.715210355987054
2017-04-10,830,0.3839136200037886,0.38,0.0053295384469160415,0.38,0.4,0.38,0.39,5279,0,0.0,0.34187293,-0.014026575,0.2630172,0.0655384063720703,0.34158456,0.3839155143019511,-1.8942981624969768e-06,1.8942981624969768e-06,0.597460791635549
2017-04-11,831,0.38278082970259514,0.38,0.005093879415039359,0.37,0.4,0.38,0.39,5279,0,0.0,0.29525656,0.10809513,0.2532163,0.1221637725830078,0.27475777,0.3839136200037886,-0.0011327903011934537,0.0011327903011934537,18.546178740353497
2017-04-12,832,0.3841068384163667,0.38,0.00551846412708041,0.38,0.4,0.38,0.39,5279,0,0.0,0.2325115,0.07181407,0.19324476,0.0364131927490234,0.22114366,0.38278082970259514,0.001326008713771587,0.001326008713771587,21.68284789644013
2017-04-13,833,0.39085811706762646,0.39,0.0048429146837174735,0.38,0.4,0.38,0.4,5279,0,0.0,0.1535161,-0.04487114,0.13672362,0.1165847778320312,0.146812,0.3841068384163667,0.00675127865125974,0.00675127865125974,77.19691311924322
2017-04-14,834,0.3892669066111006,0.39,0.007448286430393725,0.38,0.4,0.38,0.4,5279,0,0.0,0.087544575,-0.037116606,0.060405947,0.0076732635498046,0.07928683,0.39085811706762646,-0.0015912104565258822,0.0015912104565258822,25.19293004729898
2017-04-15,835,0.38388709982951313,0.38,0.006473702928585412,0.37,0.4,0.38,0.39,5279,0,0.0,0.28265542,0.27763984,0.27763984,0.3147735595703125,0.053013574,0.3892669066111006,-0.005379806781587448,0.005379806781587448,66.6168782673637
2017-04-16,836,0.38422807349876864,0.38,0.006062586370221671,0.38,0.4,0.38,0.4,5279,0,0.0,0.3069758,0.30187982,0.30187982,0.0243282318115234,0.055701457,0.38388709982951313,0.00034097366925550654,0.00034097366925550654,6.547174508339556
2017-04-17,837,0.39302708846372425,0.39,0.005102234343168677,0.38,0.41000000000000003,0.39,0.4,5279,0,0.015533244932752415,0.27752542,0.27319095,0.27319095,0.0288028717041015,0.048861656,0.38422807349876864,0.00879901496495561,0.00879901496495561,88.79761015683346
2017-04-18,838,0.40451790111763597,0.4,0.005254429361159928,0.39,0.41000000000000003,0.4,0.41000000000000003,5279,0,0.4659973479825725,0.28219163,0.27559686,0.27559686,0.0025691986083984,0.060651693,0.39302708846372425,0.01149081265391172,0.01149081265391172,95.94224545680856
2017-04-19,839,0.40928016669823836,0.41000000000000003,0.00258460307112946,0.4,0.41000000000000003,0.4,0.41000000000000003,5279,0,0.9280166698238302,0.19591473,0.14553533,0.14557041,0.1302738189697265,0.13115686,0.40451790111763597,0.004762265580602387,0.004762265580602387,60.96589494647747
2017-04-20,840,0.3898825535139231,0.39,0.008125357854810542,0.38,0.41000000000000003,0.38,0.4,5279,0,0.025004735745406327,0.28552738,0.25694707,0.25694707,0.111429214477539,0.12451548,0.40928016669823836,-0.019397613184315265,0.019397613184315265,99.92531740104556
2017-04-21,841,0.3951051335480205,0.4,0.008895391414783866,0.38,0.41000000000000003,0.38,0.41000000000000003,5279,0,0.12293995074824778,0.31120354,0.28530696,0.28530696,0.0284042358398437,0.124288194,0.3898825535139231,0.005222580034097424,0.005222580034097424,65.32237988548668
2017-04-22,842,0.38955673422996784,0.39,0.008162986869473936,0.38,0.41000000000000003,0.38,0.4,5279,0,0.008145482098882365,0.3255826,0.30558664,0.30558664,0.0202198028564453,0.11234251,0.3951051335480205,-0.005548399318052677,0.005548399318052677,67.76201145133184
2017-04-23,843,0.39106648986550485,0.39,0.0041220180472912905,0.38,0.41000000000000003,0.39,0.4,5279,0,0.0013260087137715476,0.37956518,0.36845148,0.36845148,0.0628910064697265,0.09117758,0.38955673422996784,0.0015097556355370134,0.0015097556355370134,24.047796863330845
2017-04-24,844,0.39155143019511274,0.39,0.003728668868253468,0.39,0.41000000000000003,0.39,0.4,5279,0,0.003978026141314643,0.31882408,0.31332082,0.31332082,0.0550403594970703,0.058984697,0.39106648986550485,0.0004849403296078858,0.0004849403296078858,8.638287279063977
2017-04-25,845,0.38479825724569044,0.38,0.006252260723415436,0.38,0.4,0.38,0.4,5279,0,0.0,0.18615197,0.16337983,0.1639513,0.1499080657958984,0.08921623,0.39155143019511274,-0.0067531729494222925,0.0067531729494222925,77.22180731889469
2017-04-26,846,0.38103428679674184,0.38,0.008490467941110462,0.37,0.4,0.37,0.39,5279,0,0.0,0.17434368,0.15069005,0.15420373,0.0127811431884765,0.08768282,0.38479825724569044,-0.003763970448948606,0.003763970448948606,51.107791884490915
2017-04-27,847,0.38813790490623223,0.39,0.007630851395184795,0.38,0.4,0.38,0.4,5279,0,0.0,0.09111865,-0.045332294,0.07744097,0.1960353851318359,0.0790418,0.38103428679674184,0.007103618109490395,0.007103618109490395,79.71122728404282
2017-04-28,848,0.4026330744459178,0.4,0.004404277854703611,0.4,0.41000000000000003,0.4,0.41000000000000003,5279,0,0.26330744459177874,0.12043654,0.10058529,0.10096778,0.1459178924560547,0.06623904,0.38813790490623223,0.014495169539685548,0.014495169539685548,98.82997261638037
2017-04-29,849,0.4037147186967229,0.4,0.0048319821989993164,0.4,0.41000000000000003,0.4,0.41000000000000003,5279,0,0.3714718696722864,0.59925824,0.58453447,0.58453447,0.4839534759521484,0.13202573,0.4026330744459178,0.0010816442508050916,0.0010816442508050916,17.82424695046054
2017-04-30,850,0.40634400454631564,0.41000000000000003,0.005313424968117547,0.39,0.41000000000000003,0.4,0.41000000000000003,5279,0,0.6595946201932185,0.4329686,0.4228629,0.4228629,0.1616458892822265,0.09299714,0.4037147186967229,0.0026292858495927662,0.0026292858495927662,38.26238486432661
2017-05-01,851,0.404982004167456,0.41000000000000003,0.005312248396518505,0.39,0.41000000000000003,0.4,0.41000000000000003,5279,0,0.5143019511271074,0.1767572,0.111555755,0.13584888,0.3113174438476562,0.13710734,0.40634400454631564,-0.0013620003788596402,0.0013620003788596402,22.230520288772716
2017-05-02,852,0.3979352150028415,0.4,0.005850538571630352,0.39,0.41000000000000003,0.39,0.41000000000000003,5279,0,0.08922144345519985,0.25866592,0.21225755,0.2176064,0.1006622314453125,0.14783421,0.404982004167456,-0.0070467891646144865,0.0070467891646144865,79.28802588996764
2017-05-03,853,0.39091115741617727,0.39,0.0061384748763187065,0.38,0.41000000000000003,0.38,0.4,5279,0,0.0030308770600492516,0.34333688,0.32181463,0.32181463,0.1096267700195312,0.11964792,0.3979352150028415,-0.007024057586664245,0.007024057586664245,79.16355489171023
2017-05-04,854,0.39283955294563366,0.39,0.006628380166406673,0.38,0.41000000000000003,0.38,0.4,5279,0,0.0051146050388331124,0.26122084,0.23288824,0.23288824,0.0888309478759765,0.11831872,0.39091115741617727,0.0019283955294563948,0.0019283955294563948,29.30047298979338
2017-05-05,855,0.4017029740481152,0.4,0.0064142272855182625,0.39,0.41000000000000003,0.39,0.41000000000000003,5279,0,0.30536086379996213,0.3134917,0.2713054,0.2713054,0.0383110046386718,0.1570688,0.39283955294563366,0.008863421102481561,0.008863421102481561,89.17102315160568
2017-05-06,856,0.405256677401023,0.41000000000000003,0.0057679310525473185,0.39,0.41000000000000003,0.4,0.41000000000000003,5279,0,0.5673422996779693,0.3149755,0.2555609,0.2843469,0.0156192779541015,0.18411462,0.4017029740481152,0.0035537033529077777,0.0035537033529077777,48.99178491411501
2017-05-07,857,0.40806402727789365,0.41000000000000003,0.004581652935558494,0.39,0.41000000000000003,0.4,0.41000000000000003,5279,0,0.8333017616972912,0.41002417,0.37186986,0.37186986,0.1161651611328125,0.17272201,0.405256677401023,0.002807349876870646,0.002807349876870646,40.30370923574807
2017-05-08,858,0.40784239439287745,0.41000000000000003,0.004113489287130687,0.4,0.41000000000000003,0.4,0.41000000000000003,5279,0,0.7842394392877439,0.34747893,0.33374497,0.33374497,0.0381832122802734,0.09672859,0.40806402727789365,-0.0002216328850161986,0.0002216328850161986,4.381379138660692
2017-05-09,859,0.40410873271452924,0.4,0.00491992303048022,0.4,0.41000000000000003,0.4,0.41000000000000003,5279,0,0.4108732714529267,0.25504702,0.21176545,0.21233693,0.1218738555908203,0.1421422,0.40784239439287745,-0.00373366167834821,0.00373366167834821,50.80906148867314
2017-05-10,860,0.39553892782724004,0.4,0.005492279627360125,0.39,0.41000000000000003,0.39,0.4,5279,0,0.027277893540443268,0.26335126,0.21538454,0.22147562,0.0035934448242187,0.15153748,0.40410873271452924,-0.0085698048872892,0.0085698048872892,87.47821757530495
2017-05-11,861,0.3926160257624552,0.39,0.006580158172290508,0.38,0.41000000000000003,0.38,0.41000000000000003,5279,0,0.05114605038833112,0.2570931,0.21504356,0.21984753,0.0003910064697265,0.14090055,0.39553892782724004,-0.002922902064784849,0.002922902064784849,41.822255414488424
2017-05-12,862,0.39508997916272026,0.39,0.006407460664611003,0.39,0.41000000000000003,0.39,0.41000000000000003,5279,0,0.08031824209130517,0.19705093,0.16896577,0.17286325,0.0461025238037109,0.101388976,0.3926160257624552,0.002473953400265072,0.002473953400265072,36.47000248941997
2017-05-13,863,0.40405948096230343,0.4,0.004910745762074273,0.4,0.41000000000000003,0.4,0.41000000000000003,5279,0,0.40594809623034667,0.25059694,0.23208277,0.23208277,0.0631828308105468,0.09453284,0.39508997916272026,0.008969501799583168,0.008969501799583168,89.69380134428678
2017-05-14,864,0.4050842962682326,0.41000000000000003,0.00590602493624712,0.39,0.41000000000000003,0.4,0.41000000000000003,5279,0,0.5578708088653154,0.21382286,0.12930672,0.16509365,0.1027679443359375,0.17029369,0.40405948096230343,0.0010248153059291831,0.0010248153059291831,16.878267363704257
2017-05-15,865,0.398243985603334,0.4,0.007561351598015126,0.39,0.41000000000000003,0.39,0.41000000000000003,5279,0,0.21348740291721918,0.19188087,0.050179884,0.1620607,0.0791492462158203,0.18520318,0.4050842962682326,-0.006840310664898597,0.006840310664898597,77.91884490913617
2017-05-16,866,0.3950880848645577,0.39,0.008496949527148145,0.38,0.41000000000000003,0.38,0.41000000000000003,5279,0,0.15002841447243795,0.24426147,-0.050707363,0.21783671,0.1008739471435546,0.23894009,0.398243985603334,-0.003155900738776307,0.003155900738776307,44.93403037092357
2017-05-17,867,0.3960939571888616,0.39,0.007389488872154068,0.38,0.41000000000000003,0.39,0.41000000000000003,5279,0,0.1409357832922902,0.24422748,-0.14956336,0.21674463,0.0988292694091796,0.19307473,0.3950880848645577,0.0010058723243038803,0.0010058723243038803,16.529748568583518
2017-05-18,868,0.3951316537222959,0.39,0.00586653834444206,0.38,0.41000000000000003,0.39,0.4,5279,0,0.03371850729304793,0.20498437,-0.18744807,0.18809254,0.0379810333251953,0.082955904,0.3960939571888616,-0.0009623034665656727,0.0009623034665656727,15.807816778690565
2017-05-19,869,0.39188672096988075,0.39,0.005787292634809022,0.38,0.4,0.38,0.4,5279,0,0.0,0.1574236,-0.14311945,0.14321668,0.0444278717041015,0.065565914,0.3951316537222959,-0.003244932752415164,0.003244932752415164,45.904904157331345
2017-05-20,870,0.39213487402917224,0.39,0.005128394480458049,0.38,0.4,0.39,0.4,5279,0,0.0,0.117309496,-0.09327502,0.10200175,0.0497303009033203,0.07114284,0.39188672096988075,0.00024815305929148934,0.00024815305929148934,4.829474732387354
2017-05-21,871,0.39683083917408596,0.4,0.004681156872118946,0.39,0.41000000000000003,0.39,0.4,5279,0,0.0013260087137715476,0.13943075,-0.10195439,0.12142214,0.0085582733154296,0.09511175,0.39213487402917224,0.004695965144913716,0.004695965144913716,60.34353995519044
2017-05-22,872,0.3958817957946581,0.4,0.004937001117026998,0.39,0.41000000000000003,0.39,0.4,5279,0,0.0007577192650123129,0.124321975,-0.056026604,0.10579936,0.0458736419677734,0.1109818,0.39683083917408596,-0.0009490433794278608,0.0009490433794278608,15.558874782175753
2017-05-23,873,0.3904603144534951,0.39,0.0036200865578733116,0.38,0.4,0.39,0.4,5279,0,0.0,0.18683179,0.019938778,0.14918657,0.0759143829345703,0.18576473,0.3958817957946581,-0.0054214813411629925,0.0054214813411629925,66.96539706248444
2017-05-24,874,0.3896931236976701,0.39,0.003726358460286057,0.38,0.4,0.38,0.4,5279,0,0.0,0.21669535,-0.07679775,0.18239072,0.0967521667480468,0.2026301,0.3904603144534951,-0.0007671907558249869,0.0007671907558249869,12.82051282051282
2017-05-25,875,0.39864936541011553,0.4,0.003417913413685632,0.39,0.4,0.39,0.4,5279,0,0.0,0.22289003,-0.13455637,0.19350895,0.0576667785644531,0.17769235,0.3896931236976701,0.008956241712445412,0.008956241712445412,89.56933034602937
2017-05-26,876,0.4097632127296837,0.41000000000000003,0.0015204619336831866,0.4,0.41000000000000003,0.41000000000000003,0.41000000000000003,5279,0,0.9763212729683652,0.16979708,0.019949093,0.1279099,0.1544666290283203,0.16862112,0.39864936541011553,0.01111384731956816,0.01111384731956816,95.31989046552152
2017-05-27,877,0.4076226558060239,0.41000000000000003,0.00425695625102365,0.4,0.41000000000000003,0.4,0.41000000000000003,5279,0,0.7622655806023868,0.3077169,0.21665001,0.26030692,0.1966896057128906,0.21852343,0.4097632127296837,-0.0021405569236597755,0.0021405569236597755,32.362459546925564
2017-05-28,878,0.40369009282061,0.4,0.005300533983874707,0.39,0.41000000000000003,0.4,0.41000000000000003,5279,0,0.39306686872513735,0.1669987,0.03098886,0.12945564,0.1856250762939453,0.16409825,0.4076226558060239,-0.00393256298541389,0.00393256298541389,53.1242220562609
2017-05-29,879,0.3993445728357644,0.4,0.008155667495442661,0.39,0.41000000000000003,0.39,0.41000000000000003,5279,0,0.3019511271074067,0.18986084,0.11138509,0.14208902,0.0805015563964843,0.15375462,0.40369009282061,-0.004345519984845614,0.004345519984845614,57.43091859596714
2017-05-30,880,0.40265391172570564,0.4,0.0052790782990598415,0.39,0.41000000000000003,0.4,0.41000000000000003,5279,0,0.3072551619624929,0.21544933,0.16254911,0.17786665,0.0510101318359375,0.14140813,0.3993445728357644,0.003309338889941227,0.003309338889941227,46.50236494896689
2017-05-31,881,0.40707141504072747,0.41000000000000003,0.004550740569297299,0.4,0.41000000000000003,0.4,0.41000000000000003,5279,0,0.707141504072741,0.39069727,0.3497243,0.3559076,0.1873073577880859,0.17417641,0.40265391172570564,0.004417503315021831,0.004417503315021831,58.003485187951206
2017-06-01,882,0.40749194923280924,0.41000000000000003,0.00464282934624959,0.39,0.41000000000000003,0.4,0.41000000000000003,5279,0,0.7630232998673991,0.6741008,0.6471419,0.6471419,0.2974128723144531,0.18872887,0.40707141504072747,0.00042053419208176734,0.00042053419208176734,7.6923076923076925
2017-06-02,883,0.4078708088653155,0.41000000000000003,0.004185233054901345,0.39,0.41000000000000003,0.4,0.41000000000000003,5279,0,0.7908694828566016,0.41007397,0.3988221,0.3988221,0.2483863830566406,0.09540353,0.40749194923280924,0.00037885963250627874,0.00037885963250627874,7.0201643017177
2017-06-03,884,0.4050161015343815,0.41000000000000003,0.005884112117069745,0.39,0.41000000000000003,0.4,0.41000000000000003,5279,0,0.549725326766433,0.20906487,0.025572328,0.17505631,0.3732585906982422,0.20749514,0.4078708088653155,-0.0028547073309340143,0.0028547073309340143,41.02564102564102
2017-06-04,885,0.4044080318242092,0.41000000000000003,0.006670968327175113,0.38,0.41000000000000003,0.39,0.41000000000000003,5279,0,0.5393066868725137,0.27334794,0.08510527,0.22234133,0.059579849243164,0.25976193,0.4050161015343815,-0.0006080697101722987,0.0006080697101722987,10.306198655713219
2017-06-05,886,0.40648418261034286,0.41000000000000003,0.004999458755474594,0.39,0.41000000000000003,0.4,0.41000000000000003,5279,0,0.6594051903769653,0.35184357,-0.20228198,0.2845008,0.2874393463134765,0.28788248,0.4044080318242092,0.002076150786133657,0.002076150786133657,31.466268359472245
2017-06-06,887,0.4100000000000001,0.41000000000000003,5.551115123125783e-17,0.41000000000000003,0.41000000000000003,0.41000000000000003,0.41000000000000003,5279,0,1.0,0.366218,-0.19412035,0.29427013,0.0081520080566406,0.31053582,0.40648418261034286,0.0035158173896572276,0.0035158173896572276,48.56858352003983
2017-06-07,888,0.4095699943171055,0.41000000000000003,0.0020285837280288256,0.4,0.41000000000000003,0.41000000000000003,0.41000000000000003,5279,0,0.9569994317105512,0.18975975,0.030459004,0.1456257,0.224649429321289,0.18729891,0.4100000000000001,-0.0004300056828945853,0.0004300056828945853,7.866567089868061
2017-06-08,889,0.4047736313695776,0.41000000000000003,0.00556190070360466,0.39,0.41000000000000003,0.4,0.41000000000000003,5279,0,0.5072930479257435,0.19177788,0.061907187,0.16667126,0.0313987731933593,0.18151115,0.4095699943171055,-0.004796362947527888,0.004796362947527888,61.165048543689316
2017-06-09,890,0.4006762644440235,0.4,0.007268374901842956,0.38,0.41000000000000003,0.39,0.41000000000000003,5279,0,0.3000568289448759,0.28916135,0.19689032,0.22495651,0.1349658966064453,0.21177459,0.4047736313695776,-0.0040973669255541245,0.0040973669255541245,54.99128703012198
2017-06-10,891,0.40263118014775523,0.4,0.007203807949733217,0.39,0.41000000000000003,0.39,0.41000000000000003,5279,0,0.4256487971206668,0.46918496,0.36029476,0.36294222,0.1634025573730468,0.300537,0.4006762644440235,0.001954915703731741,0.001954915703731741,29.72367438386856
2017-06-11,892,0.406834627770411,0.41000000000000003,0.00465938975301893,0.39,0.41000000000000003,0.4,0.41000000000000003,5279,0,0.6838416366736124,0.4681484,0.31921053,0.33275166,0.0410957336425781,0.34244326,0.40263118014775523,0.004203447622655787,0.004203447622655787,56.186208613393084
2017-06-12,893,0.40824398560333397,0.41000000000000003,0.0038048071443060024,0.4,0.41000000000000003,0.4,0.41000000000000003,5279,0,0.8243985603333964,0.29027337,0.1622501,0.24457255,0.1568946838378906,0.24069375,0.406834627770411,0.0014093578329229528,0.0014093578329229528,22.877769479711226
2017-06-13,894,0.4097651070278463,0.41000000000000003,0.0015145147781289291,0.4,0.41000000000000003,0.41000000000000003,0.41000000000000003,5279,0,0.9765107027846183,0.28531238,-0.22000754,0.24821047,0.3823165893554687,0.18165833,0.40824398560333397,0.0015211214245123283,0.0015211214245123283,24.17226786158825
2017-06-14,895,0.4099374881606366,0.41000000000000003,0.0007881691846136521,0.4,0.41000000000000003,0.41000000000000003,0.41000000000000003,5279,0,0.9937488160636484,0.40016013,-0.3575433,0.36087096,0.1375675201416015,0.17969808,0.4097651070278463,0.000172381132790278,0.000172381132790278,3.783918347025143
2017-06-15,896,0.4091191513544232,0.41000000000000003,0.002834182795684436,0.4,0.41000000000000003,0.4,0.41000000000000003,5279,0,0.9119151354423186,0.33036426,-0.13603276,0.2628036,0.2216148376464843,0.30105737,0.4099374881606366,-0.0008183368062133489,0.0008183368062133489,13.567338810057256
2017-06-16,897,0.40780640272778945,0.41000000000000003,0.004138128046527379,0.4,0.41000000000000003,0.4,0.41000000000000003,5279,0,0.7806402727789354,0.21284723,0.044939175,0.1782853,0.1809597015380859,0.2080491,0.4091191513544232,-0.0013127486266337751,0.0013127486266337751,21.433905899925318
2017-06-17,898,0.40755446107217275,0.41000000000000003,0.004372503860034259,0.39,0.41000000000000003,0.4,0.41000000000000003,5279,0,0.7586664140935784,0.19139348,-0.06626454,0.16112258,0.1112194061279296,0.1795562,0.40780640272778945,-0.00025194165561670534,0.00025194165561670534,4.879263131690316
2017-06-18,899,0.4084163667361243,0.41000000000000003,0.003650813378454677,0.4,0.41000000000000003,0.4,0.41000000000000003,5279,0,0.8416366736124266,0.49135634,-0.43111587,0.43855792,0.3648490905761719,0.23573133,0.40755446107217275,0.0008619056639515565,0.0008619056639515565,14.115011202389843
2017-06-19,900,0.4087308202311044,0.41000000000000003,0.0033288106589564855,0.4,0.41000000000000003,0.4,0.41000000000000003,5279,0,0.8730820231104376,0.4768416,0.378832,0.38693208,0.8100147247314453,0.28959134,0.4084163667361243,0.0003144534949801048,0.0003144534949801048,5.949713716704008
2017-06-20,901,0.4081454820988824,0.41000000000000003,0.0038866363819645674,0.4,0.41000000000000003,0.4,0.41000000000000003,5279,0,0.8145482098882364,0.7445644,0.6223709,0.65146345,0.2434234619140625,0.40869406,0.4087308202311044,-0.0005853381322220019,0.0005853381322220019,9.90789146128952
2017-06-21,902,0.3997385868535706,0.4,0.0019090541022805771,0.39,0.41000000000000003,0.4,0.4,5279,0,0.005493464671339269,0.1617714,-0.03586371,0.13245401,0.658111572265625,0.15774597,0.4081454820988824,-0.008406895245311796,0.008406895245311796,86.73139158576052
2017-06-22,903,0.38465807918166317,0.38,0.005026126718109492,0.38,0.4,0.38,0.39,5279,0,0.0,0.2117696,0.044172097,0.17897336,0.0799388885498046,0.20711139,0.3997385868535706,-0.01508050767190744,0.01508050767190744,99.0789146128952
2017-06-23,904,0.37736313695775714,0.38,0.005430768816985869,0.37,0.39,0.37,0.39,5279,0,0.0,0.26388484,0.14172679,0.21475202,0.0975589752197265,0.22259527,0.38465807918166317,-0.007294942223906031,0.007294942223906031,80.73188946975355
2017-06-24,905,0.3839193028982762,0.38,0.0052591421413228584,0.37,0.4,0.38,0.39,5279,0,0.0,0.38567552,0.2917564,0.30895445,0.1500167846679687,0.25223696,0.37736313695775714,0.006556165940519054,0.006556165940519054,75.80283793876028
2017-06-25,906,0.394485698048873,0.39,0.00509018254720162,0.38,0.4,0.39,0.4,5279,0,0.0,0.3229184,0.14593872,0.22379768,0.1458358764648437,0.28805932,0.3839193028982762,0.010566395150596819,0.010566395150596819,94.19965148120488
2017-06-26,907,0.3890774767948475,0.39,0.005671557802655877,0.38,0.4,0.38,0.4,5279,0,0.0,0.31006965,-0.19545189,0.2689693,0.341409683227539,0.24071135,0.394485698048873,-0.005408221254025514,0.005408221254025514,66.81603186457555
2017-06-27,908,0.38407842394392877,0.38,0.0055548639108654345,0.38,0.4,0.38,0.39,5279,0,0.0,0.3496625,-0.24907297,0.3087188,0.0536022186279296,0.24541043,0.3890774767948475,-0.004999052850918728,0.004999052850918728,62.907642519293006
2017-06-28,909,0.38836900928206103,0.39,0.00472099312417708,0.38,0.4,0.38,0.39,5279,0,0.0,0.27239332,0.08521443,0.22332601,0.3342018127441406,0.25872082,0.38407842394392877,0.004290585338132258,0.004290585338132258,57.0823998008464
2017-06-29,910,0.3875184694070847,0.39,0.005103437535568419,0.38,0.4,0.38,0.39,5279,0,0.0,0.27189592,0.10438455,0.22477704,0.0192756652832031,0.25106052,0.38836900928206103,-0.0008505398749763526,0.0008505398749763526,13.940751804829473
2017-06-30,911,0.3816082591399886,0.38,0.005764952800509313,0.37,0.39,0.37,0.39,5279,0,0.0,0.29200962,-0.0045265146,0.25075108,0.1090164184570312,0.29197428,0.3875184694070847,-0.005910210267096094,0.005910210267096094,70.57505601194921
2017-07-01,912,0.37850539874976324,0.38,0.006855579942423963,0.37,0.4,0.37,0.39,5279,0,0.0,0.1818888,-0.060091384,0.14629371,0.0554676055908203,0.17167582,0.3816082591399886,-0.003102860390225337,0.003102860390225337,44.2369927806821
2017-07-02,913,0.3815135442318621,0.38,0.0074322956786081204,0.37,0.4,0.37,0.39,5279,0,0.0,0.24020194,0.099837564,0.1974376,0.159912109375,0.21847068,0.37850539874976324,0.0030081454820988784,0.0030081454820988784,43.01717699775952
2017-07-03,914,0.3878575487781777,0.39,0.008136327494385137,0.37,0.4,0.37,0.4,5279,0,0.0,0.3521357,0.31990817,0.32173944,0.2201290130615234,0.14716715,0.3815135442318621,0.0063440045463155625,0.0063440045463155625,74.28429176001991
2017-07-04,915,0.39488728925932937,0.4,0.007738234194101043,0.38,0.41000000000000003,0.38,0.41000000000000003,5279,0,0.056639515059670395,0.32393944,0.26073602,0.27368757,0.0592613220214843,0.19223279,0.3878575487781777,0.007029740481151681,0.007029740481151681,79.18844909136172
2017-07-05,916,0.40362758098124646,0.4,0.006355506689418582,0.39,0.41000000000000003,0.39,0.41000000000000003,5279,0,0.4491380943360485,0.18070997,0.05853896,0.16378933,0.2021636962890625,0.17096536,0.39488728925932937,0.008740291721917093,0.008740291721917093,88.42419716206123
2017-07-06,917,0.4097935215002842,0.41000000000000003,0.0014220237783924873,0.4,0.41000000000000003,0.41000000000000003,0.41000000000000003,5279,0,0.9793521500284145,0.27434844,0.15661429,0.22418045,0.0980777740478515,0.22525312,0.40362758098124646,0.006165940519037738,0.006165940519037738,72.94000497883994
2017-07-07,918,0.39952074256487974,0.4,0.004261918285121837,0.39,0.41000000000000003,0.39,0.41000000000000003,5279,0,0.06800530403485508,0.4106766,-0.37355098,0.37559208,0.5300388336181641,0.17062965,0.4097935215002842,-0.010272778935404459,0.010272778935404459,93.35324869305451
2017-07-08,919,0.3871036181094904,0.39,0.006569233208433911,0.38,0.4,0.38,0.4,5279,0,0.0,0.2940972,-0.23161449,0.25483963,0.1418590545654297,0.1812396,0.39952074256487974,-0.012417124455389339,0.012417124455389339,97.0873786407767
2017-07-09,920,0.3801003978026141,0.38,0.0063467820348787835,0.37,0.39,0.37,0.39,5279,0,0.0,0.25246912,-0.1746097,0.2173853,0.0569000244140625,0.18235171,0.3871036181094904,-0.007003220306876279,0.007003220306876279,79.03908389345283
2017-07-10,921,0.3810513354802046,0.38,0.0033165130734906976,0.37,0.39,0.38,0.39,5279,0,0.0,0.21068262,-0.11993195,0.17813954,0.0547809600830078,0.17321499,0.3801003978026141,0.0009509376775904688,0.0009509376775904688,15.658451580781676
2017-07-11,922,0.38093957188861516,0.38,0.0035556284320206666,0.37,0.39,0.38,0.39,5279,0,0.0,0.15263736,-0.075394936,0.12907691,0.0444202423095703,0.13271692,0.3810513354802046,-0.00011176359158943105,0.00011176359158943105,2.9873039581777445
2017-07-12,923,0.3766508808486455,0.38,0.005414922122079857,0.37,0.39,0.37,0.38,5279,0,0.0,0.23501398,-0.13753872,0.19523841,0.062103271484375,0.19056417,0.38093957188861516,-0.00428869103996965,0.00428869103996965,57.03261140154344
2017-07-13,924,0.37738776283387,0.38,0.00509201651784896,0.37,0.39,0.37,0.38,5279,0,0.0,0.25239578,-0.11655496,0.21761079,0.0210247039794921,0.2238717,0.3766508808486455,0.0007368819852244801,0.0007368819852244801,12.397311426437641
2017-07-14,925,0.38717939003599167,0.39,0.004809323474051946,0.38,0.4,0.38,0.39,5279,0,0.0,0.39135343,-0.17687434,0.31484544,0.0602855682373046,0.34910324,0.37738776283387,0.009791627202121678,0.009791627202121678,92.08364451082898
2017-07-15,926,0.3954063269558629,0.4,0.00536070448912759,0.39,0.41000000000000003,0.39,0.4,5279,0,0.019511271074067058,0.2925078,0.06587397,0.24541722,0.2426872253417968,0.28499383,0.38717939003599167,0.008226936919871253,0.008226936919871253,85.76051779935275
2017-07-16,927,0.39153438151164993,0.39,0.008849004980067968,0.38,0.41000000000000003,0.38,0.41000000000000003,5279,0,0.05038833112331881,0.31433046,0.20032439,0.23946491,0.1344280242919922,0.24222642,0.3954063269558629,-0.0038719454442129875,0.0038719454442129875,52.228030868807565
2017-07-17,928,0.3857908694828566,0.39,0.007928850113585939,0.37,0.41000000000000003,0.37,0.4,5279,0,0.007008903201363895,0.30029976,0.12454898,0.23654372,0.075723648071289,0.2732536,0.39153438151164993,-0.005743512028793307,0.005743512028793307,69.1311924321633
2017-07-18,929,0.38218412578139793,0.38,0.006777902063469325,0.37,0.4,0.37,0.4,5279,0,0.0,0.23751658,-0.023697391,0.19042529,0.1482448577880859,0.2363315,0.3857908694828566,-0.0036067437014586923,0.0036067437014586923,49.43988050784167
2017-07-19,930,0.3858590642167077,0.39,0.005937081607511469,0.38,0.4,0.38,0.4,5279,0,0.0,0.3600651,0.24553172,0.26376325,0.2692718505859375,0.26336476,0.38218412578139793,0.003674938435309749,0.003674938435309749,50.28628329599203
2017-07-20,931,0.3825307823451411,0.38,0.0045645534610424575,0.38,0.4,0.38,0.39,5279,0,0.0,0.7331154,0.68498385,0.68498385,0.4393444061279297,0.26125687,0.3858590642167077,-0.003328281871566585,0.003328281871566585,46.70151854617874
2017-07-21,932,0.38151543853002456,0.38,0.00514750212551532,0.37,0.4,0.37,0.39,5279,0,0.0,0.46532437,0.40690356,0.4083885,0.2780208587646484,0.225735,0.3825307823451411,-0.0010153438151165317,0.0010153438151165317,16.679113766492407
2017-07-22,933,0.3842337563932563,0.38,0.006578759794515307,0.37,0.4,0.38,0.4,5279,0,0.0,0.31014916,0.18160202,0.2697379,0.2253742218017578,0.25142232,0.38151543853002456,0.002718317863231734,0.002718317863231734,39.3328354493403
2017-07-23,934,0.39027088463724185,0.39,0.007960318271053134,0.38,0.4,0.38,0.4,5279,0,0.0,0.15003508,0.06503258,0.11788992,0.1164455413818359,0.1352085,0.3842337563932563,0.006037128243985557,0.006037128243985557,71.72018919591736
2017-07-24,935,0.3913260087137716,0.39,0.003391428611767823,0.39,0.4,0.39,0.4,5279,0,0.0,0.36180317,-0.009595033,0.30701357,0.0746307373046875,0.36167583,0.39027088463724185,0.0010551240765297454,0.0010551240765297454,17.226786158824993
2017-07-25,936,0.3934930858117068,0.39,0.006005419943129481,0.38,0.41000000000000003,0.38,0.4,5279,0,0.014586095851487024,0.33787048,-0.07021604,0.27755797,0.0606822967529296,0.3304938,0.3913260087137716,0.0021670770979351772,0.0021670770979351772,32.7109783420463
2017-07-26,937,0.39379617351771173,0.39,0.006166298708486039,0.38,0.41000000000000003,0.39,0.4,5279,0,0.04034855086190566,0.23226735,-0.11434958,0.16633625,0.0442180633544921,0.20216905,0.3934930858117068,0.0003030877060049564,0.0003030877060049564,5.800348518795121
2017-07-27,938,0.392737260844857,0.39,0.0047825728026430845,0.38,0.4,0.39,0.4,5279,0,0.0,0.2147579,0.12002998,0.16475756,0.2345466613769531,0.17808384,0.39379617351771173,-0.0010589126728547393,0.0010589126728547393,17.276574558127955
2017-07-28,939,0.38593483614320895,0.39,0.005883918184829802,0.38,0.4,0.38,0.4,5279,0,0.0,0.34784213,0.23893873,0.26909047,0.1189746856689453,0.25278962,0.392737260844857,-0.006802424701648047,0.006802424701648047,77.54543191436395
2017-07-29,940,0.3821178253457094,0.38,0.006332976752763703,0.37,0.4,0.37,0.39,5279,0,0.0,0.41831467,0.3511428,0.35952997,0.1120567321777343,0.2273444,0.38593483614320895,-0.0038170107974995204,0.0038170107974995204,51.6554642768235
2017-07-30,941,0.38370145860958516,0.38,0.004828435591097753,0.38,0.39,0.38,0.39,5279,0,0.0,0.17504124,-0.0227656,0.13473961,0.3739566802978515,0.17355445,0.3821178253457094,0.0015836332638757278,0.0015836332638757278,25.093353248693056
2017-07-31,942,0.3911460503883312,0.39,0.003342154005799846,0.38,0.4,0.39,0.4,5279,0,0.0,0.178025,-0.08970108,0.14401181,0.0668792724609375,0.15377475,0.38370145860958516,0.007444591778746068,0.007444591778746068,81.4538212596465
2017-08-01,943,0.3999336995643114,0.4,0.0008115470467651767,0.39,0.4,0.4,0.4,5279,0,0.0,0.303485,-0.25393292,0.2781823,0.1642436981201172,0.16619682,0.3911460503883312,0.008787649175980183,0.008787649175980183,88.67313915857605
2017-08-02,944,0.39018564121992816,0.39,0.0015337382508930355,0.38,0.4,0.39,0.39,5279,0,0.0,0.19109185,0.020179404,0.15883324,0.27410888671875,0.19002321,0.3999336995643114,-0.009748058344383248,0.009748058344383248,91.95917351257157
2017-08-03,945,0.3825440424322788,0.38,0.004355258020548634,0.38,0.39,0.38,0.39,5279,0,0.0,0.13805464,0.074884765,0.11323228,0.0549583435058593,0.11598016,0.39018564121992816,-0.007641598787649362,0.007641598787649362,82.47448344535722
2017-08-04,946,0.3814983898465618,0.38,0.003600839084552733,0.37,0.39,0.38,0.39,5279,0,0.0,0.16916105,0.00064841076,0.13483906,0.074493408203125,0.16915971,0.3825440424322788,-0.001045652585716983,0.001045652585716983,17.10231516056759
2017-08-05,947,0.3801723811327903,0.38,0.005500919228994841,0.37,0.39,0.37,0.39,5279,0,0.0,0.15430757,0.03422054,0.12862326,0.0336532592773437,0.15046516,0.3814983898465618,-0.0013260087137715315,0.0013260087137715315,21.65795369678865
2017-08-06,948,0.3764065163856791,0.38,0.006611160835409496,0.37,0.39,0.37,0.39,5279,0,0.0,0.2118756,-0.016930843,0.16780359,0.0511093139648437,0.21119817,0.3801723811327903,-0.0037658647471111584,0.0037658647471111584,51.15758028379388
2017-08-07,949,0.37781208562227697,0.38,0.006334574974641761,0.37,0.39,0.37,0.39,5279,0,0.0,0.2841233,-0.14274774,0.23925115,0.1258583068847656,0.24566095,0.3764065163856791,0.0014055692365978478,0.0014055692365978478,22.827981080408264
2017-08-08,950,0.39093957188861533,0.39,0.004195897369148154,0.38,0.4,0.39,0.4,5279,0,0.0,0.40420127,-0.33186308,0.3425666,0.1892452239990234,0.23075044,0.37781208562227697,0.013127486266338362,0.013127486266338362,97.78441623101817
2017-08-09,951,0.39329039590831605,0.39,0.005466421341181458,0.38,0.41000000000000003,0.39,0.4,5279,0,0.0013260087137715476,0.16471817,0.0155891,0.14367566,0.3475799560546875,0.16397879,0.39093957188861533,0.0023508240197007146,0.0023508240197007146,34.876773711725164
2017-08-10,952,0.38633263875734036,0.39,0.00570473670751646,0.38,0.4,0.38,0.39,5279,0,0.0,0.1885214,0.025374822,0.1496215,0.0097579956054687,0.18680596,0.39329039590831605,-0.006957757150975685,0.006957757150975685,78.76524769728654
2017-08-11,953,0.38319378670202686,0.38,0.005052344984983384,0.37,0.4,0.38,0.39,5279,0,0.0,0.1795654,-0.04337235,0.12850186,0.0687332153320312,0.17424856,0.38633263875734036,-0.0031388520553135013,0.0031388520553135013,44.70998257406024
2017-08-12,954,0.3841333585906422,0.38,0.0052302563660050925,0.38,0.4,0.38,0.39,5279,0,0.0,0.12725487,-0.007558353,0.09787613,0.0358562469482421,0.12703022,0.38319378670202686,0.0009395718886153204,0.0009395718886153204,15.434403783918347
2017-08-13,955,0.38256487971206665,0.38,0.00571256194951232,0.37,0.4,0.37,0.39,5279,0,0.0,0.19457813,0.13442785,0.16922039,0.141815185546875,0.14067595,0.3841333585906422,-0.00156847887857553,0.00156847887857553,24.943988050784167
2017-08-14,956,0.384032960788028,0.38,0.005004984536142414,0.38,0.4,0.38,0.39,5279,0,0.0,0.2110913,0.13929623,0.1792075,0.0049648284912109,0.15860663,0.38256487971206665,0.0014680810759613583,0.0014680810759613583,23.749066467513067
2017-08-15,957,0.3835252888804697,0.38,0.005289396762960567,0.38,0.4,0.38,0.39,5279,0,0.0,0.31376782,-0.19695473,0.25981838,0.3361682891845703,0.2442523,0.384032960788028,-0.0005076719075582936,0.0005076719075582936,8.937017674881753
2017-08-16,958,0.3822390604281114,0.38,0.008760394802410126,0.37,0.4,0.37,0.4,5279,0,0.0,0.3263464,-0.3035404,0.30746883,0.1066799163818359,0.11985471,0.3835252888804697,-0.0012862284523583178,0.0012862284523583178,20.960916106547174
2017-08-17,959,0.38463724190187537,0.38,0.00791937395566153,0.37,0.4,0.37,0.4,5279,0,0.0,0.29153836,-0.22346729,0.2588831,0.0801239013671875,0.18723531,0.3822390604281114,0.0023981814737639717,0.0023981814737639717,35.59870550161812
2017-08-18,960,0.3920250047357455,0.39,0.004028048547890654,0.39,0.41000000000000003,0.39,0.4,5279,0,0.00037885963250615644,0.24883285,-0.1571324,0.21964312,0.0663471221923828,0.19294362,0.38463724190187537,0.007387762833870104,0.007387762833870104,81.20487926313169
2017-08-19,961,0.3881587421860201,0.39,0.005437881728255364,0.38,0.4,0.38,0.4,5279,0,0.0,0.31270257,-0.265871,0.28009114,0.1088600158691406,0.16460738,0.3920250047357455,-0.0038662625497253855,0.0038662625497253855,52.17824246950461
2017-08-20,962,0.3849062322409547,0.38,0.0058478625733906645,0.38,0.4,0.38,0.39,5279,0,0.0,0.60334843,-0.5727239,0.5743277,0.3068256378173828,0.18978126,0.3881587421860201,-0.003252509945065374,0.003252509945065374,45.979586756285784
2017-08-21,963,0.3924455389278273,0.39,0.004298223892580984,0.39,0.4,0.39,0.4,5279,0,0.0,0.6271733,-0.58904696,0.58904696,0.01629638671875,0.21533686,0.3849062322409547,0.007539306686872582,0.007539306686872582,81.95170525267612
2017-08-22,964,0.39667361242659593,0.4,0.004747630473699403,0.39,0.41000000000000003,0.39,0.4,5279,0,0.0017048683462777042,0.19299693,0.037179906,0.15948154,0.6262454986572266,0.1893819,0.3924455389278273,0.004228073498768636,0.004228073498768636,56.46004480955937
2017-08-23,965,0.39645955673422995,0.4,0.005010485602349369,0.39,0.41000000000000003,0.39,0.4,5279,0,0.011176359158931616,0.31744257,0.17791185,0.24653322,0.1406841278076172,0.26290154,0.39667361242659593,-0.00021405569236598865,0.00021405569236598865,4.33159073935773
2017-08-24,966,0.39938624739534007,0.4,0.003907711678562965,0.39,0.41000000000000003,0.39,0.4,5279,0,0.04754688387952263,0.26905787,-0.012081828,0.19447054,0.1899662017822265,0.26878637,0.39645955673422995,0.0029266906611101207,0.0029266906611101207,41.92183221309435
2017-08-25,967,0.4003087706004924,0.4,0.003034083831125575,0.39,0.41000000000000003,0.4,0.41000000000000003,5279,0,0.061943549914756584,0.5226419,-0.3707114,0.44383955,0.3586483001708984,0.36841166,0.39938624739534007,0.000922523205152348,0.000922523205152348,15.160567587752055
2017-08-26,968,0.3957359348361432,0.4,0.004949372271329116,0.39,0.41000000000000003,0.39,0.4,5279,0,0.00018942981625307822,0.41619864,-0.27498052,0.35704377,0.0957450866699218,0.31241965,0.4003087706004924,-0.004572835764349192,0.004572835764349192,59.12372417226786
2017-08-27,969,0.3974313316916083,0.4,0.00559355936520563,0.39,0.41000000000000003,0.39,0.41000000000000003,5279,0,0.06099640083349119,0.43534356,0.17092276,0.3689744,0.4460830688476562,0.4003873,0.3957359348361432,0.0016953968554651033,0.0016953968554651033,26.412745830221557
2017-08-28,970,0.3983349119151354,0.4,0.0060034699149656675,0.39,0.41000000000000003,0.39,0.41000000000000003,5279,0,0.11081644250805077,0.21322034,-0.025597643,0.1788345,0.1965770721435547,0.21167807,0.3974313316916083,0.0009035802235271007,0.0009035802235271007,14.812048792631316
2017-08-29,971,0.38815684788785754,0.39,0.0056373670423080936,0.38,0.4,0.38,0.4,5279,0,0.0,0.19005032,-0.030819269,0.15245646,0.00537109375,0.18753465,0.3983349119151354,-0.010178064027277889,0.010178064027277889,93.07941249688822
2017-08-30,972,0.3855124076529646,0.39,0.005701233275665854,0.38,0.4,0.38,0.39,5279,0,0.0,0.16014922,0.030821262,0.13329743,0.0616989135742187,0.1571552,0.38815684788785754,-0.002644440234892964,0.002644440234892964,38.46153846153847
2017-08-31,973,0.3925421481341164,0.39,0.006541348109526765,0.38,0.4,0.38,0.4,5279,0,0.0,0.13506246,0.07095708,0.11213866,0.0401058197021484,0.114921324,0.3855124076529646,0.007029740481151847,0.007029740481151847,79.21334329101319
2017-09-01,974,0.40542337563932573,0.41000000000000003,0.004989641770160148,0.39,0.41000000000000003,0.4,0.41000000000000003,5279,0,0.5427164235650691,0.06274042,0.021969285,0.049046554,0.0493526458740234,0.05876827,0.3925421481341164,0.012881227505209314,0.012881227505209314,97.61015683345781
2017-09-02,975,0.40510702784618297,0.41000000000000003,0.004998854372767972,0.4,0.41000000000000003,0.4,0.41000000000000003,5279,0,0.5107027846182989,0.34256798,0.15422577,0.27243015,0.1326217651367187,0.30588785,0.40542337563932573,-0.0003163477931427683,0.0003163477931427683,5.99950211600697
2017-09-03,976,0.39607501420723623,0.39,0.0077059313508049026,0.38,0.41000000000000003,0.39,0.41000000000000003,5279,0,0.15760560712256108,0.37388137,0.09466001,0.31289846,0.0595645904541015,0.36169988,0.40510702784618297,-0.009032013638946734,0.009032013638946734,89.99253174010455
2017-09-04,977,0.3900795605228264,0.39,0.005793154025507446,0.38,0.4,0.38,0.4,5279,0,0.0,0.32447693,0.015949368,0.2788933,0.0787258148193359,0.3240844,0.39607501420723623,-0.005995453684409846,0.005995453684409846,71.32188200149365
2017-09-05,978,0.38403864368251567,0.38,0.004922127373792291,0.38,0.4,0.38,0.39,5279,0,0.0,0.39738423,0.24871439,0.3278948,0.2328681945800781,0.30992764,0.3900795605228264,-0.006040916840310717,0.006040916840310717,71.81976599452328
2017-09-06,979,0.38945823072551633,0.39,0.004672460657039807,0.38,0.4,0.38,0.4,5279,0,0.0,0.5516474,0.487374,0.49031785,0.2385692596435547,0.2584203,0.38403864368251567,0.005419587043000662,0.005419587043000662,66.94050286283296
2017-09-07,980,0.3944970638378481,0.39,0.004974641214881726,0.39,0.4,0.39,0.4,5279,0,0.0,0.2703036,0.14200833,0.23141396,0.3453960418701172,0.22999516,0.38945823072551633,0.005038833112331775,0.005038833112331775,63.40552651232263
2017-09-08,981,0.3890680053040349,0.39,0.003210567713913611,0.38,0.4,0.38,0.39,5279,0,0.0,0.18765236,-0.108421214,0.15878125,0.2503242492675781,0.15316083,0.3944970638378481,-0.0054290585338132025,0.0054290585338132025,67.06497386109037
2017-09-09,982,0.38688766811896197,0.39,0.004638154913233928,0.38,0.4,0.38,0.39,5279,0,0.0,0.19561067,0.07040936,0.15666358,0.1788063049316406,0.18249963,0.3890680053040349,-0.0021803371850729336,0.0021803371850729336,32.95992033856112
2017-09-10,983,0.39400265201742757,0.39,0.004899520078707576,0.39,0.4,0.39,0.4,5279,0,0.0,0.21839826,0.0048485645,0.16631235,0.0655460357666015,0.21834436,0.38688766811896197,0.007114983898465599,0.007114983898465599,79.93527508090615
2017-09-11,984,0.400028414472438,0.4,0.001326985270796064,0.39,0.41000000000000003,0.4,0.4,5279,0,0.010229210077666225,0.41532555,-0.20541751,0.34097776,0.2102279663085937,0.36096954,0.39400265201742757,0.006025762455010408,0.006025762455010408,71.57082399800846
2017-09-12,985,0.39112521310854326,0.39,0.006299890612881936,0.38,0.4,0.38,0.4,5279,0,0.0,0.5547437,0.43723574,0.47644207,0.6424922943115234,0.34141672,0.400028414472438,-0.00890320136389472,0.00890320136389472,89.29549414986309
2017-09-13,986,0.38935025573025195,0.39,0.008134028079425757,0.38,0.41000000000000003,0.38,0.4,5279,0,0.004735745406326956,0.6483624,0.5535373,0.5677139,0.1165409088134765,0.33759555,0.39112521310854326,-0.0017749573782913086,0.0017749573782913086,27.333831217326367
2017-09-14,987,0.3952017427543095,0.39,0.006976812514033115,0.38,0.41000000000000003,0.39,0.41000000000000003,5279,0,0.09035802235271832,0.4555417,0.39629218,0.40898433,0.1574039459228515,0.22465685,0.38935025573025195,0.005851487024057578,0.005851487024057578,69.95270102066219
2017-09-15,988,0.3935423375639326,0.39,0.004782804639798492,0.39,0.4,0.39,0.4,5279,0,0.0,0.3493336,0.14574268,0.3050891,0.250680923461914,0.31747892,0.3952017427543095,-0.0016594051903769391,0.0016594051903769391,25.939756036843413
2017-09-16,989,0.38717181284334157,0.39,0.005709305301868772,0.38,0.4,0.38,0.4,5279,0,0.0,0.3170839,0.01819511,0.27035218,0.1274299621582031,0.31656164,0.3935423375639326,-0.00637052472059102,0.00637052472059102,74.50833955688324
2017-09-17,990,0.38470922523205153,0.38,0.005214269635276018,0.37,0.4,0.38,0.39,5279,0,0.0,0.2164997,0.011871196,0.17805284,0.006317138671875,0.21617389,0.38717181284334157,-0.0024625876112900347,0.0024625876112900347,36.34553149116256
2017-09-18,991,0.3826311801477552,0.38,0.005071059886302276,0.37,0.4,0.38,0.39,5279,0,0.0,0.24319115,-0.048328474,0.19848743,0.0602588653564453,0.2383409,0.38470922523205153,-0.0020780450842963205,0.0020780450842963205,31.516056758775207
2017-09-19,992,0.3839780261413146,0.38,0.006028621684524178,0.38,0.4,0.38,0.4,5279,0,0.0,0.14750305,-0.045866016,0.11571207,0.002532958984375,0.14019102,0.3826311801477552,0.0013468459935593868,0.0013468459935593868,22.031366691560866
2017-09-20,993,0.3880034097366926,0.39,0.006524988594279121,0.38,0.4,0.38,0.4,5279,0,0.0,0.12844686,0.0035737322,0.10091344,0.0493907928466796,0.12839723,0.3839780261413146,0.004025383595378018,0.004025383595378018,54.269355240229025
2017-09-21,994,0.383015722674749,0.38,0.005071746935358716,0.38,0.4,0.38,0.39,5279,0,0.0,0.17148826,-0.029726569,0.13854823,0.0332145690917968,0.16889238,0.3880034097366926,-0.004987687061943635,0.004987687061943635,62.83295992033856
2017-09-22,995,0.3861280545557871,0.39,0.006292989076835907,0.37,0.4,0.38,0.4,5279,0,0.0,0.18641652,-0.0061815656,0.15456311,0.0234184265136718,0.18631391,0.383015722674749,0.0031123318810380995,0.0031123318810380995,44.43614637789395
2017-09-23,996,0.3908543284713014,0.39,0.006473853141807577,0.38,0.41000000000000003,0.38,0.4,5279,0,0.009471490812653912,0.25634664,0.10938248,0.19963354,0.1156215667724609,0.23183848,0.3861280545557871,0.004726273915514334,0.004726273915514334,60.692058750311176
2017-09-24,997,0.39021026709604095,0.39,0.003553680128494048,0.38,0.4,0.38,0.4,5279,0,0.0,0.22933766,-0.14045398,0.18901181,0.249795913696289,0.18129642,0.3908543284713014,-0.0006440613752604629,0.0006440613752604629,10.878765247697286
2017-09-25,998,0.3903087706004926,0.39,0.005094237965689255,0.38,0.4,0.38,0.4,5279,0,0.0,0.27436835,-0.19495098,0.24756706,0.0545730590820312,0.19305955,0.39021026709604095,9.850350445167466e-05,9.850350445167466e-05,2.7632561613144135
2017-09-26,999,0.4014983898465619,0.4,0.0036582492682428486,0.39,0.41000000000000003,0.4,0.41000000000000003,5279,0,0.1530592915324872,0.43755,-0.40296242,0.40328568,0.2079544067382812,0.17050242,0.3903087706004926,0.01118961924606926,0.01118961924606926,95.54393826238487
2017-09-27,1000,0.39994127675696156,0.4,0.0007640575967239579,0.39,0.4,0.4,0.4,5279,0,0.0,0.43336615,-0.41459426,0.41459426,0.0116233825683593,0.1261666,0.4014983898465619,-0.001557113089600326,0.001557113089600326,24.719940253920836
2017-09-28,1001,0.3882023110437583,0.39,0.004435130122285453,0.38,0.4,0.38,0.39,5279,0,0.0,0.4621669,-0.44265962,0.44266692,0.0280494689941406,0.13285594,0.39994127675696156,-0.011738965713203264,0.011738965713203264,96.36544685088374
2017-09-29,1002,0.38701648039401404,0.39,0.004860422842855427,0.38,0.4,0.38,0.39,5279,0,0.0,0.44905785,-0.41921568,0.41921568,0.0233020782470703,0.16096897,0.3882023110437583,-0.0011858306497442572,0.0011858306497442572,19.342793129200896
2017-09-30,1003,0.39628528130327717,0.4,0.004831982198999316,0.39,0.4,0.39,0.4,5279,0,0.0,0.3966692,-0.37203762,0.37203762,0.0473651885986328,0.13760166,0.38701648039401404,0.00926880090926313,0.00926880090926313,90.56509833208862
2017-10-01,1004,0.40906232240954726,0.41000000000000003,0.002915053454208025,0.4,0.41000000000000003,0.4,0.41000000000000003,5279,0,0.9062322409547263,0.20759913,-0.16305114,0.17218092,0.208892822265625,0.12849808,0.39628528130327717,0.012777041106270093,0.012777041106270093,97.4856858352004
2017-10-02,1005,0.40398181473763967,0.4,0.00489523224898598,0.4,0.41000000000000003,0.4,0.41000000000000003,5279,0,0.39818147376397045,0.33797988,0.0375583,0.2716325,0.2007122039794922,0.33588645,0.40906232240954726,-0.005080507671907597,0.005080507671907597,64.00298730395818
2017-10-03,1006,0.39064784997158564,0.39,0.004609887351516175,0.38,0.4,0.38,0.4,5279,0,0.0,0.40570548,-0.11741166,0.35510248,0.1550865173339843,0.38834438,0.40398181473763967,-0.01333396476605403,0.01333396476605403,97.95867562857853
2017-10-04,1007,0.38303087706004924,0.38,0.005162742050688728,0.38,0.4,0.38,0.39,5279,0,0.0,0.42451015,-0.307378,0.37442574,0.1897773742675781,0.29279265,0.39064784997158564,-0.0076169729115364015,0.0076169729115364015,82.42469504605427
2017-10-05,1008,0.38455010418639896,0.38,0.006463010544102502,0.38,0.4,0.38,0.4,5279,0,0.0,0.28234157,-0.10976711,0.22872129,0.197418212890625,0.26013064,0.38303087706004924,0.0015192271263497203,0.0015192271263497203,24.14737366193677
2017-10-06,1009,0.395256677401023,0.39,0.006024940305678461,0.39,0.41000000000000003,0.39,0.41000000000000003,5279,0,0.05682894487592347,0.28928354,0.22816208,0.23367867,0.3379192352294922,0.1778394,0.38455010418639896,0.010706573214624038,0.010706573214624038,94.67264127458303
2017-10-07,1010,0.4050331502178443,0.41000000000000003,0.004999890105098002,0.4,0.41000000000000003,0.4,0.41000000000000003,5279,0,0.5033150217844289,0.4908729,0.41797706,0.42027095,0.1898365020751953,0.25739342,0.395256677401023,0.009776472816821313,0.009776472816821313,92.00896191187454
2017-10-08,1011,0.39815305929153255,0.4,0.006679017026446402,0.39,0.41000000000000003,0.39,0.41000000000000003,5279,0,0.14775525667740103,0.24353775,-0.14819339,0.20453441,0.5661239624023438,0.19326004,0.4050331502178443,-0.006880090926311755,0.006880090926311755,78.26736370425691
2017-10-09,1012,0.38812085622276943,0.39,0.00675609346914287,0.38,0.4,0.38,0.4,5279,0,0.0,0.5475455,-0.5195441,0.5195441,0.3714199066162109,0.17285848,0.39815305929153255,-0.010032203068763124,0.010032203068763124,92.60642270351008
2017-10-10,1013,0.38387005114605033,0.38,0.005176096850983168,0.38,0.4,0.38,0.39,5279,0,0.0,0.6322663,-0.6121711,0.6121711,0.0926017761230468,0.15813787,0.38812085622276943,-0.0042508050767191,0.0042508050767191,56.733881005725664
2017-10-11,1014,0.384678916461451,0.38,0.005139294104378299,0.38,0.4,0.38,0.39,5279,0,0.0,0.48353726,-0.44938862,0.44951248,0.1628246307373047,0.17848714,0.38387005114605033,0.0008088653154006975,0.0008088653154006975,13.368185212845408
2017-10-12,1015,0.3844629664709225,0.38,0.005688985811660195,0.38,0.4,0.38,0.39,5279,0,0.0,0.50192,-0.40676796,0.41724756,0.0425910949707031,0.29404676,0.384678916461451,-0.00021594999052854114,0.00021594999052854114,4.356484939009211
2017-10-13,1016,0.3867910589126729,0.39,0.006835281398028929,0.38,0.4,0.38,0.4,5279,0,0.0,0.4729752,-0.3628632,0.3892853,0.0439662933349609,0.30337435,0.3844629664709225,0.002328092441750418,0.002328092441750418,34.60293751555887
2017-10-14,1017,0.38679863610532295,0.39,0.006529936746379546,0.38,0.4,0.38,0.4,5279,0,0.0,0.4647984,-0.26200494,0.39813375,0.1008148193359375,0.38391462,0.3867910589126729,7.577192650043418e-06,7.577192650043418e-06,0.7966143888473985
2017-10-15,1018,0.38686872513733667,0.39,0.00599835846901646,0.38,0.4,0.38,0.4,5279,0,0.0,0.55566037,-0.34763777,0.47950065,0.0856590270996093,0.43348196,0.38679863610532295,7.008903201372041e-05,7.008903201372041e-05,2.215583768981827
2017-10-16,1019,0.3937772305360864,0.39,0.005454907769566047,0.38,0.4,0.39,0.4,5279,0,0.0,0.41050312,-0.11352409,0.35689846,0.2341499328613281,0.3944932,0.38686872513733667,0.006908505398749709,0.006908505398749709,78.49141150112024
2017-10-17,1020,0.4014680810759613,0.4,0.005565609833348686,0.39,0.41000000000000003,0.39,0.41000000000000003,5279,0,0.23906042811138473,0.30810285,0.06826482,0.24970512,0.1817970275878906,0.3004449,0.3937772305360864,0.007690850539874949,0.007690850539874949,82.74831964152352
2017-10-18,1021,0.4037772305360864,0.4,0.00584062535592661,0.39,0.41000000000000003,0.39,0.41000000000000003,5279,0,0.43076340215949993,0.28266314,0.22684845,0.23935919,0.158517837524414,0.1686371,0.4014680810759613,0.0023091494601250595,0.0023091494601250595,34.403783918347024
2017-10-19,1022,0.40674180716044706,0.41000000000000003,0.004686801448303033,0.4,0.41000000000000003,0.4,0.41000000000000003,5279,0,0.6741807160447054,0.250207,0.19089727,0.19573121,0.0358867645263671,0.1617459,0.4037772305360864,0.002964576624360671,0.002964576624360671,42.34503360716953
2017-10-20,1023,0.4100000000000001,0.41000000000000003,5.551115123125783e-17,0.41000000000000003,0.41000000000000003,0.41000000000000003,0.41000000000000003,5279,0,1.0,0.27752173,-0.16980593,0.21548964,0.3607749938964844,0.21950908,0.40674180716044706,0.0032581928395530313,0.0032581928395530313,46.10405775454319
2017-10-21,1024,0.4100000000000001,0.41000000000000003,5.551115123125783e-17,0.41000000000000003,0.41000000000000003,0.41000000000000003,0.41000000000000003,5279,0,1.0,0.6172522,-0.60445786,0.60445786,0.434640884399414,0.12502205,0.4100000000000001,0.0,0.0,0.5227781926811054
2017-10-22,1025,0.40952263686304224,0.41000000000000003,0.002132077814023548,0.4,0.41000000000000003,0.41000000000000003,0.41000000000000003,5279,0,0.9522636863042243,0.58912504,-0.5703114,0.5703114,0.0342521667480468,0.14768659,0.4100000000000001,-0.0004773631369578424,0.0004773631369578424,8.538710480458054
2017-10-23,1026,0.4094544421291912,0.41000000000000003,0.002271111031563001,0.4,0.41000000000000003,0.4,0.41000000000000003,5279,0,0.9454442129191135,0.13357505,0.014891311,0.107224494,0.5851249694824219,0.13274243,0.40952263686304224,-6.81947338510569e-05,6.81947338510569e-05,2.1409011700273837
2017-10-24,1027,0.4076927448380375,0.41000000000000003,0.004212971070067108,0.4,0.41000000000000003,0.4,0.41000000000000003,5279,0,0.7692744838037507,0.4300327,0.40257463,0.40584052,0.3877449035644531,0.15120134,0.4094544421291912,-0.0017616972911536632,0.0017616972911536632,27.159571819765993
2017-10-25,1028,0.40182420913051725,0.4,0.007831006150892335,0.39,0.41000000000000003,0.39,0.41000000000000003,5279,0,0.41447243796173516,0.19400162,0.041487053,0.15601866,0.3611087799072265,0.18951361,0.4076927448380375,-0.005868535707520273,0.005868535707520273,70.10206621857107
2017-10-26,1029,0.3995055881795795,0.4,0.009743923214958154,0.38,0.41000000000000003,0.38,0.41000000000000003,5279,0,0.3750710361810949,0.50347096,-0.3782166,0.43830952,0.4198513031005859,0.33231825,0.40182420913051725,-0.0023186209509377664,0.0023186209509377664,34.503360716952955
2017-10-27,1030,0.39994695965144916,0.4,0.006366723442995182,0.39,0.41000000000000003,0.39,0.41000000000000003,5279,0,0.20003788596325062,0.8379631,-0.61047995,0.7217751,0.2321834564208984,0.5740177,0.3995055881795795,0.0004413714718696782,0.0004413714718696782,8.015932287776947
2017-10-28,1031,0.39124455389278273,0.39,0.006642485551853057,0.38,0.41000000000000003,0.38,0.4,5279,0,0.004735745406326956,0.38145322,-0.12618445,0.339602,0.4843120574951172,0.359978,0.39994695965144916,-0.008702405758666432,0.008702405758666432,88.17525516554643
2017-10-29,1032,0.3776775904527373,0.38,0.00803392195975412,0.37,0.4,0.37,0.39,5279,0,0.0,0.13600755,-0.09382758,0.11128723,0.0324020385742187,0.09846023,0.39124455389278273,-0.013566963440045432,0.013566963440045432,98.30719442369927
2017-10-30,1033,0.37758098124644823,0.38,0.007925695973332918,0.37,0.4,0.37,0.39,5279,0,0.0,0.2416997,-0.21120997,0.22243448,0.1173820495605468,0.11751141,0.3776775904527373,-9.660920628906666e-05,9.660920628906666e-05,2.6387851630570074
2017-10-31,1034,0.38292858495927257,0.38,0.004999035264565341,0.38,0.4,0.38,0.39,5279,0,0.0,0.27276313,-0.22014377,0.25031707,0.0089397430419921,0.16104744,0.37758098124644823,0.005347603712824334,0.005347603712824334,66.49240726910631
2017-11-01,1035,0.382741049441182,0.38,0.004866799636093276,0.37,0.4,0.38,0.39,5279,0,0.0,0.29055327,0.23602737,0.24072501,0.4561824798583984,0.16944706,0.38292858495927257,-0.00018753551809058688,0.00018753551809058688,3.9830719442369924
2017-11-02,1036,0.37970070089032015,0.38,0.005318553047366926,0.37,0.39,0.37,0.39,5279,0,0.0,0.21388346,-0.019358568,0.17276314,0.2554283142089844,0.21300557,0.382741049441182,-0.0030403485508618266,0.0030403485508618266,43.46527259148618
2017-11-03,1037,0.3874938435309718,0.39,0.005386088981876971,0.38,0.4,0.38,0.4,5279,0,0.0,0.24614114,0.12176214,0.21023983,0.1410770416259765,0.21391477,0.37970070089032015,0.0077931426406516735,0.0077931426406516735,83.39556883246205
2017-11-04,1038,0.38420913051714334,0.38,0.00531402801203089,0.38,0.4,0.38,0.39,5279,0,0.0,0.1584293,0.087754406,0.12305432,0.0339889526367187,0.1319055,0.3874938435309718,-0.0032847130138284886,0.0032847130138284886,46.30321135175504
2017-11-05,1039,0.38288122750520925,0.38,0.006113105328868669,0.37,0.4,0.38,0.39,5279,0,0.0,0.13498713,-0.005480995,0.112563014,0.09320068359375,0.13487582,0.38420913051714334,-0.001327903011934084,0.001327903011934084,21.73263629574309
2017-11-06,1040,0.3828774389088842,0.38,0.004572907172711727,0.38,0.4,0.38,0.39,5279,0,0.0,0.13679582,0.019394292,0.10836536,0.0248317718505859,0.135414,0.38288122750520925,-3.7885963250494648e-06,3.7885963250494648e-06,0.6721433905899925
2017-11-07,1041,0.3849460125023679,0.38,0.00513798267711874,0.38,0.4,0.38,0.39,5279,0,0.0,0.1647858,0.06854892,0.12506922,0.0493011474609375,0.14985162,0.3828774389088842,0.002068573593483669,0.002068573593483669,31.41647996016928
2017-11-08,1042,0.38133737450274674,0.38,0.004263488251710964,0.37,0.39,0.38,0.39,5279,0,0.0,0.16696183,0.07211447,0.12952204,0.0034675598144531,0.15058477,0.3849460125023679,-0.0036086379996211337,0.0036086379996211337,49.464774707493156
2017-11-09,1043,0.3761223716612994,0.38,0.005357550096801945,0.37,0.39,0.37,0.38,5279,0,0.0,0.2093739,0.13386554,0.1562119,0.0617542266845703,0.16098905,0.38133737450274674,-0.005215002841447325,0.005215002841447325,65.2974856858352
2017-11-10,1044,0.3757359348361432,0.38,0.005199485110854034,0.37,0.39,0.37,0.38,5279,0,0.0,0.24579452,0.21333197,0.21485652,0.0793533325195312,0.12208377,0.3761223716612994,-0.00038643682515621114,0.00038643682515621114,7.194423699278069
2017-11-11,1045,0.3815154385300246,0.38,0.005299810240820948,0.37,0.39,0.37,0.39,5279,0,0.0,0.19637862,0.14007886,0.15925206,0.0731620788574218,0.13763204,0.3757359348361432,0.005779503693881416,0.005779503693881416,69.47971122728404
2017-11-12,1046,0.3968952453116121,0.4,0.004626882882547665,0.39,0.4,0.39,0.4,5279,0,0.0,0.16388306,0.09523872,0.1212118,0.0448246002197265,0.13336878,0.3815154385300246,0.015379806781587457,0.015379806781587457,99.22827981080408
2017-11-13,1047,0.39798446675506727,0.4,0.005579756768748333,0.39,0.41000000000000003,0.39,0.41000000000000003,5279,0,0.07520363705247206,0.32986593,0.12286916,0.24289425,0.0276336669921875,0.3061286,0.3968952453116121,0.0010892214434551906,0.0010892214434551906,17.94871794871795
2017-11-14,1048,0.38430763402159496,0.38,0.005492325361473869,0.38,0.4,0.38,0.39,5279,0,0.0,0.3686954,0.27023542,0.28344867,0.1472148895263672,0.25081682,0.39798446675506727,-0.01367683273347231,0.01367683273347231,98.38187702265373
2017-11-15,1049,0.37904337942792193,0.38,0.00637985953700224,0.37,0.4,0.37,0.39,5279,0,0.0,0.26648548,0.22963086,0.23602976,0.040567398071289,0.1352196,0.38430763402159496,-0.005264254593673023,0.005264254593673023,65.72068707991038
2017-11-16,1050,0.3772987308202311,0.38,0.006497699499591021,0.37,0.39,0.37,0.39,5279,0,0.0,0.28771698,0.24514593,0.24824919,0.015634536743164,0.15061396,0.37904337942792193,-0.0017446486076908574,0.0017446486076908574,26.91062982325118
2017-11-17,1051,0.3768819852244743,0.38,0.005811288124960803,0.37,0.39,0.37,0.39,5279,0,0.0,0.21456118,0.15034874,0.16412915,0.0948562622070312,0.15307419,0.3772987308202311,-0.0004167455957567734,0.0004167455957567734,7.617625093353249
2017-11-18,1052,0.37937867020268984,0.38,0.00481052309646331,0.37,0.39,0.37,0.39,5279,0,0.0,0.1311668,0.027606655,0.09467394,0.1226882934570312,0.12822857,0.3768819852244743,0.0024966849782155354,0.0024966849782155354,36.76873288523774
2017-11-19,1053,0.3823489297215381,0.38,0.004789038271353342,0.37,0.4,0.38,0.39,5279,0,0.0,0.12451951,0.054307595,0.08927092,0.0267333984375,0.11205264,0.37937867020268984,0.0029702595188482728,0.0029702595188482728,42.44461040577546
2017-11-20,1054,0.38442886910399693,0.38,0.0063914877616751894,0.37,0.4,0.38,0.4,5279,0,0.0,0.122678086,0.03187919,0.098235786,0.0224819183349609,0.11846356,0.3823489297215381,0.0020799393824588175,0.0020799393824588175,31.590739357729646
2017-11-21,1055,0.3844989581360106,0.38,0.006771369033003816,0.37,0.4,0.38,0.4,5279,0,0.0,0.13773285,0.07085223,0.10135299,0.0389995574951171,0.118111596,0.38442886910399693,7.00890320136649e-05,7.00890320136649e-05,2.190689569330346
2017-11-22,1056,0.38415798446675503,0.38,0.00536651092131541,0.38,0.4,0.38,0.39,5279,0,0.0,0.1952188,0.1057011,0.14633243,0.0348739624023437,0.16412707,0.3844989581360106,-0.00034097366925556205,0.00034097366925556205,6.596962907642519
2017-11-23,1057,0.3855161962492897,0.39,0.005145512194305605,0.38,0.4,0.38,0.39,5279,0,0.0,0.31435755,0.2600294,0.26098913,0.1543731689453125,0.17665023,0.38415798446675503,0.0013582117825346463,0.0013582117825346463,22.205626089121235
2017-11-24,1058,0.37882553513923084,0.38,0.004730235855531382,0.37,0.39,0.37,0.39,5279,0,0.0,0.3074417,0.28070837,0.28070837,0.0205287933349609,0.12539236,0.3855161962492897,-0.006690661110058838,0.006690661110058838,76.89818272342545
2017-11-25,1059,0.3723602955105134,0.37,0.004391149848895434,0.37,0.39,0.37,0.38,5279,0,0.0,0.3355832,0.3057301,0.3057332,0.0249958038330078,0.13836792,0.37882553513923084,-0.006465239628717423,0.006465239628717423,75.1058003485188
2017-11-26,1060,0.3724644819094526,0.37,0.004660008901526663,0.37,0.39,0.37,0.38,5279,0,0.0,0.23958217,0.18996325,0.19176768,0.1156730651855468,0.14599167,0.3723602955105134,0.00010418639893916559,0.00010418639893916559,2.8628329599203384
2017-11-27,1061,0.3795093767759045,0.38,0.004635395212514924,0.37,0.39,0.37,0.39,5279,0,0.0,0.18184939,0.13894792,0.14146681,0.0511112213134765,0.117314264,0.3724644819094526,0.007044894866451934,0.007044894866451934,79.26313169031616
2017-11-28,1062,0.38176548588747866,0.38,0.0064635846117377625,0.37,0.4,0.37,0.39,5279,0,0.0,0.20098232,0.13139856,0.16654284,0.00738525390625,0.15208004,0.3795093767759045,0.002256109111574145,0.002256109111574145,33.83121732636295
2017-11-29,1063,0.3826728547073309,0.38,0.006005396639758783,0.37,0.4,0.37,0.39,5279,0,0.0,0.3469987,0.2971584,0.29945204,0.1656665802001953,0.17917882,0.38176548588747866,0.0009073688198522611,0.0009073688198522611,14.886731391585762
2017-11-30,1064,0.38765675317294945,0.39,0.005389086175823655,0.38,0.4,0.38,0.4,5279,0,0.0,0.5026754,0.47528505,0.47528505,0.178131103515625,0.16366392,0.3826728547073309,0.00498389846561853,0.00498389846561853,62.808065720687075
2017-12-01,1065,0.3869369198711877,0.39,0.005340641006163622,0.38,0.4,0.38,0.39,5279,0,0.0,0.28312758,0.20203076,0.23791026,0.273284912109375,0.19835544,0.38765675317294945,-0.0007198333017617298,0.0007198333017617298,12.123475230271346
2017-12-02,1066,0.3866622466376208,0.39,0.005376324548223153,0.38,0.4,0.38,0.39,5279,0,0.0,0.39507207,0.35502902,0.35894784,0.1530399322509765,0.17330872,0.3869369198711877,-0.0002746732335669466,0.0002746732335669466,5.202887727159572
2017-12-03,1067,0.38200985035044516,0.38,0.005819399264619715,0.37,0.4,0.37,0.39,5279,0,0.0,0.28860807,0.2575909,0.2595826,0.097412109375,0.13016002,0.3866622466376208,-0.00465239628717562,0.00465239628717562,59.97012696041823
2017-12-04,1068,0.37903769653343433,0.38,0.004641158071629415,0.37,0.39,0.37,0.39,5279,0,0.0,0.22275509,0.17655206,0.18694988,0.0810661315917968,0.1358274,0.38200985035044516,-0.0029721538170108253,0.0029721538170108253,42.49439880507842
2017-12-05,1069,0.3773044137147186,0.38,0.005524949132896384,0.37,0.39,0.37,0.39,5279,0,0.0,0.33596554,0.31313935,0.31313935,0.1365623474121093,0.12172478,0.37903769653343433,-0.001733282818715709,0.001733282818715709,26.736370425690815
2017-12-06,1070,0.3834211024815306,0.38,0.0049397753783650905,0.38,0.4,0.38,0.39,5279,0,0.0,0.33995074,0.31892014,0.3189634,0.0058727264404296,0.117711924,0.3773044137147186,0.006116688766811984,0.006116688766811984,72.3176499875529
2017-12-07,1071,0.3824152301572267,0.38,0.0052860192513408755,0.37,0.4,0.38,0.39,5279,0,0.0,0.2605985,0.19646862,0.21587533,0.1225147247314453,0.17120716,0.3834211024815306,-0.0010058723243038803,0.0010058723243038803,16.529748568583518
2017-12-08,1072,0.3813279030119341,0.38,0.006597677065225873,0.37,0.4,0.37,0.39,5279,0,0.0,0.25941476,0.16774744,0.20814091,0.0287666320800781,0.19788074,0.3824152301572267,-0.001087327145292638,0.001087327145292638,17.874035349763506
2017-12-09,1073,0.38601250236787277,0.39,0.006036499056945572,0.38,0.4,0.38,0.4,5279,0,0.0,0.24187925,0.17144169,0.19543335,0.0037460327148437,0.17062584,0.3813279030119341,0.004684599355938679,0.004684599355938679,60.21906895693303
2017-12-10,1074,0.392184125781398,0.39,0.005410187848098328,0.38,0.4,0.38,0.4,5279,0,0.0,0.32597876,0.2924791,0.29252964,0.121002197265625,0.14393853,0.38601250236787277,0.006171623413525229,0.006171623413525229,73.01468757779438
2017-12-11,1075,0.38530214055692363,0.38,0.005749277622688287,0.38,0.4,0.38,0.39,5279,0,0.0,0.3815666,0.3373206,0.33735844,0.0449066162109375,0.17834824,0.392184125781398,-0.006881985224474363,0.006881985224474363,78.31715210355988
2017-12-12,1076,0.37953968554650497,0.38,0.005294534560019193,0.37,0.4,0.37,0.39,5279,0,0.0,0.4313066,0.4090392,0.4090392,0.0716476440429687,0.13679266,0.38530214055692363,-0.005762455010418666,0.005762455010418666,69.38013442867812
2017-12-13,1077,0.37257245690471685,0.37,0.005147309720078342,0.37,0.39,0.37,0.38,5279,0,0.0,0.3215539,0.28842854,0.28842854,0.1205730438232421,0.14214724,0.37953968554650497,-0.006967228641788115,0.006967228641788115,78.83993029624098
2017-12-14,1078,0.3727959840878955,0.37,0.005399923435830962,0.37,0.39,0.37,0.38,5279,0,0.0,0.2457122,0.18779732,0.1925555,0.1005687713623046,0.15845072,0.37257245690471685,0.00022352718317864007,0.00022352718317864007,4.4062733383121735
2017-12-15,1079,0.3825023678727031,0.38,0.004982327556152168,0.37,0.4,0.38,0.39,5279,0,0.0,0.35651124,0.295723,0.308264,0.1078834533691406,0.19911727,0.3727959840878955,0.009706383784807593,0.009706383784807593,91.83470251431416
2017-12-16,1080,0.3874654290585339,0.39,0.0049717413382718645,0.38,0.4,0.38,0.39,5279,0,0.0,0.19960482,0.12627377,0.15374547,0.1694240570068359,0.1545866,0.3825023678727031,0.004963061185830786,0.004963061185830786,62.70848892208115
2017-12-17,1081,0.38082780829702595,0.38,0.002755506558445203,0.38,0.39,0.38,0.39,5279,0,0.0,0.1343185,0.032888245,0.10640882,0.0934524536132812,0.13022985,0.3874654290585339,-0.006637620761507923,0.006637620761507923,76.4251929300473
2017-12-18,1082,0.37635347603712827,0.38,0.005293156516956445,0.37,0.39,0.37,0.38,5279,0,0.0,0.15560754,0.08153159,0.12259869,0.0486278533935546,0.13253802,0.38082780829702595,-0.004474332259897684,0.004474332259897684,58.57605177993528
2017-12-19,1083,0.3755465050198901,0.38,0.0055224889896295076,0.37,0.39,0.37,0.38,5279,0,0.0,0.13843036,0.03177395,0.10483277,0.0497093200683593,0.13473448,0.37635347603712827,-0.000806971017238145,0.000806971017238145,13.343291013193925
2017-12-20,1084,0.3754385300246259,0.38,0.005583236807050648,0.37,0.39,0.37,0.38,5279,0,0.0,0.12185248,0.028616663,0.08974496,0.0031280517578125,0.118444435,0.3755465050198901,-0.00010797499526421506,0.00010797499526421506,2.8877271595718197
2017-12-21,1085,0.3757776093957189,0.38,0.005803221917529141,0.37,0.39,0.37,0.38,5279,0,0.0,0.15366293,0.09288533,0.1128803,0.0642948150634765,0.12241141,0.3754385300246259,0.00033907937109300956,0.00033907937109300956,6.522280308688076
2017-12-22,1086,0.3797670013260087,0.38,0.004229032420907275,0.37,0.39,0.37,0.39,5279,0,0.0,0.13303117,0.04009228,0.0959415,0.0528793334960937,0.12684606,0.3757776093957189,0.0039893919302897984,0.0039893919302897984,53.871048045805324
2017-12-23,1087,0.37946770221632886,0.38,0.006423287147076559,0.37,0.39,0.37,0.39,5279,0,0.0,0.13721819,0.038189158,0.101871714,0.001871109008789,0.13179691,0.3797670013260087,-0.0002992991096798514,0.0002992991096798514,5.725665919840677
2017-12-24,1088,0.3832657700322031,0.38,0.006480450217008089,0.37,0.4,0.37,0.39,5279,0,0.0,0.09246194,0.028133158,0.06859968,0.0100898742675781,0.08807808,0.37946770221632886,0.0037980678158742176,0.0037980678158742176,51.48120487926313
2017-12-25,1089,0.383261981435878,0.38,0.00638816211490624,0.37,0.4,0.37,0.39,5279,0,0.0,0.14092539,0.014059689,0.11534761,0.0140514373779296,0.14022234,0.3832657700322031,-3.788596325104976e-06,3.788596325104976e-06,0.7219317898929549
2017-12-26,1090,0.3808770600492517,0.38,0.0041299045242500715,0.37,0.39,0.38,0.39,5279,0,0.0,0.144678,-0.044799335,0.11486544,0.0588703155517578,0.13756755,0.383261981435878,-0.002384921386626271,0.002384921386626271,35.37465770475479
2017-12-27,1091,0.3792782724000758,0.38,0.004995740141114896,0.37,0.39,0.37,0.39,5279,0,0.0,0.11408449,-0.051191743,0.09723163,0.006387710571289,0.10195426,0.3808770600492517,-0.0015987876491759256,0.0015987876491759256,25.292506845904906
2017-12-28,1092,0.37344762265580606,0.37,0.00557803426958116,0.37,0.39,0.37,0.38,5279,0,0.0,0.11293157,-0.04876377,0.09148963,0.002389907836914,0.101860866,0.3792782724000758,-0.0058306497442697225,0.0058306497442697225,69.82823002240478
2017-12-29,1093,0.3739458230725516,0.37,0.0055993076148758624,0.36,0.39,0.37,0.38,5279,0,0.0,0.2077101,-0.18704541,0.18858649,0.1382465362548828,0.09031865,0.37344762265580606,0.0004982004167455312,0.0004982004167455312,8.88722927557879
2017-12-30,1094,0.37993559386247394,0.38,0.005134635553949035,0.37,0.39,0.37,0.39,5279,0,0.0,0.118400574,-0.006026396,0.09681973,0.1810207366943359,0.11824715,0.3739458230725516,0.005989770789922355,0.005989770789922355,71.2720936021907
2017-12-31,1095,0.381877249479068,0.38,0.004185879474979652,0.37,0.39,0.38,0.39,5279,0,0.0,0.25464752,0.17003478,0.20752548,0.1760730743408203,0.18956164,0.37993559386247394,0.0019416556165940402,0.0019416556165940402,29.449838187702266
2018-01-01,1096,0.3871452926690661,0.39,0.004615948708777645,0.38,0.4,0.38,0.39,5279,0,0.0,0.33699024,0.24521823,0.28971863,0.0751552581787109,0.23115027,0.381877249479068,0.005268043189998128,0.005268043189998128,65.77047547921335
2018-01-02,1097,0.38426974805834435,0.38,0.00579958060624708,0.37,0.4,0.38,0.39,5279,0,0.0,0.33223534,0.27007562,0.27967542,0.0249347686767578,0.19349383,0.3871452926690661,-0.0028755446107217586,0.0028755446107217586,41.37415982076176
2018-01-03,1098,0.3776075014207236,0.38,0.005140251974982154,0.37,0.39,0.37,0.38,5279,0,0.0,0.32227108,0.2771355,0.27909496,0.0069694519042968,0.16448233,0.38426974805834435,-0.006662246637620772,0.006662246637620772,76.57455812795618
2018-01-04,1099,0.37356317484372037,0.37,0.00482457325983736,0.37,0.39,0.37,0.38,5279,0,0.0,0.1445036,-0.003325515,0.109652795,0.2803859710693359,0.14446524,0.3776075014207236,-0.00404432657700321,0.00404432657700321,54.41872043813791
2018-01-05,1100,0.3776813790490623,0.38,0.005068578375775375,0.37,0.39,0.37,0.38,5279,0,0.0,0.19239505,-0.14519343,0.17135182,0.1418361663818359,0.12623307,0.37356317484372037,0.004118204205341924,0.004118204205341924,55.33980582524271
2018-01-06,1101,0.3823015722674749,0.38,0.006778165710134873,0.37,0.4,0.37,0.39,5279,0,0.0,0.29212898,-0.25836748,0.26328135,0.1132564544677734,0.1363295,0.3776813790490623,0.004620193218412616,0.004620193218412616,59.77097336320637
2018-01-07,1102,0.3788804697859443,0.38,0.008402224788983517,0.37,0.4,0.37,0.39,5279,0,0.0,0.27829504,-0.22111401,0.22146665,0.0372905731201171,0.16898733,0.3823015722674749,-0.0034211024815306024,0.0034211024815306024,47.74707493154095
2018-01-08,1103,0.3779446864936541,0.38,0.007414344473365071,0.37,0.4,0.37,0.39,5279,0,0.0,0.27287036,-0.22022708,0.22803514,0.0008792877197265,0.16111602,0.3788804697859443,-0.0009357832922902154,0.0009357832922902154,15.334826985312421
2018-01-09,1104,0.37981435878007197,0.38,0.004936000169252444,0.37,0.39,0.37,0.39,5279,0,0.0,0.28151378,0.23138648,0.23693383,0.4516010284423828,0.16034514,0.3779446864936541,0.0018696722864178783,0.0018696722864178783,28.553647000248944
2018-01-10,1105,0.3735896950179959,0.37,0.005475587374505822,0.37,0.39,0.37,0.38,5279,0,0.0,0.25515795,0.16384524,0.22554319,0.0675487518310546,0.19560239,0.37981435878007197,-0.006224663762076088,0.006224663762076088,73.46278317152104
2018-01-11,1106,0.3730536086379997,0.37,0.006136291120595368,0.36,0.39,0.36,0.38,5279,0,0.0,0.24156375,0.17439522,0.21498531,0.0105800628662109,0.1671508,0.3735896950179959,-0.0005360863799961924,0.0005360863799961924,9.210853871048046
2018-01-12,1107,0.3728395529456337,0.37,0.004953565427658961,0.37,0.39,0.37,0.38,5279,0,0.0,0.15103784,0.095488176,0.12866727,0.0789546966552734,0.117023036,0.3730536086379997,-0.00021405569236598865,0.00021405569236598865,4.33159073935773
2018-01-13,1108,0.3728793332070468,0.37,0.0049478074431590635,0.37,0.39,0.37,0.38,5279,0,0.0,0.1596831,-0.10250589,0.13379394,0.197946548461914,0.12243876,0.3728395529456337,3.978026141310265e-05,3.978026141310265e-05,1.5434403783918347
2018-01-14,1109,0.377908694828566,0.38,0.005886338830552286,0.37,0.39,0.37,0.39,5279,0,0.0,0.16404466,-0.10997172,0.1390731,0.0074691772460937,0.121724375,0.3728793332070468,0.005029361621519179,0.005029361621519179,63.20637291511078
2018-01-15,1110,0.38841257813979924,0.39,0.005513890994800468,0.38,0.4,0.38,0.4,5279,0,0.0,0.10423745,-0.045123827,0.08211989,0.0648612976074218,0.0939643,0.377908694828566,0.010503883311233253,0.010503883311233253,94.0253920836445
2018-01-16,1111,0.4051809054745217,0.41000000000000003,0.0066720634174598364,0.39,0.41000000000000003,0.39,0.41000000000000003,5279,0,0.6158363326387574,0.30723274,-0.2865064,0.28731272,0.2414894104003906,0.110932805,0.38841257813979924,0.016768327334722444,0.016768327334722444,99.62658700522779
2018-01-17,1112,0.4051581738965713,0.41000000000000003,0.006757271413320592,0.39,0.41000000000000003,0.39,0.41000000000000003,5279,0,0.6192460693313128,0.24521711,-0.12044621,0.19712532,0.1661949157714843,0.21359783,0.4051809054745217,-2.27315779503523e-05,2.27315779503523e-05,1.219815782922579
2018-01-18,1113,0.40450653532866077,0.41000000000000003,0.006718566874488288,0.39,0.41000000000000003,0.39,0.41000000000000003,5279,0,0.5525667740102292,0.25677845,-0.21893518,0.22471903,0.0984725952148437,0.13417362,0.4051581738965713,-0.0006516385679105619,0.0006516385679105619,10.978342046303212
2018-01-19,1114,0.40352718317863234,0.41000000000000003,0.008835640612320884,0.38,0.41000000000000003,0.38,0.41000000000000003,5279,0,0.5751089221443455,0.27238214,-0.21030821,0.23443651,0.0084495544433593,0.17309637,0.40450653532866077,-0.000979352150028423,0.000979352150028423,16.181229773462782
2018-01-20,1115,0.3971812843341542,0.4,0.007460923152861127,0.38,0.41000000000000003,0.38,0.41000000000000003,5279,0,0.10911157416177307,0.5013642,0.4067334,0.41765755,0.6170940399169922,0.2931453,0.40352718317863234,-0.006345898844478115,0.006345898844478115,74.3091859596714
2018-01-21,1116,0.3849194923280924,0.38,0.005500878784939698,0.38,0.4,0.38,0.39,5279,0,0.0,0.73255277,0.6088722,0.61039925,0.2021713256835937,0.40731683,0.3971812843341542,-0.012261792006061811,0.012261792006061811,96.91311924321633
2018-01-22,1117,0.3796514491380943,0.38,0.0074647452821963315,0.37,0.4,0.37,0.39,5279,0,0.0,0.5717678,0.42105284,0.44157287,0.1877632141113281,0.38682345,0.3849194923280924,-0.005268043189998128,0.005268043189998128,65.77047547921335
2018-01-23,1118,0.3796969122939951,0.38,0.0056331471641513035,0.37,0.4,0.37,0.39,5279,0,0.0,0.29229578,0.003245246,0.2333639,0.4178199768066406,0.29227778,0.3796514491380943,4.546315590081562e-05,4.546315590081562e-05,1.6928055763007221
2018-01-24,1119,0.3830270884637242,0.38,0.006087496250392199,0.37,0.4,0.38,0.39,5279,0,0.0,0.24652223,-0.058372363,0.20072716,0.0616054534912109,0.23951179,0.3796969122939951,0.003330176169729082,0.003330176169729082,46.7513069454817
2018-01-25,1120,0.3881322220117447,0.39,0.007154079280887741,0.37,0.4,0.38,0.4,5279,0,0.0,0.17885178,-0.0028802573,0.14210649,0.0553493499755859,0.17882863,0.3830270884637242,0.005105133548020502,0.005105133548020502,64.12745830221557
2018-01-26,1121,0.3946789164614511,0.39,0.006603981466288127,0.38,0.41000000000000003,0.38,0.4,5279,0,0.039590831596893354,0.35886627,0.30701125,0.3090085,0.309976577758789,0.18582013,0.3881322220117447,0.006546694449706403,0.006546694449706403,75.6285785411999
2018-01-27,1122,0.39680431899981067,0.4,0.007090314751450478,0.38,0.41000000000000003,0.39,0.41000000000000003,5279,0,0.10930100397802614,0.6503883,0.63132864,0.63132864,0.3243255615234375,0.15629874,0.3946789164614511,0.0021254025383595776,0.0021254025383595776,32.13841175006223
2018-01-28,1123,0.40165182799772686,0.4,0.009507637032193601,0.38,0.41000000000000003,0.38,0.41000000000000003,5279,0,0.4760371282439856,0.2119656,0.15405378,0.17625068,0.4772834777832031,0.1455913,0.39680431899981067,0.0048475089979161945,0.0048475089979161945,61.66293253671894
2018-01-29,1124,0.4019492328092442,0.4,0.006746041255880549,0.39,0.41000000000000003,0.39,0.41000000000000003,5279,0,0.3440045463155901,0.20394787,-0.114013374,0.16229376,0.2680320739746094,0.16910256,0.40165182799772686,0.00029740481151735443,0.00029740481151735443,5.700771720189196
2018-01-30,1125,0.3984542526993748,0.4,0.005935606691019172,0.39,0.41000000000000003,0.39,0.41000000000000003,5279,0,0.11081644250805077,0.14736728,-0.07766312,0.1254079,0.036376953125,0.12524216,0.4019492328092442,-0.0034949801098694278,0.0034949801098694278,48.46900672143391
2018-01-31,1126,0.3912483424891078,0.39,0.00708877251540104,0.38,0.4,0.38,0.4,5279,0,0.0,0.1638897,-0.09103305,0.13266392,0.0133571624755859,0.13628185,0.3984542526993748,-0.007205910210267008,0.007205910210267008,80.35847647498133
2018-02-01,1127,0.3837601818526236,0.38,0.006896254315846233,0.37,0.4,0.37,0.4,5279,0,0.0,0.2648583,-0.16872019,0.22480047,0.0776386260986328,0.2041653,0.3912483424891078,-0.007488160636484165,0.007488160636484165,81.75255165546427
2018-02-02,1128,0.3809793521500284,0.38,0.005846374969259224,0.37,0.4,0.37,0.39,5279,0,0.0,0.29510573,-0.12177411,0.23690538,0.0468158721923828,0.2688092,0.3837601818526236,-0.002780829702595189,0.002780829702595189,39.98008464027881
2018-02-03,1129,0.37989013070657324,0.38,0.006527605793497687,0.37,0.4,0.37,0.39,5279,0,0.0,0.3216782,-0.1574956,0.25175482,0.0357265472412109,0.2804854,0.3809793521500284,-0.0010892214434551906,0.0010892214434551906,17.94871794871795
2018-02-04,1130,0.37410115552187917,0.37,0.006070089812338639,0.37,0.39,0.37,0.39,5279,0,0.0,0.22727324,-0.08379656,0.18892087,0.073740005493164,0.2112612,0.37989013070657324,-0.005788975184694067,0.005788975184694067,69.60418222554145
2018-02-05,1131,0.370734987687062,0.37,0.005232757209690806,0.36,0.39,0.36,0.38,5279,0,0.0,0.18277277,-0.11713587,0.15349028,0.0333576202392578,0.14030348,0.37410115552187917,-0.003366167834817191,0.003366167834817191,47.1496141399054
2018-02-06,1132,0.3713714718696723,0.37,0.003451022389658131,0.37,0.39,0.37,0.38,5279,0,0.0,0.17778976,-0.13807687,0.14950916,0.0209484100341796,0.112000145,0.370734987687062,0.0006364841826103085,0.0006364841826103085,10.679611650485436
2018-02-07,1133,0.37990528509187343,0.38,0.004209710190436717,0.37,0.39,0.37,0.39,5279,0,0.0,0.16242981,-0.12660152,0.13937972,0.0115261077880859,0.10176214,0.3713714718696723,0.008533813222201148,0.008533813222201148,87.25416977844162
2018-02-08,1134,0.3854820988823641,0.39,0.005424716964731808,0.38,0.4,0.38,0.39,5279,0,0.0,0.4615538,-0.43099713,0.43099713,0.3044471740722656,0.16514762,0.37990528509187343,0.005576813790490687,0.005576813790490687,68.08563604680108
2018-02-09,1135,0.3864481909452548,0.39,0.005213814039012292,0.38,0.4,0.38,0.39,5279,0,0.0,0.38110033,-0.34486303,0.3464481,0.0862579345703125,0.16219483,0.3854820988823641,0.0009660920628906666,0.0009660920628906666,15.93228777694797
2018-02-10,1136,0.3782212540253836,0.38,0.0056513191123384095,0.37,0.39,0.37,0.39,5279,0,0.0,0.16078822,-0.0032502518,0.12710696,0.3414077758789062,0.16075526,0.3864481909452548,-0.008226936919871197,0.008226936919871197,85.73562359970127
2018-02-11,1137,0.38394771737071415,0.38,0.0049150689731536435,0.37,0.4,0.38,0.39,5279,0,0.0,0.20507304,0.02003,0.15915753,0.0233192443847656,0.20409247,0.3782212540253836,0.005726463345330557,0.005726463345330557,68.98182723425442
2018-02-12,1138,0.3802140556923659,0.38,0.003241206708289707,0.37,0.39,0.38,0.39,5279,0,0.0,0.22055455,0.18234625,0.19391327,0.1624259948730468,0.12407298,0.38394771737071415,-0.0037336616783482657,0.0037336616783482657,50.833955688324615
2018-02-13,1139,0.3720250047357454,0.37,0.004143950311650634,0.37,0.39,0.37,0.38,5279,0,0.0,0.13191968,0.038288802,0.10482074,0.1441097259521484,0.12624085,0.3802140556923659,-0.00818905095662048,0.00818905095662048,85.53647000248942
2018-02-14,1140,0.37196817579086955,0.37,0.003975932842105125,0.37,0.38,0.37,0.38,5279,0,0.0,0.18934415,-0.14497808,0.15567744,0.1832275390625,0.121789366,0.3720250047357454,-5.6828944875852994e-05,5.6828944875852994e-05,1.9666417724670153
2018-02-15,1141,0.3748115173328282,0.37,0.005667885085156739,0.37,0.39,0.37,0.38,5279,0,0.0,0.23638976,-0.20348841,0.2050199,0.0585651397705078,0.12030196,0.37196817579086955,0.002843341541958644,0.002843341541958644,40.95095842668658
2018-02-16,1142,0.3779560522826293,0.38,0.006277744694433537,0.37,0.39,0.37,0.39,5279,0,0.0,0.24135071,-0.20662656,0.21039213,0.0031089782714843,0.124722235,0.3748115173328282,0.0031445349498011033,0.0031445349498011033,44.78466517301469
2018-02-17,1143,0.382187914377723,0.38,0.004147991362422921,0.38,0.4,0.38,0.39,5279,0,0.0,0.10557519,0.01097063,0.08381274,0.2176284790039062,0.10500367,0.3779560522826293,0.004231862095093686,0.004231862095093686,56.53472740851382
2018-02-18,1144,0.3789732903959083,0.38,0.00527399008207591,0.37,0.39,0.37,0.39,5279,0,0.0,0.14572148,0.06833911,0.11706327,0.0572490692138671,0.12870337,0.382187914377723,-0.003214623981814657,0.003214623981814657,45.63106796116505
2018-02-19,1145,0.3728206099640084,0.37,0.004949089507686161,0.37,0.39,0.37,0.38,5279,0,0.0,0.16594368,-0.0085025,0.1419778,0.0767269134521484,0.16572581,0.3789732903959083,-0.006152680431899926,0.006152680431899926,72.76574558127956
2018-02-20,1146,0.37170486834627775,0.37,0.003961746064289411,0.37,0.39,0.37,0.38,5279,0,0.0,0.18903527,0.10050655,0.15103425,0.1089935302734375,0.16010213,0.3728206099640084,-0.0011157416177306478,0.0011157416177306478,18.297236743838685
2018-02-21,1147,0.37261223716612996,0.37,0.004520527352721956,0.37,0.39,0.37,0.38,5279,0,0.0,0.16647299,-0.04457948,0.13728644,0.1452178955078125,0.16039293,0.37170486834627775,0.0009073688198522056,0.0009073688198522056,14.86183719193428
2018-02-22,1148,0.37397044894866455,0.37,0.005097633436039443,0.37,0.39,0.37,0.38,5279,0,0.0,0.1716834,-0.13583224,0.14369845,0.0911846160888671,0.10499875,0.37261223716612996,0.0013582117825345907,0.0013582117825345907,22.180731889469754
2018-02-23,1149,0.3762511839363516,0.38,0.005431048966591474,0.37,0.39,0.37,0.38,5279,0,0.0,0.18909179,-0.14143506,0.15468226,0.0055351257324218,0.12550646,0.37397044894866455,0.0022807349876870497,0.0022807349876870497,34.105053522529246
2018-02-24,1150,0.3766792953210835,0.38,0.005554804479815466,0.37,0.39,0.37,0.38,5279,0,0.0,0.18431479,-0.14733753,0.15918057,0.0058403015136718,0.11074098,0.3762511839363516,0.0004281113847319218,0.0004281113847319218,7.791884490913617
2018-02-25,1151,0.3798768706194355,0.38,0.004548573190804264,0.37,0.39,0.37,0.39,5279,0,0.0,0.15385996,-0.08299036,0.1291254,0.064208984375,0.12955874,0.3766792953210835,0.0031975752983519623,0.0031975752983519623,45.4319143639532
2018-02-26,1152,0.3777741996590263,0.38,0.005683894589020985,0.37,0.39,0.37,0.39,5279,0,0.0,0.23818101,-0.18479203,0.20093204,0.10186767578125,0.15027422,0.3798768706194355,-0.00210267096040917,0.00210267096040917,31.83968135424446
2018-02-27,1153,0.3749365410115552,0.37,0.0059510177995621,0.37,0.39,0.37,0.39,5279,0,0.0,0.20111987,-0.14040263,0.16752884,0.0445480346679687,0.14400098,0.3777741996590263,-0.0028376586474710974,0.0028376586474710974,40.826487428429175
2018-02-28,1154,0.37800151543853,0.38,0.004874169420387659,0.37,0.39,0.37,0.38,5279,0,0.0,0.1380611,-0.08830058,0.11374969,0.052042007446289,0.10613152,0.3749365410115552,0.003064974426974787,0.003064974426974787,43.58974358974359
2018-03-01,1155,0.37209319946959657,0.37,0.004086814716799442,0.37,0.39,0.37,0.38,5279,0,0.0,0.13290395,-0.09105325,0.11330487,0.0027389526367187,0.09681296,0.37800151543853,-0.005908315968933431,0.005908315968933431,70.50037341299478
2018-03-02,1156,0.37140367493843535,0.37,0.0035224167443414886,0.37,0.39,0.37,0.38,5279,0,0.0,0.13461083,-0.06428933,0.10701913,0.0268058776855468,0.1182664,0.37209319946959657,-0.000689524531161223,0.000689524531161223,11.625591237241723
2018-03-03,1157,0.3728528130327714,0.37,0.00499358625817532,0.37,0.39,0.37,0.38,5279,0,0.0,0.1631797,-0.10101677,0.13192697,0.0367431640625,0.12815334,0.37140367493843535,0.0014491380943360554,0.0014491380943360554,23.425441872043816
2018-03-04,1158,0.38050767190755824,0.38,0.004523924306657105,0.37,0.39,0.37,0.39,5279,0,0.0,0.20805974,-0.13896982,0.16435966,0.0379905700683593,0.15484299,0.3728528130327714,0.007654858874786841,0.007654858874786841,82.54916604431168
2018-03-05,1159,0.37600303087706005,0.38,0.006041216510965931,0.37,0.39,0.37,0.39,5279,0,0.0,0.38748893,-0.35035092,0.3505017,0.2113990783691406,0.16553412,0.38050767190755824,-0.004504641030498191,0.004504641030498191,58.75031117749564
2018-03-06,1160,0.3751051335480205,0.37,0.005585896965589471,0.37,0.39,0.37,0.38,5279,0,0.0,0.30852044,-0.27962896,0.2803481,0.0707569122314453,0.13035527,0.37600303087706005,-0.0008978973290395542,0.0008978973290395542,14.68757779437391
2018-03-07,1161,0.37342299677969315,0.37,0.004843574085776656,0.37,0.39,0.37,0.38,5279,0,0.0,0.1629216,-0.06911182,0.13307354,0.2104625701904297,0.14753667,0.3751051335480205,-0.001682136768327347,0.001682136768327347,26.288274831964152
2018-03-08,1162,0.374182610342868,0.37,0.0052200664094157875,0.37,0.39,0.37,0.38,5279,0,0.0,0.12666078,-0.006602366,0.10468208,0.0625343322753906,0.12648869,0.37342299677969315,0.0007596135631748324,0.0007596135631748324,12.696041822255413
2018-03-09,1163,0.3804015912104565,0.38,0.001963322847686882,0.38,0.39,0.38,0.38,5279,0,0.0,0.10817054,0.04758188,0.08550054,0.0541706085205078,0.097143315,0.374182610342868,0.006218980867588542,0.006218980867588542,73.41299477221807
2018-03-10,1164,0.3764406137526047,0.38,0.005139079745913952,0.37,0.39,0.37,0.38,5279,0,0.0,0.17913732,0.10899461,0.14874126,0.0614089965820312,0.14216329,0.3804015912104565,-0.003960977457851844,0.003960977457851844,53.62210604929052
2018-03-11,1165,0.37065542716423566,0.37,0.004177629697169513,0.36,0.38,0.36,0.38,5279,0,0.0,0.15910412,0.01749275,0.1300709,0.0914211273193359,0.15813942,0.3764406137526047,-0.005785186588369018,0.005785186588369018,69.5543938262385
2018-03-12,1166,0.3709471490812654,0.37,0.004933047753951728,0.36,0.39,0.36,0.38,5279,0,0.0,0.140244,-0.07791376,0.111838885,0.0954475402832031,0.11660967,0.37065542716423566,0.0002917219170297525,0.0002917219170297525,5.626089121234752
2018-03-13,1167,0.3833282818715666,0.38,0.004712256200491132,0.38,0.39,0.38,0.39,5279,0,0.0,0.13846856,-0.08631503,0.113161616,0.0083732604980468,0.10827411,0.3709471490812654,0.012381132790301175,0.012381132790301175,97.06248444112522
2018-03-14,1168,0.39015533244932765,0.39,0.004023812135456804,0.38,0.4,0.38,0.4,5279,0,0.0,0.13971974,-0.0036510183,0.11203178,0.082712173461914,0.13967201,0.3833282818715666,0.006827050577761062,0.006827050577761062,77.79437391087876
2018-03-15,1169,0.3760674370145861,0.38,0.006434421435135148,0.37,0.4,0.37,0.39,5279,0,0.0,0.25217804,-0.07829729,0.19850288,0.074625015258789,0.23971483,0.39015533244932765,-0.014087895434741537,0.014087895434741537,98.65571321882001
2018-03-16,1170,0.37254214813411635,0.37,0.005260488166797233,0.36,0.39,0.37,0.38,5279,0,0.0,0.20321454,0.052649077,0.14432846,0.1309928894042968,0.19627579,0.3760674370145861,-0.003525288880469768,0.003525288880469768,48.668160318645754
2018-03-17,1171,0.37258382269369206,0.37,0.004722988690890896,0.37,0.39,0.37,0.38,5279,0,0.0,0.1407686,-0.064518966,0.114916675,0.1173057556152343,0.12511246,0.37254214813411635,4.1674559575710646e-05,4.1674559575710646e-05,1.6181229773462782
2018-03-18,1172,0.3749857927637811,0.37,0.005045238320777964,0.37,0.39,0.37,0.38,5279,0,0.0,0.121907376,-0.047987036,0.10165086,0.0165786743164062,0.11206516,0.37258382269369206,0.002401970070089021,0.002401970070089021,35.64849390092108
2018-03-19,1173,0.3815609016859253,0.38,0.003629408048997663,0.38,0.39,0.38,0.39,5279,0,0.0,0.14334354,0.0014816569,0.11104135,0.0495414733886718,0.14333573,0.3749857927637811,0.006575108922144246,0.006575108922144246,75.97709733632064
2018-03-20,1174,0.37640462208751657,0.38,0.006240123504909116,0.37,0.39,0.37,0.39,5279,0,0.0,0.17441615,-0.11065533,0.14537081,0.112222671508789,0.13482021,0.3815609016859253,-0.005156279598408753,0.005156279598408753,64.6253422952452
2018-03-21,1175,0.3738302708846373,0.37,0.006203469302810651,0.36,0.39,0.37,0.39,5279,0,0.0,0.15057683,-0.060792305,0.12545463,0.0499134063720703,0.13775946,0.37640462208751657,-0.002574351202879299,0.002574351202879299,37.64002987303958
2018-03-22,1176,0.3772987308202311,0.38,0.007024433064532764,0.37,0.39,0.37,0.39,5279,0,0.0,0.30662417,-0.24857382,0.26562473,0.1878948211669922,0.17952543,0.3738302708846373,0.003468459935593804,0.003468459935593804,48.19517052526761
2018-03-23,1177,0.38844288691039974,0.39,0.004970085362811814,0.38,0.4,0.38,0.4,5279,0,0.0,0.29550642,-0.22103749,0.24510969,0.027536392211914,0.19612862,0.3772987308202311,0.011144156090168666,0.011144156090168666,95.39457306447598
2018-03-24,1178,0.37607501420723627,0.38,0.0064184200254441375,0.37,0.39,0.37,0.39,5279,0,0.0,0.14322732,-0.07576195,0.11197837,0.1452350616455078,0.12154917,0.38844288691039974,-0.012367872703163474,0.012367872703163474,97.03759024147374
2018-03-25,1179,0.37138662625497254,0.37,0.006604255859388016,0.36,0.4,0.36,0.38,5279,0,0.0,0.12926666,-0.077623546,0.10158737,0.0017757415771484,0.10336552,0.37607501420723627,-0.004688387952263728,0.004688387952263728,60.293751555887475
2018-03-26,1180,0.37161204773631373,0.37,0.006360715315919322,0.36,0.39,0.36,0.38,5279,0,0.0,0.10595351,-0.01745148,0.083684094,0.0599536895751953,0.10450637,0.37138662625497254,0.00022542148134119255,0.00022542148134119255,4.480955937266617
2018-03-27,1181,0.37693691987118777,0.38,0.007172409227263799,0.37,0.4,0.37,0.39,5279,0,0.0,0.11087939,-0.0798674,0.09515309,0.0623054504394531,0.07691196,0.37161204773631373,0.005324872134874037,0.005324872134874037,66.44261886980334
2018-03-28,1182,0.3813430573972343,0.38,0.005397229457959138,0.37,0.4,0.37,0.39,5279,0,0.0,0.20248899,-0.15126774,0.17148033,0.0713176727294921,0.13461001,0.37693691987118777,0.004406137526046516,0.004406137526046516,57.85411999004232
2018-03-29,1183,0.37651070278461835,0.37,0.007512408694260087,0.37,0.39,0.37,0.39,5279,0,0.0,0.14760539,-0.05589629,0.11896992,0.095254898071289,0.1366125,0.3813430573972343,-0.004832354612615941,0.004832354612615941,61.48867313915858
2018-03-30,1184,0.3763118014775526,0.38,0.006386117122733924,0.37,0.39,0.37,0.39,5279,0,0.0,0.23111695,-0.024834877,0.19175068,0.0311260223388671,0.22977869,0.37651070278461835,-0.00019890130706573528,0.00019890130706573528,4.132437142145879
2018-03-31,1185,0.381602576245501,0.38,0.004847400550169068,0.37,0.39,0.37,0.39,5279,0,0.0,0.22929884,0.1424827,0.18871513,0.1674022674560547,0.17965743,0.3763118014775526,0.00529077476794837,0.00529077476794837,65.91984067712224
2018-04-01,1186,0.38282439856033335,0.38,0.004501861656661679,0.38,0.39,0.38,0.39,5279,0,0.0,0.15848829,-0.045322943,0.117068484,0.187753677368164,0.15186958,0.381602576245501,0.001221822314832366,0.001221822314832366,20.06472491909385
2018-04-02,1187,0.3801344951695396,0.38,0.004133693682050411,0.37,0.39,0.37,0.39,5279,0,0.0,0.2069442,-0.18705767,0.18796383,0.1418418884277343,0.08851729,0.38282439856033335,-0.002689903390793724,0.002689903390793724,39.009210853871046
2018-04-03,1188,0.377258950558818,0.38,0.005735157170276789,0.37,0.39,0.37,0.39,5279,0,0.0,0.18577105,-0.15352929,0.1648952,0.03363037109375,0.104593106,0.3801344951695396,-0.0028755446107216476,0.0028755446107216476,41.349265621110284
2018-04-04,1189,0.37390604281113854,0.37,0.0056923959214752445,0.37,0.39,0.37,0.38,5279,0,0.0,0.12718512,-0.091139406,0.109076805,0.0624275207519531,0.088711195,0.377258950558818,-0.0033529077476794344,0.0033529077476794344,47.00024894199652
2018-04-05,1190,0.3734419397613185,0.37,0.0058871105450455045,0.37,0.39,0.37,0.39,5279,0,0.0,0.1664357,-0.07516091,0.13583024,0.0157012939453125,0.14849818,0.37390604281113854,-0.0004641030498200305,0.0004641030498200305,8.339556883246203
2018-04-06,1191,0.37678158742186024,0.38,0.007613747776184666,0.37,0.4,0.37,0.39,5279,0,0.0,0.2636722,-0.21524532,0.22903763,0.1399250030517578,0.15229179,0.3734419397613185,0.0033396476605417336,0.0033396476605417336,46.87577794373911
2018-04-07,1192,0.380032203068763,0.38,0.005017388318876305,0.37,0.39,0.37,0.39,5279,0,0.0,0.14950494,-0.08445805,0.11831582,0.1307945251464843,0.12336367,0.37678158742186024,0.003250615646902766,0.003250615646902766,45.92979835698282
2018-04-08,1193,0.3786057965523773,0.38,0.005210817260575347,0.37,0.39,0.37,0.39,5279,0,0.0,0.1658031,0.031197688,0.12540194,0.115701675415039,0.16284125,0.380032203068763,-0.0014264065163857031,0.0014264065163857031,23.027134677620115
2018-04-09,1194,0.3819283955294563,0.38,0.004497245763393628,0.37,0.39,0.38,0.39,5279,0,0.0,0.4426531,0.3645953,0.36479124,0.3333377838134765,0.2510212,0.3786057965523773,0.0033225989770789832,0.0033225989770789832,46.601941747572816
2018-04-10,1195,0.3882042053419208,0.39,0.004605601789414864,0.37,0.4,0.38,0.39,5279,0,0.0,0.31788683,0.22586079,0.25750464,0.1387405395507812,0.22369471,0.3819283955294563,0.006275809812464506,0.006275809812464506,73.86109036594473
2018-04-11,1196,0.384214813411631,0.38,0.004937963347519448,0.38,0.39,0.38,0.39,5279,0,0.0,0.17735548,0.07613208,0.13419011,0.1496639251708984,0.16018385,0.3882042053419208,-0.0039893919302897984,0.0039893919302897984,53.871048045805324
2018-04-12,1197,0.3774086001136579,0.38,0.005511352343247424,0.37,0.39,0.37,0.39,5279,0,0.0,0.19177625,0.13322908,0.16050582,0.0570411682128906,0.13794263,0.384214813411631,-0.006806213297973096,0.006806213297973096,77.59522031366691
2018-04-13,1198,0.370214055692366,0.37,0.004874988006506036,0.36,0.39,0.36,0.38,5279,0,0.0,0.15937586,-0.100793764,0.13511492,0.2340221405029297,0.12345555,0.3774086001136579,-0.007194544421291915,0.007194544421291915,80.2588996763754
2018-04-14,1199,0.3723602955105134,0.37,0.004767580062385993,0.37,0.39,0.37,0.38,5279,0,0.0,0.18487759,-0.14654519,0.1633463,0.0457096099853515,0.1127128,0.370214055692366,0.002146239818147433,0.002146239818147433,32.53671894448594
2018-04-15,1200,0.37770032203068765,0.38,0.005879414475703091,0.37,0.39,0.37,0.39,5279,0,0.0,0.3597049,0.2966282,0.32355532,0.4431743621826172,0.20346768,0.3723602955105134,0.005340026520174235,0.005340026520174235,66.46751306945482
2018-04-16,1201,0.3805095662057208,0.38,0.007924741517086673,0.37,0.4,0.37,0.39,5279,0,0.0,0.38801092,0.35919562,0.36011177,0.0625476837158203,0.14673391,0.37770032203068765,0.002809244175033143,0.002809244175033143,40.37839183470251
2018-04-17,1202,0.3785129759424133,0.38,0.005852691609924114,0.37,0.39,0.37,0.39,5279,0,0.0,0.23375224,0.15595527,0.18599182,0.2032852172851562,0.17412105,0.3805095662057208,-0.0019965902633075072,0.0019965902633075072,30.470500373412996
2018-04-18,1203,0.37655806023868155,0.38,0.005490868869565427,0.37,0.39,0.37,0.38,5279,0,0.0,0.23694934,0.20667908,0.21061197,0.0508003234863281,0.115882754,0.3785129759424133,-0.001954915703731741,0.001954915703731741,29.72367438386856
2018-04-19,1204,0.3750255730251942,0.37,0.0061207702072398566,0.37,0.39,0.37,0.39,5279,0,0.0,0.3354014,0.30641738,0.3077324,0.0996513366699218,0.1363905,0.37655806023868155,-0.0015324872134873657,0.0015324872134873657,24.321633059497135
2018-04-20,1205,0.37919113468459936,0.38,0.006146628882508807,0.37,0.39,0.37,0.39,5279,0,0.0,0.21499303,0.16079207,0.19456798,0.1454524993896484,0.14271615,0.3750255730251942,0.004165561659405181,0.004165561659405181,55.93726661687827
2018-04-21,1206,0.379846561848835,0.38,0.004539313133473755,0.37,0.39,0.37,0.39,5279,0,0.0,0.20373288,-0.052895848,0.17126659,0.2137832641601562,0.19674629,0.37919113468459936,0.0006554271642356113,0.0006554271642356113,11.028130445606173
2018-04-22,1207,0.3723602955105134,0.37,0.0048032065665049185,0.37,0.39,0.37,0.38,5279,0,0.0,0.2641005,-0.22404268,0.23624176,0.1711673736572265,0.13983648,0.379846561848835,-0.007486266338321557,0.007486266338321557,81.7276574558128
2018-04-23,1208,0.371473763970449,0.37,0.005576010714968825,0.36,0.39,0.36,0.38,5279,0,0.0,0.35916,-0.3402611,0.34063998,0.116250991821289,0.11496901,0.3723602955105134,-0.0008865315400644058,0.0008865315400644058,14.612895195419467
2018-04-24,1209,0.37543474142830086,0.37,0.006496203277496143,0.37,0.39,0.37,0.39,5279,0,0.0,0.13764143,-0.0118304165,0.11240928,0.3284568786621094,0.13713226,0.371473763970449,0.003960977457851844,0.003960977457851844,53.62210604929052
2018-04-25,1210,0.38561659405190374,0.39,0.005890456518795527,0.38,0.4,0.38,0.4,5279,0,0.0,0.16320851,0.09382817,0.12643649,0.1055889129638671,0.13354132,0.37543474142830086,0.010181852623602883,0.010181852623602883,93.10430669653971
2018-04-26,1211,0.39599166508808487,0.4,0.004904537319291627,0.39,0.41000000000000003,0.39,0.4,5279,0,0.00018942981625307822,0.1973361,0.019132677,0.16846476,0.0746364593505859,0.19640644,0.38561659405190374,0.010375071036181127,0.010375071036181127,93.67687328852378
2018-04-27,1212,0.3910494411820421,0.39,0.0046016974690646735,0.38,0.4,0.38,0.4,5279,0,0.0,0.4482982,-0.4034836,0.4083742,0.422607421875,0.19537547,0.39599166508808487,-0.004942223906042764,0.004942223906042764,62.53422952452079
2018-04-28,1213,0.3852074256487972,0.39,0.006007948717815604,0.37,0.4,0.38,0.39,5279,0,0.0,0.15037037,-0.101577446,0.1226375,0.3018913269042969,0.110874854,0.3910494411820421,-0.005842015533244926,0.005842015533244926,69.90291262135922
2018-04-29,1214,0.3777363136957757,0.38,0.006397352002757922,0.37,0.39,0.37,0.39,5279,0,0.0,0.18705143,0.0027117874,0.15787655,0.1042957305908203,0.18703194,0.3852074256487972,-0.00747111195302147,0.00747111195302147,81.60318645755538
2018-04-30,1215,0.37767948475089985,0.38,0.00733566810575427,0.37,0.4,0.37,0.39,5279,0,0.0,0.20995726,0.048284914,0.18806452,0.0455875396728515,0.20432964,0.3777363136957757,-5.6828944875852994e-05,5.6828944875852994e-05,1.9666417724670153
2018-05-01,1216,0.38132032581928393,0.38,0.005392306634021107,0.37,0.39,0.37,0.39,5279,0,0.0,0.2620343,0.16664948,0.20360593,0.1183681488037109,0.20221247,0.37767948475089985,0.003640841068384082,0.003640841068384082,49.887976101568334
2018-05-02,1217,0.37645387383974244,0.38,0.006426416497388886,0.37,0.39,0.37,0.39,5279,0,0.0,0.22382462,0.08725502,0.16819754,0.0793819427490234,0.20611663,0.38132032581928393,-0.004866451979541497,0.004866451979541497,61.93676873288524
2018-05-03,1218,0.37467323356696347,0.37,0.006256064727963747,0.37,0.39,0.37,0.39,5279,0,0.0,0.23752195,-0.20877883,0.21217437,0.2962093353271484,0.11326121,0.37645387383974244,-0.001780640272778966,0.001780640272778966,27.383619616629325
2018-05-04,1219,0.3765448001515439,0.38,0.006747933036005369,0.37,0.39,0.37,0.39,5279,0,0.0,0.23633027,-0.21513335,0.21534748,0.0062179565429687,0.09782526,0.37467323356696347,0.0018715665845804308,0.0018715665845804308,28.578541199900425
2018-05-05,1220,0.38414851297594244,0.38,0.004926963552520112,0.38,0.39,0.38,0.39,5279,0,0.0,0.26214465,-0.23943119,0.23960143,0.0242462158203125,0.10673573,0.3765448001515439,0.007603712824398534,0.007603712824398534,82.30022404779686
2018-05-06,1221,0.385228262928585,0.39,0.004994786885887512,0.38,0.39,0.38,0.39,5279,0,0.0,0.33215532,-0.32008228,0.32008228,0.0806198120117187,0.08873804,0.38414851297594244,0.0010797499526425391,0.0010797499526425391,17.699775952203137
2018-05-07,1222,0.382337563932563,0.38,0.004232190235186807,0.38,0.39,0.38,0.39,5279,0,0.0,0.47264558,-0.44635746,0.45808545,0.1263160705566406,0.15543287,0.385228262928585,-0.0028906989960219565,0.0028906989960219565,41.44884241971621
2018-05-08,1223,0.37836143208941087,0.38,0.0052540387152413374,0.37,0.39,0.37,0.39,5279,0,0.0,0.3016851,-0.28316987,0.28317714,0.1631278991699218,0.104062624,0.382337563932563,-0.003976131843152153,0.003976131843152153,53.69678864824496
2018-05-09,1224,0.37685357075203635,0.38,0.0066040825312115616,0.37,0.39,0.37,0.39,5279,0,0.0,0.13271473,-0.015115332,0.10327085,0.2680892944335937,0.13185115,0.37836143208941087,-0.0015078613373745164,0.0015078613373745164,24.022902663679364
2018-05-10,1225,0.3813032771358212,0.38,0.006641204580288138,0.37,0.4,0.37,0.39,5279,0,0.0,0.19970876,-0.16224845,0.17898226,0.1470088958740234,0.11644296,0.37685357075203635,0.004449706383784835,0.004449706383784835,58.32710978342046
2018-05-11,1226,0.39532487213487405,0.4,0.005394423047629911,0.38,0.41000000000000003,0.39,0.4,5279,0,0.01193407842394393,0.17494935,-0.1457774,0.15267378,0.0164470672607421,0.09672717,0.3813032771358212,0.014021594999052867,0.014021594999052867,98.60592481951706
2018-05-12,1227,0.4008713771547641,0.4,0.003882915720552338,0.39,0.41000000000000003,0.4,0.41000000000000003,5279,0,0.12275052093199469,0.22149341,-0.20035896,0.2012902,0.0547122955322265,0.094422,0.39532487213487405,0.005546505019890069,0.005546505019890069,67.71222305202888
2018-05-13,1228,0.389778367114984,0.39,0.004511371196735644,0.38,0.4,0.38,0.4,5279,0,0.0,0.39893112,-0.38065505,0.3812822,0.180185317993164,0.11936608,0.4008713771547641,-0.011093010039780138,0.011093010039780138,95.27010206621857
2018-05-14,1229,0.38954726273915513,0.39,0.005027259617195213,0.38,0.4,0.38,0.4,5279,0,0.0,0.4618434,-0.43908903,0.43970105,0.0585784912109375,0.14317401,0.389778367114984,-0.00023110437582885002,0.00023110437582885002,4.580532735872541
2018-05-15,1230,0.38774199659026337,0.39,0.00426629675488545,0.38,0.4,0.38,0.39,5279,0,0.0,0.5561932,-0.5315332,0.5315332,0.0924282073974609,0.16377957,0.38954726273915513,-0.0018052661488917598,0.0018052661488917598,27.757032611401545
2018-05-16,1231,0.38358969501799584,0.38,0.004832392112296953,0.37,0.39,0.38,0.39,5279,0,0.0,0.27721554,-0.18407838,0.24379407,0.3475208282470703,0.20727685,0.38774199659026337,-0.004152301572267536,0.004152301572267536,55.76300721931789
2018-05-17,1232,0.38344951695396856,0.38,0.004887138741072329,0.37,0.4,0.38,0.39,5279,0,0.0,0.23721588,-0.07966456,0.19991791,0.1043777465820312,0.22343874,0.38358969501799584,-0.00014017806402727429,0.00014017806402727429,3.4602937515558874
2018-05-18,1233,0.3825724569047168,0.38,0.0068880864564843745,0.37,0.4,0.37,0.39,5279,0,0.0,0.34509858,-0.32991844,0.32991844,0.2501983642578125,0.10122612,0.38344951695396856,-0.0008770600492517544,0.0008770600492517544,14.388847398556138
2018-05-19,1234,0.3755787080886532,0.37,0.006393769562581293,0.37,0.39,0.37,0.39,5279,0,0.0,0.4338179,-0.40334094,0.40334094,0.0734577178955078,0.1597334,0.3825724569047168,-0.006993748816063627,0.006993748816063627,78.9395070948469
2018-05-20,1235,0.37503315021784434,0.37,0.005979842357974981,0.37,0.39,0.37,0.39,5279,0,0.0,0.21674338,-0.15423085,0.17944404,0.2491054534912109,0.15228456,0.3755787080886532,-0.0005455578708088438,0.0005455578708088438,9.434901667911378
2018-05-21,1236,0.38399507482477746,0.38,0.004959465778106928,0.38,0.4,0.38,0.39,5279,0,0.0,0.2689394,-0.22948264,0.23628023,0.0753383636474609,0.1402363,0.37503315021784434,0.008961924606933125,0.008961924606933125,89.61911874533234
2018-05-22,1237,0.39080507671907566,0.39,0.003751072939742268,0.38,0.4,0.39,0.4,5279,0,0.0,0.2532227,-0.1825462,0.21230444,0.0469207763671875,0.17549506,0.38399507482477746,0.006810001894298201,0.006810001894298201,77.64500871296988
2018-05-23,1238,0.4031028603902254,0.4,0.006099123541668193,0.39,0.41000000000000003,0.39,0.41000000000000003,5279,0,0.3892782724000758,0.23498516,-0.13242753,0.20178303,0.0501461029052734,0.19411585,0.39080507671907566,0.012297783671149753,0.012297783671149753,96.9629076425193
2018-05-24,1239,0.40479636294752797,0.4,0.0049958514740593065,0.4,0.41000000000000003,0.4,0.41000000000000003,5279,0,0.47963629475279407,0.29362664,-0.16424252,0.255368,0.0317230224609375,0.24339426,0.4031028603902254,0.0016935025573025508,0.0016935025573025508,26.387851630570076
2018-05-25,1240,0.38934836143208945,0.39,0.006089537814557111,0.38,0.41000000000000003,0.38,0.4,5279,0,0.00852434173138852,0.40769333,-0.19571957,0.35986754,0.0314750671386718,0.35764197,0.40479636294752797,-0.015448001515438514,0.015448001515438514,99.27806821010704
2018-05-26,1241,0.37688387952263686,0.38,0.007069591803767964,0.37,0.4,0.37,0.39,5279,0,0.0,0.3247966,-0.10748417,0.27788317,0.0881881713867187,0.3064964,0.38934836143208945,-0.012464481909452596,0.012464481909452596,97.13716704007966
2018-05-27,1242,0.3761526804319,0.38,0.006375283472771289,0.37,0.4,0.37,0.39,5279,0,0.0,0.45518136,0.39110792,0.39881396,0.4986209869384765,0.23286161,0.37688387952263686,-0.0007311990907368782,0.0007311990907368782,12.17326362957431
2018-05-28,1243,0.3830971774957378,0.38,0.005642321541213636,0.37,0.4,0.38,0.39,5279,0,0.0,0.58836323,0.51340497,0.52370733,0.1223888397216796,0.2873785,0.3761526804319,0.006944497063837818,0.006944497063837818,78.6656708986806
2018-05-29,1244,0.3896476605417693,0.39,0.007431503832692495,0.37,0.41000000000000003,0.38,0.4,5279,0,0.028225042621708656,0.4525725,0.2776702,0.34410897,0.2358474731445312,0.35737935,0.3830971774957378,0.006550483046031508,0.006550483046031508,75.70326114015434
2018-05-30,1245,0.39045084296268234,0.39,0.008807759259681993,0.37,0.41000000000000003,0.38,0.41000000000000003,5279,0,0.0644061375260466,0.33928183,-0.02300433,0.28244495,0.3006534576416015,0.3385004,0.3896476605417693,0.00080318242091304,0.00080318242091304,13.268608414239482
2018-05-31,1246,0.3947319568100019,0.39,0.0059165715640867094,0.38,0.41000000000000003,0.39,0.4,5279,0,0.047925743512028794,0.3198472,-0.16076116,0.27481014,0.1378726959228515,0.27651015,0.39045084296268234,0.004281113847319551,0.004281113847319551,56.98282300224048
2018-06-01,1247,0.39926122371661293,0.4,0.00612923230374117,0.38,0.41000000000000003,0.39,0.41000000000000003,5279,0,0.14737639704489486,0.21444632,-0.059526157,0.15668434,0.1013545989990234,0.20601885,0.3947319568100019,0.00452926690661104,0.00452926690661104,58.97435897435898
2018-06-02,1248,0.39985792763781025,0.4,0.006936420673071169,0.39,0.41000000000000003,0.39,0.41000000000000003,5279,0,0.23356696344004546,0.22639151,-0.07649969,0.16735524,0.0169754028320312,0.21307506,0.39926122371661293,0.0005967039211973169,0.0005967039211973169,10.13193925815285
2018-06-03,1249,0.39691418829323727,0.4,0.005373563981651807,0.38,0.41000000000000003,0.39,0.4,5279,0,0.020837279787838607,0.3315351,-0.2425587,0.29170403,0.166055679321289,0.22601046,0.39985792763781025,-0.002943739344572982,0.002943739344572982,42.1209858103062
2018-06-04,1250,0.3883481720022732,0.39,0.0052009452391762094,0.38,0.4,0.38,0.4,5279,0,0.0,0.4013671,-0.24624164,0.3527816,0.0037117004394531,0.31695512,0.39691418829323727,-0.008566016290964096,0.008566016290964096,87.42842917600198
2018-06-05,1251,0.3874711119530214,0.39,0.005239831429566596,0.37,0.4,0.38,0.39,5279,0,0.0,0.4906247,-0.3208124,0.41773006,0.0745162963867187,0.37120417,0.3883481720022732,-0.0008770600492517544,0.0008770600492517544,14.388847398556138
2018-06-06,1252,0.39552377344193973,0.4,0.006324057603431262,0.38,0.4,0.38,0.4,5279,0,0.0,0.48455846,-0.35605007,0.40525585,0.0352783203125,0.32867232,0.3874711119530214,0.008052661488918311,0.008052661488918311,84.7647498132935
2018-06-07,1253,0.3993654101155522,0.4,0.007640508337924042,0.38,0.41000000000000003,0.39,0.41000000000000003,5279,0,0.25478310286039024,0.2243316,-0.048818633,0.18785945,0.3071880340576172,0.2189553,0.39552377344193973,0.0038416366736124807,0.0038416366736124807,51.95419467264127
2018-06-08,1254,0.39454442129191136,0.39,0.008465068492442808,0.38,0.41000000000000003,0.38,0.41000000000000003,5279,0,0.16158363326387573,0.33497283,-0.15612012,0.28539106,0.1072158813476562,0.29636693,0.3993654101155522,-0.004820988823640848,0.004820988823640848,61.36420214090117
2018-06-09,1255,0.39477931426406515,0.39,0.005585918164662506,0.39,0.41000000000000003,0.39,0.4,5279,0,0.03125591968175791,0.5736519,-0.5221592,0.5285461,0.3660449981689453,0.23754095,0.39454442129191136,0.00023489297215378846,0.00023489297215378846,4.655215334826986
2018-06-10,1256,0.38822504262170865,0.39,0.0038799138711020334,0.38,0.4,0.38,0.39,5279,0,0.0,0.28498062,-0.09049564,0.22798775,0.4316825866699219,0.2702303,0.39477931426406515,-0.006554271642356502,0.006554271642356502,75.75304953945731
2018-06-11,1257,0.37566395150596704,0.38,0.005794482517996812,0.37,0.39,0.37,0.38,5279,0,0.0,0.21188982,-0.11639641,0.17126653,0.02593994140625,0.17705725,0.38822504262170865,-0.012561091115741607,0.012561091115741607,97.31142643764002
2018-06-12,1258,0.37380375071036187,0.37,0.006121530539825489,0.36,0.4,0.37,0.39,5279,0,0.0,0.19800699,-0.018125076,0.1598731,0.0981426239013671,0.19717576,0.37566395150596704,-0.0018602007956051714,0.0018602007956051714,28.35449340303709
2018-06-13,1259,0.381663193786702,0.38,0.006369876638254477,0.37,0.4,0.37,0.39,5279,0,0.0,0.23065831,-0.1116834,0.17724563,0.0935306549072265,0.20181718,0.37380375071036187,0.007859443076340122,0.007859443076340122,83.79387602688574
2018-06-14,1260,0.393222201174465,0.39,0.005548019345953223,0.39,0.41000000000000003,0.39,0.4,5279,0,0.044705436635726466,0.2919159,-0.23018764,0.25011462,0.1184291839599609,0.17952327,0.381663193786702,0.011559007387762998,0.011559007387762998,96.11650485436894
2018-06-15,1261,0.4099261223716613,0.41000000000000003,0.0008563401073277225,0.4,0.41000000000000003,0.41000000000000003,0.41000000000000003,5279,0,0.9926122371661299,0.42070934,-0.36670673,0.37279132,0.1364860534667968,0.20620982,0.393222201174465,0.016703921197196325,0.016703921197196325,99.57679860592482
2018-06-16,1262,0.4100000000000001,0.41000000000000003,5.551115123125783e-17,0.41000000000000003,0.41000000000000003,0.41000000000000003,0.41000000000000003,5279,0,1.0,0.2820587,-0.24358943,0.2531582,0.1230945587158203,0.14220095,0.4099261223716613,7.387762833876987e-05,7.387762833876987e-05,2.2902663679362707
2018-06-17,1263,0.40596325061564686,0.41000000000000003,0.0049600959402983855,0.39,0.41000000000000003,0.4,0.41000000000000003,5279,0,0.5989770789922334,0.26343676,-0.11281472,0.23704274,0.1308155059814453,0.23805803,0.4100000000000001,-0.004036749384353222,0.004036749384353222,54.31914363953199
2018-06-18,1264,0.39086758855843917,0.39,0.004966766698208072,0.38,0.4,0.38,0.4,5279,0,0.0,0.3287035,-0.13683015,0.2861697,0.0240001678466796,0.29887053,0.40596325061564686,-0.015095662057207693,0.015095662057207693,99.10380881254667
2018-06-19,1265,0.3849270695207426,0.38,0.0053402318046600365,0.37,0.4,0.38,0.39,5279,0,0.0,0.4143345,-0.36489987,0.3777635,0.2280693054199218,0.19626759,0.39086758855843917,-0.0059405190376965455,0.0059405190376965455,70.92357480706995
2018-06-20,1266,0.37614889183557493,0.38,0.006694805078864724,0.37,0.39,0.37,0.39,5279,0,0.0,0.5682318,-0.54055107,0.54084873,0.1756649017333984,0.17519128,0.3849270695207426,-0.008778177685167698,0.008778177685167698,88.64824495892456
2018-06-21,1267,0.37569426027656755,0.37,0.006292584210173549,0.37,0.39,0.37,0.39,5279,0,0.0,0.36113456,-0.31488112,0.32101816,0.2257003784179687,0.17682855,0.37614889183557493,-0.00045463155900737906,0.00045463155900737906,8.264874284291759
2018-06-22,1268,0.3820780450842962,0.38,0.005798665434660268,0.37,0.4,0.37,0.39,5279,0,0.0,0.27783063,-0.124258354,0.23676042,0.1904640197753906,0.24849512,0.37569426027656755,0.006383784807728665,0.006383784807728665,74.58302215583768
2018-06-23,1269,0.3959784050009471,0.4,0.004987606123746662,0.39,0.41000000000000003,0.39,0.4,5279,0,0.004167455957567721,0.25016797,0.109720744,0.17158984,0.2340087890625,0.22482324,0.3820780450842962,0.013900359916650895,0.013900359916650895,98.50634802091113
2018-06-24,1270,0.3945936730441372,0.39,0.006338668118890485,0.38,0.41000000000000003,0.39,0.41000000000000003,5279,0,0.05682894487592347,0.39932156,0.33107328,0.33376992,0.2214813232421875,0.22326677,0.3959784050009471,-0.0013847319568098815,0.0013847319568098815,22.579039083893456
2018-06-25,1271,0.38630043568857736,0.39,0.006692548706059107,0.38,0.41000000000000003,0.38,0.4,5279,0,0.007387762833870051,0.25837016,0.10711511,0.19994669,0.2238903045654297,0.23511995,0.3945936730441372,-0.008293237355559868,0.008293237355559868,86.05924819517053
2018-06-26,1272,0.38518658836900926,0.38,0.005916499390852978,0.38,0.4,0.38,0.4,5279,0,0.0,0.27234465,0.0719213,0.23146608,0.0352611541748046,0.2626766,0.38630043568857736,-0.0011138473195680954,0.0011138473195680954,18.272342544187204
2018-06-27,1273,0.39170865694260293,0.39,0.0037639156311643127,0.39,0.4,0.39,0.4,5279,0,0.0,0.3196512,0.006767406,0.25927985,0.0653934478759765,0.31957942,0.38518658836900926,0.0065220685735936645,0.0065220685735936645,75.45431914363954
2018-06-28,1274,0.3947831028603903,0.39,0.004995293347825445,0.39,0.4,0.39,0.4,5279,0,0.0,0.20773919,-0.050991185,0.16261259,0.0575847625732421,0.20138372,0.39170865694260293,0.003074445917787383,0.003074445917787383,43.863579785909884
2018-06-29,1275,0.3886891456715287,0.39,0.006533300074177649,0.38,0.4,0.38,0.4,5279,0,0.0,0.29918182,0.12813738,0.24712034,0.1789894104003906,0.27035272,0.3947831028603903,-0.006093957188861632,0.006093957188861632,72.14339058999253
2018-06-30,1276,0.384553892782724,0.38,0.006419159636448599,0.37,0.4,0.38,0.4,5279,0,0.0,0.7394892,0.6834439,0.6842339,0.5554561614990234,0.28239995,0.3886891456715287,-0.004135252888804675,0.004135252888804675,55.613642021409014
2018-07-01,1277,0.3870638378480773,0.39,0.008284227838828553,0.37,0.41000000000000003,0.38,0.4,5279,0,0.0034097366925554084,0.7509488,0.710579,0.710579,0.0270824432373046,0.24290633,0.384553892782724,0.0025099450653532918,0.0025099450653532918,36.918098083146624
2018-07-02,1278,0.3940424322788407,0.39,0.00626398031283944,0.38,0.41000000000000003,0.39,0.4,5279,0,0.02803561280545558,0.38792884,0.3132016,0.34443197,0.3973255157470703,0.22889669,0.3870638378480773,0.0069785944307634296,0.0069785944307634296,78.86482449589246
2018-07-03,1279,0.3909793521500285,0.39,0.005216232648479887,0.38,0.4,0.38,0.4,5279,0,0.0,0.33840224,0.12109696,0.2799796,0.1921253204345703,0.315993,0.3940424322788407,-0.0030630801288122345,0.0030630801288122345,43.56484939009211
2018-07-04,1280,0.38118204205341916,0.38,0.005734943184178526,0.37,0.4,0.37,0.39,5279,0,0.0,0.23583105,0.04055721,0.17770362,0.080535888671875,0.23231769,0.3909793521500285,-0.009797310096609335,0.009797310096609335,92.10853871048046
2018-07-05,1281,0.3813051714339837,0.38,0.006085632666507851,0.37,0.4,0.37,0.39,5279,0,0.0,0.272011,0.011174559,0.21436818,0.0293846130371093,0.2717814,0.38118204205341916,0.00012312938056452394,0.00012312938056452394,3.136669156086632
2018-07-06,1282,0.39070089032013644,0.39,0.00491270077167736,0.38,0.4,0.38,0.4,5279,0,0.0,0.31361485,0.12989828,0.23360524,0.118865966796875,0.2854484,0.3813051714339837,0.00939571888615276,0.00939571888615276,90.9882997261638
2018-07-07,1283,0.397812085622277,0.4,0.004552936077416684,0.39,0.41000000000000003,0.39,0.4,5279,0,0.01818526236029551,0.40709674,0.34354874,0.35649016,0.2135181427001953,0.21840686,0.39070089032013644,0.007111195302140549,0.007111195302140549,79.86059248195171
2018-07-08,1284,0.38880469785944316,0.39,0.005417896080020851,0.37,0.4,0.38,0.4,5279,0,0.0,0.6974309,0.6477332,0.64782023,0.3041706085205078,0.25855786,0.397812085622277,-0.00900738776283383,0.00900738776283383,89.81827234254419
2018-07-09,1285,0.38377912483424886,0.38,0.006138307102563586,0.37,0.4,0.38,0.4,5279,0,0.0,0.48789415,0.42952582,0.44496018,0.2181415557861328,0.23140475,0.38880469785944316,-0.0050255730251942965,0.0050255730251942965,63.18147871545929
2018-07-10,1286,0.38232430384542526,0.38,0.00822100479481994,0.37,0.4,0.37,0.4,5279,0,0.0,0.33127826,0.3111712,0.3111712,0.1183643341064453,0.11365695,0.38377912483424886,-0.0014548209888236019,0.0014548209888236019,23.52501867064974
2018-07-11,1287,0.38543095283197576,0.38,0.0076827927521128745,0.37,0.41000000000000003,0.38,0.4,5279,0,0.00018942981625307822,0.22333454,0.08545807,0.19269077,0.225778579711914,0.20633776,0.38232430384542526,0.0031066489865504976,0.0031066489865504976,44.36146377893951
2018-07-12,1288,0.3893919302898276,0.39,0.006814569599300208,0.38,0.41000000000000003,0.38,0.4,5279,0,0.00018942981625307822,0.6499412,0.6200367,0.6200367,0.5345039367675781,0.19488609,0.38543095283197576,0.003960977457851844,0.003960977457851844,53.62210604929052
2018-07-13,1289,0.39527940897897335,0.4,0.004995980042566199,0.39,0.41000000000000003,0.39,0.4,5279,0,0.00018942981625307822,0.4502734,0.418774,0.418774,0.2011337280273437,0.16545139,0.3893919302898276,0.005887478689145742,0.005887478689145742,70.3261140154344
2018-07-14,1290,0.3932828187156659,0.39,0.004695879942751151,0.39,0.4,0.39,0.4,5279,0,0.0,0.12982357,0.006507202,0.10587486,0.4122772216796875,0.12966043,0.39527940897897335,-0.0019965902633074517,0.0019965902633074517,30.445606173761515
2018-07-15,1291,0.38622466376207615,0.39,0.005001563475542639,0.38,0.4,0.38,0.39,5279,0,0.0,0.17845759,0.08478244,0.14082153,0.0782756805419921,0.15703215,0.3932828187156659,-0.007058154953589746,0.007058154953589746,79.3378142892706
2018-07-16,1292,0.38248531918924034,0.38,0.004751698079088235,0.37,0.4,0.38,0.39,5279,0,0.0,0.25591993,0.20366529,0.21075836,0.1189632415771484,0.15496881,0.38622466376207615,-0.003739344572835812,0.003739344572835812,50.90863828727906
2018-07-17,1293,0.38103996969122933,0.38,0.005563366334308735,0.37,0.4,0.37,0.39,5279,0,0.0,0.42856783,0.3654438,0.37621993,0.1616573333740234,0.22387786,0.38248531918924034,-0.001445349498011006,0.001445349498011006,23.300970873786408
2018-07-18,1294,0.3789998105701837,0.38,0.007297418754557363,0.37,0.4,0.37,0.39,5279,0,0.0,0.2647133,0.17832032,0.19987461,0.187042236328125,0.19563997,0.38103996969122933,-0.002040159121045604,0.002040159121045604,30.9932785660941
2018-07-19,1295,0.3758476984277325,0.37,0.0067254996136503,0.37,0.39,0.37,0.39,5279,0,0.0,0.31830764,0.23765746,0.27419263,0.0593433380126953,0.21175171,0.3789998105701837,-0.003152112142451202,0.003152112142451202,44.88424197162061
2018-07-20,1296,0.3762227694639136,0.38,0.00586328459918561,0.37,0.39,0.37,0.39,5279,0,0.0,0.2714828,0.15727323,0.22839159,0.0804653167724609,0.2212872,0.3758476984277325,0.00037507103618106274,0.00037507103618106274,6.9703759024147365
2018-07-21,1297,0.38492706952074257,0.38,0.005275995487961632,0.38,0.4,0.38,0.39,5279,0,0.0,0.44377762,0.38171625,0.3909694,0.2244892120361328,0.22634417,0.3762227694639136,0.008704300056828984,0.008704300056828984,88.20014936519792
2018-07-22,1298,0.39176169729115373,0.39,0.0038096450708534875,0.39,0.4,0.39,0.4,5279,0,0.0,0.49150354,0.45998064,0.46003327,0.0783061981201171,0.17318879,0.38492706952074257,0.006834627770411161,0.006834627770411161,77.84416231018173
2018-07-23,1299,0.3848058344383406,0.38,0.005022698624984367,0.38,0.4,0.38,0.39,5279,0,0.0,0.38482037,-0.31115133,0.31779975,0.7713508605957031,0.2264317,0.39176169729115373,-0.006955862852813133,0.006955862852813133,78.74035349763506
2018-07-24,1300,0.37698427732525097,0.38,0.005661234215184296,0.37,0.39,0.37,0.39,5279,0,0.0,0.17611,-0.021597154,0.13910846,0.2897396087646484,0.17478064,0.3848058344383406,-0.007821557113089628,0.007821557113089628,83.49514563106796
2018-07-25,1301,0.374553892782724,0.37,0.005762956896622687,0.37,0.39,0.37,0.38,5279,0,0.0,0.19138609,0.030558256,0.12537354,0.0522003173828125,0.1889307,0.37698427732525097,-0.0024303845425269754,0.0024303845425269754,35.972118496390344
2018-07-26,1302,0.3757473006251184,0.38,0.005942626795334233,0.37,0.39,0.37,0.39,5279,0,0.0,0.25159752,-0.20399423,0.22699362,0.2346000671386718,0.14726765,0.374553892782724,0.0011934078423944117,0.0011934078423944117,19.541946726412746
2018-07-27,1303,0.38314453494980105,0.38,0.004642978510341226,0.38,0.39,0.38,0.39,5279,0,0.0,0.29699397,-0.25608557,0.2677004,0.0521602630615234,0.15041845,0.3757473006251184,0.007397234324682644,0.007397234324682644,81.25466766243466
2018-07-28,1304,0.39451979541579846,0.39,0.00499208848181944,0.38,0.4,0.39,0.4,5279,0,0.0,0.21839176,-0.17539416,0.18335545,0.0807476043701171,0.13012268,0.38314453494980105,0.011375260465997405,0.011375260465997405,95.7679860592482
2018-07-29,1305,0.40504641030498195,0.41000000000000003,0.005272703989807988,0.39,0.41000000000000003,0.4,0.41000000000000003,5279,0,0.5186588369009282,0.16683412,0.14000468,0.14629345,0.3153209686279297,0.090732016,0.39451979541579846,0.010526614889183494,0.010526614889183494,94.12496888225044
2018-07-30,1306,0.40193786702026907,0.4,0.007986012829064094,0.38,0.41000000000000003,0.39,0.41000000000000003,5279,0,0.42432278840689525,0.4748824,0.418013,0.43850872,0.2780055999755859,0.22534056,0.40504641030498195,-0.0031085432847128835,0.0031085432847128835,44.38635797859099
2018-07-31,1307,0.39369577571509756,0.39,0.007887197428304498,0.38,0.41000000000000003,0.38,0.41000000000000003,5279,0,0.05758666414093579,0.46074116,0.37049472,0.40941092,0.0474452972412109,0.27389094,0.40193786702026907,-0.008242091305171506,0.008242091305171506,85.8352003983072
2018-08-01,1308,0.3942280734987687,0.4,0.006695122378924729,0.38,0.41000000000000003,0.38,0.4,5279,0,0.010229210077666225,0.21357496,0.021296512,0.17981854,0.3491630554199219,0.21251057,0.39369577571509756,0.0005322977836711429,0.0005322977836711429,9.161065471745083
2018-08-02,1309,0.39168024247016486,0.39,0.006909095686079412,0.38,0.4,0.38,0.4,5279,0,0.0,0.1704268,-0.04636963,0.12945765,0.0677833557128906,0.16399743,0.3942280734987687,-0.002547831028603842,0.002547831028603842,37.34129947722181
2018-08-03,1310,0.38768516764538735,0.39,0.007091969485636066,0.38,0.4,0.38,0.4,5279,0,0.0,0.2092189,-0.031119397,0.17509046,0.015237808227539,0.20689173,0.39168024247016486,-0.003995074824777511,0.003995074824777511,53.99551904406273
2018-08-04,1311,0.3848740291721917,0.39,0.005798459361906551,0.37,0.4,0.38,0.39,5279,0,0.0,0.2469036,0.092210345,0.19305821,0.1234931945800781,0.22903869,0.38768516764538735,-0.00281113847319564,0.00281113847319564,40.403286034354
2018-08-05,1312,0.3855408221254025,0.39,0.005150343451140388,0.38,0.4,0.38,0.39,5279,0,0.0,0.18751416,-0.06025427,0.15068161,0.1524810791015625,0.17756958,0.3848740291721917,0.0006667929532108152,0.0006667929532108152,11.252178242469505
2018-08-06,1313,0.3827258950558818,0.38,0.004486817848892698,0.38,0.4,0.38,0.39,5279,0,0.0,0.15649669,0.016892288,0.11846407,0.0771541595458984,0.1555823,0.3855408221254025,-0.002814927069520745,0.002814927069520745,40.477968633308436
2018-08-07,1314,0.3885963250615647,0.39,0.004899033014331062,0.38,0.4,0.38,0.4,5279,0,0.0,0.13135673,-0.025123034,0.103584744,0.0421180725097656,0.12893192,0.3827258950558818,0.005870430005682936,0.005870430005682936,70.12696041822255
2018-08-08,1315,0.39581549535896954,0.4,0.0061252985666588955,0.38,0.41000000000000003,0.39,0.41000000000000003,5279,0,0.0573972343246827,0.1780727,-0.014405722,0.14210863,0.0106735229492187,0.17748892,0.3885963250615647,0.00721917029740482,0.00721917029740482,80.43315907393578
2018-08-09,1316,0.4006573214623982,0.4,0.005816853294974236,0.39,0.41000000000000003,0.39,0.41000000000000003,5279,0,0.20420534192081835,0.39288387,0.34789675,0.35015124,0.3623943328857422,0.18255396,0.39581549535896954,0.004841826103428648,0.004841826103428648,61.5882499377645
2018-08-10,1317,0.39544989581360107,0.4,0.005346605472817857,0.38,0.4,0.39,0.4,5279,0,0.0,0.21340722,0.15702873,0.17432277,0.190896987915039,0.14451517,0.4006573214623982,-0.005207425648797115,0.005207425648797115,65.22280308688076
2018-08-11,1318,0.38062511839363516,0.38,0.004368364923487446,0.37,0.39,0.37,0.39,5279,0,0.0,0.21464522,-0.006054301,0.17340179,0.1633243560791015,0.21455985,0.39544989581360107,-0.014824777419965907,0.014824777419965907,99.00423201394075
2018-08-12,1319,0.37939950748247775,0.38,0.005068136587661987,0.37,0.39,0.37,0.39,5279,0,0.0,0.24531542,-0.14187285,0.20157269,0.1356410980224609,0.20012936,0.38062511839363516,-0.0012256109111574154,0.0012256109111574154,20.089619118745333
2018-08-13,1320,0.38102481530592913,0.38,0.004205277923771841,0.37,0.39,0.38,0.39,5279,0,0.0,0.34506214,-0.32078704,0.32119647,0.1788768768310547,0.12713727,0.37939950748247775,0.001625307823451383,0.001625307823451383,25.5663430420712
2018-08-14,1321,0.3801591210456526,0.38,0.005303201975037148,0.37,0.39,0.37,0.39,5279,0,0.0,0.24138314,-0.18826683,0.2035039,0.1325263977050781,0.15106757,0.38102481530592913,-0.0008656942602765505,0.0008656942602765505,14.164799601692806
2018-08-15,1322,0.3813790490623224,0.38,0.005003513121287427,0.37,0.39,0.37,0.39,5279,0,0.0,0.19106396,0.09283286,0.1485972,0.2810935974121094,0.16699558,0.3801591210456526,0.0012199280166698134,0.0012199280166698134,20.03983071944237
2018-08-16,1323,0.3860825913998864,0.39,0.005049255216754177,0.37,0.4,0.38,0.39,5279,0,0.0,0.14114518,-0.003746283,0.11084034,0.0965118408203125,0.14109541,0.3813790490623224,0.004703542337563982,0.004703542337563982,60.41822255414488
2018-08-17,1324,0.3832316726652775,0.38,0.005013103956315514,0.37,0.4,0.38,0.39,5279,0,0.0,0.1822655,0.11534522,0.14989953,0.1190299987792968,0.14112426,0.3860825913998864,-0.002850918734608854,0.002850918734608854,40.97585262633806
2018-08-18,1325,0.3824095472627391,0.38,0.004609192960765024,0.37,0.39,0.38,0.39,5279,0,0.0,0.36858252,0.25909936,0.2822381,0.143808364868164,0.2621463,0.3832316726652775,-0.0008221254025383984,0.0008221254025383984,13.61712720936022
2018-08-19,1326,0.38890130706573217,0.39,0.006606803639046563,0.37,0.4,0.38,0.4,5279,0,0.0,0.6493801,0.47029346,0.50360316,0.2111854553222656,0.44779253,0.3824095472627391,0.006491759802993047,0.006491759802993047,75.30495394573065
2018-08-20,1327,0.39182420913051724,0.39,0.00672481397168739,0.38,0.41000000000000003,0.38,0.41000000000000003,5279,0,0.06289069899602197,0.5208219,0.42379066,0.43735754,0.046518325805664,0.30274922,0.38890130706573217,0.002922902064785071,0.002922902064785071,41.872043813791386
2018-08-21,1328,0.39749573782913433,0.4,0.006293534180098385,0.39,0.41000000000000003,0.39,0.41000000000000003,5279,0,0.10418639893919303,0.3722253,0.24188016,0.30571264,0.1819496154785156,0.2829233,0.39182420913051724,0.00567152869861709,0.00567152869861709,68.6084142394822
2018-08-22,1329,0.39039780261413154,0.39,0.006750563733769451,0.38,0.4,0.38,0.4,5279,0,0.0,0.33232805,0.21161583,0.25580576,0.0302658081054687,0.25624418,0.39749573782913433,-0.007097935215002793,0.007097935215002793,79.58675628578541
2018-08-23,1330,0.38783481720022733,0.39,0.006834053891580658,0.37,0.4,0.38,0.4,5279,0,0.0,0.31014487,0.14063536,0.24441966,0.070932388305664,0.27642652,0.39039780261413154,-0.0025629854139042063,0.0025629854139042063,37.490664675130695
2018-08-24,1331,0.3874692176548589,0.39,0.005164260512339544,0.38,0.4,0.38,0.39,5279,0,0.0,0.4857342,0.42254558,0.42262763,0.2818737030029297,0.23956636,0.38783481720022733,-0.00036559954536841133,0.00036559954536841133,6.895693303460295
2018-08-25,1332,0.3898219359727222,0.39,0.005135641107775029,0.38,0.4,0.38,0.4,5279,0,0.0,0.50329787,0.4763705,0.4763705,0.0538749694824218,0.16242084,0.3874692176548589,0.002352718317863267,0.002352718317863267,34.90166791137665
2018-08-26,1333,0.3890869482856602,0.39,0.0041105920946050145,0.38,0.4,0.38,0.39,5279,0,0.0,0.4334287,0.3870772,0.38742444,0.0893592834472656,0.1950173,0.3898219359727222,-0.0007349876870619831,0.0007349876870619831,12.322628827483197
2018-08-27,1334,0.39372419018753557,0.39,0.005566631650809415,0.38,0.4,0.39,0.4,5279,0,0.0,0.34008566,0.17195836,0.27615693,0.2151546478271484,0.29340884,0.3890869482856602,0.004637241901875366,0.004637241901875366,59.84565596216081
2018-08-28,1335,0.3929096419776473,0.39,0.005595913238700123,0.38,0.4,0.38,0.4,5279,0,0.0,0.36159587,0.27964103,0.29735652,0.1079120635986328,0.22924325,0.39372419018753557,-0.0008145482098882995,0.0008145482098882995,13.44286781179985
2018-08-29,1336,0.3928812275052093,0.39,0.005363762029019626,0.38,0.4,0.39,0.4,5279,0,0.0,0.2947068,0.21942702,0.24249801,0.060394287109375,0.19673322,0.3929096419776473,-2.8414472437954252e-05,2.8414472437954252e-05,1.3940751804829474
2018-08-30,1337,0.3881132790301194,0.39,0.004498073910375334,0.38,0.4,0.38,0.39,5279,0,0.0,0.26328382,0.18820995,0.21102183,0.0313034057617187,0.184107,0.3928812275052093,-0.004767948475089934,0.004767948475089934,61.040577545431915
2018-08-31,1338,0.38530971774957384,0.39,0.005310381692345906,0.38,0.4,0.38,0.39,5279,0,0.0,0.30843768,0.21199636,0.2489514,0.0240497589111328,0.22403428,0.3881132790301194,-0.002803561280545541,0.002803561280545541,40.179238237490665
2018-09-01,1339,0.38572078045084296,0.38,0.006731846353677519,0.37,0.4,0.38,0.4,5279,0,0.0,0.43369237,0.38871202,0.39158463,0.1765651702880859,0.19233333,0.38530971774957384,0.0004110627012691159,0.0004110627012691159,7.518048294747325
2018-09-02,1340,0.3928736503125592,0.39,0.005857218929935535,0.38,0.4,0.38,0.4,5279,0,0.0,0.74309236,0.7081687,0.70999163,0.3194446563720703,0.22513019,0.38572078045084296,0.00715286986171626,0.00715286986171626,80.03485187951208
2018-09-03,1341,0.3977306308012881,0.4,0.004188514704170992,0.39,0.4,0.39,0.4,5279,0,0.0,0.68543875,0.64655066,0.64668864,0.0616130828857421,0.22759199,0.3928736503125592,0.004856980488728901,0.004856980488728901,61.83719193427931
2018-09-04,1342,0.3917654858874787,0.39,0.008069428690773126,0.38,0.41000000000000003,0.38,0.4,5279,0,0.04546315590073877,0.23497133,-7.751481e-05,0.19176817,0.6466388702392578,0.23497117,0.3977306308012881,-0.005965144913809395,0.005965144913809395,71.1227284042818
2018-09-05,1343,0.38460503883311237,0.38,0.007889071644053468,0.37,0.41000000000000003,0.37,0.4,5279,0,0.004546315590073877,0.23555858,-0.050935984,0.19740635,0.0507678985595703,0.22998555,0.3917654858874787,-0.007160447054366359,0.007160447054366359,80.05974607916355
2018-09-06,1344,0.384586095851487,0.38,0.007861639999926525,0.37,0.4,0.37,0.4,5279,0,0.0,0.16477667,0.02806501,0.13449277,0.0789203643798828,0.16236898,0.38460503883311237,-1.8942981625358346e-05,1.8942981625358346e-05,1.1700273836196167
2018-09-07,1345,0.3864481909452548,0.39,0.006855524459403065,0.38,0.4,0.38,0.4,5279,0,0.0,0.23047996,-0.09391326,0.19625683,0.1219501495361328,0.21047866,0.384586095851487,0.0018620950937677794,0.0018620950937677794,28.429176001991536
2018-09-08,1346,0.38603712824398556,0.39,0.005517313719975808,0.38,0.4,0.38,0.39,5279,0,0.0,0.23805009,-0.09720661,0.19892226,0.0033245086669921,0.21729875,0.3864481909452548,-0.00041106270126922695,0.00041106270126922695,7.542942494398805
2018-09-09,1347,0.3964273536654669,0.4,0.004791937135822852,0.39,0.4,0.39,0.4,5279,0,0.0,0.24717505,0.16505176,0.19380252,0.2622356414794922,0.18399282,0.38603712824398556,0.010390225421481325,0.010390225421481325,93.72666168782673
2018-09-10,1348,0.4098446675506725,0.41000000000000003,0.0012366067780265305,0.4,0.41000000000000003,0.41000000000000003,0.41000000000000003,5279,0,0.9844667550672476,0.3997834,0.3074733,0.3074733,0.1423664093017578,0.25551254,0.3964273536654669,0.013417313885205617,0.013417313885205617,98.10804082648743
2018-09-11,1349,0.4096628149270695,0.41000000000000003,0.0018050365525101328,0.4,0.41000000000000003,0.41000000000000003,0.41000000000000003,5279,0,0.9662814927069521,1.0145051,0.9561753,0.9561753,0.6488418579101562,0.33904058,0.4098446675506725,-0.00018185262360298493,0.00018185262360298493,3.8834951456310676
2018-09-12,1350,0.3962720212161394,0.4,0.0048394057475006,0.39,0.41000000000000003,0.39,0.4,5279,0,0.00018942981625307822,0.24022311,-0.2042523,0.21164109,1.1604938507080078,0.12644403,0.4096628149270695,-0.013390793710930105,0.013390793710930105,98.08314662683595
2018-09-13,1351,0.38195302140556925,0.38,0.0044971492161039114,0.37,0.4,0.38,0.39,5279,0,0.0,0.19303276,-0.08158468,0.16187283,0.122781753540039,0.17494452,0.3962720212161394,-0.014318999810570165,0.014318999810570165,98.70550161812298
2018-09-14,1352,0.3740234892972154,0.37,0.0059476322901875186,0.37,0.39,0.37,0.39,5279,0,0.0,0.22336024,-0.1621924,0.19770151,0.0808544158935546,0.15356886,0.38195302140556925,-0.007929532108353843,0.007929532108353843,84.16728902165795
2018-09-15,1353,0.37418639893919303,0.37,0.006028922263912432,0.37,0.39,0.37,0.39,5279,0,0.0,0.24092087,-0.11851433,0.19574617,0.0437583923339843,0.20975523,0.3740234892972154,0.00016290964197762658,0.00016290964197762658,3.6843415484192183
2018-09-16,1354,0.37664709225232057,0.38,0.006852068971376208,0.37,0.39,0.37,0.39,5279,0,0.0,0.17984413,0.087435745,0.12799013,0.2059822082519531,0.1571588,0.37418639893919303,0.0024606933131275377,0.0024606933131275377,36.270848892208114
2018-09-17,1355,0.3766906611100588,0.38,0.00664195179870286,0.37,0.39,0.37,0.39,5279,0,0.0,0.1414045,0.057505276,0.10616168,0.0296611785888671,0.12918334,0.37664709225232057,4.356885773820762e-05,4.356885773820762e-05,1.6679113766492406
2018-09-18,1356,0.3824171244553892,0.38,0.004690809349820308,0.38,0.4,0.38,0.39,5279,0,0.0,0.1683367,0.05652946,0.12285032,0.0012283325195312,0.15856124,0.3766906611100588,0.005726463345330446,0.005726463345330446,68.95693303460294
2018-09-19,1357,0.3920647849971586,0.39,0.004075761115006399,0.38,0.4,0.39,0.4,5279,0,0.0,0.16131258,0.073842555,0.1143582,0.0173263549804687,0.14341897,0.3824171244553892,0.009647660541769354,0.009647660541769354,91.71023151605677
2018-09-20,1358,0.39825913998863416,0.4,0.005195578148477843,0.38,0.41000000000000003,0.39,0.41000000000000003,5279,0,0.06213297973100966,0.35048813,-0.30116248,0.31259158,0.3751144409179687,0.17928563,0.3920647849971586,0.006194354991475581,0.006194354991475581,73.21384117500622
2018-09-21,1359,0.39293805645008534,0.39,0.006404481176180032,0.38,0.41000000000000003,0.38,0.4,5279,0,0.01932184125781398,0.28680822,-0.23536046,0.24732974,0.0658531188964843,0.16390328,0.39825913998863416,-0.005321083538548821,0.005321083538548821,66.31814787154593
2018-09-22,1360,0.39511839363515816,0.4,0.005437847414232821,0.38,0.4,0.39,0.4,5279,0,0.0,0.2626731,-0.21474808,0.22683395,0.0206718444824218,0.15126306,0.39293805645008534,0.0021803371850728226,0.0021803371850728226,32.91013193925815
2018-09-23,1361,0.3992309149460125,0.4,0.0049905672470569335,0.39,0.41000000000000003,0.39,0.41000000000000003,5279,0,0.08903201363894676,0.2571072,-0.22210923,0.22697867,0.0072402954101562,0.12950392,0.39511839363515816,0.004112521310854322,0.004112521310854322,55.29001742593975
2018-09-24,1362,0.39318052661488917,0.39,0.007354047537251161,0.38,0.41000000000000003,0.38,0.4,5279,0,0.0017048683462777042,0.3798986,0.30452964,0.321795,0.5264606475830078,0.22712319,0.3992309149460125,-0.006050388331123313,0.006050388331123313,71.84466019417476
2018-09-25,1363,0.384586095851487,0.39,0.007611899581371389,0.37,0.4,0.37,0.39,5279,0,0.0,0.26142105,0.102574974,0.19627558,0.2018241882324218,0.24045642,0.39318052661488917,-0.008594430763402161,0.008594430763402161,87.6773711725168
2018-09-26,1364,0.3845709414661868,0.39,0.007069100959313774,0.37,0.4,0.37,0.39,5279,0,0.0,0.2386225,-0.071382776,0.19821495,0.1740875244140625,0.22769533,0.384586095851487,-1.5154385300197859e-05,1.5154385300197859e-05,1.0455563853622107
2018-09-27,1365,0.3921348740291722,0.39,0.005591376497162683,0.38,0.41000000000000003,0.38,0.4,5279,0,0.00037885963250615644,0.26954424,-0.17163621,0.23559642,0.1001949310302734,0.2078344,0.3845709414661868,0.007563932562985376,0.007563932562985376,82.02638785163057
2018-09-28,1366,0.39474900549346476,0.39,0.00503901114472835,0.38,0.4,0.39,0.4,5279,0,0.0,0.25926074,-0.19182238,0.20494063,0.0201168060302734,0.17441377,0.3921348740291722,0.0026141314642925684,0.0026141314642925684,38.11301966641773
2018-09-29,1367,0.38195112710740664,0.38,0.00396287447250223,0.38,0.39,0.38,0.39,5279,0,0.0,0.20099026,-0.014786629,0.16358066,0.1770687103271484,0.20044568,0.39474900549346476,-0.012797878386058115,0.012797878386058115,97.51058003485188
2018-09-30,1368,0.3785716991854518,0.38,0.004548794866064015,0.37,0.39,0.37,0.38,5279,0,0.0,0.18357448,0.02773767,0.14904323,0.0424690246582031,0.18146688,0.38195112710740664,-0.003379427921954836,0.003379427921954836,47.34876773711726
2018-10-01,1369,0.383693881416935,0.38,0.004834234807440948,0.38,0.4,0.38,0.39,5279,0,0.0,0.22963454,-0.11197943,0.17997393,0.1397609710693359,0.20048079,0.3785716991854518,0.005122182231483197,0.005122182231483197,64.30171769977595
2018-10-02,1370,0.38899602197385874,0.39,0.0035699625744535324,0.38,0.4,0.38,0.39,5279,0,0.0,0.21894957,-0.12835082,0.1531925,0.0163497924804687,0.17738311,0.383693881416935,0.00530214055692374,0.00530214055692374,66.11899427433407
2018-10-03,1371,0.3913657889751847,0.39,0.007945312481689767,0.37,0.41000000000000003,0.38,0.4,5279,0,0.0032203068763023298,0.1843805,-0.061427094,0.14759162,0.0668506622314453,0.17384717,0.38899602197385874,0.002369767001325962,0.002369767001325962,35.100821508588496
2018-10-04,1372,0.38828944875923466,0.39,0.008322602803616458,0.37,0.41000000000000003,0.38,0.4,5279,0,0.008713771547641599,0.30028915,0.067366496,0.24215786,0.128814697265625,0.29263574,0.3913657889751847,-0.0030763402159500464,0.0030763402159500464,43.93826238486432
2018-10-05,1373,0.39070089032013644,0.39,0.008303837871581893,0.38,0.41000000000000003,0.38,0.4,5279,0,0.03371850729304793,0.505717,0.41039318,0.4201961,0.3431015014648437,0.29551247,0.38828944875923466,0.0024114415609017836,0.0024114415609017836,35.79785909882997
2018-10-06,1374,0.3946940708467513,0.39,0.006849682620516099,0.38,0.41000000000000003,0.38,0.41000000000000003,5279,0,0.05057776093957189,0.5346633,0.46801212,0.4734931,0.0575523376464843,0.25851625,0.39070089032013644,0.003993180526614848,0.003993180526614848,53.920836445108286
2018-10-07,1375,0.40403106648986553,0.4,0.0049052184307060665,0.4,0.41000000000000003,0.4,0.41000000000000003,5279,0,0.40310664898655046,0.5780812,0.54148936,0.54148936,0.0734882354736328,0.20240359,0.3946940708467513,0.009336995643114243,0.009336995643114243,90.81404032860344
2018-10-08,1376,0.4099715855275621,0.41000000000000003,0.0005322944130231786,0.4,0.41000000000000003,0.41000000000000003,0.41000000000000003,5279,0,0.9971585527562038,0.28698286,0.25041848,0.2526242,0.2910194396972656,0.1401772,0.40403106648986553,0.0059405190376965455,0.0059405190376965455,70.92357480706995
2018-10-09,1377,0.4091740860011365,0.41000000000000003,0.0027526362010108886,0.4,0.41000000000000003,0.4,0.41000000000000003,5279,0,0.9174086001136579,0.5093441,0.47667566,0.47667566,0.2262458801269531,0.17947517,0.4099715855275621,-0.0007974995264255491,0.0007974995264255491,13.218820014936519
2018-10-10,1378,0.40504830460314456,0.41000000000000003,0.005737232171064178,0.39,0.41000000000000003,0.4,0.41000000000000003,5279,0,0.5444212919113468,0.45774233,0.37394187,0.37838653,0.1027355194091796,0.26399943,0.4091740860011365,-0.004125781397991968,0.004125781397991968,55.46427682350013
2018-10-11,1379,0.39398370903580227,0.39,0.005656763817344733,0.38,0.41000000000000003,0.39,0.4,5279,0,0.027467323356696344,0.51866615,0.4195521,0.42319646,0.045562744140625,0.30494353,0.40504830460314456,-0.011064595567342295,0.011064595567342295,95.19541946726413
2018-10-12,1380,0.3871339268800909,0.39,0.005400011816474762,0.38,0.4,0.38,0.39,5279,0,0.0,0.28089863,-0.008041002,0.23495397,0.4275455474853515,0.28078336,0.39398370903580227,-0.006849782155711359,0.006849782155711359,78.06821010704506
2018-10-13,1381,0.3762587611290017,0.38,0.005684955741605126,0.37,0.39,0.37,0.38,5279,0,0.0,0.3098762,-0.2585346,0.27073577,0.2504920959472656,0.17083097,0.3871339268800909,-0.01087516575108921,0.01087516575108921,94.87179487179486
2018-10-14,1382,0.37192081833680624,0.37,0.004218032489216758,0.37,0.39,0.37,0.38,5279,0,0.0,0.15149544,-0.05043067,0.123138666,0.2079887390136718,0.14285514,0.3762587611290017,-0.004337942792195459,0.004337942792195459,57.381130196664174
2018-10-15,1383,0.3797556355370335,0.38,0.004795194954038758,0.37,0.39,0.37,0.39,5279,0,0.0,0.17831872,-0.119912736,0.14169809,0.0694332122802734,0.13197912,0.37192081833680624,0.007834817200227273,0.007834817200227273,83.59472242967388
2018-10-16,1384,0.3908713771547642,0.39,0.0031503243469250507,0.38,0.4,0.39,0.4,5279,0,0.0,0.14723808,-0.07266417,0.1165303,0.0472278594970703,0.12805831,0.3797556355370335,0.011115741617730712,0.011115741617730712,95.34478466517301
2018-10-17,1385,0.3879352150028414,0.39,0.006135025531380446,0.38,0.4,0.38,0.4,5279,0,0.0,0.14054517,0.036701247,0.11400866,0.1094322204589843,0.13566853,0.3908713771547642,-0.0029361621519228276,0.0029361621519228276,42.046303211351756
2018-10-18,1386,0.385631748437204,0.39,0.0060224389239974824,0.38,0.4,0.38,0.4,5279,0,0.0,0.117850594,-0.058391858,0.090605296,0.0949687957763671,0.10236767,0.3879352150028414,-0.002303466565637402,0.002303466565637402,34.32910131939258
2018-10-19,1387,0.3868232619814359,0.39,0.00641475649248411,0.38,0.4,0.38,0.4,5279,0,0.0,0.14246936,-0.078967564,0.12022845,0.020721435546875,0.11858184,0.385631748437204,0.0011915135442319147,0.0011915135442319147,19.492158327109784
2018-10-20,1388,0.38190566395150594,0.38,0.003984936132235717,0.37,0.4,0.38,0.39,5279,0,0.0,0.28617072,-0.24447992,0.25477657,0.165506362915039,0.14873938,0.3868232619814359,-0.00491759802992997,0.00491759802992997,62.40975852626338
2018-10-21,1389,0.3822864178821746,0.38,0.00448742082541399,0.37,0.39,0.38,0.39,5279,0,0.0,0.31334066,-0.28445995,0.2854341,0.0399723052978515,0.13139592,0.38190566395150594,0.0003807539306686647,0.0003807539306686647,7.119741100323624
2018-10-22,1390,0.3821727599924228,0.38,0.004547708475140493,0.37,0.4,0.38,0.39,5279,0,0.0,0.28770936,-0.26786932,0.2680175,0.0165596008300781,0.10498927,0.3822864178821746,-0.00011365788975181701,0.00011365788975181701,3.012198157829226
2018-10-23,1391,0.37958325440424323,0.38,0.005866532839440131,0.37,0.39,0.37,0.39,5279,0,0.0,0.3279949,-0.31577966,0.31577966,0.0478038787841796,0.088677876,0.3821727599924228,-0.0025895055881795526,0.0025895055881795526,37.91386606920587
2018-10-24,1392,0.37637052472059107,0.38,0.006975442725817763,0.37,0.39,0.37,0.39,5279,0,0.0,0.41145968,-0.40109503,0.40109503,0.0854148864746093,0.09177189,0.37958325440424323,-0.00321272968365216,0.00321272968365216,45.60617376151357
2018-10-25,1393,0.3760958514870241,0.37,0.006985974897163142,0.37,0.39,0.37,0.39,5279,0,0.0,0.12479872,-0.09613359,0.10845729,0.3053321838378906,0.07958002,0.37637052472059107,-0.0002746732335669466,0.0002746732335669466,5.202887727159572
2018-10-26,1394,0.3732771358211783,0.37,0.00514067220880736,0.37,0.39,0.37,0.38,5279,0,0.0,0.102998346,0.051632717,0.07765794,0.1473770141601562,0.08912188,0.3760958514870241,-0.00281871566584585,0.00281871566584585,40.5277570326114
2018-10-27,1395,0.37464671339268807,0.37,0.005503896921085285,0.37,0.39,0.37,0.38,5279,0,0.0,0.11541669,0.047662724,0.09712931,0.0038700103759765,0.10511557,0.3732771358211783,0.0013695775715097946,0.0013695775715097946,22.330097087378643
2018-10-28,1396,0.3823129380564501,0.38,0.004435537878775986,0.37,0.39,0.38,0.39,5279,0,0.0,0.12238053,0.06586443,0.10281398,0.0181770324707031,0.10314483,0.37464671339268807,0.007666224663762045,0.007666224663762045,82.59895444361463
2018-10-29,1397,0.38731767380185644,0.39,0.006773725760677441,0.38,0.4,0.38,0.4,5279,0,0.0,0.17904317,-0.027523687,0.12998168,0.0934085845947265,0.17691493,0.3823129380564501,0.00500473574540633,0.00500473574540633,63.00721931789893
2018-10-30,1398,0.3881341163099072,0.39,0.006281896003566002,0.38,0.4,0.38,0.4,5279,0,0.0,0.36424708,-0.32127205,0.3214632,0.2937641143798828,0.17163973,0.38731767380185644,0.0008164425080507409,0.0008164425080507409,13.467762011451331
2018-10-31,1399,0.3861147944686494,0.39,0.0058751039868111,0.38,0.4,0.38,0.4,5279,0,0.0,0.28486288,-0.23912182,0.24232534,0.0822029113769531,0.15481506,0.3881341163099072,-0.002019321841257804,0.002019321841257804,30.74433656957929
2018-11-01,1400,0.382062890698996,0.38,0.0059299938217726115,0.37,0.4,0.37,0.39,5279,0,0.0,0.119057246,-0.04338903,0.09536232,0.195892333984375,0.110869214,0.3861147944686494,-0.004051903769653364,0.004051903769653364,54.49340303709236
2018-11-02,1401,0.3866565637431332,0.39,0.0068081766422683435,0.37,0.4,0.38,0.4,5279,0,0.0,0.26638165,0.056291807,0.20825018,0.099517822265625,0.2603657,0.382062890698996,0.004593673044137159,0.004593673044137159,59.422454568085634
2018-11-03,1402,0.3917294942223905,0.39,0.007464124181144534,0.38,0.41000000000000003,0.38,0.4,5279,0,0.00037885963250615644,0.3410015,-0.006958233,0.29134452,0.0633373260498046,0.34093076,0.3866565637431332,0.0050729304792573315,0.0050729304792573315,63.85362210604929
2018-11-04,1403,0.3847300625118394,0.38,0.005041790483027193,0.38,0.4,0.38,0.39,5279,0,0.0,0.17575677,-0.115393065,0.15083534,0.1083755493164062,0.13257003,0.3917294942223905,-0.006999431710551118,0.006999431710551118,79.01418969380134
2018-11-05,1404,0.3768365220685736,0.38,0.0056508555720182485,0.37,0.39,0.37,0.39,5279,0,0.0,0.13650876,0.055947814,0.105089776,0.171112060546875,0.12451693,0.3847300625118394,-0.00789354044326579,0.00789354044326579,84.04281802340054
2018-11-06,1405,0.375567342299678,0.38,0.00574899300689975,0.37,0.39,0.37,0.38,5279,0,0.0,0.11866722,-0.03766997,0.09235076,0.0933055877685546,0.11252945,0.3768365220685736,-0.001269179768895623,0.001269179768895623,20.81155090863829
2018-11-07,1406,0.37664709225232057,0.38,0.006078565199973926,0.37,0.39,0.37,0.39,5279,0,0.0,0.17546639,-0.12781505,0.14333479,0.09027099609375,0.12021547,0.375567342299678,0.0010797499526425947,0.0010797499526425947,17.77445855115758
2018-11-08,1407,0.3788975184694071,0.38,0.005707785358109634,0.37,0.4,0.37,0.39,5279,0,0.0,0.3219471,-0.27835926,0.29059514,0.1506366729736328,0.16175856,0.37664709225232057,0.002250426217086543,0.002250426217086543,33.756534727408514
2018-11-09,1408,0.38188672096988063,0.38,0.003965380092295817,0.37,0.4,0.38,0.39,5279,0,0.0,0.39537916,-0.36822304,0.36864412,0.0897064208984375,0.14400356,0.3788975184694071,0.00298920250047352,0.00298920250047352,42.66865820263879
2018-11-10,1409,0.3849119151354424,0.38,0.0052901070077489495,0.38,0.4,0.38,0.39,5279,0,0.0,0.26150686,-0.2130539,0.22143354,0.1553325653076172,0.15163675,0.38188672096988063,0.00302519416556174,0.00302519416556174,43.3159073935773
2018-11-11,1410,0.3809831407463535,0.38,0.004950933705766883,0.37,0.39,0.37,0.39,5279,0,0.0,0.15512623,-0.099446885,0.12343505,0.113443374633789,0.11905673,0.3849119151354424,-0.003928774389088896,0.003928774389088896,53.04953945730645
2018-11-12,1411,0.3762019321841258,0.38,0.005290370187906014,0.37,0.39,0.37,0.38,5279,0,0.0,0.11450228,0.027072424,0.096225865,0.1262435913085937,0.11125559,0.3809831407463535,-0.00478120856222769,0.00478120856222769,61.11526014438636
2018-11-13,1412,0.3742375449895814,0.37,0.005629632963276183,0.37,0.39,0.37,0.38,5279,0,0.0,0.106820524,0.063381076,0.08254187,0.0366554260253906,0.0859852,0.3762019321841258,-0.0019643871945443925,0.0019643871945443925,29.848145382125963
2018-11-14,1413,0.3801288122750521,0.38,0.0043460905489707815,0.37,0.39,0.37,0.39,5279,0,0.0,0.10461785,0.042531658,0.083300136,0.0209312438964843,0.095582075,0.3742375449895814,0.0058912672854706805,0.0058912672854706805,70.35100821508588
2018-11-15,1414,0.3881132790301194,0.39,0.004834997813132944,0.38,0.4,0.38,0.39,5279,0,0.0,0.15997933,0.089237265,0.123761676,0.0467662811279296,0.13277854,0.3801288122750521,0.00798446675506731,0.00798446675506731,84.3913368185213
2018-11-16,1415,0.3845387383974237,0.38,0.005409046255816407,0.38,0.4,0.38,0.39,5279,0,0.0,0.21087883,0.12959802,0.16422546,0.0403404235839843,0.16635557,0.3881132790301194,-0.0035745406326956886,0.0035745406326956886,49.21583271097834
2018-11-17,1416,0.37903011934078423,0.38,0.007225879735194397,0.37,0.39,0.37,0.39,5279,0,0.0,0.15536474,0.049642302,0.12003323,0.080026626586914,0.14722045,0.3845387383974237,-0.005508619056639463,0.005508619056639463,67.43838685586259
2018-11-18,1417,0.3823735555976511,0.38,0.007308317696361034,0.37,0.4,0.37,0.39,5279,0,0.0,0.14578843,-0.0042749704,0.11108795,0.0538768768310546,0.14572574,0.37903011934078423,0.003343436256866894,0.003343436256866894,46.92556634304207
2018-11-19,1418,0.38489107785565446,0.38,0.0054554346605975215,0.37,0.4,0.38,0.39,5279,0,0.0,0.13634892,-0.007970531,0.10984285,0.0037784576416015,0.1361158,0.3823735555976511,0.002517522258003335,0.002517522258003335,37.01767488175255
2018-11-20,1419,0.38370524720591015,0.38,0.0052359621115190685,0.37,0.4,0.38,0.39,5279,0,0.0,0.18738425,0.074728906,0.15853058,0.082742691040039,0.17183855,0.38489107785565446,-0.0011858306497443127,0.0011858306497443127,19.36768732885238
2018-11-21,1420,0.38172949422239055,0.38,0.003948659862427317,0.37,0.4,0.38,0.39,5279,0,0.0,0.18763436,-0.011914533,0.15430643,0.0865917205810546,0.18725558,0.38370524720591015,-0.0019757529835195964,0.0019757529835195964,29.97261638038337
2018-11-22,1421,0.3792271263496874,0.38,0.005933371856919502,0.37,0.4,0.37,0.39,5279,0,0.0,0.18731363,0.13692108,0.148543,0.148874282836914,0.12782387,0.38172949422239055,-0.0025023678727031373,0.0025023678727031373,36.86830968384366
2018-11-23,1422,0.3769994317105512,0.38,0.00607260170247071,0.37,0.39,0.37,0.39,5279,0,0.0,0.14343877,0.1030119,0.11616333,0.0340328216552734,0.09981614,0.3792271263496874,-0.0022276946391361907,0.0022276946391361907,33.582275329848144
2018-11-24,1423,0.3773214623981815,0.38,0.006341985205136047,0.37,0.4,0.37,0.39,5279,0,0.0,0.11447947,-0.038142376,0.09020567,0.1410598754882812,0.10793832,0.3769994317105512,0.0003220306876302592,0.0003220306876302592,6.123973114264376
2018-11-25,1424,0.38126539117257047,0.38,0.003364208472856647,0.37,0.4,0.38,0.39,5279,0,0.0,0.23909418,-0.112961344,0.21502471,0.0748805999755859,0.21072684,0.3773214623981815,0.003943928774388983,0.003943928774388983,53.273587254169776
2018-11-26,1425,0.38005493464671336,0.38,0.005154996159542449,0.37,0.4,0.37,0.39,5279,0,0.0,0.26690102,-0.025215603,0.22290596,0.0880985260009765,0.26570725,0.38126539117257047,-0.0012104565258571065,0.0012104565258571065,19.865571321882
2018-11-27,1426,0.3806042811138473,0.38,0.006176238821459085,0.37,0.39,0.37,0.39,5279,0,0.0,0.30280504,-0.11380335,0.27448666,0.0888824462890625,0.28060594,0.38005493464671336,0.0005493464671339487,0.0005493464671339487,9.50958426686582
2018-11-28,1427,0.3863553703352908,0.39,0.0048127924590837924,0.38,0.39,0.38,0.39,5279,0,0.0,0.26402214,-0.08531707,0.24151118,0.0284557342529296,0.24985719,0.3806042811138473,0.005751089221443517,0.005751089221443517,69.2805576300722
2018-11-29,1428,0.3928793332070468,0.39,0.004527998713920486,0.39,0.4,0.39,0.4,5279,0,0.0,0.20213573,0.065939486,0.15137659,0.1512508392333984,0.19107816,0.3863553703352908,0.006523962871755995,0.006523962871755995,75.47921334329102
2018-11-30,1429,0.3811081644250805,0.38,0.0037997128063993976,0.37,0.4,0.38,0.39,5279,0,0.0,0.24204272,0.18654431,0.19318031,0.1206035614013671,0.15422651,0.3928793332070468,-0.011771168781966324,0.011771168781966324,96.39034105053523
2018-12-01,1430,0.375510513354802,0.37,0.005977148605919663,0.37,0.39,0.37,0.39,5279,0,0.0,0.23897798,0.14936146,0.19105203,0.0371952056884765,0.18655176,0.3811081644250805,-0.0055976510702784865,0.0055976510702784865,68.25989544436146
2018-12-02,1431,0.37302140556923663,0.37,0.005282484023985582,0.37,0.39,0.37,0.38,5279,0,0.0,0.19070156,0.074765705,0.16210543,0.0746364593505859,0.17543419,0.375510513354802,-0.002489107785565381,0.002489107785565381,36.669156086631816
2018-12-03,1432,0.3770467891646145,0.38,0.005128754116445431,0.37,0.39,0.37,0.38,5279,0,0.0,0.20365211,0.13722548,0.15397054,0.0624713897705078,0.15047693,0.37302140556923663,0.004025383595377852,0.004025383595377852,54.219566840926056
2018-12-04,1433,0.3798825535139231,0.38,0.004718384544976197,0.37,0.39,0.37,0.39,5279,0,0.0,0.2214245,0.18201603,0.18668093,0.0447635650634765,0.12609123,0.3770467891646145,0.0028357643493086004,0.0028357643493086004,40.72691062982325
2018-12-05,1434,0.3883500663004358,0.39,0.004702336408405998,0.37,0.4,0.38,0.39,5279,0,0.0,0.52548134,0.5102592,0.5102592,0.3282051086425781,0.12556231,0.3798825535139231,0.008467512786512699,0.008467512786512699,86.95543938262385
2018-12-06,1435,0.3872115931047547,0.39,0.005995430641560198,0.38,0.4,0.38,0.4,5279,0,0.0,0.47528374,0.44314432,0.44314432,0.0669364929199218,0.17180857,0.3883500663004358,-0.0011384731956810556,0.0011384731956810556,18.571072940004978
2018-12-07,1436,0.3827599924228074,0.38,0.0058987945959416395,0.37,0.4,0.37,0.39,5279,0,0.0,0.26419044,0.22836141,0.23168555,0.214853286743164,0.13284451,0.3872115931047547,-0.004451600681947332,0.004451600681947332,58.352003983071945
2018-12-08,1437,0.3793748816063648,0.38,0.00519987157412419,0.37,0.39,0.37,0.39,5279,0,0.0,0.22081979,0.16685209,0.17836726,0.0614204406738281,0.14464371,0.3827599924228074,-0.0033851108164426047,0.0033851108164426047,47.39855613642022
2018-12-09,1438,0.38122561091115736,0.38,0.00502259145937247,0.37,0.4,0.37,0.39,5279,0,0.0,0.24613723,0.1894366,0.20792812,0.0224971771240234,0.1571541,0.3793748816063648,0.0018507293047925755,0.0018507293047925755,28.27981080408265
2018-12-10,1439,0.38397992043947715,0.38,0.005406069420756561,0.38,0.4,0.38,0.39,5279,0,0.0,0.24391204,0.17716058,0.19037198,0.0122756958007812,0.16765201,0.38122561091115736,0.002754309528319787,0.002754309528319787,39.68135424446104
2018-12-11,1440,0.3805720780450843,0.38,0.007791470561265983,0.37,0.4,0.37,0.39,5279,0,0.0,0.22186972,0.025247294,0.18870579,0.1519298553466797,0.22042884,0.38397992043947715,-0.003407842394392846,0.003407842394392846,47.62260393328355
2018-12-12,1441,0.3801060806971017,0.38,0.007377728381882678,0.37,0.4,0.37,0.39,5279,0,0.0,0.18495572,0.005958458,0.15880315,0.0192928314208984,0.18485971,0.3805720780450843,-0.00046599734798258297,0.00046599734798258297,8.414239482200648
2018-12-13,1442,0.38142640651638565,0.38,0.0060144291822465095,0.37,0.4,0.37,0.39,5279,0,0.0,0.10261429,-0.01675421,0.079283185,0.0226917266845703,0.10123725,0.3801060806971017,0.0013203258192839296,0.0013203258192839296,21.53348269853124
2018-12-14,1443,0.381509755635537,0.38,0.0038798796512418856,0.37,0.4,0.38,0.39,5279,0,0.0,0.18576168,0.10985454,0.13347463,0.1266078948974609,0.14979786,0.38142640651638565,8.334911915136578e-05,8.334911915136578e-05,2.4645257654966395
2018-12-15,1444,0.3815609016859254,0.38,0.006831090271667716,0.37,0.4,0.37,0.39,5279,0,0.0,0.31572992,0.23950548,0.24784225,0.1296291351318359,0.20572406,0.381509755635537,5.114605038836206e-05,5.114605038836206e-05,1.8421707742096092
2018-12-16,1445,0.38309338889941275,0.38,0.007942120601580253,0.37,0.4,0.37,0.39,5279,0,0.0,0.29694965,0.2302914,0.23668298,0.0091915130615234,0.18746927,0.3815609016859254,0.0015324872134873657,0.0015324872134873657,24.321633059497135
2018-12-17,1446,0.3837582875544611,0.38,0.008279036566583487,0.37,0.4,0.37,0.4,5279,0,0.0,0.35226947,0.22817297,0.2756102,0.0021610260009765,0.2683862,0.38309338889941275,0.0006648986550483738,0.0006648986550483738,11.227284042818024
2018-12-18,1447,0.38682705057776096,0.39,0.006677042305761285,0.37,0.4,0.38,0.4,5279,0,0.0,0.43455708,0.35774,0.37146506,0.1297187805175781,0.24670196,0.3837582875544611,0.0030687630232998364,0.0030687630232998364,43.73910878765248
2018-12-19,1448,0.38643114226179204,0.39,0.006309602639868608,0.38,0.4,0.38,0.4,5279,0,0.0,0.55257887,0.51482356,0.51482356,0.1568946838378906,0.20075053,0.38682705057776096,-0.00039590831596891807,0.00039590831596891807,7.318894697535475
2018-12-20,1449,0.37733851108164423,0.38,0.0067356954249689,0.37,0.39,0.37,0.39,5279,0,0.0,0.27412394,0.23778974,0.23918174,0.2769966125488281,0.13638239,0.38643114226179204,-0.009092631180147803,0.009092631180147803,90.26636793627085
2018-12-21,1450,0.3726577003220307,0.37,0.004989332520505355,0.37,0.39,0.37,0.38,5279,0,0.0,0.14629385,-0.019365435,0.10890023,0.2571125030517578,0.14500651,0.37733851108164423,-0.0046808107596135184,0.0046808107596135184,60.1443863579786
2018-12-22,1451,0.3720420534192082,0.37,0.004178863822763519,0.37,0.39,0.37,0.38,5279,0,0.0,0.20364337,-0.116533965,0.17616001,0.0971012115478515,0.1670041,0.3726577003220307,-0.0006156469028225087,0.0006156469028225087,10.505352252925068
2018-12-23,1452,0.3779503693881417,0.38,0.005900979283395894,0.37,0.39,0.37,0.39,5279,0,0.0,0.13638152,-0.034816712,0.109033346,0.0817165374755859,0.13186228,0.3720420534192082,0.005908315968933486,0.005908315968933486,70.52526761264626
2018-12-24,1453,0.3876415987876492,0.39,0.0046007054670877965,0.38,0.4,0.38,0.39,5279,0,0.0,0.18622614,-0.0730584,0.1561805,0.038400650024414,0.17129685,0.3779503693881417,0.009691229399507506,0.009691229399507506,91.76001991535972
2018-12-25,1454,0.3900018942981626,0.39,0.004864132035794669,0.38,0.4,0.38,0.4,5279,0,0.0,0.28951082,-0.24630445,0.26036832,0.1732254028320312,0.15215278,0.3876415987876492,0.0023602955105134216,0.0023602955105134216,34.976350510331095
2018-12-26,1455,0.3804868346277704,0.38,0.005373858465134882,0.37,0.4,0.37,0.39,5279,0,0.0,0.1908712,-0.114846066,0.15412462,0.1314983367919922,0.15245388,0.3900018942981626,-0.009515059670392234,0.009515059670392234,91.3866069205875
2018-12-27,1456,0.3764709225232052,0.38,0.00604888349951471,0.37,0.39,0.37,0.39,5279,0,0.0,0.1968267,0.075729094,0.14893398,0.1905555725097656,0.181675,0.3804868346277704,-0.0040159121045652,0.0040159121045652,54.09509584266866
2018-12-28,1457,0.37561091115741624,0.37,0.006649348130329228,0.37,0.39,0.37,0.39,5279,0,0.0,0.25397062,0.15949784,0.19661748,0.0838279724121093,0.19763961,0.3764709225232052,-0.0008600113657889485,0.0008600113657889485,14.065222803086879
2018-12-29,1458,0.3757738207993938,0.38,0.006240946343196837,0.37,0.39,0.37,0.39,5279,0,0.0,0.3466831,0.21314567,0.25856102,0.0536384582519531,0.27341944,0.37561091115741624,0.00016290964197757107,0.00016290964197757107,3.6594473487677375
2018-12-30,1459,0.37652396287175605,0.38,0.005918476255355758,0.37,0.39,0.37,0.39,5279,0,0.0,0.21182333,0.07239184,0.15845993,0.1406288146972656,0.19906922,0.3757738207993938,0.0007501420723622365,0.0007501420723622365,12.62135922330097
2018-12-31,1460,0.3780678158742186,0.38,0.005882793495755352,0.37,0.39,0.37,0.39,5279,0,0.0,0.15465339,0.020938158,0.11609283,0.0515575408935546,0.1532295,0.37652396287175605,0.0015438530024625696,0.0015438530024625696,24.39631565845158
2019-01-01,1461,0.3814548209888236,0.38,0.005146590924553171,0.37,0.4,0.37,0.39,5279,0,0.0,0.19735381,0.13835725,0.15554686,0.1173553466796875,0.14073299,0.3780678158742186,0.0033870051146049907,0.0033870051146049907,47.423450336071696
2019-01-02,1462,0.3842318620950938,0.38,0.005554329654571376,0.38,0.4,0.38,0.39,5279,0,0.0,0.22692542,0.17205158,0.18383548,0.0338020324707031,0.147964,0.3814548209888236,0.002777041106270195,0.002777041106270195,39.90540204132437
2019-01-03,1463,0.37753172949422237,0.38,0.006083002869297672,0.37,0.39,0.37,0.39,5279,0,0.0,0.2933508,0.25257435,0.25514862,0.0801639556884765,0.14920104,0.3842318620950938,-0.0067001326008714335,0.0067001326008714335,76.97286532237989
2019-01-04,1464,0.3718204205341921,0.37,0.004326286711364013,0.36,0.39,0.37,0.38,5279,0,0.0,0.29627094,0.19888054,0.2530421,0.0533485412597656,0.21959724,0.37753172949422237,-0.005711308960030248,0.005711308960030248,68.90714463529997
2019-01-05,1465,0.3734930858117068,0.37,0.005631001946325049,0.37,0.39,0.37,0.38,5279,0,0.0,0.28956372,0.1050353,0.24983041,0.0939750671386718,0.26984227,0.3718204205341921,0.0016726652775146955,0.0016726652775146955,26.138909634055263
2019-01-06,1466,0.3753949611668877,0.38,0.005700611392936301,0.37,0.39,0.37,0.38,5279,0,0.0,0.1566605,0.078076154,0.122302115,0.0268325805664062,0.13581826,0.3734930858117068,0.001901875355180882,0.001901875355180882,28.976848394324122
2019-01-07,1467,0.37612994885394957,0.38,0.005146735946670759,0.37,0.39,0.37,0.38,5279,0,0.0,0.24039891,0.16718651,0.18944432,0.0890941619873046,0.17274286,0.3753949611668877,0.0007349876870618721,0.0007349876870618721,12.247946228528752
2019-01-08,1468,0.3789998105701837,0.38,0.0037772561859744135,0.37,0.39,0.37,0.38,5279,0,0.0,0.19889617,0.014083663,0.16314355,0.153207778930664,0.19839717,0.37612994885394957,0.0028698617162341566,0.0028698617162341566,41.27458302215584
2019-01-09,1469,0.3885735934836144,0.39,0.004576374237484397,0.38,0.4,0.38,0.39,5279,0,0.0,0.3867687,0.3448554,0.34647143,0.3308010101318359,0.1751122,0.3789998105701837,0.009573782913430695,0.009573782913430695,91.58576051779936
2019-01-10,1470,0.38345898844478116,0.38,0.005509448238236549,0.38,0.4,0.38,0.39,5279,0,0.0,0.25974527,0.1716338,0.19084036,0.1731491088867187,0.19496016,0.3885735934836144,-0.005114605038833264,0.005114605038833264,64.22703510082151
2019-01-11,1471,0.385785186588369,0.39,0.005476367827541956,0.38,0.4,0.38,0.39,5279,0,0.0,0.29309818,-0.2766846,0.28068447,0.4483680725097656,0.09670603,0.38345898844478116,0.0023261981435878654,0.0023261981435878654,34.578043315907394
2019-01-12,1472,0.3824152301572267,0.38,0.004419424813695745,0.38,0.4,0.38,0.39,5279,0,0.0,0.15301259,-0.025067545,0.11802154,0.2515907287597656,0.15094532,0.385785186588369,-0.003369956431142296,0.003369956431142296,47.22429673885984
2019-01-13,1473,0.3832525099450654,0.38,0.005891845901189375,0.37,0.4,0.38,0.39,5279,0,0.0,0.17206793,0.09201182,0.1297825,0.1170845031738281,0.14540017,0.3824152301572267,0.0008372797878386518,0.0008372797878386518,13.741598207617626
2019-01-14,1474,0.38488918355749197,0.39,0.007808929811706264,0.37,0.4,0.37,0.4,5279,0,0.0,0.24067056,0.2004434,0.20083815,0.1085166931152343,0.1332103,0.3832525099450654,0.0016366736124265868,0.0016366736124265868,25.715708239980085
2019-01-15,1475,0.39197385868535706,0.39,0.007386604306847666,0.38,0.41000000000000003,0.38,0.4,5279,0,0.024436446296647093,0.26854897,0.21159868,0.21681114,0.011056900024414,0.16536163,0.38488918355749197,0.007084675127865092,0.007084675127865092,79.48717948717949
2019-01-16,1476,0.38671907558249674,0.39,0.005992582222330294,0.38,0.4,0.38,0.4,5279,0,0.0,0.15176086,0.027455188,0.11005517,0.1841087341308593,0.14925697,0.39197385868535706,-0.0052547831028603165,0.0052547831028603165,65.59621608165297
2019-01-17,1477,0.388365220685736,0.39,0.005160648134489075,0.38,0.4,0.38,0.4,5279,0,0.0,0.1726552,-0.067496024,0.14093757,0.0950145721435546,0.15891582,0.38671907558249674,0.0016461451032392382,0.0016461451032392382,25.815285038586012
2019-01-18,1478,0.38304224284902444,0.38,0.0059920636380377,0.37,0.4,0.38,0.39,5279,0,0.0,0.15372933,-0.05720244,0.11972834,0.0103340148925781,0.14269044,0.388365220685736,-0.00532297783671154,0.00532297783671154,66.36793627084889
2019-01-19,1479,0.38036559954536847,0.38,0.009112901255316727,0.37,0.41000000000000003,0.37,0.4,5279,0,0.0030308770600492516,0.14991091,0.013229823,0.1180075,0.070404052734375,0.14932583,0.38304224284902444,-0.002676643303655968,0.002676643303655968,38.8100572566592
2019-01-20,1480,0.38155711308960033,0.38,0.010025545420480538,0.37,0.41000000000000003,0.37,0.4,5279,0,0.016480394014017807,0.38267383,0.28446165,0.30939287,0.2713680267333984,0.25597093,0.38036559954536847,0.0011915135442318592,0.0011915135442318592,19.442369927806823
2019-01-21,1481,0.38685735934836146,0.38,0.00992263682948259,0.37,0.41000000000000003,0.37,0.4,5279,0,0.04034855086190566,0.5525086,0.50111246,0.50111246,0.2165374755859375,0.2327069,0.38155711308960033,0.005300246258761132,0.005300246258761132,66.01941747572816
2019-01-22,1482,0.38535139230914944,0.38,0.005746477664095896,0.38,0.4,0.38,0.39,5279,0,0.0,0.44136527,0.3974389,0.39745724,0.1036663055419921,0.19195127,0.38685735934836146,-0.0015059670392120195,0.0015059670392120195,23.9731142643764
2019-01-23,1483,0.37868156847887857,0.38,0.005183207556940808,0.37,0.4,0.37,0.39,5279,0,0.0,0.29865634,0.2671269,0.26826954,0.1302947998046875,0.13356183,0.38535139230914944,-0.006669823830270871,0.006669823830270871,76.62434652725915
2019-01-24,1484,0.37207993938245887,0.37,0.0048808936538818765,0.36,0.39,0.37,0.38,5279,0,0.0,0.3339046,0.3048229,0.30530608,0.0376605987548828,0.13629103,0.37868156847887857,-0.006601629096419703,0.006601629096419703,76.12646253422952
2019-01-25,1485,0.37419397613184324,0.37,0.006472366376295195,0.36,0.39,0.37,0.39,5279,0,0.0,0.24848466,0.19573483,0.20267323,0.1090946197509765,0.15307736,0.37207993938245887,0.0021140367493843737,0.0021140367493843737,32.08862335075927
2019-01-26,1486,0.3837128243985603,0.38,0.0059934396443330346,0.37,0.4,0.38,0.4,5279,0,0.0,0.2534835,0.18284553,0.20047215,0.0128116607666015,0.17556022,0.37419397613184324,0.009518848266717062,0.009518848266717062,91.41150112023898
2019-01-27,1487,0.3874199659026331,0.39,0.005061844006481097,0.38,0.4,0.38,0.39,5279,0,0.0,0.3621403,0.30271387,0.30801174,0.1198158264160156,0.19877127,0.3837128243985603,0.0037071415040728084,0.0037071415040728084,50.56011949215833
2019-01-28,1488,0.38124265959462017,0.38,0.003642692515556195,0.37,0.4,0.38,0.39,5279,0,0.0,0.2810668,0.21456356,0.24584107,0.0881538391113281,0.18155177,0.3874199659026331,-0.006177306308012942,0.006177306308012942,73.06447597709733
2019-01-29,1489,0.3737848077287365,0.37,0.005707718717732914,0.37,0.39,0.37,0.38,5279,0,0.0,0.22257045,0.16957802,0.17650601,0.0449810028076171,0.14415553,0.38124265959462017,-0.007457851865883658,0.007457851865883658,81.52850385860094
2019-01-30,1490,0.37286796741807166,0.37,0.004703341307264747,0.37,0.39,0.37,0.38,5279,0,0.0,0.17832257,0.11299053,0.13062297,0.0565185546875,0.13795675,0.3737848077287365,-0.000916840310664857,0.000916840310664857,15.08588498879761
2019-01-31,1491,0.3723186209509377,0.37,0.004663726682955778,0.37,0.39,0.37,0.38,5279,0,0.0,0.16886218,0.10205246,0.1171224,0.010843276977539,0.13453516,0.37286796741807166,-0.0005493464671339487,0.0005493464671339487,9.50958426686582
2019-02-01,1492,0.3737791248342489,0.37,0.005235620120335863,0.37,0.39,0.37,0.38,5279,0,0.0,0.14917244,0.06949173,0.11000318,0.0326862335205078,0.13199744,0.3723186209509377,0.0014605038833112038,0.0014605038833112038,23.624595469255663
2019-02-02,1493,0.37828566016290965,0.38,0.005287441910209711,0.37,0.39,0.37,0.39,5279,0,0.0,0.11185793,-0.0033047025,0.09058493,0.072793960571289,0.11180912,0.3737791248342489,0.0045065353286607435,0.0045065353286607435,58.824993776450086
2019-02-03,1494,0.3849801098692935,0.39,0.0066659660612897196,0.37,0.4,0.37,0.39,5279,0,0.0,0.14436406,-0.09190968,0.11271207,0.0886058807373046,0.11132677,0.37828566016290965,0.0066944497063838315,0.0066944497063838315,76.92307692307693
2019-02-04,1495,0.3811441560901686,0.38,0.004537509625354639,0.37,0.4,0.38,0.39,5279,0,0.0,0.1414348,-0.051270545,0.11214534,0.040658950805664,0.13181464,0.3849801098692935,-0.0038359537791248788,0.0038359537791248788,51.929300472989794
2019-02-05,1496,0.3772210645955673,0.38,0.005455793127903123,0.37,0.39,0.37,0.38,5279,0,0.0,0.12986583,0.09036685,0.101875454,0.1416645050048828,0.09326842,0.3811441560901686,-0.003923091494601294,0.003923091494601294,52.974856858352005
2019-02-06,1497,0.3748247774199659,0.37,0.005183010245984184,0.37,0.39,0.37,0.38,5279,0,0.0,0.19550732,0.12897693,0.15945801,0.038675308227539,0.14692879,0.3772210645955673,-0.0023962871756014192,0.0023962871756014192,35.524022902663674
2019-02-07,1498,0.37261034286796746,0.37,0.0044434412734201,0.37,0.39,0.37,0.38,5279,0,0.0,0.19168358,0.11325525,0.16290022,0.0158424377441406,0.15464747,0.3748247774199659,-0.0022144345519984343,0.0022144345519984343,33.53248693054518
2019-02-08,1499,0.37246827050577763,0.37,0.004694461462605748,0.37,0.39,0.37,0.38,5279,0,0.0,0.117869034,0.0124887945,0.08851726,0.1007423400878906,0.11720553,0.37261034286796746,-0.00014207236218982677,0.00014207236218982677,3.4851879512073682
2019-02-09,1500,0.3735499147565827,0.37,0.005256709825846425,0.37,0.39,0.37,0.38,5279,0,0.0,0.1312334,-0.074609935,0.10791877,0.0870685577392578,0.10796082,0.37246827050577763,0.0010816442508050916,0.0010816442508050916,17.82424695046054
2019-02-10,1501,0.3808562227694639,0.38,0.005870514664735413,0.37,0.39,0.37,0.39,5279,0,0.0,0.13957931,-0.10000048,0.12093671,0.0252609252929687,0.097377054,0.3735499147565827,0.00730630801288118,0.00730630801288118,80.806572068708
2019-02-11,1502,0.38019890130706574,0.38,0.006421619362091883,0.37,0.4,0.37,0.39,5279,0,0.0,0.28755558,-0.24635231,0.25366002,0.1464977264404297,0.14832011,0.3808562227694639,-0.0006573214623981638,0.0006573214623981638,11.102813044560618
2019-02-12,1503,0.38277893540443264,0.38,0.007118899519505442,0.37,0.4,0.37,0.39,5279,0,0.0,0.37869206,-0.33789054,0.3405728,0.0915584564208984,0.17099081,0.38019890130706574,0.002580034097366901,0.002580034097366901,37.73960667164551
2019-02-13,1504,0.38262170865694256,0.38,0.005713291817201743,0.37,0.4,0.37,0.39,5279,0,0.0,0.19147354,-0.149489,0.1622747,0.1884174346923828,0.11964603,0.38277893540443264,-0.00015722674749008014,0.00015722674749008014,3.634553149116256
2019-02-14,1505,0.3786986171623414,0.38,0.007166986412874997,0.37,0.39,0.37,0.39,5279,0,0.0,0.23003875,-0.17791042,0.20457852,0.028421401977539,0.1458273,0.38262170865694256,-0.003923091494601183,0.003923091494601183,52.875280059746075
2019-02-15,1506,0.37474711119530213,0.37,0.005715311343713843,0.37,0.39,0.37,0.38,5279,0,0.0,0.2404739,-0.1928348,0.21460909,0.0150089263916015,0.1436755,0.3786986171623414,-0.003951505967039248,0.003951505967039248,53.52252925068459
2019-02-16,1507,0.37557491949232813,0.38,0.005881801590414503,0.37,0.39,0.37,0.38,5279,0,0.0,0.20344603,-0.17167453,0.18474787,0.0212306976318359,0.10916971,0.37474711119530213,0.0008278082970260003,0.0008278082970260003,13.6420214090117
2019-02-17,1508,0.37492138662625496,0.37,0.006058100575420379,0.37,0.39,0.37,0.39,5279,0,0.0,0.24701321,-0.22137465,0.22772993,0.0498046875,0.10958466,0.37557491949232813,-0.0006535328660731698,0.0006535328660731698,11.003236245954692
2019-02-18,1509,0.3756412199280167,0.38,0.005648081790420812,0.37,0.39,0.37,0.38,5279,0,0.0,0.27712905,-0.26048118,0.2621196,0.039031982421875,0.09460382,0.37492138662625496,0.0007198333017617298,0.0007198333017617298,12.123475230271346
2019-02-19,1510,0.37835953779124826,0.38,0.0047317429572584805,0.37,0.39,0.37,0.38,5279,0,0.0,0.3596748,-0.34682134,0.34682718,0.0863170623779296,0.09529311,0.3756412199280167,0.0027183178632315674,0.0027183178632315674,39.28304705003734
2019-02-20,1511,0.38143208941087325,0.38,0.003502857979992535,0.38,0.39,0.38,0.39,5279,0,0.0,0.33518818,-0.30884814,0.30892685,0.0379161834716796,0.13024701,0.37835953779124826,0.003072551619624997,0.003072551619624997,43.81379138660692
2019-02-21,1512,0.38367304413714715,0.38,0.004960149475072576,0.37,0.4,0.38,0.39,5279,0,0.0,0.29652247,-0.26917356,0.2713951,0.0396957397460937,0.1243841,0.38143208941087325,0.0022409547262738916,0.0022409547262738916,33.70674632810555
2019-02-22,1513,0.37576813790490626,0.38,0.0058790647479179305,0.37,0.39,0.37,0.39,5279,0,0.0,0.25619453,-0.18801573,0.20501396,0.0811901092529296,0.17402764,0.38367304413714715,-0.007904906232240883,0.007904906232240883,84.06771222305203
2019-02-23,1514,0.36968554650501995,0.37,0.005592020794936712,0.36,0.39,0.36,0.38,5279,0,0.0,0.2886186,-0.24856834,0.24928074,0.0606346130371093,0.14667818,0.37576813790490626,-0.006082591399886317,0.006082591399886317,72.0438137913866
2019-02-24,1515,0.3728736503125592,0.37,0.004833008401996341,0.37,0.39,0.37,0.38,5279,0,0.0,0.2858476,-0.25720656,0.2574867,0.0085563659667968,0.124714,0.36968554650501995,0.0031881038075392554,0.0031881038075392554,45.332337565347274
2019-02-25,1516,0.3734192081833681,0.37,0.005446241298991068,0.37,0.39,0.37,0.38,5279,0,0.0,0.24964118,-0.22002123,0.22251637,0.0371646881103515,0.11794639,0.3728736503125592,0.0005455578708088993,0.0005455578708088993,9.459795867562857
2019-02-26,1517,0.3726823261981437,0.37,0.00507601361254954,0.36,0.39,0.37,0.38,5279,0,0.0,0.35215244,-0.33527815,0.33528823,0.1152534484863281,0.10770373,0.3734192081833681,-0.0007368819852244246,0.0007368819852244246,12.372417226786158
2019-02-27,1518,0.3723754498958136,0.37,0.0046999747756695295,0.37,0.39,0.37,0.38,5279,0,0.0,0.41296956,-0.40530175,0.40530175,0.0700492858886718,0.079212025,0.3726823261981437,-0.00030687630233006136,0.00030687630233006136,5.850136918098083
2019-02-28,1519,0.37972343246827045,0.38,0.004763714340093568,0.37,0.39,0.37,0.39,5279,0,0.0,0.4518431,-0.43950754,0.43950754,0.0342063903808593,0.10485862,0.3723754498958136,0.007347982572456835,0.007347982572456835,81.0555140652228
2019-03-01,1520,0.38269748058344377,0.38,0.004547904944136134,0.37,0.4,0.38,0.39,5279,0,0.0,0.34525925,-0.32919186,0.32919186,0.1104183197021484,0.10409879,0.37972343246827045,0.0029740481151733222,0.0029740481151733222,42.54418720438138
2019-03-02,1521,0.3800530403485508,0.38,0.00429948099050642,0.37,0.39,0.37,0.39,5279,0,0.0,0.20181707,-0.15919395,0.16987132,0.1699199676513672,0.12404601,0.38269748058344377,-0.002644440234892964,0.002644440234892964,38.46153846153847
2019-03-03,1522,0.3720420534192082,0.37,0.004308317047696187,0.37,0.39,0.37,0.38,5279,0,0.0,0.27160278,-0.2382821,0.24172588,0.0791397094726562,0.13034457,0.3800530403485508,-0.0080109869293426,0.0080109869293426,84.61538461538461
2019-03-04,1523,0.37053040348550864,0.37,0.0035120788580291504,0.36,0.38,0.37,0.38,5279,0,0.0,0.20301051,-0.1783752,0.18081643,0.059906005859375,0.09693029,0.3720420534192082,-0.001511649933699566,0.001511649933699566,24.072691062982322
2019-03-05,1524,0.3711971964387195,0.37,0.004300550820178889,0.36,0.38,0.37,0.38,5279,0,0.0,0.2626721,-0.24141008,0.24179699,0.0629348754882812,0.10352716,0.37053040348550864,0.0006667929532108707,0.0006667929532108707,11.277072442120986
2019-03-06,1525,0.3772930479257435,0.38,0.005139052514068306,0.37,0.39,0.37,0.38,5279,0,0.0,0.30972913,-0.28122815,0.28902665,0.0398788452148437,0.12978072,0.3711971964387195,0.006095851487023962,0.006095851487023962,72.168284789644
2019-03-07,1526,0.3817048683462777,0.38,0.0047609294382532,0.37,0.4,0.38,0.39,5279,0,0.0,0.4193109,-0.327147,0.36010695,0.0459175109863281,0.2622907,0.3772930479257435,0.004411820420534229,0.004411820420534229,57.97859098829973
2019-03-08,1527,0.3754006440613753,0.37,0.007113504013248566,0.36,0.39,0.37,0.39,5279,0,0.0,0.42583612,-0.35396323,0.36883375,0.0267314910888671,0.23674043,0.3817048683462777,-0.006304224284902404,0.006304224284902404,74.0353497635051
2019-03-09,1528,0.377262739155143,0.38,0.0057402673140930565,0.37,0.39,0.37,0.39,5279,0,0.0,0.3682585,-0.33845267,0.34024116,0.0153846740722656,0.14513393,0.3754006440613753,0.0018620950937677239,0.0018620950937677239,28.404281802340055
2019-03-10,1529,0.38080697101723804,0.38,0.0027923766906033628,0.37,0.39,0.38,0.39,5279,0,0.0,0.37563086,-0.36221674,0.3627577,0.0236339569091796,0.099485755,0.377262739155143,0.0035442318620950153,0.0035442318620950153,48.91710231516056
2019-03-11,1530,0.37832544042432276,0.38,0.004927911723204666,0.37,0.39,0.37,0.39,5279,0,0.0,0.3875758,-0.369667,0.36968553,0.0075263977050781,0.116452605,0.38080697101723804,-0.002481530592915282,0.002481530592915282,36.54468508837441
2019-03-12,1531,0.37303277135821183,0.37,0.005333104384717868,0.37,0.39,0.37,0.38,5279,0,0.0,0.48205766,-0.46859303,0.46859303,0.0989360809326171,0.11313706,0.37832544042432276,-0.005292669066110922,0.005292669066110922,65.96962907642519
2019-03-13,1532,0.3720609964008335,0.37,0.004334392632437184,0.37,0.39,0.37,0.38,5279,0,0.0,0.46726504,-0.45805573,0.45805573,0.0105228424072265,0.09231427,0.37303277135821183,-0.0009717749573783241,0.0009717749573783241,16.006970375902416
2019-03-14,1533,0.3746921765485888,0.37,0.005662657660244674,0.37,0.39,0.37,0.38,5279,0,0.0,0.4343462,-0.42324513,0.42324513,0.0348396301269531,0.09757186,0.3720609964008335,0.002631180147755263,0.002631180147755263,38.33706746328105
2019-03-15,1534,0.37627959840878955,0.38,0.006061053781290069,0.37,0.39,0.37,0.39,5279,0,0.0,0.42432898,-0.41582125,0.41582125,0.0074310302734375,0.084543206,0.3746921765485888,0.0015874218602007772,0.0015874218602007772,25.168035847647495
2019-03-16,1535,0.37539874976321275,0.37,0.006656904966811101,0.37,0.39,0.37,0.39,5279,0,0.0,0.41558206,-0.40096775,0.40096775,0.0147151947021484,0.109240785,0.37627959840878955,-0.0008808486455768039,0.0008808486455768039,14.488424197162061
2019-03-17,1536,0.37492517522258006,0.37,0.006345269453906763,0.37,0.39,0.37,0.39,5279,0,0.0,0.51791024,-0.50582945,0.50582945,0.1046962738037109,0.11121086,0.37539874976321275,-0.0004735745406326819,0.0004735745406326819,8.48892208115509
2019-03-18,1537,0.380767190755825,0.38,0.006955503277664207,0.37,0.4,0.37,0.39,5279,0,0.0,0.40873832,-0.39783078,0.39783078,0.1079959869384765,0.093797356,0.37492517522258006,0.005842015533244926,0.005842015533244926,69.90291262135922
2019-03-19,1538,0.38639893919302903,0.39,0.00596834222656609,0.38,0.4,0.38,0.4,5279,0,0.0,0.269672,-0.19741517,0.2397398,0.2004051208496093,0.18371238,0.380767190755825,0.005631748437204043,0.005631748437204043,68.50883744087628
2019-03-20,1539,0.37834438340594806,0.38,0.004864714799366878,0.37,0.39,0.37,0.38,5279,0,0.0,0.15576886,0.010697278,0.12293452,0.2081279754638672,0.15540111,0.38639893919302903,-0.008054555787080975,0.008054555787080975,84.78964401294499
2019-03-21,1540,0.37276946391362004,0.37,0.004533774614255242,0.37,0.39,0.37,0.38,5279,0,0.0,0.13698985,-0.06556723,0.11122761,0.0763607025146484,0.1202795,0.37834438340594806,-0.005574919492328023,0.005574919492328023,68.06074184714961
2019-03-22,1541,0.37203068763023306,0.37,0.0041434549708262445,0.37,0.39,0.37,0.38,5279,0,0.0,0.21336412,-0.18960558,0.19254835,0.123992919921875,0.097846925,0.37276946391362004,-0.0007387762833869771,0.0007387762833869771,12.42220562608912
2019-03-23,1542,0.373843530971775,0.37,0.005798843653838945,0.37,0.39,0.37,0.38,5279,0,0.0,0.33630055,-0.3247565,0.32673007,0.1350994110107422,0.087357946,0.37203068763023306,0.0018128433415419143,0.0018128433415419143,27.881503609658946
2019-03-24,1543,0.3747395340026521,0.37,0.006426421522783232,0.36,0.39,0.37,0.39,5279,0,0.0,0.43880323,-0.4269638,0.42711493,0.1023769378662109,0.10124301,0.373843530971775,0.0008960030308771127,0.0008960030308771127,14.66268359472243
2019-03-25,1544,0.3762587611290017,0.38,0.006815437335673239,0.37,0.39,0.37,0.39,5279,0,0.0,0.22880779,-0.17720997,0.19276504,0.249765396118164,0.14473984,0.3747395340026521,0.0015192271263496093,0.0015192271263496093,24.122479462285288
2019-03-26,1545,0.380863799962114,0.38,0.0028092435363620883,0.38,0.39,0.38,0.39,5279,0,0.0,0.16139251,-0.123255044,0.13822685,0.0540809631347656,0.104190916,0.3762587611290017,0.004605038833112307,0.004605038833112307,59.571819765994526
2019-03-27,1546,0.3748797120666793,0.37,0.0050849688266361714,0.37,0.39,0.37,0.38,5279,0,0.0,0.1497867,-0.12688552,0.13164541,0.0036048889160156,0.07960018,0.380863799962114,-0.005984087895434698,0.005984087895434698,71.24719940253921
2019-03-28,1547,0.37273726084485703,0.37,0.004467189658194951,0.37,0.39,0.37,0.38,5279,0,0.0,0.15546265,-0.12558536,0.13906845,0.0013141632080078,0.091634355,0.3748797120666793,-0.0021424512218222724,0.0021424512218222724,32.412247946228526
2019-03-29,1548,0.3760352339458231,0.38,0.0056767346801925205,0.37,0.39,0.37,0.38,5279,0,0.0,0.20698331,-0.19278587,0.19431268,0.0672283172607421,0.0753372,0.37273726084485703,0.0032979731009660784,0.0032979731009660784,46.40278815036097
2019-03-30,1549,0.3786171623413525,0.38,0.005666511714351193,0.37,0.39,0.37,0.39,5279,0,0.0,0.16738999,-0.13780978,0.14593631,0.0550441741943359,0.0950146,0.3760352339458231,0.002581928395529398,0.002581928395529398,37.789395070948466
2019-03-31,1550,0.37579276378101917,0.38,0.0060505116905476,0.37,0.39,0.37,0.39,5279,0,0.0,0.23987027,-0.20585732,0.21002598,0.0681915283203125,0.123128116,0.3786171623413525,-0.002824398560333341,0.002824398560333341,40.55265123226288
2019-04-01,1551,0.3742394392877439,0.37,0.00569678607743902,0.37,0.39,0.37,0.38,5279,0,0.0,0.34359053,-0.3264722,0.3264722,0.1207103729248046,0.10709704,0.37579276378101917,-0.0015533244932752766,0.0015533244932752766,24.59546925566343
2019-04-02,1552,0.37391740860011374,0.37,0.005747545992055374,0.37,0.39,0.37,0.38,5279,0,0.0,0.25061896,-0.23207854,0.2329146,0.0944805145263671,0.09460087,0.3742394392877439,-0.0003220306876301482,0.0003220306876301482,6.099078914612895
2019-04-03,1553,0.37585148702405763,0.37,0.006521963211691581,0.37,0.39,0.37,0.39,5279,0,0.0,0.20189367,-0.18218568,0.18352143,0.0500030517578125,0.087001994,0.37391740860011374,0.0019340784239438857,0.0019340784239438857,29.35026138909634
2019-04-04,1554,0.38167266527751464,0.38,0.003732136605825619,0.38,0.39,0.38,0.39,5279,0,0.0,0.1871005,-0.16200969,0.16923639,0.0201663970947265,0.09359257,0.37585148702405763,0.0058211782534570156,0.0058211782534570156,69.77844162310181
2019-04-05,1555,0.3810286039022542,0.38,0.0030377644798123445,0.38,0.39,0.38,0.39,5279,0,0.0,0.17169392,-0.1021876,0.14786008,0.0597000122070312,0.137973,0.38167266527751464,-0.0006440613752604629,0.0006440613752604629,10.878765247697286
2019-04-06,1556,0.3778348172002273,0.38,0.005400286252412334,0.37,0.39,0.37,0.39,5279,0,0.0,0.29055142,-0.26770318,0.26770318,0.1653995513916015,0.11293817,0.3810286039022542,-0.0031937867020268573,0.0031937867020268573,45.382125964650236
2019-04-07,1557,0.37391740860011374,0.37,0.005463685936960513,0.37,0.39,0.37,0.38,5279,0,0.0,0.31363928,-0.2954343,0.29587245,0.0277080535888671,0.10530003,0.3778348172002273,-0.003917408600113581,0.003917408600113581,52.82549166044311
2019-04-08,1558,0.38028793332070465,0.38,0.004035322852894668,0.37,0.39,0.37,0.39,5279,0,0.0,0.45091584,-0.4332672,0.43327144,0.1378917694091797,0.12491543,0.37391740860011374,0.006370524720590909,0.006370524720590909,74.45855115758029
2019-04-09,1559,0.38816253078234514,0.39,0.005167703715883845,0.38,0.4,0.38,0.4,5279,0,0.0,0.6697735,-0.65912306,0.65912306,0.2258834838867187,0.11896859,0.38028793332070465,0.007874597461640487,0.007874597461640487,83.91834702514313
2019-04-10,1560,0.38825913998863426,0.39,0.007852368347909682,0.37,0.4,0.37,0.4,5279,0,0.0,0.5802816,-0.5548238,0.5548238,0.1042652130126953,0.16999283,0.38816253078234514,9.660920628912217e-05,9.660920628912217e-05,2.663679362708489
2019-04-11,1561,0.3804300056828945,0.38,0.006547708938781809,0.36,0.4,0.37,0.39,5279,0,0.0,0.20008129,-0.16936691,0.17197827,0.385629653930664,0.10652374,0.38825913998863426,-0.007829134305739782,0.007829134305739782,83.56982823002241
2019-04-12,1562,0.3789770789922334,0.38,0.005712639840009791,0.37,0.39,0.37,0.39,5279,0,0.0,0.21751183,-0.1890132,0.19222634,0.0196609497070312,0.10763552,0.3804300056828945,-0.001452926690661105,0.001452926690661105,23.475230271346774
2019-04-13,1563,0.38199280166698235,0.38,0.0056250819524386484,0.37,0.4,0.37,0.39,5279,0,0.0,0.2706741,-0.2324158,0.23414037,0.0434188842773437,0.1387351,0.3789770789922334,0.0030157226747489774,0.0030157226747489774,43.14164799601693
2019-04-14,1564,0.3896590263307445,0.39,0.008006275330431002,0.38,0.41000000000000003,0.38,0.4,5279,0,0.03618109490433794,0.27145976,-0.23846698,0.24252048,0.006195068359375,0.12970792,0.38199280166698235,0.007666224663762156,0.007666224663762156,82.67363704256908
2019-04-15,1565,0.38967228641788215,0.39,0.007929566048167082,0.38,0.41000000000000003,0.38,0.4,5279,0,0.008334911915135442,0.30461156,-0.18196486,0.24262391,0.0565853118896484,0.24428901,0.3896590263307445,1.3260087137645371e-05,1.3260087137645371e-05,1.0206621857107294
2019-04-16,1566,0.38099829513165373,0.38,0.007488565314342196,0.37,0.4,0.37,0.39,5279,0,0.0,0.20105341,0.03028812,0.17023513,0.21221923828125,0.19875892,0.38967228641788215,-0.008673991286228422,0.008673991286228422,88.10057256659198
2019-04-17,1567,0.38130706573214623,0.38,0.00599900930206077,0.37,0.4,0.37,0.39,5279,0,0.0,0.18511255,0.11343744,0.14759955,0.0832042694091796,0.14628258,0.38099829513165373,0.0003087706004925028,0.0003087706004925028,5.875031117749565
2019-04-18,1568,0.3819132411441561,0.38,0.003933436127086498,0.38,0.39,0.38,0.39,5279,0,0.0,0.12011277,0.05703976,0.09338946,0.0564136505126953,0.105704956,0.38130706573214623,0.0006061754120098573,0.0006061754120098573,10.281304456061738
2019-04-19,1569,0.382309149460125,0.38,0.004214181222023394,0.38,0.39,0.38,0.39,5279,0,0.0,0.15350711,0.079394676,0.11949782,0.0222702026367187,0.13138086,0.3819132411441561,0.00039590831596891807,0.00039590831596891807,7.318894697535475
2019-04-20,1570,0.3761053229778367,0.38,0.005339850795761357,0.37,0.39,0.37,0.38,5279,0,0.0,0.20448287,-0.16969898,0.17826943,0.2488975524902343,0.1140856,0.382309149460125,-0.006203826482288288,0.006203826482288288,73.28852377396066
2019-04-21,1571,0.3730176169729116,0.37,0.004851056085555148,0.37,0.39,0.37,0.38,5279,0,0.0,0.1703233,-0.14525846,0.15385428,0.024261474609375,0.08893838,0.3761053229778367,-0.0030877060049251392,0.0030877060049251392,44.06273338312173
2019-04-22,1572,0.37607122561091116,0.38,0.005824958533345267,0.37,0.39,0.37,0.39,5279,0,0.0,0.11150554,-0.066454045,0.09488899,0.0788116455078125,0.08953966,0.3730176169729116,0.003053608637999583,0.003053608637999583,43.53995519044063
2019-04-23,1573,0.3830100397802614,0.38,0.0047092077063319755,0.38,0.4,0.38,0.39,5279,0,0.0,0.19247067,-0.17325577,0.17739263,0.1067352294921875,0.08382908,0.37607122561091116,0.006938814169350216,0.006938814169350216,78.59098829972616
2019-04-24,1574,0.38415419587043,0.38,0.005383537388880914,0.38,0.4,0.38,0.39,5279,0,0.0,0.26617423,-0.23817234,0.23855138,0.0649948120117187,0.118838474,0.3830100397802614,0.001144156090168602,0.001144156090168602,18.620861339307943
2019-04-25,1575,0.37576813790490626,0.38,0.006268903230752432,0.37,0.39,0.37,0.39,5279,0,0.0,0.36499268,-0.3274237,0.32747653,0.0892772674560546,0.16128519,0.38415419587043,-0.008386057965523719,0.008386057965523719,86.38287279063978
2019-04-26,1576,0.3754764159878765,0.38,0.0057275520089848375,0.37,0.39,0.37,0.38,5279,0,0.0,0.16739574,-0.12684873,0.14334151,0.200653076171875,0.109228335,0.37576813790490626,-0.0002917219170297525,0.0002917219170297525,5.626089121234752
2019-04-27,1577,0.3857075203637053,0.39,0.004949688367457333,0.38,0.39,0.38,0.39,5279,0,0.0,0.13371307,-0.11419839,0.115373254,0.0126094818115234,0.06955525,0.3754764159878765,0.010231104375828803,0.010231104375828803,93.22877769479712
2019-04-28,1578,0.38884826671718137,0.39,0.0036257341886827316,0.38,0.4,0.38,0.39,5279,0,0.0,0.14291029,0.046955276,0.11732126,0.1612892150878906,0.13497607,0.3857075203637053,0.003140746353476054,0.003140746353476054,44.7597709733632
2019-04-29,1579,0.38763212729683655,0.39,0.005401156647022793,0.38,0.4,0.38,0.4,5279,0,0.0,0.18845369,0.12144047,0.15128405,0.074319839477539,0.14410743,0.38884826671718137,-0.0012161394203448195,0.0012161394203448195,19.990042320139406
2019-04-30,1580,0.38341352528888045,0.38,0.004769517767419737,0.38,0.4,0.38,0.39,5279,0,0.0,0.11135776,0.062473357,0.08581991,0.0590076446533203,0.09218253,0.38763212729683655,-0.004218602007956096,0.004218602007956096,56.41025641025641
2019-05-01,1581,0.3807217275999242,0.38,0.004479969899253482,0.37,0.39,0.37,0.39,5279,0,0.0,0.114072114,0.018679164,0.08796191,0.0437030792236328,0.11253234,0.38341352528888045,-0.0026917976889562767,0.0026917976889562767,39.03410505352253
2019-05-02,1582,0.38102481530592913,0.38,0.0035346832178893275,0.37,0.39,0.38,0.39,5279,0,0.0,0.18556236,-0.14841372,0.16568875,0.1670455932617187,0.11138576,0.3807217275999242,0.0003030877060049564,0.0003030877060049564,5.800348518795121
2019-05-03,1583,0.3901136578897519,0.39,0.005246920731943144,0.38,0.4,0.38,0.4,5279,0,0.0,0.15523055,-0.08141423,0.12967582,0.0669479370117187,0.1321675,0.38102481530592913,0.009088842583822754,0.009088842583822754,90.21657953696788
2019-05-04,1584,0.39482288312180336,0.4,0.006525764516360841,0.38,0.41000000000000003,0.38,0.4,5279,0,0.02974048115173328,0.28966886,0.19054644,0.24727653,0.271942138671875,0.21817459,0.3901136578897519,0.004709225232051473,0.004709225232051473,60.517799352750814
2019-05-05,1585,0.3956772115931047,0.4,0.005052367712536428,0.39,0.41000000000000003,0.39,0.4,5279,0,0.004925175222580034,0.17772354,-0.10529,0.1562849,0.2957839965820312,0.14317694,0.39482288312180336,0.0008543284713013466,0.0008543284713013466,13.990540204132436
2019-05-06,1586,0.3891115741617731,0.39,0.004588241203767596,0.38,0.4,0.38,0.4,5279,0,0.0,0.21054938,0.19697154,0.19697154,0.3023242950439453,0.07438468,0.3956772115931047,-0.006565637431331595,0.006565637431331595,75.87752053771472
2019-05-07,1587,0.3823280924417503,0.38,0.004226216984510891,0.38,0.39,0.38,0.39,5279,0,0.0,0.18959177,0.14934531,0.15381543,0.0477657318115234,0.116795056,0.3891115741617731,-0.006783481720022799,0.006783481720022799,77.44585511575804
2019-05-08,1588,0.37981435878007197,0.38,0.005142744952809153,0.37,0.39,0.37,0.39,5279,0,0.0,0.14303842,-0.008340794,0.11794079,0.1576309204101562,0.142795,0.3823280924417503,-0.0025137336616783412,0.0025137336616783412,36.96788648244959
2019-05-09,1589,0.38101913241144153,0.38,0.004829290165034114,0.37,0.4,0.37,0.39,5279,0,0.0,0.23296666,-0.20365123,0.20915811,0.1953010559082031,0.11313685,0.37981435878007197,0.00120477363136956,0.00120477363136956,19.765994523276078
2019-05-10,1590,0.38133737450274674,0.38,0.004845757621627769,0.37,0.4,0.37,0.39,5279,0,0.0,0.25287974,-0.23344561,0.23864466,0.0297966003417968,0.097218685,0.38101913241144153,0.00031824209130520975,0.00031824209130520975,6.074184714961414
2019-05-11,1591,0.38675317294942224,0.39,0.005870829451224756,0.37,0.4,0.38,0.4,5279,0,0.0,0.31962588,-0.29983476,0.29983476,0.0663623809814453,0.1107247,0.38133737450274674,0.005415798446675502,0.005415798446675502,66.86582026387852
2019-05-12,1592,0.3861034286796742,0.39,0.005831951236639311,0.38,0.4,0.38,0.4,5279,0,0.0,0.53496176,-0.512069,0.5121095,0.2123241424560547,0.15481754,0.38675317294942224,-0.0006497442697480649,0.0006497442697480649,10.95344784665173
2019-05-13,1593,0.382983519605986,0.38,0.0045753477267369645,0.38,0.39,0.38,0.39,5279,0,0.0,0.4102168,-0.39150587,0.39150587,0.1206436157226562,0.122479685,0.3861034286796742,-0.0031199090736881985,0.0031199090736881985,44.48593477719691
2019-05-14,1594,0.38458041295699946,0.38,0.0049823635669575626,0.38,0.39,0.38,0.39,5279,0,0.0,0.37029678,-0.3520983,0.35232437,0.0393295288085937,0.11465683,0.382983519605986,0.0015968933510134842,0.0015968933510134842,25.267612646253422
2019-05-15,1595,0.3922807349876871,0.39,0.004195902500393776,0.39,0.4,0.39,0.4,5279,0,0.0,0.3112346,-0.28262874,0.28595188,0.0695533752441406,0.13033743,0.38458041295699946,0.007700322030687656,0.007700322030687656,82.77321384117501
2019-05-16,1596,0.40534002652017426,0.41000000000000003,0.005654118595629504,0.39,0.41000000000000003,0.4,0.41000000000000003,5279,0,0.5694260276567532,0.7371361,-0.71716166,0.71716166,0.434579849243164,0.17043462,0.3922807349876871,0.013059291532487138,0.013059291532487138,97.73462783171522
2019-05-17,1597,0.3986664140935782,0.4,0.0037443284185151604,0.39,0.41000000000000003,0.39,0.4,5279,0,0.012312938056450085,0.8502641,-0.8272976,0.8272976,0.1101284027099609,0.19629072,0.40534002652017426,-0.006673612426596032,0.006673612426596032,76.6741349265621
2019-05-18,1598,0.38768706194354996,0.39,0.006091103296558005,0.38,0.4,0.38,0.4,5279,0,0.0,0.48917368,-0.47830057,0.47830057,0.3490371704101562,0.102569185,0.3986664140935782,-0.010979352150028265,0.010979352150028265,95.04605426935524
2019-05-19,1599,0.37930100397802613,0.38,0.005609653693692604,0.37,0.39,0.37,0.39,5279,0,0.0,0.42060018,-0.40228912,0.40228912,0.0759544372558593,0.122751735,0.38768706194354996,-0.00838605796552383,0.00838605796552383,86.40776699029125
2019-05-20,1600,0.37883500663004355,0.38,0.005985638092838296,0.37,0.4,0.37,0.39,5279,0,0.0,0.31238285,-0.2843097,0.2866657,0.1180973052978515,0.12942563,0.37930100397802613,-0.00046599734798258297,0.00046599734798258297,8.414239482200648
2019-05-21,1601,0.38150217844288686,0.38,0.0045603803091108,0.37,0.4,0.38,0.39,5279,0,0.0,0.1583006,-0.12707683,0.13466744,0.1571674346923828,0.09439558,0.37883500663004355,0.0026671718128433164,0.0026671718128433164,38.68558625840179
2019-05-22,1602,0.3829513165372229,0.38,0.004561019191950842,0.38,0.39,0.38,0.39,5279,0,0.0,0.13066725,-0.06982813,0.103229076,0.0572185516357421,0.11044453,0.38150217844288686,0.0014491380943360554,0.0014491380943360554,23.425441872043816
2019-05-23,1603,0.383294184504641,0.38,0.004700020584613781,0.38,0.39,0.38,0.39,5279,0,0.0,0.1590445,-0.106483296,0.13570923,0.0366859436035156,0.11813775,0.3829513165372229,0.00034286796741805903,0.00034286796741805903,6.671645506596962
2019-05-24,1604,0.3813411630990718,0.38,0.005395945473611697,0.37,0.39,0.37,0.39,5279,0,0.0,0.4592937,-0.43341282,0.4336327,0.326873779296875,0.15200028,0.383294184504641,-0.0019530214055691886,0.0019530214055691886,29.624097585262632
2019-05-25,1605,0.37976510702784616,0.38,0.006573476654239817,0.37,0.39,0.37,0.39,5279,0,0.0,0.37287238,-0.35162282,0.3521531,0.0818367004394531,0.124078035,0.3813411630990718,-0.0015760560712256289,0.0015760560712256289,25.01867064973861
2019-05-26,1606,0.38248342489107784,0.38,0.005753381763766256,0.37,0.4,0.37,0.39,5279,0,0.0,0.35348764,-0.3370346,0.33821356,0.0145301818847656,0.106588386,0.37976510702784616,0.0027183178632316785,0.0027183178632316785,39.307941249688824
2019-05-27,1607,0.3832562985413904,0.38,0.004817649012797961,0.37,0.4,0.38,0.39,5279,0,0.0,0.29904857,-0.26502636,0.26939863,0.0720596313476562,0.13853168,0.38248342489107784,0.0007728736503125888,0.0007728736503125888,12.845407020164302
2019-05-28,1608,0.3841276756961546,0.38,0.0049501769717531265,0.37,0.4,0.38,0.39,5279,0,0.0,0.17531292,-0.06243378,0.13309488,0.2025623321533203,0.16381878,0.3832562985413904,0.0008713771547641525,0.0008713771547641525,14.289270599950212
2019-05-29,1609,0.37908694828566014,0.38,0.004365371378647449,0.37,0.39,0.37,0.39,5279,0,0.0,0.26887512,0.24232973,0.24662863,0.3047676086425781,0.11649097,0.3841276756961546,-0.005040727410494439,0.005040727410494439,63.505103310928554
2019-05-30,1610,0.3764349308581171,0.38,0.005606017231561224,0.37,0.39,0.37,0.38,5279,0,0.0,0.42307693,0.40713766,0.40737206,0.1646976470947265,0.11503689,0.37908694828566014,-0.002652017427543063,0.002652017427543063,38.536221060492906
2019-05-31,1611,0.3830725516196249,0.38,0.004621765319387256,0.38,0.4,0.38,0.39,5279,0,0.0,0.40307605,0.38725784,0.38726658,0.0198249816894531,0.11181126,0.3764349308581171,0.006637620761507812,0.006637620761507812,76.40029873039582
2019-06-01,1612,0.39143208941087326,0.39,0.003978855937773478,0.38,0.4,0.39,0.4,5279,0,0.0,0.15720153,0.017483262,0.12891279,0.3697490692138672,0.15622616,0.3830725516196249,0.008359537791248373,0.008359537791248373,86.33308439133683
2019-06-02,1613,0.39356696344004555,0.39,0.006032903378291606,0.38,0.41000000000000003,0.38,0.4,5279,0,0.008903201363894678,0.21367995,-0.15970033,0.18364981,0.1771697998046875,0.14196779,0.39143208941087326,0.0021348740291722845,0.0021348740291722845,32.23798854866816
2019-06-03,1614,0.3837791248342489,0.38,0.006079389836457345,0.37,0.4,0.38,0.39,5279,0,0.0,0.45676696,-0.41963682,0.4235154,0.2600002288818359,0.18039173,0.39356696344004555,-0.009787838605796628,0.009787838605796628,92.033856111526
2019-06-04,1615,0.3812900170486834,0.38,0.007755437128717217,0.37,0.4,0.37,0.39,5279,0,0.0,0.4234979,-0.34420237,0.37345356,0.075531005859375,0.24672864,0.3837791248342489,-0.002489107785565492,0.002489107785565492,36.71894448593478
2019-06-05,1616,0.3844534949801099,0.38,0.005961268132948814,0.38,0.4,0.38,0.4,5279,0,0.0,0.40583926,0.26066917,0.32201135,0.6048393249511719,0.31105798,0.3812900170486834,0.0031634779314264616,0.0031634779314264616,44.983818770226534
2019-06-06,1617,0.383201363894677,0.38,0.004801357194705426,0.38,0.4,0.38,0.39,5279,0,0.0,0.42284235,0.3020188,0.3386827,0.0413379669189453,0.29593968,0.3844534949801099,-0.0012521310854328727,0.0012521310854328727,20.51282051282051
2019-06-07,1618,0.37852813032771354,0.38,0.004607405123826064,0.37,0.39,0.37,0.38,5279,0,0.0,0.29431677,0.16214946,0.23018852,0.1397933959960937,0.24562146,0.383201363894677,-0.004673233566963475,0.004673233566963475,60.11949215832711
2019-06-08,1619,0.3778556544800151,0.38,0.004637371127114493,0.37,0.39,0.37,0.38,5279,0,0.0,0.22958755,0.12092737,0.18949349,0.0413703918457031,0.19515881,0.37852813032771354,-0.0006724758476984172,0.0006724758476984172,11.426437640029873
2019-06-09,1620,0.38151543853002456,0.38,0.003870328836674936,0.37,0.39,0.38,0.39,5279,0,0.0,0.11130122,-0.038291235,0.09284735,0.1591320037841797,0.1045071,0.3778556544800151,0.0036597840500094403,0.0036597840500094403,50.01244709982574
2019-06-10,1621,0.38738018564121995,0.39,0.004882944392490435,0.37,0.4,0.38,0.39,5279,0,0.0,0.122877136,-0.0476765,0.09993298,0.0093593597412109,0.1132506,0.38151543853002456,0.00586474711119539,0.00586474711119539,70.07717201891958
2019-06-11,1622,0.38611100587232433,0.39,0.00507677279420141,0.38,0.4,0.38,0.39,5279,0,0.0,0.11759534,0.060112547,0.09305938,0.1078052520751953,0.10107009,0.38738018564121995,-0.001269179768895623,0.001269179768895623,20.81155090863829
2019-06-12,1623,0.3909755635537034,0.39,0.004139906183098198,0.38,0.4,0.39,0.4,5279,0,0.0,0.21167812,0.16196504,0.18507002,0.1018142700195312,0.13628997,0.38611100587232433,0.004864557681379056,0.004864557681379056,61.91187453323376
2019-06-13,1624,0.400185641219928,0.4,0.00403663071118464,0.38,0.41000000000000003,0.39,0.41000000000000003,5279,0,0.08656942602765676,0.39685357,0.30043417,0.30860838,0.1384811401367187,0.25929117,0.3909755635537034,0.009210077666224614,0.009210077666224614,90.41573313417973
2019-06-14,1625,0.4008429626823262,0.4,0.007060328028792437,0.39,0.41000000000000003,0.39,0.41000000000000003,5279,0,0.2949422239060428,1.0295081,0.895986,0.89612585,0.5955543518066406,0.5070417,0.400185641219928,0.0006573214623982193,0.0006573214623982193,11.127707244212099
2019-06-15,1626,0.4014320894108732,0.4,0.007464932275409711,0.39,0.41000000000000003,0.39,0.41000000000000003,5279,0,0.3604849403296079,1.1180758,1.0805051,1.0805051,0.1845016479492187,0.2874163,0.4008429626823262,0.0005891267285469959,0.0005891267285469959,9.982574060243964
2019-06-16,1627,0.3926311801477552,0.39,0.004580382403701364,0.38,0.4,0.39,0.4,5279,0,0.0,0.54899573,0.46206164,0.46206293,0.6184024810791016,0.29647136,0.4014320894108732,-0.008800909263117995,0.008800909263117995,88.82250435648494
2019-06-17,1628,0.3859424133358591,0.39,0.006456852488068838,0.38,0.4,0.38,0.4,5279,0,0.0,0.19330733,-0.09912531,0.16042049,0.5612697601318359,0.1659574,0.3926311801477552,-0.0066887668118961185,0.0066887668118961185,76.84839432412248
2019-06-18,1629,0.3817010797499527,0.38,0.008038601507532156,0.37,0.4,0.37,0.39,5279,0,0.0,0.30870536,-0.2582315,0.26703805,0.159067153930664,0.16916151,0.3859424133358591,-0.004241333585906393,0.004241333585906393,56.60941000746826
2019-06-19,1630,0.38119909073688196,0.38,0.005982068229170723,0.37,0.39,0.37,0.39,5279,0,0.0,0.17476939,-0.03304212,0.14037487,0.2252159118652343,0.17161745,0.3817010797499527,-0.0005019890130707472,0.0005019890130707472,8.91212347523027
2019-06-20,1631,0.3851221822314832,0.39,0.0049985069273043746,0.38,0.39,0.38,0.39,5279,0,0.0,0.44968507,0.416011,0.416011,0.4490795135498047,0.17073771,0.38119909073688196,0.0039230914946012385,0.0039230914946012385,52.94996265870052
2019-06-21,1632,0.38248531918924034,0.38,0.004321617801240342,0.38,0.39,0.38,0.39,5279,0,0.0,0.39309606,0.35558036,0.35587353,0.0604839324951171,0.16759324,0.3851221822314832,-0.002636863042242865,0.002636863042242865,38.38685586258402
2019-06-22,1633,0.3803087706004925,0.38,0.006612093255211133,0.37,0.4,0.37,0.39,5279,0,0.0,0.40412375,0.376676,0.37669647,0.0211658477783203,0.14639205,0.38248531918924034,-0.0021765485887478286,0.0021765485887478286,32.88523773960667
2019-06-23,1634,0.3839742375449896,0.38,0.005291654699024392,0.38,0.4,0.38,0.39,5279,0,0.0,0.66736466,0.6189143,0.6189143,0.2422389984130859,0.24963899,0.3803087706004925,0.0036654669444970978,0.0036654669444970978,50.112023898431666
2019-06-24,1635,0.38650501989013075,0.39,0.005628143784362328,0.38,0.4,0.38,0.39,5279,0,0.0,0.4478234,0.36497095,0.37380803,0.2539787292480469,0.25950396,0.3839742375449896,0.002530782345141147,0.002530782345141147,37.16704007966144
2019-06-25,1636,0.38172191702974045,0.38,0.003840141867477367,0.37,0.4,0.38,0.39,5279,0,0.0,0.6693691,0.6197133,0.6197133,0.2547187805175781,0.2530064,0.38650501989013075,-0.004783102860390298,0.004783102860390298,61.14015434403783
2019-06-26,1637,0.38154574730062507,0.38,0.003614988006738247,0.38,0.39,0.38,0.39,5279,0,0.0,0.81254184,0.7378168,0.73848826,0.1181049346923828,0.34036493,0.38172191702974045,-0.00017616972911538298,0.00017616972911538298,3.8337067463281054
2019-06-27,1638,0.3865448001515439,0.39,0.005254953819099783,0.38,0.4,0.38,0.39,5279,0,0.0,0.33612153,0.09375212,0.2696592,0.6441936492919922,0.32278156,0.38154574730062507,0.004999052850918839,0.004999052850918839,62.98232511824745
2019-06-28,1639,0.3911649933699564,0.39,0.004258534787975712,0.38,0.4,0.39,0.4,5279,0,0.0,0.25220126,-0.023204088,0.20356643,0.1167716979980468,0.2511313,0.3865448001515439,0.004620193218412505,0.004620193218412505,59.74607916355489
2019-06-29,1640,0.39604849403296083,0.4,0.005211415652430596,0.39,0.41000000000000003,0.39,0.4,5279,0,0.01629096419776473,0.25088683,0.19127701,0.20166112,0.2144184112548828,0.1623493,0.3911649933699564,0.004883500663004414,0.004883500663004414,62.13592233009708
2019-06-30,1641,0.3980507671907559,0.4,0.005106228890137667,0.39,0.41000000000000003,0.39,0.41000000000000003,5279,0,0.05190376965334344,0.54421234,0.44285232,0.4520465,0.2514209747314453,0.3163052,0.39604849403296083,0.0020022731577950537,0.0020022731577950537,30.545182972367442
2019-07-01,1642,0.38803561280545557,0.39,0.006719127652797,0.37,0.4,0.38,0.4,5279,0,0.0,0.33822674,-0.0013880371,0.26003996,0.4441585540771484,0.33822435,0.3980507671907559,-0.010015154385300318,0.010015154385300318,92.5815285038586
2019-07-02,1643,0.38361621519227124,0.38,0.005946443617751596,0.37,0.4,0.38,0.39,5279,0,0.0,0.34746084,-0.011418551,0.29533726,0.0098514556884765,0.34727278,0.38803561280545557,-0.004419397613184328,0.004419397613184328,58.053273587254175
2019-07-03,1644,0.3769804887289259,0.38,0.006379858412097899,0.37,0.39,0.37,0.39,5279,0,0.0,0.22256538,0.042322405,0.14787361,0.0536308288574218,0.21850425,0.38361621519227124,-0.006635726463345315,0.006635726463345315,76.37540453074433
2019-07-04,1645,0.38297215381701083,0.38,0.004586870797301645,0.38,0.4,0.38,0.39,5279,0,0.0,0.19205026,0.039676018,0.15286799,0.0026111602783203,0.18790698,0.3769804887289259,0.005991665088084908,0.005991665088084908,71.29698780184216
2019-07-05,1646,0.38907368819852245,0.39,0.00511230821278482,0.38,0.4,0.38,0.4,5279,0,0.0,0.13449901,0.0145508,0.10575075,0.0252590179443359,0.1337096,0.38297215381701083,0.00610153438151162,0.00610153438151162,72.19317898929549
2019-07-06,1647,0.39225232051524905,0.39,0.006344888283173292,0.38,0.41000000000000003,0.38,0.4,5279,0,0.0020837279787838604,0.13545017,-0.022886323,0.1042681,0.0373783111572265,0.13350292,0.38907368819852245,0.003178632316726604,0.003178632316726604,45.083395568832465
2019-07-07,1648,0.39155143019511274,0.39,0.007066294826881917,0.38,0.41000000000000003,0.38,0.4,5279,0,0.00037885963250615644,0.27553177,-0.17357753,0.22825627,0.1507110595703125,0.21398279,0.39225232051524905,-0.0007008903201363159,0.0007008903201363159,11.77495643515061
2019-07-08,1649,0.3944099261223717,0.39,0.005393001995110213,0.38,0.41000000000000003,0.39,0.4,5279,0,0.013260087137715476,0.34709507,-0.21698318,0.2834003,0.0433330535888671,0.27091157,0.39155143019511274,0.0028584959272589527,0.0028584959272589527,41.15011202389843
2019-07-09,1650,0.3917465429058534,0.39,0.005853824534427872,0.38,0.4,0.38,0.4,5279,0,0.0,0.21509346,0.044135522,0.17175813,0.2611122131347656,0.21051651,0.3944099261223717,-0.002663383216518267,0.002663383216518267,38.63579785909883
2019-07-10,1651,0.3880356128054557,0.39,0.005243264015839217,0.38,0.4,0.38,0.4,5279,0,0.0,0.23912528,-0.10851489,0.20458177,0.1527309417724609,0.21308538,0.3917465429058534,-0.003710930100397747,0.003710930100397747,50.60990789146129
2019-07-11,1652,0.38566584580412955,0.39,0.005212559911350235,0.38,0.4,0.38,0.39,5279,0,0.0,0.45212474,-0.3791415,0.4080687,0.2705116271972656,0.24630973,0.3880356128054557,-0.0023697670013261285,0.0023697670013261285,35.12571570823998
2019-07-12,1653,0.3919265012312939,0.39,0.005032711380301913,0.38,0.4,0.39,0.4,5279,0,0.0,0.53421104,-0.47315025,0.48188144,0.0940589904785156,0.24801412,0.38566584580412955,0.006260655427164363,0.006260655427164363,73.73661936768733
2019-07-13,1654,0.3901250236787271,0.39,0.0029620790931203043,0.38,0.4,0.39,0.4,5279,0,0.0,0.7720486,-0.75256246,0.75256246,0.279388427734375,0.1723625,0.3919265012312939,-0.0018014775525668214,0.0018014775525668214,27.732138411750064
2019-07-14,1655,0.38245879901496493,0.38,0.004879389966531937,0.37,0.4,0.38,0.39,5279,0,0.0,0.47877955,-0.45518348,0.4551857,0.2972736358642578,0.14845137,0.3901250236787271,-0.007666224663762156,0.007666224663762156,82.67363704256908
2019-07-15,1656,0.38164803940140174,0.38,0.004384055069628317,0.37,0.4,0.38,0.39,5279,0,0.0,0.35102093,-0.3243869,0.3244139,0.130868911743164,0.1341212,0.38245879901496493,-0.0008107596135631945,0.0008107596135631945,13.393079412496888
2019-07-16,1657,0.39043947717370714,0.39,0.003974259214690231,0.38,0.4,0.38,0.4,5279,0,0.0,0.23953985,-0.22490501,0.22501573,0.0994338989257812,0.08244458,0.38164803940140174,0.0087914377723054,0.0087914377723054,88.72292755787902
2019-07-17,1658,0.3877116878196628,0.39,0.004694839816837608,0.38,0.4,0.38,0.39,5279,0,0.0,0.3660658,-0.35301706,0.35323012,0.1280727386474609,0.096869335,0.39043947717370714,-0.00272778935404433,0.00272778935404433,39.43241224794623
2019-07-18,1659,0.38060806971017236,0.38,0.004437439438321598,0.37,0.39,0.37,0.39,5279,0,0.0,0.38065362,-0.370921,0.370921,0.0179615020751953,0.08552569,0.3877116878196628,-0.0071036181094904505,0.0071036181094904505,79.7361214836943
2019-07-19,1660,0.375107027846183,0.37,0.00558925119998136,0.37,0.39,0.37,0.38,5279,0,0.0,0.23761933,-0.21363047,0.21606651,0.1573638916015625,0.10404245,0.38060806971017236,-0.005501041863989364,0.005501041863989364,67.36370425690814
2019-07-20,1661,0.38034476226558056,0.38,0.004846039009888933,0.37,0.4,0.37,0.39,5279,0,0.0,0.18914026,-0.08831017,0.15814318,0.1252326965332031,0.16725855,0.375107027846183,0.005237734419397566,0.005237734419397566,65.47174508339558
2019-07-21,1662,0.3860503883311233,0.39,0.005950967751721326,0.37,0.4,0.38,0.4,5279,0,0.0,0.29885098,-0.26343882,0.26448685,0.1750392913818359,0.14110948,0.38034476226558056,0.005705626065542757,0.005705626065542757,68.8822504356485
2019-07-22,1663,0.38786891456715283,0.39,0.007883952890562939,0.37,0.4,0.38,0.4,5279,0,0.0,0.39374048,-0.36161825,0.36325306,0.0982093811035156,0.15576923,0.3860503883311233,0.0018185262360295162,0.0018185262360295162,27.956186208613392
2019-07-23,1664,0.39172570562606557,0.39,0.006987917775516733,0.38,0.41000000000000003,0.38,0.4,5279,0,0.017806402727789356,0.2713018,-0.17956561,0.21769422,0.1821041107177734,0.20337404,0.38786891456715283,0.003856791058912734,0.003856791058912734,52.0537714712472
2019-07-24,1665,0.39557681379049064,0.4,0.005394436351596144,0.38,0.41000000000000003,0.39,0.4,5279,0,0.021026709604091684,0.38172078,0.067952186,0.3202884,0.247467041015625,0.37562367,0.39172570562606557,0.0038511081644250766,0.0038511081644250766,51.979088872292756
2019-07-25,1666,0.39250047357454065,0.39,0.004634669028363804,0.38,0.4,0.39,0.4,5279,0,0.0,0.32720062,0.08173077,0.2874526,0.0137805938720703,0.31682822,0.39557681379049064,-0.003076340215949991,0.003076340215949991,43.913368185212846
2019-07-26,1667,0.38595188482667175,0.39,0.005134887834392212,0.38,0.4,0.38,0.39,5279,0,0.0,0.2575545,-0.1790973,0.21917784,0.2609062194824219,0.18509044,0.39250047357454065,-0.0065485887478689,0.0065485887478689,75.65347274085138
2019-07-27,1668,0.38094146618677777,0.38,0.005839634276313687,0.37,0.39,0.37,0.39,5279,0,0.0,0.19445254,-0.0078393165,0.15318407,0.1713771820068359,0.19429435,0.38595188482667175,-0.005010418639893988,0.005010418639893988,63.0570077172019
2019-07-28,1669,0.3827353665466944,0.38,0.004998603841174307,0.37,0.4,0.38,0.39,5279,0,0.0,0.23890857,-0.09355474,0.19539519,0.0858497619628906,0.21982902,0.38094146618677777,0.0017939003599166115,0.0017939003599166115,27.557879014189695
2019-07-29,1670,0.3914188293237356,0.39,0.005091936885649428,0.38,0.4,0.38,0.4,5279,0,0.0,0.21290204,0.05059516,0.18006162,0.1443061828613281,0.20680282,0.3827353665466944,0.00868346277704124,0.00868346277704124,88.12546676624346
2019-07-30,1671,0.3939818147376397,0.39,0.008370813344443397,0.38,0.41000000000000003,0.38,0.41000000000000003,5279,0,0.1053229778367115,0.45327616,0.38212678,0.39092413,0.3314933776855469,0.24379928,0.3914188293237356,0.0025629854139040953,0.0025629854139040953,37.44087627582773
2019-07-31,1672,0.39516006819473387,0.39,0.0066811071762174455,0.38,0.41000000000000003,0.39,0.41000000000000003,5279,0,0.05891267285470733,0.51156044,0.4377304,0.44392323,0.0555953979492187,0.26473704,0.3939818147376397,0.0011782534570941583,0.0011782534570941583,19.293004729897934
2019-08-01,1673,0.3997196438719454,0.4,0.004281819540950027,0.39,0.41000000000000003,0.39,0.41000000000000003,5279,0,0.07804508429626823,0.57303095,0.537055,0.537055,0.0993156433105468,0.19984029,0.39516006819473387,0.004559575677211547,0.004559575677211547,59.0739357729649
2019-08-02,1674,0.3951809054745217,0.39,0.006449745039635941,0.38,0.41000000000000003,0.39,0.41000000000000003,5279,0,0.07217275999242281,0.36021316,0.11983671,0.2753293,0.4171600341796875,0.33969504,0.3997196438719454,-0.004538738397423692,0.004538738397423692,58.999253174010455
2019-08-03,1675,0.39749573782913433,0.4,0.006263362742453969,0.38,0.41000000000000003,0.39,0.41000000000000003,5279,0,0.08694828566016291,0.33071783,-0.1845488,0.2807135,0.3044891357421875,0.27443787,0.3951809054745217,0.002314832354612606,0.002314832354612606,34.47846651730147
2019-08-04,1676,0.40469785944307635,0.4,0.005402760861928046,0.39,0.41000000000000003,0.4,0.41000000000000003,5279,0,0.49119151354423185,0.35823727,-0.31440857,0.32088774,0.1298122406005859,0.17170112,0.39749573782913433,0.007202121613942014,0.007202121613942014,80.33358227532985
2019-08-05,1677,0.3996590263307445,0.4,0.0050040000554839375,0.39,0.41000000000000003,0.39,0.41000000000000003,5279,0,0.1087327145292669,0.13103643,0.084147654,0.09766883,0.3984508514404297,0.10044758,0.40469785944307635,-0.005038833112331831,0.005038833112331831,63.43042071197411
2019-08-06,1678,0.38904527372608455,0.39,0.0068206835237875005,0.37,0.4,0.38,0.4,5279,0,0.0,0.31371394,0.24827053,0.25609758,0.164215087890625,0.19177628,0.3996590263307445,-0.010613752604659965,0.010613752604659965,94.37391087876524
2019-08-07,1679,0.3860181852623603,0.39,0.008449646428181669,0.37,0.4,0.37,0.4,5279,0,0.0,0.34645298,0.28694496,0.2907508,0.0386581420898437,0.19414479,0.38904527372608455,-0.003027088463724237,0.003027088463724237,43.340801593228775
2019-08-08,1680,0.38866451979541583,0.39,0.0057160979872285895,0.38,0.4,0.38,0.4,5279,0,0.0,0.3856375,0.34602344,0.347491,0.05914306640625,0.17024653,0.3860181852623603,0.0026463345330555166,0.0026463345330555166,38.486432661189944
2019-08-09,1681,0.3924625876112901,0.39,0.005704512144706008,0.38,0.4,0.38,0.4,5279,0,0.0,0.42308056,0.31089538,0.34906626,0.0352115631103515,0.2869512,0.38866451979541583,0.003798067815874273,0.003798067815874273,51.506099078914616
2019-08-10,1682,0.3906251183936352,0.39,0.004860959544660844,0.38,0.4,0.38,0.4,5279,0,0.0,0.46989968,0.37660775,0.39298922,0.0657005310058593,0.2810183,0.3924625876112901,-0.00183746921765493,0.00183746921765493,28.230022404779685
2019-08-11,1683,0.3844648607690851,0.38,0.0055646033048086544,0.37,0.4,0.38,0.39,5279,0,0.0,0.30848458,0.09482797,0.21615674,0.2816638946533203,0.2935483,0.3906251183936352,-0.006160257624550081,0.006160257624550081,72.89021657953697
2019-08-12,1684,0.38142640651638565,0.38,0.005700738544517605,0.37,0.4,0.37,0.39,5279,0,0.0,0.27022356,-0.14441743,0.22739449,0.2392387390136718,0.2283953,0.3844648607690851,-0.0030384542526994407,0.0030384542526994407,43.440378391834706
2019-08-13,1685,0.3875355180905474,0.39,0.005550523771902568,0.38,0.4,0.38,0.4,5279,0,0.0,0.29076573,-0.2064036,0.24938604,0.0619983673095703,0.20479797,0.38142640651638565,0.006109111574161774,0.006109111574161774,72.24296738859846
2019-08-14,1686,0.39738018564122,0.4,0.005121519464469756,0.38,0.41000000000000003,0.39,0.4,5279,0,0.021784428869104,0.23732433,-0.13924944,0.16909996,0.0671958923339843,0.19217822,0.3875355180905474,0.009844667550672592,0.009844667550672592,92.15832710978343
2019-08-15,1687,0.3959253646523963,0.4,0.005526882308268343,0.38,0.41000000000000003,0.39,0.4,5279,0,0.01932184125781398,0.3096453,-0.03827471,0.2526074,0.1009101867675781,0.30727044,0.39738018564122,-0.001454820988823713,0.001454820988823713,23.54991287030122
2019-08-16,1688,0.3962568668308392,0.4,0.004839450978110671,0.39,0.4,0.39,0.4,5279,0,0.0,0.65737015,0.5290832,0.591686,0.5672988891601562,0.39013615,0.3959253646523963,0.00033150217844291063,0.00033150217844291063,6.323126711476227
2019-08-17,1689,0.3891589316158363,0.39,0.006635957095411141,0.38,0.4,0.38,0.4,5279,0,0.0,0.7754281,0.6974454,0.707405,0.1685066223144531,0.33890963,0.3962568668308392,-0.007097935215002904,0.007097935215002904,79.6116504854369
2019-08-18,1690,0.3845804129569994,0.38,0.005594858928445056,0.37,0.4,0.38,0.39,5279,0,0.0,0.29805604,-0.011583501,0.22664033,0.7090721130371094,0.29783103,0.3891589316158363,-0.004578518658836905,0.004578518658836905,59.248195170525264
2019-08-19,1691,0.3865163856791059,0.39,0.007608983791021282,0.37,0.4,0.38,0.4,5279,0,0.0,0.2691901,-0.20463616,0.21879882,0.1931648254394531,0.17489228,0.3845804129569994,0.0019359727221064937,0.0019359727221064937,29.4000497883993
2019-08-20,1692,0.394364462966471,0.4,0.008056473023455624,0.38,0.41000000000000003,0.38,0.41000000000000003,5279,0,0.06724758476984277,0.25470456,-0.16417375,0.20624594,0.0405082702636718,0.19473414,0.3865163856791059,0.007848077287365085,0.007848077287365085,83.71919342793129
2019-08-21,1693,0.3979446864936541,0.4,0.005186425088730476,0.39,0.41000000000000003,0.39,0.41000000000000003,5279,0,0.05285091873460883,0.27975777,-0.22071822,0.24370319,0.0565166473388671,0.17189547,0.394364462966471,0.003580223527183124,0.003580223527183124,49.240726910629824
2019-08-22,1694,0.38950558817957953,0.39,0.005359046170441543,0.38,0.4,0.38,0.4,5279,0,0.0,0.1804988,-0.037746396,0.14919868,0.1829891204833984,0.17650783,0.3979446864936541,-0.008439098314074578,0.008439098314074578,86.88075678366941
2019-08-23,1695,0.37945823072551615,0.38,0.0059937856919324295,0.37,0.39,0.37,0.39,5279,0,0.0,0.36505237,-0.26487684,0.31529304,0.2271156311035156,0.25120464,0.38950558817957953,-0.010047357454063377,0.010047357454063377,92.70599950211601
2019-08-24,1696,0.37791627202121614,0.38,0.006471394971424978,0.37,0.39,0.37,0.39,5279,0,0.0,0.43473995,-0.35700384,0.38984248,0.0921993255615234,0.24808557,0.37945823072551615,-0.0015419587043000171,0.0015419587043000171,24.3714214588001
2019-08-25,1697,0.3834722485319189,0.38,0.004990114956948635,0.38,0.4,0.38,0.39,5279,0,0.0,0.43982112,-0.3346421,0.37706962,0.0224037170410156,0.28540695,0.37791627202121614,0.005555976510702776,0.005555976510702776,67.83669405028628
2019-08-26,1698,0.3835215002841447,0.38,0.005212573679482787,0.37,0.39,0.38,0.39,5279,0,0.0,0.17863353,0.03187942,0.14701462,0.3664665222167969,0.17576598,0.3834722485319189,4.9251752225809575e-05,4.9251752225809575e-05,1.7674881752551657
2019-08-27,1699,0.37936919871187724,0.38,0.0041198062922071935,0.37,0.39,0.37,0.39,5279,0,0.0,0.1600424,0.034974623,0.12943113,0.0030860900878906,0.15617402,0.3835215002841447,-0.0041523015722674805,0.0041523015722674805,55.738113019666415
2019-08-28,1700,0.38021405569236594,0.38,0.0046726142509088305,0.37,0.39,0.37,0.39,5279,0,0.0,0.2206022,0.09796775,0.18108581,0.0630531311035156,0.19765538,0.37936919871187724,0.0008448569804886952,0.0008448569804886952,13.84117500622355
2019-08-29,1701,0.382151922712635,0.38,0.0051341938586159175,0.37,0.4,0.38,0.39,5279,0,0.0,0.23552781,-0.05569987,0.18562496,0.1536922454833984,0.22884679,0.38021405569236594,0.0019378670202690462,0.0019378670202690462,29.424943988050785
2019-08-30,1702,0.3842413335859064,0.38,0.005163302925832724,0.38,0.4,0.38,0.39,5279,0,0.0,0.46204904,0.32061344,0.3884042,0.3762798309326172,0.33271024,0.382151922712635,0.0020894108732714134,0.0020894108732714134,31.690316156335573
2019-08-31,1703,0.3954877817768516,0.4,0.004976150011622586,0.39,0.4,0.39,0.4,5279,0,0.0,0.6682067,0.6250975,0.6277882,0.304452896118164,0.2361153,0.3842413335859064,0.011246448190945224,0.011246448190945224,95.6435150609908
2019-09-01,1704,0.40023299867399126,0.4,0.002725470484139373,0.39,0.41000000000000003,0.4,0.4,5279,0,0.04906232240954726,0.1745756,0.024200939,0.1413058,0.6008129119873047,0.17288984,0.3954877817768516,0.004745216897139637,0.004745216897139637,60.816529748568584
2019-09-02,1705,0.38831407463534756,0.39,0.005549809999573718,0.38,0.4,0.38,0.4,5279,0,0.0,0.30698523,0.07879935,0.2643598,0.0544719696044921,0.2966993,0.40023299867399126,-0.011918924038643697,0.011918924038643697,96.51481204879263
2019-09-03,1706,0.3834173138852055,0.38,0.006129740454193952,0.37,0.4,0.38,0.39,5279,0,0.0,0.20534845,0.025814462,0.1679674,0.0528926849365234,0.20371956,0.38831407463534756,-0.00489676075014206,0.00489676075014206,62.21060492905153
2019-09-04,1707,0.38292858495927257,0.38,0.0053291735071137715,0.37,0.39,0.38,0.39,5279,0,0.0,0.31805325,-0.22432688,0.25948563,0.2501564025878906,0.22546743,0.3834173138852055,-0.0004887289259329353,0.0004887289259329353,8.712969878018422
2019-09-05,1708,0.3813620003788596,0.38,0.0041588831903736434,0.37,0.39,0.38,0.39,5279,0,0.0,0.2763526,-0.20330985,0.235383,0.0210857391357421,0.18717876,0.38292858495927257,-0.0015665845804129774,0.0015665845804129774,24.84441125217824
2019-09-06,1709,0.3812331881038075,0.38,0.003362089478428702,0.37,0.39,0.38,0.39,5279,0,0.0,0.3327011,-0.2227963,0.29024494,0.019449234008789,0.24708739,0.3813620003788596,-0.00012881227505207038,0.00012881227505207038,3.2362459546925564
2019-09-07,1710,0.3904792574351204,0.39,0.004844376360703414,0.38,0.4,0.38,0.4,5279,0,0.0,0.50275815,-0.3888648,0.43185726,0.1661949157714843,0.3186693,0.3812331881038075,0.00924606933131289,0.00924606933131289,90.51530993278566
2019-09-08,1711,0.3939628717560144,0.4,0.007192542111901696,0.38,0.41000000000000003,0.38,0.4,5279,0,0.0007577192650123129,0.634174,-0.46682262,0.54307413,0.077911376953125,0.42924696,0.3904792574351204,0.003483614320894002,0.003483614320894002,48.3445357231765
2019-09-09,1712,0.3896495548399319,0.39,0.0054369881733035055,0.38,0.4,0.38,0.4,5279,0,0.0,0.5296886,-0.25525454,0.43906894,0.2115459442138672,0.46412867,0.3939628717560144,-0.004313316916082499,0.004313316916082499,57.206870799103804
2019-09-10,1713,0.40016290964197765,0.4,0.0036533827442547084,0.39,0.41000000000000003,0.39,0.41000000000000003,5279,0,0.07501420723621897,0.3878274,0.19870637,0.33060566,0.4539527893066406,0.33305526,0.3896495548399319,0.010513354802045738,0.010513354802045738,94.07518048294747
2019-09-11,1714,0.4033036559954537,0.4,0.0072330857681200305,0.39,0.41000000000000003,0.39,0.41000000000000003,5279,0,0.48134116309907177,0.78720087,0.74659973,0.74659973,0.5479030609130859,0.2495481,0.40016290964197765,0.003140746353476054,0.003140746353476054,44.7597709733632
2019-09-12,1715,0.4032297783671151,0.41000000000000003,0.008390365563818104,0.38,0.41000000000000003,0.39,0.41000000000000003,5279,0,0.5627959840878954,0.73465323,0.7131833,0.71322554,0.0334129333496093,0.17631061,0.4033036559954537,-7.387762833860334e-05,7.387762833860334e-05,2.26537216828479
2019-09-13,1716,0.4053021405569237,0.41000000000000003,0.005462040489271564,0.39,0.41000000000000003,0.4,0.41000000000000003,5279,0,0.5548399318052661,0.530907,0.49163586,0.49756506,0.2215156555175781,0.20039064,0.4032297783671151,0.0020723621898086075,0.0020723621898086075,31.44137415982076
2019-09-14,1717,0.39936730441371465,0.4,0.004824771841935113,0.39,0.41000000000000003,0.39,0.41000000000000003,5279,0,0.08675885584390983,0.3970527,0.20090649,0.35815433,0.2907733917236328,0.3424727,0.4053021405569237,-0.005934836143209055,0.005934836143209055,70.87378640776699
2019-09-15,1718,0.3917654858874787,0.39,0.006778302294133903,0.38,0.4,0.38,0.4,5279,0,0.0,0.42775398,-0.11610643,0.34202194,0.3169288635253906,0.41169536,0.39936730441371465,-0.007601818526235926,0.007601818526235926,82.27532984814539
2019-09-16,1719,0.38302898276188674,0.38,0.006122240371900334,0.37,0.4,0.37,0.39,5279,0,0.0,0.53815407,-0.47441828,0.4876189,0.3582687377929687,0.25404269,0.3917654858874787,-0.008736503125591988,0.008736503125591988,88.39930296240975
2019-09-17,1720,0.38277514680810754,0.38,0.005415910751750537,0.37,0.4,0.38,0.39,5279,0,0.0,0.549573,-0.5286219,0.5286219,0.0542449951171875,0.15029983,0.38302898276188674,-0.0002538359537792023,0.0002538359537792023,4.904157331341797
2019-09-18,1721,0.387997726842205,0.39,0.005950734993581812,0.38,0.4,0.38,0.4,5279,0,0.0,0.3752626,-0.3359095,0.3439735,0.1926727294921875,0.1672923,0.38277514680810754,0.005222580034097479,0.005222580034097479,65.34727408513817
2019-09-19,1722,0.38689713960977457,0.39,0.00645521894594628,0.38,0.4,0.38,0.4,5279,0,0.0,0.23245761,-0.1833454,0.19486931,0.1526050567626953,0.14290194,0.387997726842205,-0.00110058723243045,0.00110058723243045,18.073188946975353
2019-09-20,1723,0.3821898086758856,0.38,0.005930803418797136,0.37,0.4,0.37,0.39,5279,0,0.0,0.33595267,-0.32027328,0.32027328,0.1370048522949218,0.1014361,0.38689713960977457,-0.004707330933888976,0.004707330933888976,60.468010953447845
2019-09-21,1724,0.38296647092252317,0.38,0.006475288028991355,0.37,0.4,0.37,0.39,5279,0,0.0,0.48043248,-0.46198285,0.46198285,0.1416168212890625,0.13185959,0.3821898086758856,0.0007766622466375828,0.0007766622466375828,12.944983818770226
2019-09-22,1725,0.3836673612426596,0.38,0.007047586557919245,0.37,0.4,0.37,0.4,5279,0,0.0,0.32004997,-0.3025484,0.303301,0.1593227386474609,0.10438718,0.38296647092252317,0.0007008903201364269,0.0007008903201364269,11.799850634802091
2019-09-23,1726,0.3848759234703542,0.38,0.006477462199894875,0.37,0.4,0.38,0.4,5279,0,0.0,0.14536631,-0.07156005,0.11867179,0.231058120727539,0.1265326,0.3836673612426596,0.0012085622276946095,0.0012085622276946095,19.81578292257904
2019-09-24,1727,0.3920572078045084,0.39,0.004788750536388492,0.38,0.41000000000000003,0.39,0.4,5279,0,0.00018942981625307822,0.13217859,-0.050252613,0.10503674,0.0213088989257812,0.12225307,0.3848759234703542,0.007181284334154214,0.007181284334154214,80.18421707742095
2019-09-25,1728,0.3971130896003031,0.4,0.006231674942672986,0.38,0.41000000000000003,0.39,0.41000000000000003,5279,0,0.07008903201363895,0.12847891,0.049757607,0.09882903,0.09991455078125,0.1184525,0.3920572078045084,0.005055881795794692,0.005055881795794692,63.7042569081404
2019-09-26,1729,0.3959007387762834,0.4,0.007410410639981356,0.38,0.41000000000000003,0.38,0.41000000000000003,5279,0,0.08334911915135443,0.29564637,0.19385058,0.24005134,0.1440486907958984,0.22322328,0.3971130896003031,-0.0012123508240197145,0.0012123508240197145,19.915359721184963
2019-09-27,1730,0.3906630043568858,0.39,0.007594569958147399,0.38,0.41000000000000003,0.38,0.4,5279,0,0.0020837279787838604,0.27997306,0.19516633,0.2358246,0.001434326171875,0.20073576,0.3959007387762834,-0.005237734419397622,0.005237734419397622,65.49663928304706
2019-09-28,1731,0.3873309338889942,0.39,0.006951416640682392,0.38,0.41000000000000003,0.38,0.4,5279,0,0.0017048683462777042,0.20593023,0.11382525,0.16043259,0.0813636779785156,0.1716136,0.3906630043568858,-0.003332070467891579,0.003332070467891579,46.776201145133186
2019-09-29,1732,0.3829096419776472,0.38,0.005129648898899225,0.38,0.4,0.38,0.39,5279,0,0.0,0.19365864,0.018623969,0.15662187,0.095224380493164,0.19276081,0.3873309338889942,-0.004421291911346992,0.004421291911346992,58.10306198655714
2019-09-30,1733,0.3843379427921955,0.38,0.005492613477633873,0.37,0.4,0.38,0.39,5279,0,0.0,0.22497234,0.14232019,0.18585056,0.1236839294433593,0.17423387,0.3829096419776472,0.0014283008145483111,0.0014283008145483111,23.101817276574558
2019-10-01,1734,0.38473574540632693,0.38,0.005741253671355522,0.37,0.4,0.38,0.39,5279,0,0.0,0.25465152,-0.09286036,0.2026616,0.2350654602050781,0.23711623,0.3843379427921955,0.00039780261413141504,0.00039780261413141504,7.343788897186955
2019-10-02,1735,0.38327524152301573,0.38,0.00630522315206679,0.37,0.4,0.38,0.4,5279,0,0.0,0.26880106,-0.22713907,0.23300302,0.1343231201171875,0.14374243,0.38473574540632693,-0.0014605038833112038,0.0014605038833112038,23.624595469255663
2019-10-03,1736,0.38520742564879706,0.38,0.005934986995869324,0.38,0.4,0.38,0.4,5279,0,0.0,0.28321058,-0.22246616,0.24093431,0.004800796508789,0.1752637,0.38327524152301573,0.0019321841257813333,0.0019321841257813333,29.32536718944486
2019-10-04,1737,0.3917939003599167,0.39,0.005242947140045849,0.38,0.4,0.38,0.4,5279,0,0.0,0.30241054,-0.2022936,0.25649816,0.0201148986816406,0.22478712,0.38520742564879706,0.0065864747111196165,0.0065864747111196165,76.05177993527508
2019-10-05,1738,0.3996760750142072,0.4,0.005304626113772126,0.39,0.41000000000000003,0.39,0.41000000000000003,5279,0,0.12502367872703163,0.35069504,-0.27513468,0.3056431,0.0728702545166015,0.21745802,0.3917939003599167,0.00788217465429053,0.00788217465429053,83.9681354244461
2019-10-06,1739,0.4084315211214246,0.41000000000000003,0.004286858266294936,0.39,0.41000000000000003,0.4,0.41000000000000003,5279,0,0.8689145671528699,0.5756196,-0.56181884,0.56181884,0.2867660522460937,0.12529388,0.3996760750142072,0.008755446107217402,0.008755446107217402,88.57356235997013
2019-10-07,1740,0.4076832733472248,0.41000000000000003,0.004219009853516908,0.4,0.41000000000000003,0.4,0.41000000000000003,5279,0,0.7683273347224853,0.5516488,-0.4266538,0.4887545,0.1351242065429687,0.3496896,0.4084315211214246,-0.000748247774199795,0.000748247774199795,12.546676624346528
2019-10-08,1741,0.4062928584959273,0.41000000000000003,0.0054976142299292706,0.39,0.41000000000000003,0.4,0.41000000000000003,5279,0,0.6637620761507861,0.46068868,-0.21522434,0.41046703,0.2115135192871093,0.40732405,0.4076832733472248,-0.001390414851297539,0.001390414851297539,22.653721682847898
2019-10-09,1742,0.4063553703352909,0.41000000000000003,0.0048127924590837924,0.4,0.41000000000000003,0.4,0.41000000000000003,5279,0,0.6355370335290774,0.40774205,-0.38184455,0.38192877,0.166666030883789,0.14299764,0.4062928584959273,6.251183936362148e-05,6.251183936362148e-05,2.041324371421459
2019-10-10,1743,0.39499526425459375,0.4,0.005539212223801129,0.38,0.4,0.39,0.4,5279,0,0.0,0.35307246,-0.28105184,0.2863587,0.1007823944091796,0.213705,0.4063553703352909,-0.011360106080697152,0.011360106080697152,95.74309185959672
2019-10-11,1744,0.38739723432468276,0.39,0.00451131472265358,0.38,0.4,0.38,0.39,5279,0,0.0,0.37971488,-0.28946036,0.32323784,0.0083446502685546,0.24575552,0.39499526425459375,-0.007598029929910988,0.007598029929910988,82.2504356484939
2019-10-12,1745,0.3795605228262928,0.38,0.004572673325789121,0.37,0.39,0.37,0.39,5279,0,0.0,0.33265594,-0.2742859,0.28921166,0.0151481628417968,0.18822156,0.38739723432468276,-0.007836711498389937,0.007836711498389937,83.61961662932536
2019-10-13,1746,0.38013638946770223,0.38,0.0052895297291257306,0.37,0.39,0.37,0.39,5279,0,0.0,0.350443,-0.32030872,0.3246597,0.0460109710693359,0.14217001,0.3795605228262928,0.000575866641409406,0.000575866641409406,9.833208862335075
2019-10-14,1747,0.38567342299677965,0.39,0.006024213647863028,0.38,0.4,0.38,0.4,5279,0,0.0,0.33434796,-0.26216525,0.3052541,0.0581092834472656,0.2075032,0.38013638946770223,0.0055370335290774175,0.0055370335290774175,67.68732885237739
2019-10-15,1748,0.3868346277704111,0.39,0.005688221914092384,0.38,0.4,0.38,0.4,5279,0,0.0,0.22351891,-0.05081533,0.17258288,0.2114715576171875,0.21766616,0.38567342299677965,0.0011612047736314635,0.0011612047736314635,19.01916853373164
2019-10-16,1749,0.376705815495359,0.38,0.006612342891282548,0.37,0.39,0.37,0.39,5279,0,0.0,0.21390213,-0.13577475,0.17275058,0.0850162506103515,0.16528544,0.3868346277704111,-0.010128812275052135,0.010128812275052135,92.95494149863082
2019-10-17,1750,0.3742943739344573,0.37,0.006264162478744965,0.37,0.39,0.37,0.39,5279,0,0.0,0.2615656,-0.12382418,0.21861586,0.0118961334228515,0.23039971,0.376705815495359,-0.0024114415609016726,0.0024114415609016726,35.77296489917849
2019-10-18,1751,0.38246258761129,0.38,0.004687352670983542,0.38,0.4,0.38,0.39,5279,0,0.0,0.33437073,-0.25033003,0.27560186,0.1265296936035156,0.22167237,0.3742943739344573,0.00816821367683268,0.00816821367683268,85.33731640527758
2019-10-19,1752,0.39197575298351967,0.39,0.003981699383844725,0.39,0.4,0.39,0.4,5279,0,0.0,0.48347545,-0.41325825,0.44147906,0.162942886352539,0.25092837,0.38246258761129,0.009513165372229682,0.009513165372229682,91.33681852128454
2019-10-20,1753,0.3851581738965713,0.38,0.006174253822641821,0.38,0.4,0.38,0.4,5279,0,0.0,0.4142223,-0.3241187,0.3535846,0.0891799926757812,0.25792825,0.39197575298351967,-0.0068175790869483555,0.0068175790869483555,77.7445855115758
2019-10-21,1754,0.3792403864368251,0.38,0.005820676147242329,0.37,0.39,0.37,0.39,5279,0,0.0,0.26466948,-0.07561425,0.22498162,0.2485237121582031,0.25363845,0.3851581738965713,-0.005917787459746193,0.005917787459746193,70.62484441125217
2019-10-22,1755,0.38026141314642925,0.38,0.00592686451900969,0.37,0.4,0.37,0.39,5279,0,0.0,0.21807428,-0.006686638,0.18195511,0.0689220428466796,0.21797173,0.3792403864368251,0.0010210267096041337,0.0010210267096041337,16.803584764749814
2019-10-23,1756,0.38892972153817007,0.39,0.005853113416963951,0.38,0.4,0.38,0.4,5279,0,0.0,0.1933544,0.024911826,0.1525713,0.0317096710205078,0.19174281,0.38026141314642925,0.00866830839174082,0.00866830839174082,88.07567836694051
2019-10-24,1757,0.3946164046220876,0.4,0.005809996209115709,0.38,0.41000000000000003,0.39,0.4,5279,0,0.0022731577950369387,0.21969947,-0.04106172,0.18259168,0.0660820007324218,0.21582821,0.38892972153817007,0.00568668308391751,0.00568668308391751,68.7577794373911
2019-10-25,1758,0.38575866641409357,0.39,0.005606543362312498,0.37,0.4,0.38,0.39,5279,0,0.0,0.31441998,-0.21084177,0.26804253,0.1697349548339843,0.23325028,0.3946164046220876,-0.008857738207994015,0.008857738207994015,89.1461289519542
2019-10-26,1759,0.38306876302329984,0.38,0.004964088483209276,0.37,0.4,0.38,0.39,5279,0,0.0,0.28143194,-0.17557558,0.2381417,0.0351448059082031,0.21994857,0.38575866641409357,-0.002689903390793724,0.002689903390793724,39.009210853871046
2019-10-27,1760,0.3917181284334154,0.39,0.0045339028312587955,0.38,0.4,0.39,0.4,5279,0,0.0,0.2888213,-0.16051938,0.2510591,0.0151424407958984,0.2401069,0.38306876302329984,0.008649365410115573,0.008649365410115573,87.92631316903162
2019-10-28,1761,0.3994809623034665,0.4,0.0027656402855317157,0.39,0.41000000000000003,0.39,0.4,5279,0,0.013638946770221634,0.21899232,-0.08111987,0.18207128,0.0793533325195312,0.203414,0.3917181284334154,0.007762833870051111,0.007762833870051111,83.19641523525019
2019-10-29,1762,0.3891551430195113,0.39,0.0037900963122676078,0.38,0.4,0.38,0.39,5279,0,0.0,0.46436423,-0.38716814,0.41538715,0.3061065673828125,0.256389,0.3994809623034665,-0.010325819283955207,0.010325819283955207,93.52750809061489
2019-10-30,1763,0.3796173517711688,0.38,0.00394187380806733,0.37,0.39,0.37,0.39,5279,0,0.0,0.53057593,-0.4761603,0.48488736,0.0888595581054687,0.23405512,0.3891551430195113,-0.009537791248342531,0.009537791248342531,91.53597211849639
2019-10-31,1764,0.378340594809623,0.38,0.0049521982951607766,0.37,0.39,0.37,0.39,5279,0,0.0,0.38854784,-0.35734072,0.36107117,0.1187953948974609,0.15256919,0.3796173517711688,-0.0012767569615457774,0.0012767569615457774,20.861339307941247
2019-11-01,1765,0.37934646713392683,0.38,0.005461211994473287,0.37,0.39,0.37,0.39,5279,0,0.0,0.37004283,-0.32620317,0.33048165,0.0309734344482421,0.17470744,0.378340594809623,0.0010058723243038248,0.0010058723243038248,16.47996016928056
2019-11-02,1766,0.37867588558439097,0.38,0.005926947463817339,0.37,0.39,0.37,0.39,5279,0,0.0,0.46948463,-0.4390431,0.44184515,0.1125373840332031,0.16630287,0.37934646713392683,-0.0006705815495358647,0.0006705815495358647,11.401543440378392
2019-11-03,1767,0.3807766622466376,0.38,0.005000770631819063,0.37,0.4,0.37,0.39,5279,0,0.0,0.4691253,-0.43442363,0.44204935,0.0044689178466796,0.17707196,0.37867588558439097,0.0021007766622466173,0.0021007766622466173,31.814787154592977
2019-11-04,1768,0.38859253646523967,0.39,0.0071760074920922375,0.37,0.4,0.38,0.4,5279,0,0.0,0.37780476,-0.28587604,0.3207767,0.1484870910644531,0.24700528,0.3807766622466376,0.007815874218602081,0.007815874218602081,83.47025143141647
2019-11-05,1769,0.39168781966281496,0.39,0.00830674389220036,0.37,0.41000000000000003,0.38,0.4,5279,0,0.010986929342678538,0.3319694,-0.15306662,0.25439808,0.1328811645507812,0.29457432,0.38859253646523967,0.0030952831975752937,0.0030952831975752937,44.16231018172766
2019-11-06,1770,0.38442697480583443,0.38,0.006062776954811876,0.37,0.4,0.38,0.4,5279,0,0.0,0.3889739,-0.29602838,0.3152532,0.1429367065429687,0.25232536,0.39168781966281496,-0.007260844856980531,0.007260844856980531,80.60741847149615
2019-11-07,1771,0.3794014017806402,0.38,0.00542053146135254,0.37,0.39,0.37,0.39,5279,0,0.0,0.37076485,-0.33250833,0.33797783,0.0365638732910156,0.16402762,0.38442697480583443,-0.005025573025194241,0.005025573025194241,63.156584515807815
2019-11-08,1772,0.3778367114983898,0.38,0.006010271647747248,0.37,0.39,0.37,0.39,5279,0,0.0,0.39805782,-0.36749986,0.36958358,0.0349044799804687,0.15294887,0.3794014017806402,-0.0015646902822503694,0.0015646902822503694,24.81951705252676
2019-11-09,1773,0.38230725516196246,0.38,0.005202794652576042,0.37,0.4,0.38,0.39,5279,0,0.0,0.27668765,-0.14208324,0.23866217,0.2253894805908203,0.2374207,0.3778367114983898,0.004470543663572635,0.004470543663572635,58.50136918098083
2019-11-10,1774,0.3853286607311991,0.39,0.00651407576781256,0.37,0.4,0.38,0.4,5279,0,0.0,0.22927415,0.12867114,0.19054016,0.2707939147949219,0.18976384,0.38230725516196246,0.003021405569236635,0.003021405569236635,43.24122479462285
2019-11-11,1775,0.38463913620003787,0.38,0.0062085916318718555,0.37,0.4,0.37900000000000034,0.39,5279,0,0.0,0.23028377,-0.044174936,0.1828476,0.1729145050048828,0.22600724,0.3853286607311991,-0.000689524531161223,0.000689524531161223,11.625591237241723
2019-11-12,1776,0.38514870240575866,0.38,0.007455853130327818,0.37,0.4,0.37,0.4,5279,0,0.0,0.19462505,0.04652719,0.15802678,0.0906982421875,0.18898186,0.38463913620003787,0.0005095662057207906,0.0005095662057207906,8.986806074184715
2019-11-13,1777,0.3930725516196249,0.39,0.007447018302182755,0.38,0.41000000000000003,0.38,0.4,5279,0,0.011176359158931616,0.23657566,0.19166829,0.21302925,0.1451034545898437,0.1386774,0.38514870240575866,0.00792384921386624,0.00792384921386624,84.14239482200647
2019-11-14,1778,0.39727789354044335,0.4,0.00662906928678899,0.39,0.41000000000000003,0.39,0.41000000000000003,5279,0,0.12066679295321084,0.2418629,0.03208948,0.18571933,0.1595268249511718,0.23972444,0.3930725516196249,0.004205341920818451,0.004205341920818451,56.211102813044555
2019-11-15,1779,0.38923470354233763,0.39,0.0032250970023501436,0.38,0.4,0.38,0.39,5279,0,0.0,0.3149627,0.18575181,0.22975275,0.1537322998046875,0.2543573,0.39727789354044335,-0.008043189998105715,0.008043189998105715,84.69006721433907
2019-11-16,1780,0.38084864557681375,0.38,0.004133546106280148,0.37,0.39,0.38,0.39,5279,0,0.0,0.21175496,0.13610557,0.15788378,0.049661636352539,0.16222028,0.38923470354233763,-0.008386057965523885,0.008386057965523885,86.45755538959422
2019-11-17,1781,0.37674749005493463,0.38,0.005345682564159819,0.37,0.39,0.37,0.38,5279,0,0.0,0.25374615,-0.20955727,0.23091562,0.3457508087158203,0.14308381,0.38084864557681375,-0.0041011555218791185,0.0041011555218791185,55.06596962907643
2019-11-18,1782,0.37950179958325436,0.38,0.005983334386252816,0.37,0.39,0.37,0.39,5279,0,0.0,0.16786869,-0.09024951,0.1410738,0.1194381713867187,0.14154473,0.37674749005493463,0.0027543095283197316,0.0027543095283197316,39.65646004480956
2019-11-19,1783,0.3804148512975942,0.38,0.006114886013971958,0.37,0.4,0.37,0.39,5279,0,0.0,0.19919428,-0.07102214,0.15936862,0.0190792083740234,0.18610267,0.37950179958325436,0.0009130517143398631,0.0009130517143398631,15.03609658949465
2019-11-20,1784,0.3832051524910021,0.38,0.0053228558182427345,0.37,0.4,0.38,0.39,5279,0,0.0,0.21192934,-0.05283562,0.17987594,0.0182151794433593,0.20523766,0.3804148512975942,0.002790301193407896,0.002790301193407896,40.05476723923326
2019-11-21,1785,0.38374692176548586,0.38,0.005238865052924374,0.38,0.4,0.38,0.39,5279,0,0.0,0.19673704,-0.107371226,0.16606213,0.0544872283935546,0.16485389,0.3832051524910021,0.0005417692744837388,0.0005417692744837388,9.285536470002489
2019-11-22,1786,0.3809376775904527,0.38,0.008011860122299642,0.37,0.4,0.37,0.39,5279,0,0.0,0.19977143,0.022458464,0.16128139,0.1297740936279297,0.19850482,0.38374692176548586,-0.002809244175033143,0.002809244175033143,40.37839183470251
2019-11-23,1787,0.3761034286796742,0.37,0.007507621030952618,0.37,0.4,0.37,0.39,5279,0,0.0,0.18880117,0.1277073,0.15858638,0.1052932739257812,0.13905653,0.3809376775904527,-0.004834248910778494,0.004834248910778494,61.53846153846154
2019-11-24,1788,0.3744212919113469,0.37,0.006084071085040689,0.37,0.39,0.37,0.39,5279,0,0.0,0.16149652,0.08842702,0.11973464,0.0392837524414062,0.13513605,0.3761034286796742,-0.001682136768327347,0.001682136768327347,26.288274831964152
2019-11-25,1789,0.3731729494222391,0.37,0.005514847567902098,0.37,0.39,0.37,0.38,5279,0,0.0,0.11137334,-0.035582364,0.08896058,0.1239814758300781,0.105536215,0.3744212919113469,-0.0012483424891077677,0.0012483424891077677,20.463032113517553
2019-11-26,1790,0.3744307634021596,0.37,0.00611291807442528,0.37,0.39,0.37,0.39,5279,0,0.0,0.22647539,-0.19795164,0.20114078,0.1623039245605468,0.11002835,0.3731729494222391,0.0012578139799204746,0.0012578139799204746,20.612397311426438
2019-11-27,1791,0.38280356128054555,0.38,0.0068056573227430585,0.37,0.4,0.37,0.39,5279,0,0.0,0.21260883,-0.16685808,0.17957138,0.0309925079345703,0.13176045,0.3744307634021596,0.008372797878385962,0.008372797878385962,86.35797859098831
2019-11-28,1792,0.38758476984277324,0.39,0.00779430841708099,0.38,0.4,0.38,0.4,5279,0,0.0,0.18189523,0.09155305,0.13676411,0.258392333984375,0.1571748,0.38280356128054555,0.00478120856222769,0.00478120856222769,61.11526014438636
2019-11-29,1793,0.38415419587043004,0.38,0.007220166089752017,0.37,0.4,0.37,0.4,5279,0,0.0,0.18565337,0.06512867,0.14764036,0.0263919830322265,0.1738547,0.38758476984277324,-0.0034305739723431983,0.0034305739723431983,47.846651730146874
2019-11-30,1794,0.38434362568668307,0.38,0.006409949511352351,0.37,0.4,0.38,0.39,5279,0,0.0,0.19113237,0.0943716,0.14364167,0.0292778015136718,0.16620931,0.38415419587043004,0.00018942981625302835,0.00018942981625302835,4.007966143888473
2019-12-01,1795,0.3835044516006819,0.38,0.005261987286936115,0.37,0.4,0.38,0.39,5279,0,0.0,0.15675008,-0.14872788,0.14886884,0.2431182861328125,0.049503293,0.38434362568668307,-0.0008391740860011487,0.0008391740860011487,13.79138660692059
2019-12-02,1796,0.37591210456525864,0.38,0.006493373376456723,0.37,0.39,0.37,0.39,5279,0,0.0,0.23563588,-0.20290303,0.21610656,0.0541915893554687,0.11981078,0.3835044516006819,-0.007592347035423275,0.007592347035423275,82.15085884988798
2019-12-03,1797,0.37788028035612803,0.38,0.006068066541838497,0.37,0.39,0.37,0.39,5279,0,0.0,0.1998728,-0.16372794,0.18092164,0.0391616821289062,0.11463949,0.37591210456525864,0.0019681757908693864,0.0019681757908693864,29.922827981080406
2019-12-04,1798,0.3773214623981815,0.38,0.00654773195615914,0.37,0.39,0.37,0.39,5279,0,0.0,0.2880014,-0.22538501,0.23230332,0.0616207122802734,0.17929456,0.37788028035612803,-0.0005588179579465447,0.0005588179579465447,9.584266865820263
2019-12-05,1799,0.37804129569994316,0.38,0.006126577293612743,0.37,0.39,0.37,0.39,5279,0,0.0,0.35272944,-0.30661803,0.3123102,0.0813007354736328,0.17436501,0.3773214623981815,0.0007198333017616743,0.0007198333017616743,12.048792631316903
2019-12-06,1800,0.38087895434741426,0.38,0.007129384349472269,0.37,0.4,0.37,0.39,5279,0,0.0,0.15183792,-0.09865414,0.1244308,0.2080249786376953,0.11542158,0.37804129569994316,0.0028376586474710974,0.0028376586474710974,40.826487428429175
2019-12-07,1801,0.3848266717181284,0.38,0.006737246581414797,0.37,0.4,0.38,0.4,5279,0,0.0,0.11566769,0.03392558,0.08603486,0.1326045989990234,0.11058072,0.38087895434741426,0.003947717370714143,0.003947717370714143,53.3731640527757
2019-12-08,1802,0.38448759234703545,0.38,0.008698055702627508,0.37,0.4,0.37,0.4,5279,0,0.0,0.16714366,-0.01717203,0.1332461,0.0511360168457031,0.16625918,0.3848266717181284,-0.00033907937109295405,0.00033907937109295405,6.447597709733632
2019-12-09,1803,0.3821329797310097,0.38,0.00853308469575096,0.37,0.4,0.37,0.4,5279,0,0.0,0.171997,0.006755526,0.13686022,0.0239410400390625,0.1718642,0.38448759234703545,-0.002354612616025764,0.002354612616025764,34.92656211102813
2019-12-10,1804,0.38370145860958516,0.38,0.0076689593702931064,0.37,0.4,0.37,0.4,5279,0,0.0,0.13171408,0.019895729,0.1039904,0.013132095336914,0.1302027,0.3821329797310097,0.0015684788785754744,0.0015684788785754744,24.919093851132686
2019-12-11,1805,0.3841901875355181,0.38,0.006927123850542444,0.37,0.4,0.37,0.4,5279,0,0.0,0.2793171,-0.19847853,0.21318732,0.2182788848876953,0.19653052,0.38370145860958516,0.0004887289259329353,0.0004887289259329353,8.712969878018422
2019-12-12,1806,0.381259708278083,0.38,0.008167164980172989,0.37,0.4,0.37,0.39,5279,0,0.0,0.23562045,-0.1966383,0.2017684,0.0017204284667968,0.12980849,0.3841901875355181,-0.0029304792574351146,0.0029304792574351146,41.94672641274583
2019-12-13,1807,0.3815059670392119,0.38,0.005486858743803986,0.37,0.4,0.37,0.39,5279,0,0.0,0.32710636,-0.30912346,0.30998135,0.1124553680419921,0.10696329,0.381259708278083,0.00024625876112893685,0.00024625876112893685,4.75479213343291
2019-12-14,1808,0.37620382648228834,0.37,0.007617547397857245,0.36,0.4,0.37,0.39,5279,0,0.0,0.19255883,-0.11845178,0.15169407,0.1905746459960937,0.15181598,0.3815059670392119,-0.0053021405569235736,0.0053021405569235736,66.04431167537965
2019-12-15,1809,0.3763440045463156,0.37,0.008970910110708614,0.36,0.4,0.37,0.39,5279,0,0.0,0.13517046,0.022559226,0.1082858,0.1411342620849609,0.13327453,0.37620382648228834,0.00014017806402727429,0.00014017806402727429,3.4602937515558874
2019-12-16,1810,0.3775734040537981,0.38,0.0076632984045906394,0.37,0.4,0.37,0.39,5279,0,0.0,0.114213616,-0.02853532,0.085652664,0.0511417388916015,0.110591546,0.3763440045463156,0.0012293995074824648,0.0012293995074824648,20.164301717699775
2019-12-17,1811,0.38930668687251385,0.39,0.0044013136278363355,0.38,0.4,0.38,0.4,5279,0,0.0,0.17616287,-0.11818751,0.1547355,0.0896263122558593,0.13063325,0.3775734040537981,0.011733282818715773,0.011733282818715773,96.34055265123226
2019-12-18,1812,0.3940689524531162,0.39,0.004912550301568582,0.39,0.4,0.39,0.4,5279,0,0.0,0.12950906,-0.03765484,0.10613661,0.0805473327636718,0.12391415,0.38930668687251385,0.004762265580602332,0.004762265580602332,60.94100074682599
2019-12-19,1813,0.40773441939761323,0.41000000000000003,0.0041860423502345,0.4,0.41000000000000003,0.4,0.41000000000000003,5279,0,0.7734419397613185,0.18152235,0.14262025,0.14761335,0.1802387237548828,0.11229322,0.3940689524531162,0.013665466944497051,0.013665466944497051,98.35698282300224
2019-12-20,1814,0.4079636294752795,0.41000000000000003,0.004763968938722251,0.39,0.41000000000000003,0.4,0.41000000000000003,5279,0,0.8287554461072173,0.7494253,0.67048573,0.67048573,0.5279464721679688,0.3347955,0.40773441939761323,0.00022921007766624202,0.00022921007766624202,4.53074433656958
2019-12-21,1815,0.40734040537980687,0.41000000000000003,0.005550902602897567,0.38,0.41000000000000003,0.39,0.41000000000000003,5279,0,0.7897329039590831,0.5790774,0.48708805,0.48708844,0.183441162109375,0.31316906,0.4079636294752795,-0.0006232240954726076,0.0006232240954726076,10.55514065222803
2019-12-22,1816,0.39835006630043573,0.4,0.00553158417326886,0.39,0.41000000000000003,0.39,0.41000000000000003,5279,0,0.08410683841636674,0.12914781,0.03957163,0.10173536,0.4475536346435547,0.122935995,0.40734040537980687,-0.008990339079371135,0.008990339079371135,89.74358974358975
2019-12-23,1817,0.3863686304224285,0.39,0.006619107696785076,0.38,0.4,0.38,0.4,5279,0,0.0,0.19230665,-0.14939518,0.16549894,0.1889610290527343,0.12109031,0.39835006630043573,-0.011981435878007207,0.011981435878007207,96.58949464774707
2019-12-24,1818,0.38047546883879524,0.38,0.007986379924299241,0.37,0.4,0.37,0.39,5279,0,0.0,0.16343147,-0.108769126,0.14005992,0.0407276153564453,0.1219802,0.3863686304224285,-0.0058931615836332885,0.0058931615836332885,70.42569081404034
2019-12-25,1819,0.3849232809244175,0.38,0.007758232662357053,0.37,0.4,0.37,0.4,5279,0,0.0,0.13804527,-0.11075545,0.11874342,0.0020599365234375,0.08240028,0.38047546883879524,0.0044478120856222825,0.0044478120856222825,58.2773213841175
2019-12-26,1820,0.3938473195681,0.39,0.008176877516975342,0.38,0.41000000000000003,0.38,0.41000000000000003,5279,0,0.10323924985792764,0.32274878,-0.31280473,0.31280473,0.2024135589599609,0.07949529,0.3849232809244175,0.008924038643682464,0.008924038643682464,89.34528254916604
2019-12-27,1821,0.3985035044516007,0.4,0.007575817264829594,0.38,0.41000000000000003,0.39,0.41000000000000003,5279,0,0.2150028414472438,0.101583734,0.026453855,0.07856846,0.3395748138427734,0.09807871,0.3938473195681,0.004656184883500725,0.004656184883500725,60.044809559372666
2019-12-28,1822,0.3987819662814927,0.4,0.00729156333371606,0.39,0.41000000000000003,0.39,0.41000000000000003,5279,0,0.2123508240197007,0.15022643,0.11848828,0.12030958,0.0919551849365234,0.092349894,0.3985035044516007,0.0002784618298919961,0.0002784618298919961,5.352252925068459
2019-12-29,1823,0.39646902822504265,0.4,0.008095643066333402,0.38,0.41000000000000003,0.39,0.41000000000000003,5279,0,0.16556165940519038,0.13156344,-0.10499721,0.116309,0.2233829498291015,0.07927567,0.3987819662814927,-0.0023129380564500535,0.0023129380564500535,34.453572317649986
2019-12-30,1824,0.39424322788406896,0.39,0.007462118710279759,0.38,0.41000000000000003,0.38,0.41000000000000003,5279,0,0.09774578518658837,0.12781416,-0.10058705,0.114364624,0.004404067993164,0.07885869,0.39646902822504265,-0.0022258003409736937,0.0022258003409736937,33.55738113019666
2019-12-31,1825,0.3943284713013828,0.39,0.007982677195532226,0.38,0.41000000000000003,0.38,0.41000000000000003,5279,0,0.11195302140556923,0.084492736,-0.008070035,0.071640745,0.0924892425537109,0.08410641,0.39424322788406896,8.524341731386276e-05,8.524341731386276e-05,2.539208364451083
2020-01-01,1826,0.3806933131274862,0.38,0.007301875425062354,0.37,0.4,0.37,0.39,5279,0,0.0,0.2799911,0.091102734,0.24015886,0.099151611328125,0.26475537,0.3943284713013828,-0.0136351581738966,0.0136351581738966,98.33208862335076
2020-01-02,1827,0.3835347603712825,0.38,0.0072443009388357925,0.37,0.4,0.37,0.39,5279,0,0.0,0.38222495,0.27988145,0.30572954,0.18878173828125,0.2603136,0.3806933131274862,0.002841447243796258,0.002841447243796258,40.926064227035106
2020-01-03,1828,0.3804243227884069,0.38,0.006715182518422293,0.37,0.4,0.37,0.39,5279,0,0.0,0.28646576,0.2707916,0.2707916,0.0089950561523437,0.093461536,0.3835347603712825,-0.0031104375828756026,0.0031104375828756026,44.41125217824247
2020-01-04,1829,0.3807918166319379,0.38,0.006642013928046503,0.37,0.4,0.37,0.39,5279,0,0.0,0.1299228,-0.051859174,0.10601521,0.3226604461669922,0.11912408,0.3804243227884069,0.0003674938435310193,0.0003674938435310193,6.9454817027632565
2020-01-05,1830,0.3856506914188293,0.39,0.005703740260573866,0.38,0.4,0.38,0.39,5279,0,0.0,0.15411095,-0.12958075,0.1340163,0.0778121948242187,0.08342094,0.3807918166319379,0.004858874786891398,0.004858874786891398,61.862086133930795
2020-01-06,1831,0.3873385110816443,0.39,0.005343053918376046,0.38,0.4,0.38,0.39,5279,0,0.0,0.26640484,-0.18135802,0.22396408,0.0517501831054687,0.19514266,0.3856506914188293,0.0016878196628150044,0.0016878196628150044,26.313169031615637
2020-01-07,1832,0.3796078802803562,0.38,0.007387321303488892,0.37,0.4,0.37,0.39,5279,0,0.0,0.1957752,-0.06580526,0.16818605,0.1155910491943359,0.18438438,0.3873385110816443,-0.0077306308012881075,0.0077306308012881075,82.99726163803834
2020-01-08,1833,0.3781625307823452,0.38,0.00671697400880478,0.37,0.39,0.37,0.39,5279,0,0.0,0.23735487,-0.15186885,0.19510749,0.0860424041748046,0.18240973,0.3796078802803562,-0.001445349498011006,0.001445349498011006,23.300970873786408
2020-01-09,1834,0.38223148323546124,0.38,0.006257605752747823,0.37,0.4,0.37,0.39,5279,0,0.0,0.2539891,-0.1903149,0.21287034,0.0384960174560546,0.16819888,0.3781625307823452,0.004068952453116059,0.004068952453116059,54.64276823500125
2020-01-10,1835,0.3882477741996591,0.39,0.004297426538359262,0.37,0.4,0.38,0.39,5279,0,0.0,0.1894033,-0.1487393,0.16071908,0.0415668487548828,0.11726142,0.38223148323546124,0.006016290964197868,0.006016290964197868,71.49614139905403
2020-01-11,1836,0.39859443076340223,0.4,0.007633024085485958,0.38,0.41000000000000003,0.39,0.41000000000000003,5279,0,0.21898086758855845,0.354499,0.0054477854,0.27298695,0.1543178558349609,0.35445753,0.3882477741996591,0.010346656563743117,0.010346656563743117,93.60219068956933
2020-01-12,1837,0.3821026709604092,0.38,0.007304441716479156,0.37,0.4,0.37,0.4,5279,0,0.0,0.23572111,0.036028598,0.19202885,0.0304317474365234,0.2329515,0.39859443076340223,-0.016491759802993056,0.016491759802993056,99.52701020662185
2020-01-13,1838,0.3752945633642736,0.37,0.006696360884409664,0.37,0.39,0.37,0.39,5279,0,0.0,0.23046686,0.059838884,0.19429085,0.0238494873046875,0.22256275,0.3821026709604092,-0.006808107596135593,0.006808107596135593,77.6201145133184
2020-01-14,1839,0.37471869672286423,0.37,0.006203550863013304,0.37,0.39,0.37,0.39,5279,0,0.0,0.1997418,0.0377236,0.17112511,0.0220966339111328,0.19614726,0.3752945633642736,-0.0005758666414093505,0.0005758666414093505,9.808314662683594
2020-01-15,1840,0.37941276756961545,0.38,0.006815007167069971,0.37,0.4,0.37,0.39,5279,0,0.0,0.13267167,0.011460754,0.1025192,0.0261421203613281,0.13217564,0.37471869672286423,0.004694070846751219,0.004694070846751219,60.31864575553896
2020-01-16,1841,0.38386247395340023,0.38,0.005340182752128939,0.38,0.4,0.38,0.39,5279,0,0.0,0.16610765,0.05259073,0.12422591,0.0410079956054687,0.15756252,0.37941276756961545,0.0044497063837847795,0.0044497063837847795,58.30221558376898
2020-01-17,1842,0.38513544231862096,0.39,0.005238725321069683,0.38,0.4,0.38,0.39,5279,0,0.0,0.38671127,0.32637346,0.32774204,0.2737636566162109,0.20742688,0.38386247395340023,0.001272968365220728,0.001272968365220728,20.83644510828977
2020-01-18,1843,0.38388899412767563,0.38,0.005778295649870933,0.38,0.4,0.38,0.39,5279,0,0.0,0.53624463,0.3432071,0.4451914,0.0167598724365234,0.4120279,0.38513544231862096,-0.0012464481909453262,0.0012464481909453262,20.413243714214587
2020-01-19,1844,0.3835101344951695,0.38,0.005804434356050005,0.38,0.4,0.38,0.4,5279,0,0.0,0.387179,0.19650187,0.27899703,0.1466007232666015,0.33360815,0.38388899412767563,-0.0003788596325061122,0.0003788596325061122,6.995270102066218
2020-01-20,1845,0.38320515249100207,0.38,0.007442000525580482,0.37,0.4,0.37,0.39,5279,0,0.0,0.23033528,-0.05958609,0.18707865,0.256134033203125,0.2224948,0.3835101344951695,-0.00030498200416745336,0.00030498200416745336,5.825242718446602
2020-01-21,1846,0.385535139230915,0.39,0.009245686078248785,0.37,0.4,0.37,0.4,5279,0,0.0,0.316974,-0.25554988,0.28230596,0.1959609985351562,0.18752818,0.38320515249100207,0.002329986739912915,0.002329986739912915,34.67762011451332
2020-01-22,1847,0.3831312748626634,0.38,0.007615251077372907,0.37,0.4,0.37,0.39,5279,0,0.0,0.25363156,0.08180469,0.19023655,0.3373336791992187,0.24007699,0.385535139230915,-0.0024038643682515737,0.0024038643682515737,35.69828230022405
2020-01-23,1848,0.38524341731388523,0.38,0.00565575257378852,0.38,0.4,0.38,0.39,5279,0,0.0,0.25717184,-0.0377984,0.21427733,0.1195735931396484,0.25437874,0.3831312748626634,0.002112142451221821,0.002112142451221821,32.038834951456316
2020-01-24,1849,0.38323735555976507,0.38,0.005786725268405048,0.37,0.4,0.38,0.39,5279,0,0.0,0.28256148,-0.19033319,0.23496954,0.1526031494140625,0.20884013,0.38524341731388523,-0.0020060617541201586,0.0020060617541201586,30.570077172018916
2020-01-25,1850,0.3804394771737071,0.38,0.004854004405841267,0.37,0.39,0.37,0.39,5279,0,0.0,0.18841016,-0.08613031,0.15098175,0.1043319702148437,0.16757073,0.38323735555976507,-0.0027978783860579948,0.0027978783860579948,40.1294498381877
2020-01-26,1851,0.3739193028982762,0.37,0.0053128961510081505,0.37,0.39,0.37,0.38,5279,0,0.0,0.17481132,-0.03362161,0.13632028,0.0524139404296875,0.17154767,0.3804394771737071,-0.00652017427543089,0.00652017427543089,75.42942494398805
2020-01-27,1852,0.37521500284144726,0.37,0.005944285298405382,0.37,0.39,0.37,0.39,5279,0,0.0,0.15027045,0.020439787,0.11098224,0.0541343688964843,0.14887385,0.3739193028982762,0.0012956999431710803,0.0012956999431710803,21.184963903410505
2020-01-28,1853,0.3754896760750142,0.37,0.006656528703376591,0.36,0.39,0.37,0.39,5279,0,0.0,0.21727282,0.05257105,0.17871538,0.0321540832519531,0.21081698,0.37521500284144726,0.0002746732335669466,0.0002746732335669466,5.202887727159572
2020-01-29,1854,0.37665466944497067,0.38,0.007263626466485336,0.37,0.39,0.37,0.39,5279,0,0.0,0.18808492,-0.06309672,0.15433395,0.1157169342041015,0.17718567,0.3754896760750142,0.0011649933699564574,0.0011649933699564574,19.093851132686083
2020-01-30,1855,0.38519227126349687,0.38,0.006303852586234349,0.38,0.4,0.38,0.4,5279,0,0.0,0.33805728,-0.2884817,0.2988728,0.2253589630126953,0.17624182,0.37665466944497067,0.008537601818526197,0.008537601818526197,87.30395817774459
2020-01-31,1856,0.39150975563553697,0.39,0.0074049799136302425,0.38,0.4,0.38,0.4,5279,0,0.0,0.20839432,-0.09698957,0.17264758,0.1914215087890625,0.18444863,0.38519227126349687,0.006317484372040105,0.006317484372040105,74.08513816280806
2020-02-01,1857,0.3834646713392688,0.38,0.005953840901657139,0.37,0.4,0.37,0.39,5279,0,0.0,0.18821351,-0.12614146,0.15884532,0.0291156768798828,0.13968803,0.39150975563553697,-0.008045084296268157,0.008045084296268157,84.73985561364202
2020-02-02,1858,0.37897897329039587,0.38,0.0075735537767351434,0.37,0.4,0.37,0.39,5279,0,0.0,0.3699365,-0.34142235,0.34144786,0.2153129577636718,0.14242055,0.3834646713392688,-0.004485698048872944,0.004485698048872944,58.67562857854119
2020-02-03,1859,0.37997158552756205,0.38,0.007572291462797967,0.37,0.39,0.37,0.39,5279,0,0.0,0.4244885,-0.38883144,0.39125377,0.0473613739013671,0.1702945,0.37897897329039587,0.0009926122371661794,0.0009926122371661794,16.30570077172019
2020-02-04,1860,0.3820591021026709,0.38,0.006218195229493709,0.37,0.4,0.37,0.39,5279,0,0.0,0.23801675,-0.1682368,0.20636906,0.2206535339355468,0.16836996,0.37997158552756205,0.002087516575108861,0.002087516575108861,31.665421956684092
2020-02-05,1861,0.37568857738208,0.38,0.006009905651803229,0.37,0.39,0.37,0.39,5279,0,0.0,0.14410414,0.011687602,0.108737886,0.1798973083496093,0.14362925,0.3820591021026709,-0.006370524720590909,0.006370524720590909,74.45855115758029
2020-02-06,1862,0.37162151922712633,0.37,0.0058574302868587245,0.36,0.39,0.36,0.38,5279,0,0.0,0.14994135,0.08606523,0.110271856,0.0743675231933593,0.12278092,0.37568857738208,-0.004067058154953673,0.004067058154953673,54.617874035349764
2020-02-07,1863,0.37670013260087143,0.37,0.0076124680869306,0.37,0.4,0.37,0.39,5279,0,0.0,0.18173091,-0.05158471,0.15780367,0.137643814086914,0.17425607,0.37162151922712633,0.0050786133737451,0.0050786133737451,63.92830470500373
2020-02-08,1864,0.38415609016859253,0.38,0.0070262595930097455,0.37,0.4,0.37,0.39,5279,0,0.0,0.21442857,-0.116428025,0.18011601,0.0648994445800781,0.18006717,0.37670013260087143,0.007455957567721105,0.007455957567721105,81.47871545929797
2020-02-09,1865,0.38618677779882554,0.39,0.005382505479588691,0.38,0.4,0.38,0.39,5279,0,0.0,0.1909335,-0.12812403,0.16123612,0.0117015838623046,0.14156213,0.38415609016859253,0.002030687630233008,0.002030687630233008,30.868807567836694
2020-02-10,1866,0.37951316537222957,0.38,0.004820098160718315,0.37,0.39,0.37,0.39,5279,0,0.0,0.09366789,0.034443166,0.06908676,0.1625194549560547,0.087105356,0.38618677779882554,-0.006673612426595976,0.006673612426595976,76.64924072691063
2020-02-11,1867,0.3742564879712067,0.37,0.0054370759514533904,0.37,0.39,0.37,0.38,5279,0,0.0,0.16988313,0.115961805,0.13326328,0.081674575805664,0.12414961,0.37951316537222957,-0.005256677401022869,0.005256677401022869,65.64600448095594
2020-02-12,1868,0.3757018374692177,0.38,0.005674352360109231,0.37,0.39,0.37,0.38,5279,0,0.0,0.11827196,-0.031222861,0.096518315,0.1471576690673828,0.114076264,0.3742564879712067,0.001445349498011006,0.001445349498011006,23.300970873786408
2020-02-13,1869,0.3817124455389278,0.38,0.006556318916583636,0.37,0.4,0.37,0.39,5279,0,0.0,0.11985374,-0.045009363,0.096898034,0.0138816833496093,0.11108119,0.3757018374692177,0.006010608069710099,0.006010608069710099,71.44635299975106
2020-02-14,1870,0.38501041863989394,0.38,0.005763778749859021,0.37,0.4,0.38,0.39,5279,0,0.0,0.3040351,-0.23413502,0.24599662,0.1891441345214843,0.19395435,0.3817124455389278,0.003297973100966134,0.003297973100966134,46.42768235001245
2020-02-15,1871,0.3816139420344762,0.38,0.003942406309146188,0.37,0.39,0.38,0.39,5279,0,0.0,0.3095571,-0.273778,0.27423525,0.0396327972412109,0.1444692,0.38501041863989394,-0.003396476605417753,0.003396476605417753,47.52302713467762
2020-02-16,1872,0.3752206857359348,0.37,0.005649983632194719,0.37,0.39,0.37,0.38,5279,0,0.0,0.26254714,-0.24006483,0.24016505,0.0337734222412109,0.10630127,0.3816139420344762,-0.006393256298541372,0.006393256298541372,74.68259895444362
2020-02-17,1873,0.3744307634021596,0.37,0.005285277905203468,0.37,0.39,0.37,0.38,5279,0,0.0,0.16890709,-0.1272331,0.13942601,0.1127223968505859,0.11109201,0.3752206857359348,-0.0007899223337752281,0.0007899223337752281,13.144137415982076
2020-02-18,1874,0.3796059859821936,0.38,0.006640448631718433,0.37,0.39,0.37,0.39,5279,0,0.0,0.06567742,0.009343594,0.054399014,0.1364555358886718,0.06500932,0.3744307634021596,0.005175222580034,0.005175222580034,64.7747074931541
2020-02-19,1875,0.37988823640841063,0.38,0.004752524169174454,0.37,0.39,0.37,0.39,5279,0,0.0,0.22110358,-0.20647281,0.20649917,0.2156028747558593,0.07909306,0.3796059859821936,0.00028225042621704555,0.00028225042621704555,5.4518297236743845
2020-02-20,1876,0.3723584012123508,0.37,0.004458516350129335,0.37,0.39,0.37,0.38,5279,0,0.0,0.24257405,-0.23363215,0.23409915,0.0271110534667968,0.065256864,0.37988823640841063,-0.00752983519605982,0.00752983519605982,81.92681105302465
2020-02-21,1877,0.37294942223906047,0.37,0.005026497240615252,0.37,0.39,0.37,0.38,5279,0,0.0,0.12818891,-0.07021036,0.102836736,0.1633663177490234,0.107251756,0.3723584012123508,0.0005910210267096594,0.0005910210267096594,10.032362459546926
2020-02-22,1878,0.3791456715286986,0.38,0.007546621887453106,0.37,0.4,0.37,0.39,5279,0,0.0,0.49911085,-0.47476745,0.480075,0.4046440124511719,0.15397425,0.37294942223906047,0.006196249289638134,0.006196249289638134,73.26362957430919
2020-02-23,1879,0.3839420344762266,0.38,0.005755422137746029,0.37,0.4,0.38,0.39,5279,0,0.0,0.64813304,-0.6175248,0.6175248,0.1427822113037109,0.1968267,0.3791456715286986,0.004796362947527999,0.004796362947527999,61.189942743340794
2020-02-24,1880,0.3804849403296079,0.38,0.006372275987501133,0.37,0.4,0.37,0.39,5279,0,0.0,0.44111463,-0.36237523,0.37263212,0.2552680969238281,0.25152722,0.3839420344762266,-0.003457094146618711,0.003457094146618711,48.09559372666169
2020-02-25,1881,0.38470354233756393,0.38,0.006356687173668751,0.37,0.4,0.37,0.39,5279,0,0.0,0.1682753,-0.120063506,0.1457508,0.2423343658447265,0.117904074,0.3804849403296079,0.0042186020079560405,0.0042186020079560405,56.385362210604924
2020-02-26,1882,0.3881435878007199,0.39,0.00905882734149423,0.37,0.4,0.37,0.4,5279,0,0.0,0.1436831,-0.10974421,0.11905017,0.0102195739746093,0.09274171,0.38470354233756393,0.0034400454631559607,0.0034400454631559607,47.9462285287528
2020-02-27,1883,0.3873271452926691,0.39,0.00824177674379705,0.37,0.4,0.37,0.4,5279,0,0.0,0.16025187,-0.11940023,0.13127369,0.0096988677978515,0.106883846,0.3881435878007199,-0.0008164425080507964,0.0008164425080507964,13.492656211102814
2020-02-28,1884,0.3895624171244554,0.39,0.00744098691935808,0.38,0.41000000000000003,0.38,0.4,5279,0,0.021594999052850918,0.33066228,-0.31077445,0.31105435,0.1913433074951172,0.11294635,0.3873271452926691,0.0022352718317862896,0.0022352718317862896,33.65695792880259
2020-02-29,1885,0.38666603523394577,0.38,0.007469356735308379,0.38,0.4,0.38,0.4,5279,0,0.0,0.27196568,-0.23624998,0.245654,0.0744590759277343,0.134727,0.3895624171244554,-0.002896381890509614,0.002896381890509614,41.473736619367685
2020-03-01,1886,0.3834608827429437,0.38,0.007389646206182763,0.37,0.4,0.37,0.4,5279,0,0.0,0.31040627,-0.2443419,0.26868433,0.0080242156982421,0.1914393,0.38666603523394577,-0.0032051524910020612,0.0032051524910020612,45.53149116255912
2020-03-02,1887,0.37815305929153253,0.38,0.007027296763986741,0.37,0.4,0.37,0.39,5279,0,0.0,0.28542846,-0.1165468,0.24329947,0.1278343200683593,0.26054984,0.3834608827429437,-0.0053078234514111755,0.0053078234514111755,66.19367687328852
2020-03-03,1888,0.3799469596514491,0.38,0.004552011491583957,0.37,0.39,0.37,0.39,5279,0,0.0,0.1802202,0.13536651,0.15075636,0.2518596649169922,0.11897542,0.37815305929153253,0.001793900359916556,0.001793900359916556,27.532984814538214
2020-03-04,1889,0.377937109301004,0.38,0.005031349349935986,0.37,0.39,0.37,0.38,5279,0,0.0,0.12077694,-0.034423377,0.09216552,0.1697578430175781,0.11576733,0.3799469596514491,-0.002009850350445097,0.002009850350445097,30.644759770973362
2020-03-05,1890,0.37595188482667175,0.38,0.0063399881433851175,0.37,0.39,0.37,0.39,5279,0,0.0,0.16159078,0.083806716,0.1322161,0.1182155609130859,0.13815935,0.377937109301004,-0.001985224474332248,0.001985224474332248,30.271346776201145
2020-03-06,1891,0.3805607122561091,0.38,0.00757034687910901,0.37,0.4,0.37,0.39,5279,0,0.0,0.21356179,0.15169896,0.17503735,0.067911148071289,0.15031947,0.37595188482667175,0.004608827429437357,0.004608827429437357,59.64650236494897
2020-03-07,1892,0.3891418829323735,0.39,0.008709196852142444,0.38,0.41000000000000003,0.38,0.4,5279,0,0.028414472437961736,0.300348,-0.12507991,0.24738964,0.2767295837402344,0.27306432,0.3805607122561091,0.008581170676264405,0.008581170676264405,87.57779437391088
2020-03-08,1893,0.3892744838037508,0.39,0.005445162621822729,0.38,0.4,0.38,0.4,5279,0,0.0,0.28467202,-0.24589118,0.25650722,0.1208667755126953,0.14344278,0.3891418829323735,0.00013260087137728638,0.00013260087137728638,3.335822753298481
2020-03-09,1894,0.38422617920060614,0.38,0.005628081939217283,0.38,0.4,0.38,0.39,5279,0,0.0,0.35343513,-0.32259256,0.33032578,0.0766372680664062,0.14439614,0.3892744838037508,-0.005048304603144649,0.005048304603144649,63.579785909883
2020-03-10,1895,0.38396855465050195,0.38,0.005315554561997192,0.38,0.4,0.38,0.39,5279,0,0.0,0.64480394,-0.6136101,0.61649936,0.2911319732666015,0.19812936,0.38422617920060614,-0.00025762455010419627,0.00025762455010419627,4.929051530993279
2020-03-11,1896,0.38138094336048495,0.38,0.0049630749230883935,0.37,0.4,0.37,0.39,5279,0,0.0,0.52095544,-0.40721214,0.49212378,0.206460952758789,0.32492125,0.38396855465050195,-0.002587611290017,0.002587611290017,37.83918347025143
2020-03-12,1897,0.3809282060996401,0.38,0.005968468484203789,0.37,0.4,0.37,0.39,5279,0,0.0,0.27982485,-0.20849492,0.25213477,0.1986827850341797,0.18663326,0.38138094336048495,-0.00045273726084482657,0.00045273726084482657,8.190191685337316
2020-03-13,1898,0.37938245879901494,0.38,0.006270815923923395,0.37,0.39,0.37,0.39,5279,0,0.0,0.13011587,0.047052413,0.1066827,0.2556095123291015,0.12131036,0.3809282060996401,-0.0015457473006251776,0.0015457473006251776,24.470998257406023
2020-03-14,1899,0.37775146808107596,0.38,0.0057643620700236166,0.37,0.39,0.37,0.39,5279,0,0.0,0.11805263,-0.07650569,0.10226611,0.1237316131591796,0.08990748,0.37938245879901494,-0.0016309907179389849,0.0016309907179389849,25.64102564102564
2020-03-15,1900,0.37456904716802425,0.37,0.005542967609837548,0.37,0.39,0.37,0.38,5279,0,0.0,0.11163228,-0.069921955,0.092751674,0.0066204071044921,0.087021165,0.37775146808107596,-0.003182420913051709,0.003182420913051709,45.13318396813543
2020-03-16,1901,0.3780185641219928,0.38,0.006474251106853275,0.37,0.39,0.37,0.39,5279,0,0.0,0.08495063,0.031402335,0.06868566,0.1013736724853515,0.07893355,0.37456904716802425,0.0034495169539685566,0.0034495169539685566,48.04580532735873
2020-03-17,1902,0.38080697101723815,0.38,0.008220791786178298,0.37,0.4,0.37,0.39,5279,0,0.0,0.123114824,0.07288298,0.1015377,0.0415992736816406,0.09922354,0.3780185641219928,0.0027884068952453434,0.0027884068952453434,40.02987303958177
2020-03-18,1903,0.3836124265959462,0.38,0.005481391911410448,0.37,0.4,0.38,0.39,5279,0,0.0,0.124755,0.04621224,0.10241306,0.026702880859375,0.1158803,0.38080697101723815,0.002805455578708038,0.002805455578708038,40.20413243714215
2020-03-19,1904,0.38322409547262737,0.38,0.004738389865942582,0.38,0.4,0.38,0.39,5279,0,0.0,0.15610369,0.06901956,0.13620093,0.0227565765380859,0.14001642,0.3836124265959462,-0.00038833112331881914,0.00038833112331881914,7.219317898929549
2020-03-20,1905,0.3793066868725137,0.38,0.005447618163449538,0.37,0.4,0.37,0.39,5279,0,0.0,0.119437404,0.05335289,0.09768412,0.0156936645507812,0.106858544,0.38322409547262737,-0.003917408600113692,0.003917408600113692,52.8503858600946
2020-03-21,1906,0.37432278840689526,0.37,0.005809274785036784,0.36,0.39,0.37,0.38,5279,0,0.0,0.09495864,-0.02341163,0.078941315,0.076669692993164,0.09202749,0.3793066868725137,-0.004983898465618419,0.004983898465618419,62.7831715210356
2020-03-22,1907,0.3786758855843909,0.38,0.005306381912446322,0.37,0.39,0.37,0.39,5279,0,0.0,0.08318635,-0.014699824,0.06889424,0.0086002349853515,0.081877306,0.37432278840689526,0.004353097177495657,0.004353097177495657,57.480706995270104
2020-03-23,1908,0.3860939571888615,0.39,0.00556790720886719,0.38,0.4,0.38,0.39,5279,0,0.0,0.1213393,-0.013257198,0.10041748,0.0015106201171875,0.12061287,0.3786758855843909,0.007418071604470611,0.007418071604470611,81.3293502613891
2020-03-24,1909,0.3798276188672096,0.38,0.005329512188244345,0.37,0.39,0.37,0.39,5279,0,0.0,0.11133043,0.06858068,0.09589473,0.081878662109375,0.087699294,0.3860939571888615,-0.00626633832165191,0.00626633832165191,73.76151356733881
2020-03-25,1910,0.3723602955105134,0.37,0.004618228990748255,0.37,0.39,0.37,0.38,5279,0,0.0,0.1619185,0.14692882,0.14764977,0.0783042907714843,0.06804079,0.3798276188672096,-0.007467323356696198,0.007467323356696198,81.55339805825243
2020-03-26,1911,0.37321462398181476,0.37,0.005326040190990441,0.36,0.39,0.37,0.38,5279,0,0.0,0.09157519,0.016959785,0.06943941,0.1298999786376953,0.08999104,0.3723602955105134,0.0008543284713013466,0.0008543284713013466,13.990540204132436
2020-03-27,1912,0.37751657510892217,0.38,0.006123411913035864,0.37,0.39,0.37,0.39,5279,0,0.0,0.09007446,-0.013682509,0.072969384,0.0307121276855468,0.08902913,0.37321462398181476,0.004301951127107406,0.004301951127107406,57.18197659945232
2020-03-28,1913,0.3809319946959651,0.38,0.004115554472301663,0.37,0.39,0.38,0.39,5279,0,0.0,0.10088133,-0.04910732,0.081991486,0.0355281829833984,0.08812237,0.37751657510892217,0.003415419587042945,0.003415419587042945,47.69728653223799
2020-03-29,1914,0.3785849592725895,0.38,0.005382326141841269,0.37,0.39,0.37,0.39,5279,0,0.0,0.11517654,0.041044068,0.09197741,0.0902328491210937,0.10761517,0.3809319946959651,-0.0023470354233756097,0.0023470354233756097,34.8269853124222
2020-03-30,1915,0.38226179200606175,0.38,0.005294762956507486,0.37,0.39,0.37,0.39,5279,0,0.0,0.18679352,0.17964102,0.17964102,0.1385574340820312,0.051194813,0.3785849592725895,0.003676832733472246,0.003676832733472246,50.33607169529499
2020-03-31,1916,0.37775525667740106,0.38,0.007105139446866938,0.37,0.4,0.37,0.39,5279,0,0.0,0.23770465,0.17444599,0.19306599,0.0051288604736328,0.16146868,0.38226179200606175,-0.004506535328660688,0.004506535328660688,58.775205377147124
2020-04-01,1917,0.3747338511081645,0.37,0.006903676029315408,0.37,0.4,0.37,0.39,5279,0,0.0,0.35181564,0.31706432,0.31743908,0.1425704956054687,0.15246123,0.37775525667740106,-0.0030214055692365793,0.0030214055692365793,43.21633059497137
2020-04-02,1918,0.3772172759992423,0.38,0.006974933937618938,0.37,0.39,0.37,0.39,5279,0,0.0,0.14988096,-0.04837751,0.13376038,0.3653717041015625,0.141859,0.3747338511081645,0.0024834248910778345,0.0024834248910778345,36.59447348767737
2020-04-03,1919,0.37780640272778937,0.38,0.0065747648177809925,0.37,0.39,0.37,0.39,5279,0,0.0,0.17767064,-0.13881058,0.15602283,0.0903854370117187,0.11089835,0.3772172759992423,0.0005891267285470514,0.0005891267285470514,10.007468259895443
2020-04-04,1920,0.37477173707141503,0.37,0.005943790875031067,0.37,0.39,0.37,0.39,5279,0,0.0,0.24091274,-0.22317097,0.2242298,0.0844898223876953,0.09074004,0.37780640272778937,-0.0030346656563743357,0.0030346656563743357,43.41548419218322
2020-04-05,1921,0.37595946201932184,0.38,0.0057562294820807875,0.37,0.39,0.37,0.38,5279,0,0.0,0.14954406,-0.1295938,0.13251251,0.0936794281005859,0.074624844,0.37477173707141503,0.0011877249479068097,0.0011877249479068097,19.392581528503857
2020-04-06,1922,0.3746561848835007,0.37,0.0054803542009390525,0.37,0.39,0.37,0.38,5279,0,0.0,0.11356089,-0.06687896,0.09206094,0.062744140625,0.09177832,0.37595946201932184,-0.0013032771358211237,0.0013032771358211237,21.259646502364948
2020-04-07,1923,0.3783898465618488,0.38,0.005013973574427838,0.37,0.39,0.37,0.39,5279,0,0.0,0.174823,-0.14652705,0.15359549,0.0797061920166015,0.09535671,0.3746561848835007,0.003733661678348099,0.003733661678348099,50.78416728902165
2020-04-08,1924,0.38092820609964007,0.38,0.005516542312137153,0.37,0.4,0.37,0.39,5279,0,0.0,0.19522446,-0.14615497,0.16248405,0.0002632141113281,0.12942652,0.3783898465618488,0.002538359537791246,0.002538359537791246,37.266616878267364
2020-04-09,1925,0.37416556165940523,0.37,0.006275533923857832,0.37,0.39,0.37,0.39,5279,0,0.0,0.18141334,-0.14476961,0.15518564,0.0015068054199218,0.10932773,0.38092820609964007,-0.006762644440234833,0.006762644440234833,77.29648991784914
2020-04-10,1926,0.3730422428490245,0.37,0.0052938215200519865,0.37,0.39,0.37,0.38,5279,0,0.0,0.1728494,-0.0821817,0.14509141,0.0625724792480468,0.15206285,0.37416556165940523,-0.0011233188103807468,0.0011233188103807468,18.37191934279313
2020-04-11,1927,0.38330933888994123,0.38,0.004705493067781,0.38,0.39,0.38,0.39,5279,0,0.0,0.17106636,-0.12056197,0.14526226,0.0383834838867187,0.12136086,0.3730422428490245,0.010267096040916746,0.010267096040916746,93.32835449340303
2020-04-12,1928,0.38256109111574155,0.38,0.004377828382204745,0.38,0.4,0.38,0.39,5279,0,0.0,0.21448654,-0.17718703,0.1935099,0.0566730499267578,0.12086841,0.38330933888994123,-0.000748247774199684,0.000748247774199684,12.521782424695047
2020-04-13,1929,0.3755048304603145,0.37,0.006829585123943813,0.37,0.4,0.37,0.39,5279,0,0.0,0.1234611,-0.050376814,0.10581587,0.1268386840820312,0.112715654,0.38256109111574155,-0.007056260655427027,0.007056260655427027,79.31292008961913
2020-04-14,1930,0.3761640462208752,0.38,0.006511416758641783,0.37,0.39,0.37,0.39,5279,0,0.0,0.30512747,-0.29478836,0.29478836,0.2445240020751953,0.07875652,0.3755048304603145,0.0006592157605606608,0.0006592157605606608,11.15260144386358
2020-04-15,1931,0.3747092252320516,0.37,0.005972860587482301,0.37,0.39,0.37,0.39,5279,0,0.0,0.4553547,-0.44488153,0.44488153,0.1499366760253906,0.097096786,0.3761640462208752,-0.0014548209888236019,0.0014548209888236019,23.52501867064974
2020-04-16,1932,0.3735461261602576,0.37,0.0052448392134257,0.37,0.39,0.37,0.38,5279,0,0.0,0.35039428,-0.33804452,0.33804452,0.1067867279052734,0.09221024,0.3747092252320516,-0.0011630990717939604,0.0011630990717939604,19.068956933034602
2020-04-17,1933,0.37977836711498386,0.38,0.004469184538842611,0.37,0.39,0.37,0.39,5279,0,0.0,0.36388126,-0.35232788,0.3525887,0.014108657836914,0.0909621,0.3735461261602576,0.0062322409547262425,0.0062322409547262425,73.48767737117252
2020-04-18,1934,0.3773631369577572,0.38,0.00655307308806446,0.37,0.4,0.37,0.39,5279,0,0.0,0.4677942,-0.45837978,0.45837978,0.1061363220214843,0.0933771,0.37977836711498386,-0.0024152301572266666,0.0024152301572266666,35.82275329848145
2020-04-19,1935,0.37520174275430956,0.37,0.006336526739829995,0.37,0.39,0.37,0.39,5279,0,0.0,0.591592,-0.56935275,0.56935275,0.111124038696289,0.16068013,0.3773631369577572,-0.0021613942034476308,0.0021613942034476308,32.61140154344038
2020-04-20,1936,0.37580602386815687,0.38,0.006126552108255978,0.37,0.39,0.37,0.39,5279,0,0.0,0.3212844,-0.31133756,0.31133756,0.2579708099365234,0.07932606,0.37520174275430956,0.0006042811138473048,0.0006042811138473048,10.256410256410255
2020-04-21,1937,0.3798484561469975,0.38,0.004042742953105374,0.37,0.39,0.37,0.39,5279,0,0.0,0.17838317,-0.15317342,0.15557165,0.158456802368164,0.09142462,0.37580602386815687,0.0040424322788406575,0.0040424322788406575,54.36893203883495
2020-04-22,1938,0.38037696533434356,0.38,0.004746856448450564,0.37,0.39,0.37,0.39,5279,0,0.0,0.1695499,-0.11832617,0.13767967,0.0347976684570312,0.121433556,0.3798484561469975,0.0005285091873460379,0.0005285091873460379,9.111277072442121
2020-04-23,1939,0.3787630232998674,0.38,0.00534511800112432,0.37,0.39,0.37,0.39,5279,0,0.0,0.20299369,-0.18064392,0.18134286,0.0624160766601562,0.092596576,0.38037696533434356,-0.001613942034476179,0.001613942034476179,25.516554642768234
2020-04-24,1940,0.377262739155143,0.38,0.005435157048760385,0.37,0.39,0.37,0.38,5279,0,0.0,0.26061222,-0.09759698,0.22358252,0.0829486846923828,0.24164738,0.3787630232998674,-0.001500284144724362,0.001500284144724362,23.923325865073437
2020-04-25,1941,0.3833907937109301,0.38,0.005092528812046642,0.38,0.4,0.38,0.39,5279,0,0.0,0.35512823,-0.17231554,0.31239682,0.0746288299560546,0.31052142,0.377262739155143,0.006128054555787077,0.006128054555787077,72.4421209858103
2020-04-26,1942,0.3891759802992991,0.39,0.006038888846475444,0.38,0.4,0.38,0.4,5279,0,0.0,0.56346756,-0.3680099,0.4816094,0.19573974609375,0.42669028,0.3833907937109301,0.005785186588369018,0.005785186588369018,69.5543938262385
2020-04-27,1943,0.39301193407842394,0.39,0.00863380414425399,0.38,0.41000000000000003,0.38,0.41000000000000003,5279,0,0.08562227694639137,0.21924636,-0.11545417,0.17380537,0.2526760101318359,0.18638512,0.3891759802992991,0.0038359537791248233,0.0038359537791248233,51.90440627333831
2020-04-28,1944,0.3915627959840879,0.39,0.008911245272972459,0.38,0.41000000000000003,0.38,0.41000000000000003,5279,0,0.0888425838226937,0.20034349,-0.10184913,0.16142139,0.0134906768798828,0.17252329,0.39301193407842394,-0.0014491380943360554,0.0014491380943360554,23.425441872043816
2020-04-29,1945,0.3920117446486077,0.39,0.010762159225441074,0.37,0.41000000000000003,0.38,0.41000000000000003,5279,0,0.14605038833112333,0.18999492,0.016456561,0.14900552,0.1183395385742187,0.18928084,0.3915627959840879,0.0004489486645198326,0.0004489486645198326,8.165297485685835
2020-04-30,1946,0.38759045273726084,0.39,0.009633859264592717,0.37,0.41000000000000003,0.37,0.4,5279,0,0.014586095851487024,0.32773304,0.27383667,0.28032082,0.2574062347412109,0.18006209,0.3920117446486077,-0.004421291911346881,0.004421291911346881,58.07816778690565
2020-05-01,1947,0.38531350634589884,0.38,0.005911133058263396,0.38,0.4,0.38,0.4,5279,0,0.0,0.3773429,0.3394895,0.33953273,0.0655536651611328,0.16472681,0.38759045273726084,-0.0022769463913620003,0.0022769463913620003,34.055265123226285
2020-05-02,1948,0.3824569047168024,0.38,0.004523809291555036,0.38,0.4,0.38,0.39,5279,0,0.0,0.4019868,0.29347077,0.34927964,0.0458984375,0.27471542,0.38531350634589884,-0.0028566016290964558,0.0028566016290964558,41.10032362459547
2020-05-03,1949,0.3779011176359159,0.38,0.006023638215638285,0.37,0.39,0.37,0.39,5279,0,0.0,0.26399451,0.05876812,0.20801134,0.2347755432128906,0.25736997,0.3824569047168024,-0.0045557870808864975,0.0045557870808864975,59.049041573313424
2020-05-04,1950,0.37904148512975944,0.38,0.005903016055552358,0.37,0.4,0.37,0.39,5279,0,0.0,0.34913602,-0.27276394,0.31771812,0.3317832946777344,0.21793538,0.3779011176359159,0.0011403674938435526,0.0011403674938435526,18.595967139656462
2020-05-05,1951,0.38559386247395344,0.39,0.005879919194486545,0.37,0.4,0.38,0.39,5279,0,0.0,0.35450613,-0.16343689,0.31693926,0.1096076965332031,0.31458417,0.37904148512975944,0.006552377344194005,0.006552377344194005,75.72815533980582
2020-05-06,1952,0.39471680242470164,0.39,0.005490725094368698,0.38,0.41000000000000003,0.39,0.4,5279,0,0.01401780640272779,0.26568767,-0.033223785,0.2099318,0.1302471160888672,0.26360214,0.38559386247395344,0.009122939950748199,0.009122939950748199,90.31615633557382
2020-05-07,1953,0.39255351392309157,0.39,0.004912159496018629,0.38,0.41000000000000003,0.39,0.4,5279,0,0.008145482098882365,0.31326535,-0.23748618,0.25457022,0.2043514251708984,0.20429243,0.39471680242470164,-0.0021632885016100722,0.0021632885016100722,32.63629574309186
2020-05-08,1954,0.38304982004167454,0.38,0.007320471071551493,0.37,0.4,0.37,0.4,5279,0,0.0,0.19081348,-0.10778233,0.1606403,0.1297359466552734,0.15745698,0.39255351392309157,-0.00950369388141703,0.00950369388141703,91.28703012198159
2020-05-09,1955,0.3843530971774957,0.38,0.0077755722578193,0.37,0.4,0.37,0.4,5279,0,0.0,0.1655185,-0.07176992,0.14058305,0.0359878540039062,0.14914906,0.38304982004167454,0.0013032771358211792,0.0013032771358211792,21.28454070201643
2020-05-10,1956,0.38876302329986734,0.39,0.005698468273207868,0.38,0.4,0.38,0.4,5279,0,0.0,0.28150576,0.17327258,0.22951795,0.2451419830322265,0.22186036,0.3843530971774957,0.004409926122371621,0.004409926122371621,57.92880258899677
2020-05-11,1957,0.3926292858495927,0.39,0.004402239704634307,0.39,0.4,0.39,0.4,5279,0,0.0,0.16279848,-0.039718427,0.13471498,0.2130298614501953,0.1578789,0.38876302329986734,0.0038662625497253855,0.0038662625497253855,52.17824246950461
2020-05-12,1958,0.3909035802235273,0.39,0.0051126710858868715,0.38,0.4,0.38,0.4,5279,0,0.0,0.27027604,0.2028719,0.22415793,0.2425479888916015,0.17858402,0.3926292858495927,-0.0017257056260654435,0.0017257056260654435,26.66168782673637
2020-05-13,1959,0.392337563932563,0.39,0.006825767969065946,0.37,0.41000000000000003,0.38,0.4,5279,0,0.002652017427543095,0.322251,0.25865394,0.26269683,0.0557670593261718,0.19220674,0.3909035802235273,0.0014339837090357466,0.0014339837090357466,23.15160567587752
2020-05-14,1960,0.38732903959083165,0.39,0.0058415566823044225,0.37,0.4,0.38,0.4,5279,0,0.0,0.23536742,0.06387644,0.16628115,0.1947479248046875,0.22653426,0.392337563932563,-0.00500852434173138,0.00500852434173138,63.032113517550414
2020-05-15,1961,0.38227315779503696,0.38,0.004918777811417179,0.37,0.4,0.38,0.39,5279,0,0.0,0.2442126,-0.18687971,0.21040219,0.2508220672607422,0.15721245,0.38732903959083165,-0.005055881795794692,0.005055881795794692,63.7042569081404
2020-05-16,1962,0.38262549725326767,0.38,0.0044473005634336656,0.37,0.39,0.38,0.39,5279,0,0.0,0.37775797,-0.34152833,0.34315315,0.154520034790039,0.16142863,0.38227315779503696,0.00035233945823071045,0.00035233945823071045,6.845904904157331
2020-05-17,1963,0.39039780261413154,0.39,0.004646320693413616,0.38,0.4,0.38,0.4,5279,0,0.0,0.593802,-0.55808735,0.56403106,0.216592788696289,0.2028316,0.38262549725326767,0.007772305360863874,0.007772305360863874,83.29599203385611
2020-05-18,1964,0.39079749952642556,0.39,0.002729953783373928,0.38,0.4,0.39,0.4,5279,0,0.0,0.6952879,-0.6279317,0.6297006,0.0698604583740234,0.29854158,0.39039780261413154,0.00039969691229402304,0.00039969691229402304,7.368683096838437
2020-05-19,1965,0.39179768895624173,0.39,0.0038399484344224903,0.39,0.4,0.39,0.4,5279,0,0.0,0.37435687,-0.2920466,0.3204595,0.3358116149902344,0.23420455,0.39079749952642556,0.0010001894298161673,0.0010001894298161673,16.35548917102315
2020-05-20,1966,0.38618109490433794,0.39,0.005237508674480566,0.38,0.4,0.38,0.39,5279,0,0.0,0.23345979,-0.15278082,0.19669513,0.1394233703613281,0.17652597,0.39179768895624173,-0.005616594051903789,0.005616594051903789,68.40926064227035
2020-05-21,1967,0.38661867777988257,0.39,0.006160439362652439,0.37,0.4,0.38,0.4,5279,0,0.0,0.1795134,-0.05701124,0.14854413,0.0956077575683593,0.17021969,0.38618109490433794,0.0004375828755446287,0.0004375828755446287,7.991038088125467
2020-05-22,1968,0.391356317484372,0.39,0.0076369701140939685,0.38,0.4,0.38,0.4,5279,0,0.0,0.14828686,-0.02210569,0.106789835,0.0350399017333984,0.14662994,0.38661867777988257,0.004737639704489427,0.004737639704489427,60.7916355489171
2020-05-23,1969,0.3897764728168214,0.39,0.0037575771255039464,0.38,0.4,0.38,0.4,5279,0,0.0,0.16319805,0.0287998,0.11643322,0.0508384704589843,0.16063657,0.391356317484372,-0.0015798446675506228,0.0015798446675506228,25.043564849390094
2020-05-24,1970,0.3837431331691608,0.38,0.004839450978110671,0.38,0.39,0.38,0.39,5279,0,0.0,0.18766972,-0.09676713,0.15825996,0.1255702972412109,0.16079843,0.3897764728168214,-0.006033339647660563,0.006033339647660563,71.6455065969629
2020-05-25,1971,0.3831066489865505,0.38,0.004772747281900844,0.38,0.4,0.38,0.39,5279,0,0.0,0.27905902,-0.19110826,0.2330051,0.0943145751953125,0.20335115,0.3837431331691608,-0.0006364841826103085,0.0006364841826103085,10.679611650485436
2020-05-26,1972,0.39006630043568863,0.39,0.004765316277118617,0.38,0.4,0.38,0.4,5279,0,0.0,0.5876134,-0.56776875,0.56776875,0.3767261505126953,0.15141967,0.3831066489865505,0.006959651449138127,0.006959651449138127,78.79014189693801
2020-05-27,1973,0.3922996779693124,0.39,0.004208118454913439,0.39,0.4,0.39,0.4,5279,0,0.0,0.97009975,-0.9293474,0.9293474,0.3616256713867187,0.27822652,0.39006630043568863,0.0022333775336237927,0.0022333775336237927,33.632063729151106
2020-05-28,1974,0.4079522636863043,0.41000000000000003,0.0040353610899806006,0.4,0.41000000000000003,0.4,0.41000000000000003,5279,0,0.7952263686304224,0.89152807,-0.8325547,0.8325547,0.0968551635742187,0.3188651,0.3922996779693124,0.01565258571699185,0.01565258571699185,99.40253920836444
2020-05-29,1975,0.4066470922523206,0.41000000000000003,0.0047249310127870005,0.39,0.41000000000000003,0.4,0.41000000000000003,5279,0,0.6648986550483046,0.536342,-0.27052656,0.42894977,0.5620784759521484,0.4631177,0.4079522636863043,-0.0013051714339836762,0.0013051714339836762,21.309434901667913
2020-05-30,1976,0.40529456336427355,0.41000000000000003,0.006442614712071301,0.39,0.41000000000000003,0.39,0.41000000000000003,5279,0,0.612426595946202,0.57216054,-0.34213743,0.44310343,0.0716075897216796,0.4585952,0.4066470922523206,-0.0013525288880470443,0.0013525288880470443,22.13094349016679
2020-05-31,1977,0.40709035802235277,0.41000000000000003,0.004546239028211812,0.39,0.41000000000000003,0.4,0.41000000000000003,5279,0,0.7092252320515249,0.61959004,-0.41585505,0.4824793,0.0736751556396484,0.459301,0.40529456336427355,0.0017957946580792195,0.0017957946580792195,27.632561613144134
2020-06-01,1978,0.4099772684220496,0.41000000000000003,0.00047623424369482346,0.4,0.41000000000000003,0.41000000000000003,0.41000000000000003,5279,0,0.9977268422049631,0.52649945,-0.3606639,0.4216395,0.0551910400390625,0.383567,0.40709035802235277,0.0028869103996968515,0.0028869103996968515,41.42394822006473
2020-06-02,1979,0.4100000000000001,0.41000000000000003,5.551115123125783e-17,0.41000000000000003,0.41000000000000003,0.41000000000000003,0.41000000000000003,5279,0,1.0,0.37664205,0.3173508,0.3238355,0.6779937744140625,0.20284936,0.4099772684220496,2.2731577950463322e-05,2.2731577950463322e-05,1.2696041822255415
2020-06-03,1980,0.4100000000000001,0.41000000000000003,5.551115123125783e-17,0.41000000000000003,0.41000000000000003,0.41000000000000003,0.41000000000000003,5279,0,1.0,0.66914976,0.662221,0.662221,0.3448810577392578,0.09605152,0.4100000000000001,0.0,0.0,0.5227781926811054
2020-06-04,1981,0.409967796931237,0.41000000000000003,0.0005665630150234638,0.4,0.41000000000000003,0.41000000000000003,0.41000000000000003,5279,0,0.9967796931236976,0.7074541,0.698212,0.698212,0.0358428955078125,0.113979295,0.4100000000000001,-3.220306876305923e-05,3.220306876305923e-05,1.4438635797859098
2020-06-05,1982,0.40999431710551243,0.41000000000000003,0.00023832047664052388,0.4,0.41000000000000003,0.41000000000000003,0.41000000000000003,5279,0,0.9994317105512408,0.77082133,0.75253296,0.75253296,0.0543498992919921,0.16691382,0.409967796931237,2.6520174275401764e-05,2.6520174275401764e-05,1.3193925815285037
2020-06-06,1983,0.4090301193407843,0.41000000000000003,0.0029594151616555635,0.4,0.41000000000000003,0.4,0.41000000000000003,5279,0,0.903011934078424,0.6496923,0.6156725,0.6156725,0.1368160247802734,0.20747949,0.40999431710551243,-0.0009641977647281141,0.0009641977647281141,15.857605177993527
2020-06-07,1984,0.3964974426974805,0.4,0.0055008259462906136,0.39,0.41000000000000003,0.39,0.4,5279,0,0.03750710361810949,0.7318104,0.6904371,0.6904371,0.0748825073242187,0.24257801,0.4090301193407843,-0.01253267664330382,0.01253267664330382,97.23674383868558
2020-06-08,1985,0.39122750520932004,0.39,0.003281506217317268,0.39,0.4,0.39,0.4,5279,0,0.0,0.5630693,0.4866383,0.49464256,0.2038707733154297,0.28324926,0.3964974426974805,-0.005269937488160459,0.005269937488160459,65.79536967886483
2020-06-09,1986,0.3832203068763023,0.38,0.004752937160375212,0.38,0.4,0.38,0.39,5279,0,0.0,0.2074428,-0.06372052,0.16925655,0.5504016876220703,0.19741353,0.39122750520932004,-0.008007198333017718,0.008007198333017718,84.56559621608164
2020-06-10,1987,0.3798598219359727,0.38,0.004516733809119974,0.37,0.39,0.37,0.39,5279,0,0.0,0.21509157,0.17359927,0.17823268,0.2373790740966797,0.12699513,0.3832203068763023,-0.0033604849403296444,0.0033604849403296444,47.09982574060244
2020-06-11,1988,0.3785413904148513,0.38,0.005501359528097464,0.37,0.39,0.37,0.39,5279,0,0.0,0.22372077,0.17616215,0.18587364,0.0024681091308593,0.13790552,0.3798598219359727,-0.001318431521121377,0.001318431521121377,21.48369429922828
2020-06-12,1989,0.38453873839742375,0.38,0.0054890034206881,0.38,0.4,0.38,0.39,5279,0,0.0,0.15912436,0.043943044,0.12310133,0.132211685180664,0.15293658,0.3785413904148513,0.005997347982572454,0.005997347982572454,71.37167040079662
2020-06-13,1990,0.3939003599166509,0.39,0.004908551659410025,0.38,0.41000000000000003,0.39,0.4,5279,0,0.0007577192650123129,0.33487162,0.022074439,0.26827508,0.0218315124511718,0.33414316,0.38453873839742375,0.009361621519227148,0.009361621519227148,90.8638287279064
2020-06-14,1991,0.39723053608638,0.4,0.006527230872638382,0.39,0.41000000000000003,0.39,0.41000000000000003,5279,0,0.11290017048683462,0.39126503,0.1396769,0.30186182,0.1176185607910156,0.36548436,0.3939003599166509,0.003330176169729082,0.003330176169729082,46.7513069454817
2020-06-15,1992,0.3969009282060997,0.4,0.006599224231443044,0.39,0.41000000000000003,0.39,0.41000000000000003,5279,0,0.11081644250805077,0.26959804,0.011443793,0.1968345,0.1283988952636718,0.26935533,0.39723053608638,-0.00032960788028030263,0.00032960788028030263,6.223549912870301
2020-06-16,1993,0.4017541200985034,0.4,0.005082327482585694,0.39,0.41000000000000003,0.39,0.41000000000000003,5279,0,0.23224095472627393,0.22495785,-0.072751105,0.18099298,0.0840339660644531,0.21286906,0.3969009282060997,0.004853191892403741,0.004853191892403741,61.73761513567339
2020-06-17,1994,0.4076794847508999,0.41000000000000003,0.004221416997845097,0.4,0.41000000000000003,0.4,0.41000000000000003,5279,0,0.7679484750899792,0.2533396,-0.17475098,0.18571028,0.1019954681396484,0.18341969,0.4017541200985034,0.005925364652396459,0.005925364652396459,70.74931540950958
2020-06-18,1995,0.40971585527562043,0.41000000000000003,0.0016615381486452274,0.4,0.41000000000000003,0.41000000000000003,0.41000000000000003,5279,0,0.9715855275620383,0.51426524,-0.49679995,0.49679995,0.3220252990722656,0.13288377,0.4076794847508999,0.0020363705247205544,0.0020363705247205544,30.918595967139655
2020-06-19,1996,0.39245879901496505,0.39,0.004362890678886528,0.39,0.41000000000000003,0.39,0.4,5279,0,0.002462587611290017,0.40066546,-0.38372275,0.38372275,0.1130352020263671,0.11528055,0.40971585527562043,-0.01725705626065538,0.01725705626065538,99.77595220313667
2020-06-20,1997,0.38827050577760946,0.39,0.006885936671191635,0.38,0.41000000000000003,0.38,0.4,5279,0,0.0020837279787838604,0.23715279,-0.18468823,0.19920036,0.1990528106689453,0.1487674,0.39245879901496505,-0.004188293237355589,0.004188293237355589,56.11152601443864
2020-06-21,1998,0.3846808107596136,0.38,0.005651982607318966,0.37,0.4,0.38,0.39,5279,0,0.0,0.18403587,-0.14424635,0.16003852,0.0404777526855468,0.11428995,0.38827050577760946,-0.0035896950179958864,0.0035896950179958864,49.290515309932786
2020-06-22,1999,0.38865694260276573,0.39,0.003677100619048684,0.38,0.4,0.38,0.39,5279,0,0.0,0.15329656,0.06260726,0.1192755,0.2068347930908203,0.1399293,0.3846808107596136,0.003976131843152153,0.003976131843152153,53.69678864824496
2020-06-23,2000,0.39167077097935227,0.39,0.0038749099424817655,0.38,0.4,0.39,0.4,5279,0,0.0,0.35636622,0.24443305,0.2549361,0.1817626953125,0.25932539,0.38865694260276573,0.003013828376586536,0.003013828376586536,43.09185959671397
2020-06-24,2001,0.3994165561659404,0.4,0.002343935074419254,0.39,0.4,0.39,0.4,5279,0,0.0,0.5520376,0.41807973,0.4239812,0.1737022399902343,0.3604918,0.39167077097935227,0.007745785186588139,0.007745785186588139,83.07194423699278
2020-06-25,2002,0.3916821367683274,0.39,0.0037405592597784952,0.39,0.4,0.39,0.4,5279,0,0.0,0.3749952,0.16704881,0.28922167,0.2510395050048828,0.33573225,0.3994165561659404,-0.0077344193976129905,0.0077344193976129905,83.02215583768981
2020-06-26,2003,0.3867740102292101,0.39,0.005730603550180085,0.38,0.4,0.38,0.4,5279,0,0.0,0.27554652,-0.078149736,0.22559813,0.2451152801513672,0.264232,0.3916821367683274,-0.004908126539117319,0.004908126539117319,62.26039332835449
2020-06-27,2004,0.384864557681379,0.38,0.007356355151707272,0.37,0.41000000000000003,0.38,0.4,5279,0,0.0030308770600492516,0.20702735,-0.090808846,0.17350389,0.0127582550048828,0.18604851,0.3867740102292101,-0.001909452547831092,0.001909452547831092,29.07642519293005
2020-06-28,2005,0.39311990907368816,0.39,0.006596581593572417,0.38,0.41000000000000003,0.38,0.4,5279,0,0.011365788975184693,0.49151486,0.40065113,0.4032341,0.4914913177490234,0.28471985,0.384864557681379,0.008255351392309151,0.008255351392309151,85.90988299726163
2020-06-29,2006,0.38700322030687634,0.39,0.005186262495209291,0.38,0.4,0.38,0.39,5279,0,0.0,0.21076061,0.14240457,0.17261188,0.258331298828125,0.15537377,0.39311990907368816,-0.0061166887668118175,0.0061166887668118175,72.26786158824994
2020-06-30,2007,0.38317294942223906,0.38,0.005240080015004318,0.37,0.4,0.38,0.39,5279,0,0.0,0.58127856,0.5551047,0.5551047,0.4128246307373047,0.17246334,0.38700322030687634,-0.003830270884637277,0.003830270884637277,51.879512073686826
2020-07-01,2008,0.39038075393066873,0.39,0.005228890205636569,0.38,0.4,0.38,0.4,5279,0,0.0,1.0878999,1.0765495,1.0765495,0.5213184356689453,0.156731,0.38317294942223906,0.007207804508429672,0.007207804508429672,80.38337067463281
2020-07-02,2009,0.40080318242091306,0.4,0.006130402508694475,0.38,0.41000000000000003,0.39,0.41000000000000003,5279,0,0.21727599924228075,0.90992117,0.85546285,0.85546285,0.2209720611572265,0.31006125,0.39038075393066873,0.010422428490244329,0.010422428490244329,93.75155588747822
2020-07-03,2010,0.3934665656374314,0.39,0.005617097152407847,0.38,0.41000000000000003,0.39,0.4,5279,0,0.038075393066868725,0.14259121,0.06836107,0.11881701,0.7871723175048828,0.12513605,0.40080318242091306,-0.0073366167834816864,0.0073366167834816864,80.98083146626836
2020-07-04,2011,0.4007463534760371,0.4,0.005292350402209924,0.39,0.41000000000000003,0.39,0.41000000000000003,5279,0,0.1801477552566774,0.17688899,-0.1427543,0.15417108,0.2111797332763672,0.10445525,0.3934665656374314,0.007279787838605722,0.007279787838605722,80.6572068707991
2020-07-05,2012,0.39299299109679875,0.39,0.005151810541965902,0.39,0.41000000000000003,0.39,0.4,5279,0,0.0278461829892025,0.22073114,-0.1947738,0.19564699,0.0520477294921875,0.10385301,0.4007463534760371,-0.007753362379238349,0.007753362379238349,83.1715210355987
2020-07-06,2013,0.3891892403864369,0.39,0.006032838544840817,0.38,0.4,0.38,0.4,5279,0,0.0,0.16913809,-0.06990162,0.11206006,0.1250228881835937,0.15401804,0.39299299109679875,-0.003803750710361875,0.003803750710361875,51.580781677869055
2020-07-07,2014,0.390210267096041,0.39,0.001473810231503208,0.38,0.4,0.39,0.39,5279,0,0.0,0.2621674,0.18486024,0.23640235,0.2547836303710937,0.18589893,0.3891892403864369,0.0010210267096041337,0.0010210267096041337,16.803584764749814
2020-07-08,2015,0.39048683462777045,0.39,0.002152054442366123,0.39,0.4,0.39,0.39,5279,0,0.0,0.30411884,0.21023872,0.26002893,0.0253334045410156,0.2197453,0.390210267096041,0.0002765675317294436,0.0002765675317294436,5.252676126462534
2020-07-09,2016,0.39275999242280735,0.39,0.004470163985148593,0.39,0.4,0.39,0.4,5279,0,0.0,0.22446118,-0.12540135,0.1839007,0.3356475830078125,0.18616477,0.39048683462777045,0.0022731577950368953,0.0022731577950368953,33.980582524271846
2020-07-10,2017,0.4013620003788596,0.4,0.004195163536404437,0.39,0.41000000000000003,0.4,0.41000000000000003,5279,0,0.1653722295889373,0.68326974,0.65391994,0.65391994,0.7792301177978516,0.19811274,0.39275999242280735,0.00860200795605226,0.00860200795605226,87.70226537216828
2020-07-11,2018,0.3961091115741618,0.4,0.00492183939956068,0.39,0.41000000000000003,0.39,0.4,5279,0,0.0022731577950369387,0.31333002,0.10496635,0.22982746,0.5489521026611328,0.2952246,0.4013620003788596,-0.0052528888046978195,0.0052528888046978195,65.5713218820015
2020-07-12,2019,0.3919624928963819,0.39,0.004314510150557735,0.38,0.4,0.39,0.4,5279,0,0.0,0.19649152,0.035823736,0.13881657,0.0690326690673828,0.19319828,0.3961091115741618,-0.004146618677779879,0.004146618677779879,55.71321882001493
2020-07-13,2020,0.38853760181852626,0.39,0.005619599527712825,0.38,0.41000000000000003,0.38,0.4,5279,0,0.0013260087137715476,0.38585925,0.20744759,0.3088403,0.171539306640625,0.32535025,0.3919624928963819,-0.003424891077855652,0.003424891077855652,47.79686333084391
2020-07-14,2021,0.3909452547831029,0.39,0.004935330576724982,0.38,0.41000000000000003,0.38,0.4,5279,0,0.0007577192650123129,0.2297411,0.16558823,0.19116291,0.0418148040771484,0.15925272,0.38853760181852626,0.002407652964576623,0.002407652964576623,35.72317649987553
2020-07-15,2022,0.3923489297215382,0.39,0.004800890068960011,0.38,0.4,0.39,0.4,5279,0,0.0,0.2267368,0.06344164,0.19613478,0.102081298828125,0.21768044,0.3909452547831029,0.0014036749384352953,0.0014036749384352953,22.778192681105303
2020-07-16,2023,0.3936124265959462,0.39,0.004858502190374233,0.38,0.4,0.39,0.4,5279,0,0.0,0.26577708,-0.089423664,0.21062112,0.1529598236083984,0.25028127,0.3923489297215382,0.001263496874408021,0.001263496874408021,20.711974110032365
2020-07-17,2024,0.39030498200416747,0.39,0.0019174564716233494,0.38,0.4,0.39,0.39,5279,0,0.0,0.32442957,-0.27695078,0.28601533,0.1874275207519531,0.16897632,0.3936124265959462,-0.00330744459177873,0.00330744459177873,46.47747074931541
2020-07-18,2025,0.39113468459935596,0.39,0.0031716457641962252,0.39,0.4,0.39,0.4,5279,0,0.0,0.3218567,-0.25010985,0.27809435,0.0268192291259765,0.20257562,0.39030498200416747,0.0008297025951884973,0.0008297025951884973,13.666915608663183
2020-07-19,2026,0.3928755446107219,0.39,0.004526222409357117,0.39,0.4,0.39,0.4,5279,0,0.0,0.28331915,0.16687724,0.20576312,0.4169120788574219,0.22895776,0.39113468459935596,0.001740860011365919,0.001740860011365919,26.835947224296742
2020-07-20,2027,0.3927921954915704,0.39,0.004486156400813268,0.39,0.4,0.39,0.4,5279,0,0.0,0.42619082,0.22684598,0.3396014,0.0599212646484375,0.36080378,0.3928755446107219,-8.33491191514768e-05,8.33491191514768e-05,2.4894199651481204
2020-07-21,2028,0.38923849213866263,0.39,0.005677089919329672,0.38,0.4,0.38,0.4,5279,0,0.0,0.24193369,0.0007536946,0.20441084,0.2259845733642578,0.24193284,0.3927921954915704,-0.0035537033529077777,0.0035537033529077777,48.99178491411501
2020-07-22,2029,0.3900037885963251,0.39,0.00415643896729143,0.38,0.4,0.38,0.4,5279,0,0.0,0.23209023,-0.025524912,0.19662824,0.0263481140136718,0.23068266,0.38923849213866263,0.0007652964576624899,0.0007652964576624899,12.79561862086134
2020-07-23,2030,0.39050009471490826,0.39,0.0021796450227507765,0.39,0.4,0.39,0.3909999999999946,5279,0,0.0,0.16866127,0.011678046,0.13956665,0.037271499633789,0.16825658,0.3900037885963251,0.0004963061185831452,0.0004963061185831452,8.862335075927309
2020-07-24,2031,0.3907103618109491,0.39,0.0025688527024793854,0.39,0.4,0.39,0.4,5279,0,0.0,0.2592252,0.1050881,0.20332932,0.0934257507324218,0.23696887,0.39050009471490826,0.00021026709604082816,0.00021026709604082816,4.232013940751805
2020-07-25,2032,0.3907274104944119,0.39,0.0025971097236616256,0.39,0.4,0.39,0.4,5279,0,0.0,0.29701924,0.112656064,0.22686309,0.0075817108154296,0.27482587,0.3907103618109491,1.7048683462805858e-05,1.7048683462805858e-05,1.1202389843166543
2020-07-26,2033,0.39482098882364086,0.39,0.004996794472333093,0.39,0.4,0.39,0.4,5279,0,0.0,0.18922962,0.057326656,0.15364002,0.0553436279296875,0.18033712,0.3907274104944119,0.004093578329228964,0.004093578329228964,54.86681603186457
2020-07-27,2034,0.39000000000000007,0.39,5.551115123125783e-17,0.39,0.39,0.39,0.39,5279,0,0.0,0.2162087,-0.05118419,0.17556871,0.1084747314453125,0.21006268,0.39482098882364086,-0.004820988823640793,0.004820988823640793,61.339307941249686
2020-07-28,2035,0.3869293426785376,0.39,0.004612768889590437,0.38,0.39,0.38,0.39,5279,0,0.0,0.27946374,-0.17756595,0.23128226,0.1264362335205078,0.21580167,0.39000000000000007,-0.0030706573214624444,0.0030706573214624444,43.764002987303954
2020-07-29,2036,0.3900189429816254,0.39,0.00043482292913348284,0.39,0.4,0.39,0.39,5279,0,0.0,0.39186564,-0.35704494,0.35731882,0.1795310974121093,0.16148551,0.3869293426785376,0.0030896003030878028,0.0030896003030878028,44.087627582773216
2020-07-30,2037,0.3900037885963251,0.39,0.0015326171629197096,0.38,0.4,0.39,0.39,5279,0,0.0,0.3835374,-0.34213686,0.34709093,0.0148811340332031,0.17333023,0.3900189429816254,-1.5154385300308881e-05,1.5154385300308881e-05,1.0704505850136918
2020-07-31,2038,0.39040537980678164,0.39,0.0020289852290180177,0.38,0.4,0.39,0.39,5279,0,0.0,0.4137088,0.36659074,0.36792254,0.7087440490722656,0.19174506,0.3900037885963251,0.00040159121045652,0.00040159121045652,7.3935772964899185
2020-08-01,2039,0.3906857359348362,0.39,0.0027290900584357935,0.38,0.4,0.39,0.4,5279,0,0.0,0.42933464,0.34446535,0.36853302,0.0220680236816406,0.2562656,0.39040537980678164,0.00028035612805454857,0.00028035612805454857,5.402041324371421
2020-08-02,2040,0.3936938814169351,0.39,0.004826391431180482,0.39,0.4,0.39,0.4,5279,0,0.0,0.42230725,-0.33069983,0.36082652,0.6751976013183594,0.26264372,0.3906857359348362,0.003008145482098934,0.003008145482098934,43.042071197411005
2020-08-03,2041,0.39403296078802813,0.39,0.004905592233615498,0.39,0.4,0.39,0.4,5279,0,0.0,0.86720467,-0.82441956,0.8274349,0.4936695098876953,0.26902467,0.3936938814169351,0.00033907937109300956,0.00033907937109300956,6.522280308688076
2020-08-04,2042,0.3922125402538359,0.39,0.010456139097475793,0.37,0.41000000000000003,0.38,0.41000000000000003,5279,0,0.11460503883311234,0.3549914,0.21631435,0.30766645,1.0406742095947266,0.28147322,0.39403296078802813,-0.0018204205341922353,0.0018204205341922353,27.981080408264873
2020-08-05,2043,0.3970316347793143,0.4,0.01102946609633116,0.38,0.41000000000000003,0.38,0.41000000000000003,5279,0,0.30687630232998675,0.32777375,0.2879225,0.28807846,0.0715541839599609,0.15664232,0.3922125402538359,0.004819094525478407,0.004819094525478407,61.31441374159821
2020-08-06,2044,0.405474521689714,0.41000000000000003,0.005542826480807217,0.39,0.41000000000000003,0.4,0.41000000000000003,5279,0,0.5771926501231294,0.363025,0.28784034,0.30387384,2.6702880859375e-05,0.2212124,0.3970316347793143,0.008442886910399683,0.008442886910399683,86.90565098332088
2020-08-07,2045,0.39885016101534376,0.4,0.005596126128829681,0.39,0.41000000000000003,0.39,0.41000000000000003,5279,0,0.10570183746921766,0.3782324,-0.28132436,0.32703128,0.5691204071044922,0.25281638,0.405474521689714,-0.006624360674370222,0.006624360674370222,76.32561613144138
2020-08-08,2046,0.38885584390983147,0.39,0.006715743579331657,0.37,0.4,0.38,0.4,5279,0,0.0,0.39568436,-0.33572358,0.36168924,0.0543746948242187,0.20941775,0.39885016101534376,-0.009994317105512296,0.009994317105512296,92.50684590490415
2020-08-09,2047,0.38221254025383594,0.38,0.006551087791155951,0.37,0.4,0.37,0.39,5279,0,0.0,0.2901603,-0.110821724,0.23378284,0.224893569946289,0.26816338,0.38885584390983147,-0.006643303655995525,0.006643303655995525,76.49987552900174
2020-08-10,2048,0.38350066300435687,0.38,0.00658210199089776,0.37,0.4,0.37,0.39,5279,0,0.0,0.22079085,0.082121365,0.18179156,0.1928234100341797,0.20495048,0.38221254025383594,0.0012881227505209258,0.0012881227505209258,21.0604929051531
2020-08-11,2049,0.38996590263307446,0.39,0.005587206018044806,0.38,0.4,0.38,0.4,5279,0,0.0,0.2344211,0.12858367,0.17631721,0.0464324951171875,0.19600873,0.38350066300435687,0.0064652396287175895,0.0064652396287175895,75.15558874782175
2020-08-12,2050,0.39378859632506164,0.39,0.006549215858208547,0.38,0.41000000000000003,0.38,0.4,5279,0,0.008334911915135442,0.21613513,0.055818338,0.18167408,0.0725822448730468,0.2088031,0.38996590263307446,0.003822693691987178,0.003822693691987178,51.75504107542942
2020-08-13,2051,0.3860465997347983,0.39,0.006933676769868428,0.37,0.4,0.37,0.4,5279,0,0.0,0.4744275,0.14005111,0.39612198,0.0841445922851562,0.45328435,0.39378859632506164,-0.0077419965902633114,0.0077419965902633114,83.0470500373413
2020-08-14,2052,0.38548588747868917,0.39,0.005723447527839585,0.37,0.4,0.38,0.39,5279,0,0.0,0.5946345,0.32988843,0.494542,0.1897945404052734,0.49473536,0.3860465997347983,-0.0005607122561091527,0.0005607122561091527,9.68384366442619
2020-08-15,2053,0.39039969691229404,0.39,0.00524556370020205,0.38,0.4,0.38,0.4,5279,0,0.0,0.60166,0.37555695,0.50903803,0.0457115173339843,0.47005525,0.38548588747868917,0.0049138094336048654,0.0049138094336048654,62.335075927308935
2020-08-16,2054,0.39670202689903394,0.4,0.004921861271612553,0.38,0.41000000000000003,0.39,0.4,5279,0,0.003978026141314643,0.40587497,0.32402995,0.36150432,0.0514850616455078,0.24441487,0.39039969691229404,0.006302329986739907,0.006302329986739907,74.01045556385361
2020-08-17,2055,0.3926179200606176,0.39,0.008477825557947962,0.38,0.41000000000000003,0.38,0.4,5279,0,0.038075393066868725,0.3964521,0.2984695,0.33989897,0.025543212890625,0.26094133,0.39670202689903394,-0.004084106838416368,0.004084106838416368,54.742345033607165
2020-08-18,2056,0.394343625686683,0.4,0.008977890198063151,0.38,0.41000000000000003,0.38,0.41000000000000003,5279,0,0.08524341731388521,0.5675279,0.53999907,0.54008305,0.2415428161621093,0.17460845,0.3926179200606176,0.0017257056260654435,0.0017257056260654435,26.66168782673637
2020-08-19,2057,0.4006232240954727,0.4,0.007744861145732598,0.38,0.41000000000000003,0.39,0.41000000000000003,5279,0,0.3320704678916461,0.44490504,0.41964227,0.41964227,0.1205863952636718,0.14778686,0.394343625686683,0.006279598408789666,0.006279598408789666,73.88598456559622
2020-08-20,2058,0.40807918166319385,0.41000000000000003,0.004010851497351953,0.39,0.41000000000000003,0.4,0.41000000000000003,5279,0,0.8107596135631748,0.6812459,0.65753746,0.65753746,0.2379741668701172,0.17815939,0.4006232240954727,0.007455957567721161,0.007455957567721161,81.50360965894946
2020-08-21,2059,0.4100000000000001,0.41000000000000003,5.551115123125783e-17,0.41000000000000003,0.41000000000000003,0.41000000000000003,0.41000000000000003,5279,0,1.0,0.37812403,0.33827373,0.33827373,0.3190670013427734,0.16896307,0.40807918166319385,0.0019208183368062404,0.0019208183368062404,29.200896191187454
2020-08-22,2060,0.40948475089979164,0.41000000000000003,0.002210658129792619,0.4,0.41000000000000003,0.4,0.41000000000000003,5279,0,0.9484750899791627,0.3863363,0.34679252,0.34691012,0.0083732604980468,0.17026591,0.4100000000000001,-0.000515249100208448,0.000515249100208448,9.011700273836196
2020-08-23,2061,0.4075317294942224,0.41000000000000003,0.004762565464027866,0.39,0.41000000000000003,0.4,0.41000000000000003,5279,0,0.7736313695775715,0.16356733,0.12355518,0.13880923,0.2232208251953125,0.10718426,0.40948475089979164,-0.001953021405569244,0.001953021405569244,29.648991784914113
2020-08-24,2062,0.4068156847887858,0.41000000000000003,0.005806301671306551,0.39,0.41000000000000003,0.39,0.41000000000000003,5279,0,0.7416177306308013,0.16137315,-0.11923984,0.13238634,0.2427501678466797,0.10873438,0.4075317294942224,-0.0007160447054365693,0.0007160447054365693,11.99900423201394
2020-08-25,2063,0.4083727978783861,0.41000000000000003,0.0038073102876333433,0.39,0.41000000000000003,0.4,0.41000000000000003,5279,0,0.8416366736124266,0.19525293,-0.13532585,0.15671395,0.0161094665527343,0.14074999,0.4068156847887858,0.0015571130896002705,0.0015571130896002705,24.695046054269355
2020-08-26,2064,0.40722485319189244,0.41000000000000003,0.004724741905074092,0.39,0.41000000000000003,0.4,0.41000000000000003,5279,0,0.7338511081644251,0.22270663,0.122209266,0.18379238,0.2575912475585937,0.18618025,0.4083727978783861,-0.0011479446864936516,0.0011479446864936516,18.720438137913867
2020-08-27,2065,0.40450085243417316,0.41000000000000003,0.006684225338612773,0.39,0.41000000000000003,0.39,0.41000000000000003,5279,0,0.549725326766433,0.18519737,0.06813284,0.14452003,0.0541648864746093,0.17220888,0.40722485319189244,-0.0027240007577192804,0.0027240007577192804,39.38262384864327
2020-08-28,2066,0.40572835764349313,0.41000000000000003,0.00596724126702166,0.39,0.41000000000000003,0.39,0.41000000000000003,5279,0,0.6285281303277136,0.22500204,-0.13969299,0.19009233,0.2078227996826172,0.17638507,0.40450085243417316,0.0012275052093199679,0.0012275052093199679,20.139407518048294
2020-08-29,2067,0.4064690282250426,0.41000000000000003,0.005446230757059326,0.39,0.41000000000000003,0.4,0.41000000000000003,5279,0,0.6810001894298162,0.29110146,0.15357478,0.2369378,0.2933025360107422,0.24729525,0.40572835764349313,0.0007406705815494741,0.0007406705815494741,12.447099825740603
2020-08-30,2068,0.3986152680431901,0.4,0.006919798848284789,0.39,0.41000000000000003,0.39,0.41000000000000003,5279,0,0.17976889562417125,0.36684605,-0.21956481,0.32484016,0.3732013702392578,0.2938833,0.4064690282250426,-0.00785376018185252,0.00785376018185252,83.76898182723426
2020-08-31,2069,0.3864822883121804,0.38,0.007836365095626354,0.37,0.4,0.38,0.4,5279,0,0.0,0.41043526,-0.3103579,0.36174607,0.0907154083251953,0.26857993,0.3986152680431901,-0.012132979731009685,0.012132979731009685,96.76375404530745
2020-09-01,2070,0.3802652017427543,0.38,0.009359368942271955,0.37,0.4,0.37,0.4,5279,0,0.0,0.17193967,-0.037751902,0.14068137,0.2724380493164062,0.16774419,0.3864822883121804,-0.0062170865694261,0.0062170865694261,73.3881005725666
2020-09-02,2071,0.3861792006061754,0.39,0.008283598871995616,0.37,0.4,0.37,0.4,5279,0,0.0,0.16775912,-0.009363552,0.1325557,0.0285224914550781,0.16749747,0.3802652017427543,0.005913998863421088,0.005913998863421088,70.5999502116007
2020-09-03,2072,0.3965656374313317,0.4,0.006615505940890534,0.38,0.41000000000000003,0.39,0.41000000000000003,5279,0,0.08448569804887289,0.23492591,0.17284226,0.19600596,0.1822395324707031,0.15910894,0.3861792006061754,0.010386436825156331,0.010386436825156331,93.70176748817526
2020-09-04,2073,0.3901666982383028,0.39,0.004890413118718694,0.38,0.4,0.38,0.4,5279,0,0.0,0.6042416,0.5695356,0.5695356,0.396820068359375,0.20183559,0.3965656374313317,-0.0063989391930289186,0.0063989391930289186,74.75728155339806
2020-09-05,2074,0.3824152301572267,0.38,0.004293323042777217,0.38,0.4,0.38,0.39,5279,0,0.0,0.46668178,0.44645423,0.44645423,0.1231937408447265,0.13590953,0.3901666982383028,-0.007751468081076074,0.007751468081076074,83.14662683594722
2020-09-06,2075,0.37756772115931053,0.38,0.007497799635369284,0.37,0.4,0.37,0.39,5279,0,0.0,0.2583239,0.22078228,0.22080424,0.2257194519042968,0.13411307,0.3824152301572267,-0.0048475089979161945,0.0048475089979161945,61.66293253671894
2020-09-07,2076,0.3775582496684978,0.38,0.008011474038972104,0.37,0.4,0.37,0.39,5279,0,0.0,0.19959332,0.1374506,0.15542169,0.0833415985107421,0.14472325,0.37756772115931053,-9.471490812706929e-06,9.471490812706929e-06,0.9210853871048046
2020-09-08,2077,0.38374502746732336,0.38,0.006016029717154388,0.37,0.4,0.38,0.39,5279,0,0.0,0.28351378,0.2250128,0.2390558,0.0875873565673828,0.1724799,0.3775582496684978,0.006186777798825538,0.006186777798825538,73.18894697535474
2020-09-09,2078,0.3870354233756394,0.39,0.005367783896966266,0.38,0.4,0.38,0.39,5279,0,0.0,0.22153583,3.158958e-05,0.17567,0.2250576019287109,0.2215359,0.38374502746732336,0.003290395908316035,0.003290395908316035,46.32810555140652
2020-09-10,2079,0.3832051524910021,0.38,0.005340620177287803,0.37,0.4,0.38,0.39,5279,0,0.0,0.2547364,-0.07557004,0.20417114,0.0755233764648437,0.24326874,0.3870354233756394,-0.003830270884637277,0.003830270884637277,51.879512073686826
2020-09-11,2080,0.37856222769463915,0.38,0.007538338057623805,0.37,0.4,0.37,0.39,5279,0,0.0,0.31174406,0.2170944,0.25890768,0.2926750183105469,0.2237286,0.3832051524910021,-0.004642924796362968,0.004642924796362968,59.92033856111526
2020-09-12,2081,0.385502936162152,0.38,0.006589752279058256,0.38,0.4,0.38,0.4,5279,0,0.0,0.4694765,0.44699684,0.44708064,0.2298774719238281,0.1435371,0.37856222769463915,0.006940708467512824,0.006940708467512824,78.61588249937765
2020-09-13,2082,0.39042242849024444,0.39,0.0036507396605995296,0.38,0.4,0.39,0.4,5279,0,0.0,0.33978856,0.3019934,0.30926508,0.1449337005615234,0.15574391,0.385502936162152,0.004919492328092467,0.004919492328092467,62.45954692556634
2020-09-14,2083,0.38605417692744837,0.39,0.005510645218256281,0.38,0.4,0.38,0.39,5279,0,0.0,0.36576536,-0.12616125,0.31777993,0.4282112121582031,0.34331855,0.39042242849024444,-0.004368251562796077,0.004368251562796077,57.55538959422455
2020-09-15,2084,0.38171812843341535,0.38,0.004076289330412218,0.37,0.4,0.38,0.39,5279,0,0.0,0.38792387,-0.0055822185,0.31565547,0.1205329895019531,0.38788354,0.38605417692744837,-0.004336048494033018,0.004336048494033018,57.356235997012696
2020-09-16,2085,0.38269748058344377,0.38,0.00746003910587714,0.37,0.4,0.37,0.4,5279,0,0.0,0.36051708,0.041504867,0.27912286,0.0470600128173828,0.35811982,0.38171812843341535,0.000979352150028423,0.000979352150028423,16.181229773462782
2020-09-17,2086,0.3864728168213677,0.39,0.008348397879336375,0.37,0.4,0.37,0.4,5279,0,0.0,0.60544276,-0.55650455,0.56070673,0.5979576110839844,0.23846126,0.38269748058344377,0.003775336237923921,0.003775336237923921,51.18247448344536
2020-09-18,2087,0.38512028793332076,0.38,0.0069976671506107825,0.37,0.4,0.38,0.4,5279,0,0.0,0.3644486,-0.2895078,0.316695,0.2670269012451172,0.22137697,0.3864728168213677,-0.0013525288880469333,0.0013525288880469333,22.10604929051531
2020-09-19,2088,0.383815116499337,0.38,0.005308507572113007,0.38,0.4,0.38,0.39,5279,0,0.0,0.21953957,-0.16269426,0.18966809,0.126718521118164,0.14740519,0.38512028793332076,-0.0013051714339837872,0.0013051714339837872,21.384117500622356
2020-09-20,2089,0.37890320136389466,0.38,0.00761785641070867,0.37,0.4,0.37,0.39,5279,0,0.0,0.3845982,-0.34849927,0.35144955,0.1856060028076172,0.16267684,0.383815116499337,-0.004911915135442313,0.004911915135442313,62.31018172765745
2020-09-21,2090,0.37571699185451796,0.37,0.007228854248306321,0.37,0.39,0.37,0.39,5279,0,0.0,0.33303782,-0.2808535,0.29225302,0.0675182342529296,0.17898501,0.37890320136389466,-0.003186209509376703,0.003186209509376703,45.23276076674135
2020-09-22,2091,0.3776832733472249,0.38,0.00725899554331657,0.37,0.4,0.37,0.39,5279,0,0.0,0.2769716,-0.25323355,0.25670743,0.0276145935058593,0.11218732,0.37571699185451796,0.001966281492706945,0.001966281492706945,29.897933781428925
2020-09-23,2092,0.3849838984656185,0.38,0.0059322057326938885,0.38,0.4,0.38,0.4,5279,0,0.0,0.18463898,-0.12007792,0.15674084,0.1331501007080078,0.14025979,0.3776832733472249,0.007300625118393578,0.007300625118393578,80.75678366940502
2020-09-24,2093,0.3897461640462209,0.39,0.006220362345872539,0.38,0.41000000000000003,0.38,0.4,5279,0,0.00757719265012313,0.24106021,-0.05294542,0.19373873,0.0670909881591796,0.23517409,0.3849838984656185,0.004762265580602443,0.004762265580602443,60.990789146128954
2020-09-25,2094,0.38464481909452547,0.38,0.00963345102404846,0.37,0.41000000000000003,0.37,0.4,5279,0,0.03845425269937488,0.2555036,0.0028647343,0.20745654,0.0558319091796875,0.25548747,0.3897461640462209,-0.005101344951695452,0.005101344951695452,64.07766990291263
2020-09-26,2095,0.3841200985035044,0.38,0.01045913087899033,0.37,0.41000000000000003,0.37,0.4,5279,0,0.0409168403106649,0.21676986,0.025691643,0.17678864,0.0228118896484375,0.21524203,0.38464481909452547,-0.000524720591021044,0.000524720591021044,9.06148867313916
2020-09-27,2096,0.38942223906042817,0.39,0.009893712752244542,0.37,0.41000000000000003,0.38,0.41000000000000003,5279,0,0.07634021594999053,0.24906765,-0.02917381,0.17481619,0.054840087890625,0.24735335,0.3841200985035044,0.00530214055692374,0.00530214055692374,66.11899427433407
2020-09-28,2097,0.39400833491191517,0.39,0.008649952431785353,0.38,0.41000000000000003,0.38,0.41000000000000003,5279,0,0.08524341731388521,0.25342193,0.026649969,0.18872166,0.0558624267578125,0.25201696,0.38942223906042817,0.004586095851487004,0.004586095851487004,59.32287776947971
2020-09-29,2098,0.38854896760750135,0.39,0.008633528169405335,0.37,0.41000000000000003,0.38,0.4,5279,0,0.03883311233188104,0.33161733,-0.29017368,0.29926738,0.3167800903320312,0.16052805,0.39400833491191517,-0.00545936730441382,0.00545936730441382,67.21433905899926
2020-09-30,2099,0.3862284523584012,0.39,0.009069290700206026,0.37,0.41000000000000003,0.37,0.4,5279,0,0.015343815116499336,0.4147416,-0.35885248,0.37457564,0.0688285827636718,0.20793168,0.38854896760750135,-0.0023205152491001524,0.0023205152491001524,34.52825491660443
2020-10-01,2100,0.393568857738208,0.39,0.007610556872320921,0.37,0.41000000000000003,0.38,0.41000000000000003,5279,0,0.07330933888994128,0.39544582,-0.34296247,0.3572926,0.016061782836914,0.19686016,0.3862284523584012,0.007340405379806791,0.007340405379806791,81.00572566591984
2020-10-02,2101,0.4056241712445539,0.41000000000000003,0.005364500555973484,0.39,0.41000000000000003,0.4,0.41000000000000003,5279,0,0.5832544042432278,0.31258863,-0.26790377,0.2872486,0.0751247406005859,0.16105631,0.393568857738208,0.012055313506345922,0.012055313506345922,96.63928304705004
2020-10-03,2102,0.40992043947717377,0.41000000000000003,0.0008884117015610144,0.4,0.41000000000000003,0.41000000000000003,0.41000000000000003,5279,0,0.9920439477173707,0.142244,-0.0021439802,0.11743177,0.265573501586914,0.14222772,0.4056241712445539,0.00429626823261986,0.00429626823261986,57.10729400049789
2020-10-04,2103,0.4060087137715477,0.41000000000000003,0.00489719271900649,0.4,0.41000000000000003,0.4,0.41000000000000003,5279,0,0.6008713771547641,0.49261475,0.4851872,0.4851872,0.4872703552246094,0.08522314,0.40992043947717377,-0.00391172570562609,0.00391172570562609,52.77570326114015
2020-10-05,2104,0.3986076908505399,0.4,0.005150997632999585,0.39,0.41000000000000003,0.39,0.41000000000000003,5279,0,0.07274104944118204,0.45958498,0.45227003,0.45227003,0.032815933227539,0.08167006,0.4060087137715477,-0.007401022921007805,0.007401022921007805,81.30445606173762
2020-10-06,2105,0.3965864747111195,0.4,0.005441108258626545,0.39,0.41000000000000003,0.39,0.4,5279,0,0.03561280545557871,0.53327984,0.51922584,0.51922584,0.0669670104980468,0.12162366,0.3986076908505399,-0.0020212161394203565,0.0020212161394203565,30.79412496888225
2020-10-07,2106,0.4029797310096609,0.4,0.004573676115191625,0.4,0.41000000000000003,0.4,0.41000000000000003,5279,0,0.2979731009660921,0.41152018,0.40052566,0.40052566,0.1187362670898437,0.09448712,0.3965864747111195,0.006393256298541372,0.006393256298541372,74.68259895444362
2020-10-08,2107,0.4052850918734609,0.41000000000000003,0.005466423310494464,0.39,0.41000000000000003,0.4,0.41000000000000003,5279,0,0.5533244932752415,0.26849392,-0.01198998,0.21757406,0.4124412536621094,0.2682259,0.4029797310096609,0.00230536086380001,0.00230536086380001,34.37888971869555
2020-10-09,2108,0.39485129759424137,0.39,0.006610109941621682,0.38,0.41000000000000003,0.39,0.41000000000000003,5279,0,0.06989960219738586,0.4738464,-0.37364292,0.4350078,0.3616561889648437,0.29141173,0.4052850918734609,-0.010433794279219533,0.010433794279219533,93.85113268608414
2020-10-10,2109,0.3814036749384353,0.38,0.009785527010446186,0.37,0.4,0.37,0.4,5279,0,0.0,0.65924877,-0.6335209,0.63360494,0.259958267211914,0.18237151,0.39485129759424137,-0.013447622655806069,0.013447622655806069,98.1578292257904
2020-10-11,2110,0.3765466944497064,0.37,0.007612840468056057,0.37,0.4,0.37,0.39,5279,0,0.0,0.5590528,-0.5216696,0.5221557,0.111907958984375,0.20099777,0.3814036749384353,-0.004856980488728901,0.004856980488728901,61.83719193427931
2020-10-12,2111,0.3791456715286986,0.38,0.007207673325221184,0.37,0.4,0.37,0.39,5279,0,0.0,0.35087392,-0.30250782,0.3089301,0.219186782836914,0.17776814,0.3765466944497064,0.002598977078992204,0.002598977078992204,37.96365446850884
2020-10-13,2112,0.38933510134495175,0.39,0.006179211059068761,0.38,0.4,0.38,0.4,5279,0,0.0,0.2958584,-0.25508255,0.25640833,0.047393798828125,0.14988314,0.3791456715286986,0.010189429816253148,0.010189429816253148,93.1292008961912
2020-10-14,2113,0.38728357643493083,0.39,0.008040040992094351,0.38,0.41000000000000003,0.38,0.4,5279,0,0.0030308770600492516,0.23154551,-0.20738877,0.21083827,0.047739028930664,0.102972165,0.38933510134495175,-0.0020515249100209187,0.0020515249100209187,31.217326362957433
2020-10-15,2114,0.37711877249479075,0.37,0.008429156428234079,0.37,0.4,0.37,0.39,5279,0,0.0,0.15453522,-0.105728045,0.13214661,0.1016254425048828,0.11270649,0.38728357643493083,-0.010164803940140077,0.010164803940140077,93.05451829723674
2020-10-16,2115,0.37534570941466194,0.37,0.0071429545458121906,0.37,0.39,0.37,0.39,5279,0,0.0,0.1253211,0.00409215,0.09913098,0.1097240447998046,0.12525408,0.37711877249479075,-0.0017730630801288116,0.0017730630801288116,27.308937017674882
2020-10-17,2116,0.38329229020647854,0.38,0.0051013593716944545,0.38,0.4,0.38,0.39,5279,0,0.0,0.17288588,-0.08850077,0.14624067,0.0925407409667968,0.14851622,0.37534570941466194,0.007946580791816593,0.007946580791816593,84.2419716206124
2020-10-18,2117,0.3899526425459368,0.39,0.0052821178712352795,0.38,0.4,0.38,0.4,5279,0,0.0,0.26077074,-0.04369169,0.21204406,0.044830322265625,0.25708407,0.38329229020647854,0.006660352339458275,0.006660352339458275,76.5496639283047
2020-10-19,2118,0.3794449706383785,0.38,0.00903859003737285,0.37,0.4,0.37,0.39,5279,0,0.0,0.45725226,0.34529597,0.41138625,0.3890342712402344,0.29974988,0.3899526425459368,-0.010507671907558302,0.010507671907558302,94.05028628329599
2020-10-20,2119,0.3758439098314075,0.37,0.007785913880450665,0.36,0.4,0.37,0.39,5279,0,0.0,0.33421102,0.27567065,0.28221172,0.0697917938232421,0.18895265,0.3794449706383785,-0.003601060806971035,0.003601060806971035,49.39009210853871
2020-10-21,2120,0.37791248342489114,0.38,0.00811682514381621,0.37,0.4,0.37,0.39,5279,0,0.0,0.27319294,0.047627807,0.22469985,0.2278938293457031,0.26900947,0.3758439098314075,0.002068573593483669,0.002068573593483669,31.41647996016928
2020-10-22,2121,0.3879806781587421,0.39,0.007361450317761176,0.38,0.4,0.38,0.4,5279,0,0.0,0.20453669,0.08749651,0.1688114,0.0397815704345703,0.1848771,0.37791248342489114,0.010068194733850955,0.010068194733850955,92.80557630072194
2020-10-23,2122,0.39861337374502753,0.4,0.006669900494836868,0.38,0.41000000000000003,0.39,0.41000000000000003,5279,0,0.15912104565258572,0.21665706,0.16569175,0.17052716,0.078338623046875,0.1395943,0.3879806781587421,0.010632695586285434,0.010632695586285434,94.47348767737117
2020-10-24,2123,0.4066849782155712,0.41000000000000003,0.004767508559175327,0.39,0.41000000000000003,0.4,0.41000000000000003,5279,0,0.6713392688009092,0.557449,0.54345155,0.54345155,0.3776493072509765,0.12412952,0.39861337374502753,0.00807160447054367,0.00807160447054367,84.86432661189943
2020-10-25,2124,0.40926122371661305,0.41000000000000003,0.002644525721179019,0.39,0.41000000000000003,0.4,0.41000000000000003,5279,0,0.9268800909263119,0.37765583,0.34158576,0.34169456,0.20184326171875,0.16106962,0.4066849782155712,0.0025762455010418517,0.0025762455010418517,37.71471247199403
2020-10-26,2125,0.40953779124834244,0.41000000000000003,0.002099631059606978,0.4,0.41000000000000003,0.41000000000000003,0.41000000000000003,5279,0,0.9537791248342489,0.110008545,-0.0348492,0.092980295,0.3765830993652344,0.10434274,0.40926122371661305,0.0002765675317293881,0.0002765675317293881,5.227781926811053
2020-10-27,2126,0.3989297215381701,0.4,0.004107222850030275,0.39,0.41000000000000003,0.39,0.4,5279,0,0.0365599545368441,0.33746603,-0.22301374,0.27507332,0.1879501342773437,0.25327483,0.40953779124834244,-0.010608069710172363,0.010608069710172363,94.34901667911376
2020-10-28,2127,0.385938624739534,0.38,0.007078753731290357,0.37,0.4,0.38,0.4,5279,0,0.0,0.40352556,-0.36390403,0.36784407,0.141031265258789,0.17437656,0.3989297215381701,-0.012991096798636081,0.012991096798636081,97.68483943241225
2020-10-29,2128,0.3764197764728168,0.37,0.007903253031149733,0.36,0.39,0.37,0.39,5279,0,0.0,0.29743415,-0.24686745,0.25955194,0.1171646118164062,0.16590217,0.385938624739534,-0.009518848266717173,0.009518848266717173,91.46128951954195
2020-10-30,2129,0.37569994317105515,0.37,0.007915885582211466,0.36,0.4,0.37,0.39,5279,0,0.0,0.17934762,-0.04289336,0.14623907,0.2039375305175781,0.17414308,0.3764197764728168,-0.0007198333017616743,0.0007198333017616743,12.048792631316903
2020-10-31,2130,0.38270884637241903,0.38,0.008635485155940197,0.37,0.4,0.37,0.4,5279,0,0.0,0.3351185,0.2756706,0.28371468,0.3186855316162109,0.1905515,0.37569994317105515,0.007008903201363881,0.007008903201363881,79.06397809310431
2020-11-01,2131,0.39028603902254216,0.39,0.00537419766873892,0.38,0.4,0.38,0.4,5279,0,0.0,0.38192058,0.2698822,0.31380826,0.0058517456054687,0.27023524,0.38270884637241903,0.007577192650123132,0.007577192650123132,82.10107045058501
2020-11-02,2132,0.39722106459556733,0.4,0.005524798450576025,0.39,0.41000000000000003,0.39,0.41000000000000003,5279,0,0.05228262928584959,0.3769949,0.18696834,0.28559285,0.0829505920410156,0.32736507,0.39028603902254216,0.006935025573025166,0.006935025573025166,78.56609410007468
2020-11-03,2133,0.4062284523584012,0.41000000000000003,0.00484674166870265,0.4,0.41000000000000003,0.4,0.41000000000000003,5279,0,0.6228452358401212,0.49474496,0.41144267,0.4125566,0.2243785858154297,0.2747491,0.39722106459556733,0.009007387762833885,0.009007387762833885,89.84316654219568
2020-11-04,2134,0.409628717560144,0.41000000000000003,0.0018907600980597437,0.4,0.41000000000000003,0.41000000000000003,0.41000000000000003,5279,0,0.9628717560143967,0.9560163,0.92862064,0.92862064,0.5172252655029297,0.22722732,0.4062284523584012,0.0034002652017428026,0.0034002652017428026,47.57281553398058
2020-11-05,2135,0.4098636105322978,0.41000000000000003,0.0011598674881735723,0.4,0.41000000000000003,0.41000000000000003,0.41000000000000003,5279,0,0.9863610532297784,0.9709722,0.9194758,0.9194758,0.0090599060058593,0.31200832,0.409628717560144,0.00023489297215378846,0.00023489297215378846,4.655215334826986
2020-11-06,2136,0.39217275999242296,0.39,0.00412391973000869,0.39,0.4,0.39,0.4,5279,0,0.0,0.70269847,0.5929155,0.60547155,0.3266143798828125,0.37714428,0.4098636105322978,-0.017690850539874847,0.017690850539874847,99.82574060243962
2020-11-07,2137,0.3800492517522258,0.38,0.00609309594955685,0.37,0.4,0.37,0.39,5279,0,0.0,0.2734356,0.14712307,0.22877872,0.4457836151123047,0.23048215,0.39217275999242296,-0.012123508240197145,0.012123508240197145,96.689071446353
2020-11-08,2138,0.37604849403296076,0.38,0.0066801408788237735,0.37,0.39,0.37,0.39,5279,0,0.0,0.17138071,0.05936433,0.14334807,0.0878524780273437,0.16077077,0.3800492517522258,-0.004000757719265058,0.004000757719265058,54.020413243714216
2020-11-09,2139,0.37693313127486267,0.38,0.007170790069555655,0.37,0.39,0.37,0.39,5279,0,0.0,0.1883995,-0.009775415,0.1605322,0.0691070556640625,0.18814541,0.37604849403296076,0.0008846372419019088,0.0008846372419019088,14.563106796116504
2020-11-10,2140,0.38102670960409174,0.38,0.008575740727734732,0.37,0.4,0.37,0.39,5279,0,0.0,0.2430223,-0.10581882,0.19822052,0.0959854125976562,0.21877448,0.37693313127486267,0.004093578329229075,0.004093578329229075,54.916604431167535
2020-11-11,2141,0.38834438340594807,0.39,0.0073079361813656015,0.38,0.4,0.38,0.4,5279,0,0.0,0.28158018,-0.18718772,0.23017345,0.0813198089599609,0.21035244,0.38102670960409174,0.007317673801856328,0.007317673801856328,80.90614886731392
2020-11-12,2142,0.39160257624550104,0.39,0.007412330375245725,0.38,0.41000000000000003,0.38,0.4,5279,0,0.0322030687630233,0.15779576,-0.03979787,0.13491721,0.14727783203125,0.1526945,0.38834438340594807,0.003258192839552976,0.003258192839552976,46.079163554891714
2020-11-13,2143,0.3798996021973859,0.38,0.01064901644622396,0.37,0.4,0.37,0.4,5279,0,0.0,0.18802287,0.023578437,0.15582633,0.0634727478027343,0.18653867,0.39160257624550104,-0.011702974048115156,0.011702974048115156,96.29076425192929
2020-11-14,2144,0.37676264444023494,0.37,0.008310301367840134,0.37,0.4,0.37,0.39,5279,0,0.0,0.2565113,-0.18699951,0.21448283,0.2107219696044922,0.17558253,0.3798996021973859,-0.003136957757150949,0.003136957757150949,44.6352999751058
2020-11-15,2145,0.37585148702405763,0.37,0.007195844576407178,0.37,0.39,0.37,0.39,5279,0,0.0,0.24660504,-0.1967662,0.21287467,0.0096511840820312,0.14865147,0.37676264444023494,-0.0009111574161773106,0.0009111574161773106,14.986308190191686
2020-11-16,2146,0.3822106459556734,0.38,0.004195040363084145,0.38,0.4,0.38,0.39,5279,0,0.0,0.2613189,-0.14590822,0.2265503,0.0508174896240234,0.21679091,0.37585148702405763,0.00635915893161576,0.00635915893161576,74.40876275827732
2020-11-17,2147,0.3928452358401213,0.39,0.004511872273824028,0.39,0.4,0.39,0.4,5279,0,0.0,0.24683367,-0.046260428,0.21723597,0.0996608734130859,0.24245994,0.3822106459556734,0.010634589884447931,0.010634589884447931,94.49838187702265
2020-11-18,2148,0.4085376018185263,0.41000000000000003,0.0037619616899414302,0.39,0.41000000000000003,0.4,0.41000000000000003,5279,0,0.8620950937677591,0.2560538,-0.14216912,0.21539749,0.0959243774414062,0.21295904,0.3928452358401213,0.015692365978404954,0.015692365978404954,99.42743340801593
2020-11-19,2149,0.40761886720969887,0.41000000000000003,0.004342967630517883,0.39,0.41000000000000003,0.4,0.41000000000000003,5279,0,0.7654858874786892,0.29389292,-0.27985168,0.27985168,0.1377601623535156,0.08975449,0.4085376018185263,-0.0009187346088274095,0.0009187346088274095,15.135673388100573
2020-11-20,2150,0.400738776283387,0.4,0.005670079001952816,0.39,0.41000000000000003,0.39,0.41000000000000003,5279,0,0.20041674559575678,0.945176,-0.93122244,0.93122244,0.6512889862060547,0.16181363,0.40761886720969887,-0.006880090926311866,0.006880090926311866,78.29225790390839
2020-11-21,2151,0.38963818905095665,0.39,0.007640939934178798,0.38,0.41000000000000003,0.38,0.4,5279,0,0.026141314642924796,0.61441636,-0.59443647,0.59443647,0.3367576599121094,0.1554136,0.400738776283387,-0.011100587232430348,0.011100587232430348,95.29499626587005
2020-11-22,2152,0.38348740291721917,0.38,0.007471571584760538,0.37,0.4,0.37,0.4,5279,0,0.0,0.42482367,-0.3897088,0.3917313,0.2047767639160156,0.16912192,0.38963818905095665,-0.006150786133737485,0.006150786133737485,72.74085138162808
2020-11-23,2153,0.3784542526993749,0.38,0.007650574762042407,0.37,0.4,0.37,0.39,5279,0,0.0,0.32965326,-0.25950927,0.2802399,0.1301479339599609,0.20328799,0.38348740291721917,-0.005033150217844284,0.005033150217844284,63.35573811301967
2020-11-24,2154,0.37807160447054367,0.38,0.00716182304457928,0.37,0.4,0.37,0.39,5279,0,0.0,0.27928096,-0.24330704,0.24985573,0.0163078308105468,0.1371115,0.3784542526993749,-0.0003826482288312172,0.0003826482288312172,7.169529499626587
2020-11-25,2155,0.3793294184504641,0.38,0.007685646924764324,0.37,0.4,0.37,0.39,5279,0,0.0,0.28819796,-0.26856527,0.2706309,0.025299072265625,0.104551144,0.37807160447054367,0.001257813979920419,0.001257813979920419,20.587503111774957
2020-11-26,2156,0.38177116878196626,0.38,0.0075427627509016,0.37,0.4,0.37,0.39,5279,0,0.0,0.20117688,-0.17263404,0.18211216,0.0958518981933593,0.103294134,0.3793294184504641,0.0024417503315021793,0.0024417503315021793,36.04680109534478
2020-11-27,2157,0.37719643871945446,0.37,0.008266118571809502,0.37,0.4,0.37,0.39,5279,0,0.0,0.1986933,-0.16575065,0.17180637,0.0070247650146484,0.10957047,0.38177116878196626,-0.0045747300625118,0.0045747300625118,59.22330097087378
2020-11-28,2158,0.3741238870998295,0.37,0.008556808790033876,0.36,0.4,0.36,0.39,5279,0,0.0,0.24126814,-0.18859027,0.20422243,0.0229034423828125,0.15047918,0.37719643871945446,-0.0030725516196249414,0.0030725516196249414,43.78889718695544
2020-11-29,2159,0.379907179390036,0.38,0.008051907254669213,0.37,0.4,0.37,0.39,5279,0,0.0,0.21908721,-0.12075786,0.16398358,0.0678176879882812,0.18280257,0.3741238870998295,0.005783292290206465,0.005783292290206465,69.50460542693553
2020-11-30,2160,0.3927126349687441,0.39,0.0053686782759525455,0.38,0.41000000000000003,0.39,0.4,5279,0,0.0013260087137715476,0.18366522,-0.08124124,0.123195134,0.0395107269287109,0.16472024,0.379907179390036,0.012805455578708103,0.012805455578708103,97.53547423450335
2020-12-01,2161,0.4048418261034287,0.4,0.005139518228585913,0.39,0.41000000000000003,0.4,0.41000000000000003,5279,0,0.49138094336048493,0.22639649,-0.17668027,0.19916947,0.0953922271728515,0.14156093,0.3927126349687441,0.012129191134684636,0.012129191134684636,96.73885984565597
2020-12-02,2162,0.4012142451221823,0.4,0.007953224314511292,0.38,0.41000000000000003,0.39,0.41000000000000003,5279,0,0.377723053608638,0.21324095,-0.09952464,0.1724091,0.0771903991699218,0.18859074,0.4048418261034287,-0.0036275809812464366,0.0036275809812464366,49.63903410505352
2020-12-03,2163,0.4018564121992802,0.4,0.006435115712642063,0.38,0.41000000000000003,0.39,0.41000000000000003,5279,0,0.3161583633263876,0.22023654,-0.150667,0.17438924,0.0512676239013671,0.16063519,0.4012142451221823,0.0006421670770979104,0.0006421670770979104,10.75429424943988
2020-12-04,2164,0.40594620193218417,0.41000000000000003,0.005678924546286334,0.39,0.41000000000000003,0.4,0.41000000000000003,5279,0,0.6353476037128244,0.26989806,-0.23367706,0.2337727,0.0830116271972656,0.13505588,0.4018564121992802,0.00408978973290397,0.00408978973290397,54.81702763256161
2020-12-05,2165,0.4076662246637622,0.41000000000000003,0.004452351083206291,0.39,0.41000000000000003,0.4,0.41000000000000003,5279,0,0.7762833870051146,0.3111535,-0.25966093,0.27870867,0.0259380340576171,0.171443,0.40594620193218417,0.0017200227315780081,0.0017200227315780081,26.611899427433407
2020-12-06,2166,0.39585338132222014,0.4,0.004941991923494852,0.38,0.4,0.39,0.4,5279,0,0.0,0.44983265,-0.41891387,0.4250042,0.1591987609863281,0.16389386,0.4076662246637622,-0.011812843341542034,0.011812843341542034,96.44012944983818
2020-12-07,2167,0.3826179200606175,0.38,0.0051058198774536975,0.37,0.4,0.38,0.39,5279,0,0.0,0.28498545,-0.22859417,0.24082378,0.1902065277099609,0.17018063,0.39585338132222014,-0.013235461261602632,0.013235461261602632,97.93378142892706
2020-12-08,2168,0.3786285281303277,0.38,0.007314939725185559,0.37,0.4,0.37,0.39,5279,0,0.0,0.27728102,-0.20822515,0.23086956,0.0204582214355468,0.18310449,0.3826179200606175,-0.0039893919302897984,0.0039893919302897984,53.871048045805324
2020-12-09,2169,0.3797158552756204,0.38,0.007956285458295681,0.37,0.4,0.37,0.39,5279,0,0.0,0.3486237,-0.3106864,0.31516835,0.1024208068847656,0.15815544,0.3786285281303277,0.0010873271452926936,0.0010873271452926936,17.898929549414984
2020-12-10,2170,0.38367114983898465,0.38,0.005183744758533992,0.38,0.4,0.38,0.39,5279,0,0.0,0.39604545,-0.36874256,0.3738204,0.0581436157226562,0.144503,0.3797158552756204,0.003955294563364242,0.003955294563364242,53.547423450336076
2020-12-11,2171,0.3825080507671907,0.38,0.005094176682788674,0.37,0.4,0.38,0.39,5279,0,0.0,0.49721625,-0.47877902,0.47877902,0.1100616455078125,0.13414682,0.38367114983898465,-0.0011630990717939604,0.0011630990717939604,19.068956933034602
2020-12-12,2172,0.375442318620951,0.37,0.007372611855580107,0.36,0.4,0.37,0.39,5279,0,0.0,0.41935405,-0.36780348,0.37145492,0.1109848022460937,0.20144114,0.3825080507671907,-0.007065732146239678,0.007065732146239678,79.36270848892208
2020-12-13,2173,0.3715893161583633,0.37,0.009634007508245968,0.36,0.4,0.36,0.39,5279,0,0.0,0.2648166,-0.21901047,0.23125857,0.14886474609375,0.14886993,0.375442318620951,-0.0038530024625876846,0.0038530024625876846,52.02887727159572
2020-12-14,2174,0.3780053040348551,0.38,0.008103982443397294,0.37,0.4,0.37,0.39,5279,0,0.0,0.2776011,-0.25016606,0.25769815,0.0311279296875,0.1203308,0.3715893161583633,0.00641598787649178,0.00641598787649178,74.88175255165547
2020-12-15,2175,0.3860901685925364,0.38,0.006984152219274924,0.37,0.4,0.38,0.4,5279,0,0.0,0.47989,-0.44700882,0.44802412,0.1971149444580078,0.17457901,0.3780053040348551,0.008084864557681315,0.008084864557681315,84.91411501120238
2020-12-16,2176,0.37882742943739345,0.38,0.007013123144053241,0.37,0.4,0.37,0.39,5279,0,0.0,0.36355957,-0.31862617,0.32810834,0.1285533905029297,0.1750814,0.3860901685925364,-0.007262739155142972,0.007262739155142972,80.63231267114762
2020-12-17,2177,0.37538738397423754,0.37,0.007411571255644301,0.36,0.4,0.37,0.39,5279,0,0.0,0.22001262,-0.1777795,0.18919684,0.140899658203125,0.12961471,0.37882742943739345,-0.003440045463155905,0.003440045463155905,47.92133432910132
2020-12-18,2178,0.3795681000189429,0.38,0.00850008377261896,0.37,0.4,0.37,0.39,5279,0,0.0,0.28204188,-0.24517536,0.25086385,0.0673847198486328,0.13941467,0.37538738397423754,0.004180716044705379,0.004180716044705379,56.06173761513568
2020-12-19,2179,0.38239439287743887,0.38,0.006067356877497092,0.37,0.4,0.37,0.39,5279,0,0.0,0.49799702,-0.48178196,0.48178196,0.2365875244140625,0.12604068,0.3795681000189429,0.002826292858495949,0.002826292858495949,40.62733383121733
2020-12-20,2180,0.37775525667740106,0.38,0.006970560120743085,0.37,0.4,0.37,0.39,5279,0,0.0,0.46553433,-0.44477996,0.4470586,0.0369739532470703,0.13745429,0.38239439287743887,-0.004639136200037808,0.004639136200037808,59.8705501618123
2020-12-21,2181,0.3763743133169161,0.38,0.0108128122112368,0.36,0.4,0.36,0.39,5279,0,0.0,0.4255045,-0.3801753,0.38693157,0.0646038055419921,0.19110501,0.37775525667740106,-0.001380943360484943,0.001380943360484943,22.50435648493901
2020-12-22,2182,0.3793483614320895,0.38,0.010295486290010345,0.37,0.4,0.37,0.4,5279,0,0.0,0.22386907,-0.14786457,0.19066118,0.2322807312011718,0.16808738,0.3763743133169161,0.0029740481151733777,0.0029740481151733777,42.56908140403286
2020-12-23,2183,0.3778177685167646,0.38,0.008016613424395478,0.37,0.4,0.37,0.39,5279,0,0.0,0.19566187,-0.11629632,0.17092934,0.0317440032958984,0.15734875,0.3793483614320895,-0.0015305929153249243,0.0015305929153249243,24.271844660194176
2020-12-24,2184,0.3813923091494601,0.38,0.00602241389897569,0.37,0.4,0.37,0.39,5279,0,0.0,0.24168725,-0.17403632,0.21154018,0.0579547882080078,0.16770254,0.3778177685167646,0.003574540632695522,0.003574540632695522,49.19093851132686
2020-12-25,2185,0.38560901685925364,0.39,0.005764478477974797,0.37,0.4,0.38,0.39,5279,0,0.0,0.2191142,-0.17647529,0.19549629,0.002420425415039,0.12987486,0.3813923091494601,0.0042167077097935435,0.0042167077097935435,56.36046801095345
2020-12-26,2186,0.3892858495927259,0.39,0.007510902008403541,0.37,0.41000000000000003,0.38,0.4,5279,0,0.0028414472437961733,0.21067777,-0.09589285,0.17147468,0.0806617736816406,0.18758953,0.38560901685925364,0.003676832733472246,0.003676832733472246,50.33607169529499
2020-12-27,2187,0.38739534002652015,0.39,0.009247967121626096,0.37,0.41000000000000003,0.37,0.4,5279,0,0.008334911915135442,0.23165661,-0.15939543,0.19598469,0.063516616821289,0.16810115,0.3892858495927259,-0.0018905095662057336,0.0018905095662057336,28.802588996763756
2020-12-28,2188,0.3902007956052283,0.39,0.00812838772434272,0.38,0.41000000000000003,0.38,0.4,5279,0,0.02974048115173328,0.15526864,0.04196712,0.13179104,0.2013530731201172,0.14948967,0.38739534002652015,0.002805455578708149,0.002805455578708149,40.253920836445104
2020-12-29,2189,0.38939571888615265,0.39,0.0057703139155178985,0.38,0.4,0.38,0.4,5279,0,0.0,0.2523987,0.20421554,0.21315718,0.1622390747070312,0.14832838,0.3902007956052283,-0.000805076719075648,0.000805076719075648,13.318396813542444
2020-12-30,2190,0.3870941466186778,0.39,0.006560719486751812,0.38,0.4,0.38,0.4,5279,0,0.0,0.31854588,-0.26603064,0.27771753,0.4702281951904297,0.17521234,0.38939571888615265,-0.0023015722674748496,0.0023015722674748496,34.27931292008962
2020-12-31,2191,0.3824398560333397,0.38,0.009501444584542922,0.37,0.4,0.37,0.4,5279,0,0.0,0.33393052,-0.005244758,0.28643572,0.2606372833251953,0.3338893,0.3870941466186778,-0.004654290585338117,0.004654290585338117,59.995021160069705
2021-01-01,2192,0.37969312369767005,0.38,0.010838171935420143,0.37,0.4,0.37,0.4,5279,0,0.0,0.32996085,0.18602821,0.2729197,0.1914043426513672,0.27252138,0.3824398560333397,-0.0027467323356696327,0.0027467323356696327,39.55688324620363
2021-01-02,2193,0.3828187156658458,0.38,0.007394615557849049,0.37,0.4,0.37,0.4,5279,0,0.0,0.27271652,-0.022990016,0.24252799,0.2090511322021484,0.2717452,0.37969312369767005,0.003125591968175745,0.003125591968175745,44.560617376151356
2021-01-03,2194,0.388365220685736,0.39,0.0055939487526997685,0.38,0.41000000000000003,0.38,0.4,5279,0,0.0051146050388331124,0.47245637,-0.435302,0.435302,0.4123115539550781,0.18365264,0.3828187156658458,0.00554650501989018,0.00554650501989018,67.73711725168036
2021-01-04,2195,0.3877666224663762,0.39,0.006533874007294936,0.38,0.4,0.38,0.4,5279,0,0.0,0.3230786,-0.28753498,0.2896551,0.1477775573730468,0.1473208,0.388365220685736,-0.0005985982193597583,0.0005985982193597583,10.156833457804332
2021-01-05,2196,0.3889751846940709,0.39,0.009818930392407428,0.37,0.41000000000000003,0.38,0.41000000000000003,5279,0,0.0765296457662436,0.32089287,-0.28817248,0.28831103,0.0006389617919921,0.14116816,0.3877666224663762,0.001208562227694665,0.001208562227694665,19.84067712223052
2021-01-06,2197,0.39199469596514497,0.39,0.009260350531471145,0.38,0.41000000000000003,0.38,0.41000000000000003,5279,0,0.09945065353286607,0.31184372,-0.21421176,0.24817842,0.0740375518798828,0.22662711,0.3889751846940709,0.0030195112710740823,0.0030195112710740823,43.19143639531989
2021-01-07,2198,0.39314642924796367,0.39,0.005731866407713882,0.38,0.41000000000000003,0.39,0.4,5279,0,0.014207236218980868,0.44744226,-0.34431258,0.4176642,0.1303234100341797,0.28575045,0.39199469596514497,0.001151733282818701,0.001151733282818701,18.79512073686831
2021-01-08,2199,0.3891968175790871,0.39,0.0041926180749362815,0.38,0.4,0.38,0.4,5279,0,0.0,0.47967786,-0.32836083,0.42830604,0.016122817993164,0.34967214,0.39314642924796367,-0.003949611668876585,0.003949611668876585,53.42295245207866
2021-01-09,2200,0.3841390414851298,0.38,0.009412179133187912,0.37,0.4,0.37,0.4,5279,0,0.0,0.36944064,-0.31143925,0.31747985,0.0169143676757812,0.19872591,0.3891968175790871,-0.0050577760939573,0.0050577760939573,63.77893950709485
2021-01-10,2201,0.3785338132222012,0.38,0.010322069797217242,0.36,0.4,0.36,0.4,5279,0,0.0,0.2942629,-0.21025454,0.25630605,0.1011543273925781,0.20587295,0.3841390414851298,-0.0056052282629285854,0.0056052282629285854,68.28478964401295
2021-01-11,2202,0.38061375260466,0.38,0.00999347619706988,0.36,0.4,0.37,0.4,5279,0,0.0,0.29290164,-0.13204196,0.24785085,0.0781745910644531,0.26144996,0.3785338132222012,0.0020799393824588175,0.0020799393824588175,31.590739357729646
2021-01-12,2203,0.3879503693881417,0.39,0.0077249432616344465,0.37,0.4,0.38,0.4,5279,0,0.0,0.3002947,-0.17467996,0.25516412,0.0426082611083984,0.24426168,0.38061375260466,0.0073366167834816864,0.0073366167834816864,80.98083146626836
2021-01-13,2204,0.397113089600303,0.4,0.005287769013318532,0.39,0.41000000000000003,0.39,0.4,5279,0,0.03712824398560333,0.26799864,-0.19948803,0.23135015,0.0247821807861328,0.17896284,0.3879503693881417,0.009162720212161302,0.009162720212161302,90.39083893452825
2021-01-14,2205,0.3970789922333776,0.4,0.0074189190561607015,0.38,0.41000000000000003,0.39,0.41000000000000003,5279,0,0.12464481909452547,0.2542367,-0.18364783,0.22427961,0.0158138275146484,0.17581175,0.397113089600303,-3.409736692538967e-05,3.409736692538967e-05,1.4687577794373912
2021-01-15,2206,0.4044800151543853,0.41000000000000003,0.006927596783604625,0.39,0.41000000000000003,0.39,0.41000000000000003,5279,0,0.5643114226179201,0.28461507,0.12666583,0.22777116,0.3103160858154297,0.2548758,0.3970789922333776,0.007401022921007694,0.007401022921007694,81.27956186208614
2021-01-16,2207,0.40623981814737636,0.41000000000000003,0.005384626411927395,0.39,0.41000000000000003,0.4,0.41000000000000003,5279,0,0.6516385679105892,0.49892107,-0.087585896,0.4278865,0.2142219543457031,0.491174,0.4044800151543853,0.0017598029929910552,0.0017598029929910552,27.084889220811554
2021-01-17,2208,0.40245690471680234,0.4,0.004974531571281788,0.39,0.41000000000000003,0.4,0.41000000000000003,5279,0,0.2767569615457473,0.70237386,0.5608392,0.6630016,0.6484413146972656,0.42283216,0.40623981814737636,-0.0037829134305740197,0.0037829134305740197,51.356733881005724
2021-01-18,2209,0.38567152869861715,0.39,0.005654617405630045,0.38,0.4,0.38,0.39,5279,0,0.0,0.49689773,0.28588134,0.42729133,0.2750282287597656,0.40642145,0.40245690471680234,-0.016785376018185194,0.016785376018185194,99.65148120487926
2021-01-19,2210,0.3779617351771169,0.38,0.0068881171926104615,0.37,0.4,0.37,0.39,5279,0,0.0,0.37967888,0.22772653,0.30266276,0.0580997467041015,0.30380422,0.38567152869861715,-0.007709793521500252,0.007709793521500252,82.87279063978093
2021-01-20,2211,0.37473006251183943,0.37,0.007298344624909551,0.36,0.4,0.37,0.39,5279,0,0.0,0.27446342,0.13593347,0.21271043,0.091888427734375,0.238437,0.3779617351771169,-0.003231672665277463,0.003231672665277463,45.805327358725414
2021-01-21,2212,0.3764406137526047,0.37,0.008285709967124093,0.37,0.4,0.37,0.39,5279,0,0.0,0.19233172,0.10737884,0.14971209,0.0284175872802734,0.15956606,0.37473006251183943,0.0017105512407652457,0.0017105512407652457,26.487428429176003
2021-01-22,2213,0.37981435878007197,0.38,0.006237973032892703,0.37,0.39,0.37,0.39,5279,0,0.0,0.13068174,0.06568548,0.101165995,0.0417137145996093,0.11297405,0.3764406137526047,0.0033737450274672898,0.0033737450274672898,47.249190938511326
2021-01-23,2214,0.3783993180526615,0.38,0.007063351430018335,0.37,0.39,0.37,0.39,5279,0,0.0,0.14202708,0.055500664,0.11727288,0.0101051330566406,0.13073412,0.37981435878007197,-0.0014150407274104437,0.0014150407274104437,22.902663679362707
2021-01-24,2215,0.3776870619435499,0.38,0.008966894410262317,0.36,0.4,0.36,0.39,5279,0,0.0,0.16522811,0.10873662,0.13106303,0.0531063079833984,0.12440523,0.3783993180526615,-0.0007122561091116308,0.0007122561091116308,11.949215832710978
2021-01-25,2216,0.38446107217276,0.38,0.009259797168068441,0.37,0.4,0.37,0.4,5279,0,0.0,0.18457836,0.13589938,0.14667329,0.0271835327148437,0.124902405,0.3776870619435499,0.006774010229210092,0.006774010229210092,77.39606671645507
2021-01-26,2217,0.3874086001136579,0.39,0.004782633576576504,0.38,0.4,0.38,0.39,5279,0,0.0,0.18903385,0.10889923,0.14343856,0.0270042419433593,0.1545144,0.38446107217276,0.0029475279408979205,0.0029475279408979205,42.170774209609164
2021-01-27,2218,0.38085432847130135,0.38,0.0034393778042987586,0.37,0.39,0.38,0.39,5279,0,0.0,0.16111907,0.048303902,0.11867964,0.0605850219726562,0.15370779,0.3874086001136579,-0.006554271642356557,0.006554271642356557,75.77794373910879
2021-01-28,2219,0.38085432847130135,0.38,0.0032232984778297453,0.37,0.39,0.38,0.39,5279,0,0.0,0.13841803,-0.05385501,0.11002938,0.1022872924804687,0.12751155,0.38085432847130135,0.0,0.0,0.5227781926811054
2021-01-29,2220,0.38167645387383975,0.38,0.005965477865467841,0.37,0.4,0.37,0.39,5279,0,0.0,0.18515266,-0.1609843,0.16500643,0.1070384979248046,0.091463424,0.38085432847130135,0.0008221254025383984,0.0008221254025383984,13.61712720936022
2021-01-30,2221,0.38061754120098507,0.38,0.009279671166924054,0.37,0.4,0.37,0.4,5279,0,0.0,0.37996978,-0.32465026,0.3359668,0.1636581420898437,0.1974314,0.38167645387383975,-0.0010589126728546838,0.0010589126728546838,17.251680358476477
2021-01-31,2222,0.3805398749763213,0.38,0.009743454399768323,0.36,0.4,0.37,0.4,5279,0,0.0,0.36064854,-0.23209053,0.32262176,0.0925655364990234,0.2760454,0.38061754120098507,-7.766622466376383e-05,7.766622466376383e-05,2.3400547672392333
2021-02-01,2223,0.3847054366357264,0.38,0.007881449634206422,0.37,0.4,0.37,0.4,5279,0,0.0,0.43509504,-0.21789207,0.39789742,0.0143871307373046,0.376604,0.3805398749763213,0.004165561659405126,0.004165561659405126,55.912372417226784
2021-02-02,2224,0.3851505967039212,0.38,0.008159418378900801,0.37,0.41000000000000003,0.38,0.4,5279,0,0.0017048683462777042,0.3501286,0.097626746,0.28119615,0.3154163360595703,0.33624223,0.3847054366357264,0.00044516006819478315,0.00044516006819478315,8.115509086382874
2021-02-03,2225,0.3787516575108923,0.38,0.009760082997435863,0.37,0.4,0.37,0.4,5279,0,0.0,0.1757053,0.033268396,0.14777738,0.0644493103027343,0.17252672,0.3851505967039212,-0.0063989391930289186,0.0063989391930289186,74.75728155339806
2021-02-04,2226,0.3756146997537413,0.37,0.008025110941656631,0.36,0.39,0.37,0.39,5279,0,0.0,0.28769907,-0.10113938,0.24488269,0.1343822479248047,0.26933542,0.3787516575108923,-0.0031369577571510043,0.0031369577571510043,44.66019417475729
2021-02-05,2227,0.37607690850539877,0.38,0.006549573084259735,0.37,0.39,0.37,0.39,5279,0,0.0,0.30306777,-0.19163395,0.25718617,0.0904712677001953,0.23479074,0.3756146997537413,0.000462208751657478,0.000462208751657478,8.314662683594722
2021-02-06,2228,0.3854347414283008,0.39,0.0054738917501721525,0.38,0.4,0.38,0.39,5279,0,0.0,0.25294372,-0.10305381,0.20452203,0.0885753631591796,0.23099944,0.37607690850539877,0.009357832922902043,0.009357832922902043,90.83893452825492
2021-02-07,2229,0.37693313127486267,0.38,0.007468407862152335,0.37,0.39,0.37,0.39,5279,0,0.0,0.22055088,-0.14484636,0.1816473,0.041818618774414,0.1663194,0.3854347414283008,-0.008501610153438144,0.008501610153438144,87.07991038088126
2021-02-08,2230,0.3691816631937867,0.37,0.008860699073176081,0.36,0.39,0.36,0.38,5279,0,0.0,0.22605126,-0.17742817,0.19307299,0.0325736999511718,0.14006571,0.37693313127486267,-0.007751468081075963,0.007751468081075963,83.12173263629575
2021-02-09,2231,0.3755124076529646,0.37,0.0076183462834446295,0.36,0.4,0.37,0.39,5279,0,0.0,0.19678468,-0.16496049,0.17591602,0.012420654296875,0.10729538,0.3691816631937867,0.006330744459177917,0.006330744459177917,74.20960916106547
2021-02-10,2232,0.38372608448569806,0.38,0.005849147352571735,0.37,0.4,0.38,0.39,5279,0,0.0,0.46491218,-0.45661286,0.45661286,0.291635513305664,0.08745642,0.3755124076529646,0.00821367683273344,0.00821367683273344,85.6858352003983
2021-02-11,2233,0.3820325819283955,0.38,0.005303631624864154,0.37,0.4,0.38,0.39,5279,0,0.0,0.5526077,-0.5391203,0.5391203,0.0825119018554687,0.1213463,0.38372608448569806,-0.0016935025573025508,0.0016935025573025508,26.387851630570076
2021-02-12,2234,0.37711308960030315,0.38,0.007493174080232605,0.37,0.4,0.37,0.39,5279,0,0.0,0.3014415,-0.27215752,0.27242017,0.2669887542724609,0.12960407,0.3820325819283955,-0.004919492328092356,0.004919492328092356,62.434652725914866
2021-02-13,2235,0.3744156090168593,0.37,0.008116551927727299,0.36,0.39,0.36,0.39,5279,0,0.0,0.188751,-0.16856341,0.17127603,0.1035938262939453,0.08493121,0.37711308960030315,-0.0026974805834438786,0.0026974805834438786,39.05899925317401
2021-02-14,2236,0.3706535328660731,0.37,0.007521457737933093,0.36,0.39,0.36,0.38,5279,0,0.0,0.2965781,-0.28250593,0.28276742,0.1139678955078125,0.09027229,0.3744156090168593,-0.0037620761507861644,0.0037620761507861644,51.08289768483944
2021-02-15,2237,0.37677022163288504,0.38,0.006790679778259316,0.36,0.4,0.37,0.39,5279,0,0.0,0.24773547,-0.21664724,0.22407529,0.065866470336914,0.12015331,0.3706535328660731,0.0061166887668119285,0.0061166887668119285,72.29275578790141
2021-02-16,2238,0.38367114983898465,0.38,0.007348303165293978,0.37,0.4,0.37,0.39,5279,0,0.0,0.2525721,-0.08606678,0.2189879,0.1306133270263672,0.2374554,0.37677022163288504,0.00690092820609961,0.00690092820609961,78.44162310181729
2021-02-17,2239,0.3886702026899035,0.39,0.007705814934226852,0.38,0.4,0.38,0.4,5279,0,0.0,0.35797513,0.2014948,0.31809643,0.2875747680664062,0.29588172,0.38367114983898465,0.004999052850918839,0.004999052850918839,62.98232511824745
2021-02-18,2240,0.38620761507861334,0.39,0.007415323008468121,0.37,0.4,0.38,0.4,5279,0,0.0,0.4550736,0.39179456,0.41010812,0.1902446746826172,0.2314938,0.3886702026899035,-0.0024625876112901457,0.0024625876112901457,36.37042569081404
2021-02-19,2241,0.381477552566774,0.38,0.0071207895004893286,0.37,0.4,0.37,0.39,5279,0,0.0,0.35376227,0.30004779,0.3063179,0.0917606353759765,0.18740079,0.38620761507861334,-0.004730062511839328,0.004730062511839328,60.74184714961414
2021-02-20,2242,0.38564500852434175,0.39,0.005142020634226074,0.37,0.4,0.38,0.39,5279,0,0.0,0.43350732,0.3973161,0.3973161,0.0972824096679687,0.17340367,0.381477552566774,0.004167455957567734,0.004167455957567734,55.98705501618123
2021-02-21,2243,0.3853135063458988,0.39,0.005054282851833845,0.37,0.4,0.38,0.39,5279,0,0.0,0.16829087,-0.12820631,0.14776361,0.5254116058349609,0.10901825,0.38564500852434175,-0.00033150217844296614,0.00033150217844296614,6.348020911127707
2021-02-22,2244,0.37673044137147194,0.37,0.007613103952050892,0.37,0.4,0.37,0.39,5279,0,0.0,0.22524843,-0.20683572,0.20918138,0.0786399841308593,0.08919621,0.3853135063458988,-0.008583064974426846,0.008583064974426846,87.60268857356236
2021-02-23,2245,0.3711441560901686,0.37,0.008311619972121808,0.36,0.39,0.36,0.39,5279,0,0.0,0.25189587,-0.22836782,0.23289499,0.0215911865234375,0.10630096,0.37673044137147194,-0.005586285281303338,0.005586285281303338,68.16031864575554
2021-02-24,2246,0.37533434362568674,0.37,0.007246177029969774,0.37,0.4,0.37,0.39,5279,0,0.0,0.2965612,-0.276461,0.2788752,0.0481300354003906,0.10732185,0.3711441560901686,0.004190187535518142,0.004190187535518142,56.1613144137416
2021-02-25,2247,0.38150407274104947,0.38,0.00804959130286885,0.37,0.4,0.37,0.39,5279,0,0.0,0.2942476,-0.27430147,0.2756473,0.002227783203125,0.1064899,0.37533434362568674,0.006169729115362732,0.006169729115362732,72.98979337814289
2021-02-26,2248,0.38431142261792,0.38,0.005642504062582216,0.37,0.4,0.38,0.39,5279,0,0.0,0.28563055,-0.24554873,0.24736625,0.0286846160888671,0.14591314,0.38150407274104947,0.002807349876870535,0.002807349876870535,40.27881503609659
2021-02-27,2249,0.37491191513544236,0.37,0.006510138108263796,0.37,0.39,0.37,0.39,5279,0,0.0,0.17792688,-0.14303659,0.14865187,0.1026077270507812,0.105822906,0.38431142261792,-0.009399507482477643,0.009399507482477643,91.01319392581529
2021-02-28,2250,0.3728925932941845,0.37,0.0073182997320122255,0.36,0.39,0.36,0.39,5279,0,0.0,0.07374323,-0.031647254,0.05908922,0.1114025115966796,0.0666072,0.37491191513544236,-0.0020193218412578595,0.0020193218412578595,30.76923076923077
2021-03-01,2251,0.3751524910020838,0.37,0.007199853778999271,0.36,0.39,0.37,0.39,5279,0,0.0,0.07691096,-0.03239375,0.06215035,0.0008258819580078,0.069756255,0.3728925932941845,0.0022598977078993054,0.0022598977078993054,33.88100572566592
2021-03-02,2252,0.3765353286607312,0.38,0.006315130971133342,0.37,0.39,0.37,0.39,5279,0,0.0,0.14159723,-0.12519558,0.12851775,0.0928535461425781,0.066149965,0.3751524910020838,0.0013828376586473845,0.0013828376586473845,22.52925068459049
2021-03-03,2253,0.3792631180147755,0.38,0.007656104528785384,0.37,0.4,0.37,0.39,5279,0,0.0,0.18624824,0.14223541,0.14705776,0.2675018310546875,0.12023924,0.3765353286607312,0.00272778935404433,0.00272778935404433,39.43241224794623
2021-03-04,2254,0.3793142640651639,0.38,0.00839358620810122,0.37,0.4,0.37,0.39,5279,0,0.0,0.12994875,-0.009193701,0.10206955,0.1514434814453125,0.12962309,0.3792631180147755,5.114605038836206e-05,5.114605038836206e-05,1.8421707742096092
2021-03-05,2255,0.38077666224663764,0.38,0.009119356364445858,0.36,0.4,0.37,0.39,5279,0,0.0,0.18312855,-0.09253479,0.14872727,0.0833663940429687,0.1580296,0.3793142640651639,0.0014623981814737563,0.0014623981814737563,23.69927806821011
2021-03-06,2256,0.3832070467891646,0.38,0.007556125762143518,0.37,0.4,0.37,0.39,5279,0,0.0,0.31058452,-0.26129645,0.27811977,0.1687164306640625,0.16788869,0.38077666224663764,0.0024303845425269754,0.0024303845425269754,35.972118496390344
2021-03-07,2257,0.3847565826861148,0.39,0.006253806702084038,0.37,0.4,0.37,0.39,5279,0,0.0,0.5150092,-0.4260074,0.4460595,0.16473388671875,0.28939903,0.3832070467891646,0.0015495358969501716,0.0015495358969501716,24.52078665670899
2021-03-08,2258,0.3790130706573214,0.38,0.006900341900331806,0.37,0.4,0.37,0.39,5279,0,0.0,0.42467356,-0.35774195,0.36616275,0.0683193206787109,0.22884125,0.3847565826861148,-0.005743512028793363,0.005743512028793363,69.15608663181479
2021-03-09,2259,0.37510702784618305,0.37,0.007787119907833117,0.36,0.4,0.37,0.39,5279,0,0.0,0.25095713,-0.15564764,0.2161528,0.2020511627197265,0.19685873,0.3790130706573214,-0.003906042811138377,0.003906042811138377,52.62633806323127
2021-03-10,2260,0.37621140367493844,0.37,0.0076659276646351355,0.37,0.4,0.37,0.39,5279,0,0.0,0.19606979,-0.0852468,0.16798624,0.0704383850097656,0.17656827,0.37510702784618305,0.0011043758287553884,0.0011043758287553884,18.147871545929796
2021-03-11,2261,0.3801970070089032,0.38,0.006660595856840785,0.37,0.4,0.37,0.39,5279,0,0.0,0.1467165,-0.11171577,0.1219756,0.0265026092529296,0.09510686,0.37621140367493844,0.003985603333964749,0.003985603333964749,53.79636544685088
2021-03-12,2262,0.38207236218980867,0.38,0.007647375763000117,0.37,0.4,0.37,0.39,5279,0,0.0,0.33354038,-0.31205595,0.3128676,0.2004375457763672,0.11777165,0.3801970070089032,0.0018753551809054803,0.0018753551809054803,28.628329599203383
2021-03-13,2263,0.37736124265959464,0.38,0.007867318342767805,0.36,0.4,0.37,0.39,5279,0,0.0,0.40942746,-0.3960658,0.39609414,0.0839118957519531,0.103742525,0.38207236218980867,-0.004711119530214025,0.004711119530214025,60.54269355240229
2021-03-14,2264,0.3762057207804509,0.37,0.008185440565299174,0.36,0.4,0.37,0.39,5279,0,0.0,0.1439569,-0.102580175,0.12116275,0.2934780120849609,0.10099949,0.37736124265959464,-0.0011555218791437505,0.0011555218791437505,18.82001493651979
2021-03-15,2265,0.37560522826292864,0.37,0.007720261836885508,0.36,0.4,0.37,0.39,5279,0,0.0,0.1280993,-0.094764866,0.10962143,0.00775146484375,0.08619214,0.3762057207804509,-0.0006004925175222553,0.0006004925175222553,10.181727657455813
2021-03-16,2266,0.3804281113847319,0.38,0.006686672348354039,0.37,0.4,0.37,0.39,5279,0,0.0,0.17701326,-0.15310615,0.16008206,0.058298110961914,0.08883844,0.37560522826292864,0.00482288312180329,0.00482288312180329,61.389096340552655
2021-03-17,2267,0.38263686304224287,0.38,0.0065934187174047495,0.37,0.4,0.37,0.39,5279,0,0.0,0.25032172,-0.23449844,0.23512472,0.0813713073730468,0.08758668,0.3804281113847319,0.0022087516575109434,0.0022087516575109434,33.48269853124222
2021-03-18,2268,0.3745993559386247,0.38,0.008908276233577447,0.36,0.39,0.36,0.39,5279,0,0.0,0.3000236,-0.27905184,0.27956477,0.0445156097412109,0.11019945,0.38263686304224287,-0.008037507103618169,0.008037507103618169,84.6402788150361
2021-03-19,2269,0.37546126160257626,0.38,0.010955936716960204,0.36,0.4,0.36,0.39,5279,0,0.0,0.34964624,-0.3028791,0.31725374,0.02386474609375,0.17469127,0.3745993559386247,0.0008619056639515565,0.0008619056639515565,14.115011202389843
2021-03-20,2270,0.3808656942602766,0.38,0.008916949399551037,0.37,0.4,0.37,0.39,5279,0,0.0,0.358306,-0.30800578,0.31044418,0.0050773620605468,0.18307208,0.37546126160257626,0.005404432657700353,0.005404432657700353,66.7662434652726
2021-03-21,2271,0.38600303087706006,0.39,0.0053705988824099505,0.38,0.4,0.38,0.39,5279,0,0.0,0.22362621,-0.18798439,0.19894594,0.1199684143066406,0.1211223,0.3808656942602766,0.00513733661678345,0.00513733661678345,64.47597709733633
2021-03-22,2272,0.381598787649176,0.38,0.007574923888417387,0.37,0.4,0.37,0.39,5279,0,0.0,0.35992104,-0.33996338,0.3410856,0.1519908905029297,0.118184604,0.38600303087706006,-0.004404243227884075,0.004404243227884075,57.829225790390836
2021-03-23,2273,0.37949422239060426,0.38,0.007789978234786624,0.37,0.4,0.37,0.39,5279,0,0.0,0.45541424,-0.44297495,0.44406122,0.1030139923095703,0.105709255,0.381598787649176,-0.0021045652585717223,0.0021045652585717223,31.889469753547424
2021-03-24,2274,0.3730138283765865,0.37,0.006990237428607046,0.36,0.39,0.36,0.39,5279,0,0.0,0.524982,-0.5148035,0.5148035,0.0718135833740234,0.10287586,0.37949422239060426,-0.006480394014017787,0.006480394014017787,75.28005974607916
2021-03-25,2275,0.37548399318052667,0.37,0.007052134455848068,0.37,0.39,0.37,0.39,5279,0,0.0,0.44657207,-0.44185832,0.44185832,0.0729045867919921,0.064713776,0.3730138283765865,0.002470164803940189,0.002470164803940189,36.42021409011701
2021-03-26,2276,0.38109490433794285,0.38,0.007718177864285175,0.37,0.4,0.37,0.39,5279,0,0.0,0.42501804,-0.41618392,0.41618392,0.0256633758544921,0.08620331,0.37548399318052667,0.005610911157416187,0.005610911157416187,68.3345780433159
2021-03-27,2277,0.3847186967228642,0.38,0.005044925366324195,0.38,0.4,0.38,0.39,5279,0,0.0,0.18835424,-0.15382743,0.16185313,0.2624225616455078,0.10869453,0.38109490433794285,0.0036237923849213316,0.0036237923849213316,49.61413990540204
2021-03-28,2278,0.3778878575487782,0.38,0.00654808104312943,0.37,0.39,0.37,0.39,5279,0,0.0,0.18867545,-0.14889592,0.15528455,0.0049362182617187,0.11588152,0.3847186967228642,-0.006830839174086001,0.006830839174086001,77.81926811053025
2021-03-29,2279,0.3743928774389089,0.37,0.006928711389677312,0.36,0.39,0.37,0.39,5279,0,0.0,0.46127632,-0.4458707,0.4458707,0.296875,0.11821654,0.3778878575487782,-0.0034949801098692612,0.0034949801098692612,48.44411252178242
2021-03-30,2280,0.377351771168782,0.38,0.008280663061765278,0.36,0.4,0.37,0.39,5279,0,0.0,0.5886995,-0.5822639,0.5822639,0.1365032196044922,0.08681207,0.3743928774389089,0.002958893729873069,0.002958893729873069,42.27035100821509
2021-03-31,2281,0.38392309149460124,0.38,0.008740028552562278,0.37,0.4,0.37,0.4,5279,0,0.0,0.6117594,-0.6048815,0.6048815,0.0225658416748046,0.09146637,0.377351771168782,0.006571320325819252,0.006571320325819252,75.92730893701768
2021-04-01,2282,0.3842337563932563,0.38,0.007149998239636744,0.37,0.4,0.37,0.4,5279,0,0.0,0.51330847,-0.5032503,0.5032503,0.1015586853027343,0.101115465,0.38392309149460124,0.0003106648986550553,0.0003106648986550553,5.924819517052527
2021-04-02,2283,0.3799924228073499,0.38,0.008161094655788154,0.37,0.4,0.37,0.39,5279,0,0.0,0.43393636,-0.4112374,0.4112374,0.092041015625,0.13850793,0.3842337563932563,-0.004241333585906393,0.004241333585906393,56.60941000746826
2021-04-03,2284,0.3844042432278841,0.38,0.009737036397622141,0.37,0.41000000000000003,0.37,0.4,5279,0,0.00757719265012313,0.31746274,-0.28655744,0.28767976,0.1246414184570312,0.13662936,0.3799924228073499,0.004411820420534174,0.004411820420534174,57.953696788648244
2021-04-04,2285,0.38659973479825727,0.39,0.009290671806483264,0.37,0.41000000000000003,0.37,0.4,5279,0,0.002462587611290017,0.38076115,-0.3581981,0.36103955,0.0716915130615234,0.12912354,0.3844042432278841,0.002195491570373187,0.002195491570373187,33.159073935772966
2021-04-05,2286,0.38686683083917406,0.39,0.006756352655727114,0.37,0.4,0.38,0.4,5279,0,0.0,0.3738367,-0.34042284,0.34343266,0.0178737640380859,0.1544894,0.38659973479825727,0.0002670960409167922,0.0002670960409167922,5.028628329599203
2021-04-06,2287,0.39092062890699,0.39,0.004076502357922575,0.38,0.4,0.39,0.4,5279,0,0.0,0.35754043,-0.31564614,0.31818435,0.0247879028320312,0.16793692,0.38686683083917406,0.004053798067815917,0.004053798067815917,54.51829723674384
2021-04-07,2288,0.395167645387384,0.4,0.005316763472912114,0.38,0.4,0.39,0.4,5279,0,0.0,0.1741955,-0.044101983,0.13866466,0.2714195251464844,0.16852032,0.39092062890699,0.00424701648039405,0.00424701648039405,56.684092606422695
2021-04-08,2289,0.384093578329229,0.39,0.007566561020208871,0.37,0.4,0.37,0.39,5279,0,0.0,0.13944195,0.030358149,0.09774761,0.0745410919189453,0.13609736,0.395167645387384,-0.011074067058155002,0.011074067058155002,95.2452078665671
2021-04-09,2290,0.3783633263875734,0.38,0.006462316487093363,0.36,0.39,0.37,0.39,5279,0,0.0,0.17515992,-0.08327622,0.14934202,0.1135578155517578,0.15409765,0.384093578329229,-0.005730251941655606,0.005730251941655606,69.05650983320886
2021-04-10,2291,0.38302519416556163,0.38,0.005269541863234098,0.37,0.4,0.38,0.39,5279,0,0.0,0.1980584,-0.029333243,0.16243131,0.05389404296875,0.19587407,0.3783633263875734,0.004661867777988216,0.004661867777988216,60.06970375902415
2021-04-11,2292,0.3822409547262739,0.38,0.007814741505992998,0.37,0.4,0.37,0.4,5279,0,0.0,0.25849444,0.0033159044,0.21519874,0.0326614379882812,0.25847304,0.38302519416556163,-0.0007842394392877372,0.0007842394392877372,13.094349016679113
2021-04-12,2293,0.3760181852623603,0.37,0.009428671156799757,0.36,0.4,0.36,0.39,5279,0,0.0,0.20326912,-0.04587754,0.16318133,0.0491943359375,0.19802421,0.3822409547262739,-0.006222769463913591,0.006222769463913591,73.43788897186955
2021-04-13,2294,0.37616594051903773,0.37,0.008255700426101931,0.36,0.4,0.37,0.39,5279,0,0.0,0.14755856,0.010122196,0.11677729,0.0560684204101562,0.14721102,0.3760181852623603,0.00014775525667742873,0.00014775525667742873,3.5349763505103313
2021-04-14,2295,0.382983519605986,0.38,0.005921593629508595,0.37,0.4,0.37,0.39,5279,0,0.0,0.17095579,-0.1169461,0.14737518,0.1270179748535156,0.12469767,0.37616594051903773,0.0068175790869482444,0.0068175790869482444,77.69479711227284
2021-04-15,2296,0.3837677590452737,0.38,0.0049310316791731194,0.37,0.4,0.38,0.39,5279,0,0.0,0.45808023,-0.43509313,0.43509313,0.3183956146240234,0.14328757,0.382983519605986,0.0007842394392877372,0.0007842394392877372,13.094349016679113
2021-04-16,2297,0.37592536465239634,0.37,0.006726528212286669,0.37,0.39,0.37,0.39,5279,0,0.0,0.40773258,-0.3964292,0.3964292,0.0387172698974609,0.09533843,0.3837677590452737,-0.007842394392877372,0.007842394392877372,83.64451082897685
2021-04-17,2298,0.37602576245501046,0.37,0.007301330899577023,0.37,0.39,0.37,0.39,5279,0,0.0,0.23637502,-0.18723044,0.20065524,0.2092838287353515,0.14428408,0.37592536465239634,0.00010039780261411613,0.00010039780261411613,2.813044560617376
2021-04-18,2299,0.3825686683083917,0.38,0.00838964960214162,0.37,0.4,0.37,0.4,5279,0,0.0,0.1396229,-0.09143227,0.12277479,0.0957107543945312,0.10552086,0.37602576245501046,0.006542905853381242,0.006542905853381242,75.57879014189693
2021-04-19,2300,0.39906611100587236,0.4,0.006314602507100854,0.38,0.41000000000000003,0.39,0.41000000000000003,5279,0,0.15362758098124646,0.15778513,-0.102713846,0.13312438,0.0112686157226562,0.11977482,0.3825686683083917,0.016497442697480658,0.016497442697480658,99.55190440627334
2021-04-20,2301,0.40549346467133934,0.41000000000000003,0.0053745755750995985,0.39,0.41000000000000003,0.4,0.41000000000000003,5279,0,0.5699943171055124,0.33833838,-0.2973746,0.2977141,0.194681167602539,0.16137311,0.39906611100587236,0.006427353665466984,0.006427353665466984,74.98132935026139
2021-04-21,2302,0.39562606554271645,0.4,0.005889457374061469,0.38,0.41000000000000003,0.39,0.4,5279,0,0.028225042621708656,0.3450284,0.27242824,0.28551582,0.5698738098144531,0.21172473,0.40549346467133934,-0.009867399128622889,0.009867399128622889,92.23300970873787
2021-04-22,2303,0.3872286417882174,0.39,0.008289548754718322,0.37,0.4,0.38,0.4,5279,0,0.0,0.3720889,0.3085765,0.30977446,0.036163330078125,0.20792042,0.39562606554271645,-0.008397423754499034,0.008397423754499034,86.58202638785163
2021-04-23,2304,0.38120856222769467,0.38,0.009051319376554722,0.37,0.4,0.37,0.4,5279,0,0.0,0.15525372,0.025590848,0.12642977,0.2829761505126953,0.15313008,0.3872286417882174,-0.006020079560522751,0.006020079560522751,71.54592979835698
2021-04-24,2305,0.3876756961545747,0.39,0.00805809545791742,0.37,0.4,0.38,0.4,5279,0,0.0,0.20159543,-0.17722405,0.17796455,0.2028694152832031,0.096085474,0.38120856222769467,0.006467133926880031,0.006467133926880031,75.18048294747324
2021-04-25,2306,0.3837848077287365,0.38,0.005086475937758841,0.38,0.4,0.38,0.39,5279,0,0.0,0.21594803,-0.19897959,0.20261899,0.0217170715332031,0.08390926,0.3876756961545747,-0.0038908884258381793,0.0038908884258381793,52.452078665670896
2021-04-26,2307,0.3746921765485888,0.37,0.00629325023052478,0.37,0.39,0.37,0.39,5279,0,0.0,0.118252836,-0.08246669,0.09984983,0.1164703369140625,0.084752426,0.3837848077287365,-0.009092631180147748,0.009092631180147748,90.24147373661937
2021-04-27,2308,0.37067247584769847,0.37,0.00781138602351633,0.36,0.39,0.36,0.38,5279,0,0.0,0.17824143,0.11268087,0.14268743,0.1952724456787109,0.13810493,0.3746921765485888,-0.004019700700890305,0.004019700700890305,54.16977844162311
2021-04-28,2309,0.3768554650501989,0.38,0.007114477019480256,0.37,0.39,0.37,0.39,5279,0,0.0,0.2835429,0.2398975,0.24039675,0.1270885467529297,0.15114848,0.37067247584769847,0.006182989202500433,0.006182989202500433,73.16405277570325
2021-04-29,2310,0.3856620572078045,0.39,0.005349343728104414,0.38,0.4,0.38,0.39,5279,0,0.0,0.63596463,0.6029295,0.6029295,0.3632698059082031,0.20230655,0.3768554650501989,0.008806592157605597,0.008806592157605597,88.89718695543938
2021-04-30,2311,0.39108164425080516,0.39,0.00366021837935417,0.38,0.4,0.39,0.4,5279,0,0.0,0.69689864,0.65269536,0.65269536,0.0494976043701171,0.24424331,0.3856620572078045,0.005419587043000662,0.005419587043000662,66.94050286283296
2021-05-01,2312,0.3923489297215382,0.39,0.006208373734219025,0.38,0.41000000000000003,0.38,0.4,5279,0,0.017238113279030118,0.31145445,0.2502816,0.2602114,0.4023628234863281,0.18537243,0.39108164425080516,0.001267285470733015,0.001267285470733015,20.736868309683842
2021-05-02,2313,0.3874029172191703,0.39,0.0058473023114773304,0.37,0.4,0.38,0.4,5279,0,0.0,0.3164187,0.15565166,0.25266013,0.0945320129394531,0.2754873,0.3923489297215382,-0.004946012502367869,0.004946012502367869,62.608912123475235
2021-05-03,2314,0.39112710740670587,0.39,0.006654885401163139,0.38,0.4,0.38,0.4,5279,0,0.0,0.2921604,0.06344846,0.24170119,0.0923671722412109,0.28518784,0.3874029172191703,0.0037241901875355587,0.0037241901875355587,50.68459049041574
2021-05-04,2315,0.38945823072551633,0.39,0.0035585791384955693,0.38,0.4,0.38,0.39,5279,0,0.0,0.17823654,0.14684603,0.15111302,0.0834980010986328,0.101017326,0.39112710740670587,-0.001668876681189535,0.001668876681189535,26.114015434403782
2021-05-05,2316,0.38850161015343815,0.39,0.005161673647792432,0.37,0.4,0.38,0.4,5279,0,0.0,0.21190768,0.1434644,0.16886543,0.0032520294189453,0.15595797,0.38945823072551633,-0.0009566205720781817,0.0009566205720781817,15.758028379387603
2021-05-06,2317,0.3920193218412579,0.39,0.004793007100178213,0.38,0.4,0.39,0.4,5279,0,0.0,0.25007588,0.18520972,0.20912413,0.0415973663330078,0.16803367,0.38850161015343815,0.0035177116878197245,0.0035177116878197245,48.593477719691315
2021-05-07,2318,0.3883387005114605,0.39,0.00785995053462821,0.37,0.4,0.38,0.4,5279,0,0.0,0.1555854,-0.092639945,0.13123348,0.277923583984375,0.12499865,0.3920193218412579,-0.003680621329797351,0.003680621329797351,50.360965894946474
2021-05-08,2319,0.3823887099829513,0.38,0.007877379633550417,0.37,0.4,0.37,0.4,5279,0,0.0,0.16631337,-0.13351205,0.14455318,0.0408573150634765,0.09916956,0.3883387005114605,-0.005949990528509197,0.005949990528509197,70.99825740602441
2021-05-09,2320,0.38444402348929724,0.38,0.005304574702589533,0.37,0.4,0.38,0.39,5279,0,0.0,0.24246086,-0.2169942,0.22288963,0.083343505859375,0.10816961,0.3823887099829513,0.0020553135063459127,0.0020553135063459127,31.267114762260395
2021-05-10,2321,0.3835044516006819,0.38,0.004915802643065528,0.38,0.4,0.38,0.39,5279,0,0.0,0.18775444,-0.15605827,0.16559446,0.0607967376708984,0.10439142,0.38444402348929724,-0.0009395718886153204,0.0009395718886153204,15.434403783918347
2021-05-11,2322,0.3766660352339458,0.38,0.007441407423568466,0.37,0.39,0.37,0.39,5279,0,0.0,0.17130528,-0.0009956006,0.12910171,0.1549663543701172,0.17130224,0.3835044516006819,-0.0068384163667361,0.0068384163667361,77.86905650983321
2021-05-12,2323,0.3748153059291533,0.37,0.007227986001690749,0.36,0.39,0.37,0.39,5279,0,0.0,0.2783986,0.2165957,0.22320576,0.2177371978759765,0.17490563,0.3766660352339458,-0.00185072930479252,0.00185072930479252,28.25491660443117
2021-05-13,2324,0.37651827997726844,0.37,0.007429736360036884,0.37,0.4,0.37,0.39,5279,0,0.0,0.24472901,0.17228793,0.19592625,0.0446815490722656,0.173808,0.3748153059291533,0.0017029740481151467,0.0017029740481151467,26.437640029873037
2021-05-14,2325,0.38460882742943736,0.38,0.005714148444839907,0.38,0.4,0.38,0.39,5279,0,0.0,0.18184443,0.06904152,0.15460749,0.1028099060058593,0.16822802,0.37651827997726844,0.008090547452168917,0.008090547452168917,84.93900921085387
2021-05-15,2326,0.39121803371850733,0.39,0.006672997544466211,0.38,0.41000000000000003,0.38,0.4,5279,0,0.010229210077666225,0.31933305,0.18808562,0.2880246,0.1189689636230468,0.25806475,0.38460882742943736,0.006609206289069969,0.006609206289069969,76.20114513318397
2021-05-16,2327,0.3938662625497254,0.39,0.007130286746077298,0.38,0.41000000000000003,0.38,0.4,5279,0,0.04773631369577572,0.17197391,0.08526811,0.14787818,0.1027278900146484,0.14934656,0.39121803371850733,0.002648228831218069,0.002648228831218069,38.51132686084142
2021-05-17,2328,0.3938927827240008,0.39,0.008476517992003569,0.37,0.41000000000000003,0.38,0.41000000000000003,5279,0,0.0748247774199659,0.24368052,0.14411893,0.18582954,0.0586185455322265,0.19649471,0.3938662625497254,2.6520174275401764e-05,2.6520174275401764e-05,1.3193925815285037
2021-05-18,2329,0.39456336427353667,0.4,0.008083769536579744,0.37,0.41000000000000003,0.38,0.4,5279,0,0.018564121992801667,0.3919831,0.30544418,0.3080559,0.1615180969238281,0.2456717,0.3938927827240008,0.0006705815495358647,0.0006705815495358647,11.401543440378392
2021-05-19,2330,0.3926766433036559,0.39,0.00808974840120498,0.38,0.41000000000000003,0.38,0.4,5279,0,0.022921007766622467,0.3692597,0.3010664,0.30872038,0.004495620727539,0.21380247,0.39456336427353667,-0.0018867209698807397,0.0018867209698807397,28.75280059746079
2021-05-20,2331,0.39404811517332833,0.39,0.007175337393248303,0.38,0.41000000000000003,0.38,0.41000000000000003,5279,0,0.05758666414093579,0.47875062,0.4283737,0.43119213,0.1273822784423828,0.21377192,0.3926766433036559,0.0013714718696724026,0.0013714718696724026,22.35499128703012
2021-05-21,2332,0.39708088653154006,0.4,0.006335873764025896,0.39,0.41000000000000003,0.39,0.41000000000000003,5279,0,0.09736692555408222,0.68991506,0.6532243,0.6532243,0.2248096466064453,0.22199242,0.39404811517332833,0.0030327713582117277,0.0030327713582117277,43.36569579288026
2021-05-22,2333,0.40522636863042244,0.41000000000000003,0.005602621796602497,0.39,0.41000000000000003,0.4,0.41000000000000003,5279,0,0.5548399318052661,0.84968853,0.8288243,0.8288243,0.1756248474121093,0.18714248,0.39708088653154006,0.008145482098882384,0.008145482098882384,85.21284540702017
2021-05-23,2334,0.4034173138852055,0.4,0.005640483279089506,0.39,0.41000000000000003,0.4,0.41000000000000003,5279,0,0.38833112331881037,1.0718824,1.0572582,1.0572582,0.2284374237060547,0.17646378,0.40522636863042244,-0.0018090547452169203,0.0018090547452169203,27.806821010704507
2021-05-24,2335,0.39408221254025394,0.39,0.006324080867405958,0.38,0.41000000000000003,0.39,0.4,5279,0,0.04148512975942413,0.48102775,0.4446785,0.4446785,0.6126499176025391,0.18343264,0.4034173138852055,-0.00933510134495158,0.00933510134495158,90.76425192930047
2021-05-25,2336,0.38339458230725515,0.38,0.009495406064193504,0.37,0.4,0.37,0.4,5279,0,0.0,0.33367273,0.29740655,0.29908517,0.1472702026367187,0.15128359,0.39408221254025394,-0.01068763023299879,0.01068763023299879,94.62285287528006
2021-05-26,2337,0.38338700511460505,0.38,0.010155453470266694,0.36,0.41000000000000003,0.37,0.4,5279,0,0.003978026141314643,0.263664,0.2314536,0.23211512,0.0661182403564453,0.12628573,0.38339458230725515,-7.5771926500989295e-06,7.5771926500989295e-06,0.8712969878018421
2021-05-27,2338,0.382187914377723,0.38,0.007241531479307935,0.37,0.4,0.37,0.39,5279,0,0.0,0.16797473,0.07761172,0.13631964,0.1535892486572265,0.14896965,0.38338700511460505,-0.0011990907368820691,0.0011990907368820691,19.61662932536719
2021-05-28,2339,0.3818071604470543,0.38,0.004049319207678226,0.37,0.4,0.38,0.39,5279,0,0.0,0.14711976,-0.010826265,0.1185713,0.088418960571289,0.14672093,0.382187914377723,-0.0003807539306686647,0.0003807539306686647,7.119741100323624
2021-05-29,2340,0.384707330933889,0.38,0.005551986589036198,0.38,0.4,0.38,0.39,5279,0,0.0,0.3074854,0.26420057,0.27167827,0.2750282287597656,0.15730704,0.3818071604470543,0.0029001704868346634,0.0029001704868346634,41.54841921832213
2021-05-30,2341,0.3838397423754498,0.38,0.00605381595686841,0.37,0.4,0.38,0.39,5279,0,0.0,0.18834431,0.008980633,0.15414207,0.2553520202636719,0.18812999,0.384707330933889,-0.0008675885584391585,0.0008675885584391585,14.264376400298731
2021-05-31,2342,0.37808865315400647,0.38,0.007628603295554215,0.37,0.4,0.37,0.39,5279,0,0.0,0.23875608,-0.20466636,0.20782174,0.2135162353515625,0.12294766,0.3838397423754498,-0.005751089221443351,0.005751089221443351,69.23076923076923
2021-06-01,2343,0.37883311233188105,0.38,0.00816123711465342,0.37,0.4,0.37,0.39,5279,0,0.0,0.20327565,0.036228023,0.1592002,0.2409038543701172,0.20002109,0.37808865315400647,0.000744459177874579,0.000744459177874579,12.471994025392084
2021-06-02,2344,0.38671718128433413,0.39,0.007034253750766909,0.38,0.4,0.38,0.4,5279,0,0.0,0.44055632,0.3272918,0.3678738,0.2910652160644531,0.294907,0.37883311233188105,0.007884068952453083,0.007884068952453083,83.99302962409759
2021-06-03,2345,0.38555976510702783,0.39,0.005723318372879085,0.38,0.4,0.38,0.39,5279,0,0.0,0.20250814,-0.070019096,0.16767086,0.3974514007568359,0.19001809,0.38671718128433413,-0.001157416177306303,0.001157416177306303,18.919591735125714
2021-06-04,2346,0.3792839552945634,0.38,0.0076072037799059244,0.37,0.4,0.37,0.39,5279,0,0.0,0.14485537,-0.05610081,0.1065578,0.0140419006347656,0.13355076,0.38555976510702783,-0.00627580981246445,0.00627580981246445,73.83619616629325
2021-06-05,2347,0.3811460503883311,0.38,0.00803674073128231,0.37,0.4,0.37,0.39,5279,0,0.0,0.16447122,-0.07719395,0.12378466,0.0211353302001953,0.14523044,0.3792839552945634,0.0018620950937677239,0.0018620950937677239,28.404281802340055
2021-06-06,2348,0.3841485129759424,0.38,0.0053579499389396715,0.38,0.4,0.38,0.39,5279,0,0.0,0.16928943,-0.11578952,0.12880398,0.0385189056396484,0.12349779,0.3811460503883311,0.0030024625876112765,0.0030024625876112765,42.9176001991536
2021-06-07,2349,0.38345519984845616,0.38,0.004919837695322477,0.38,0.4,0.38,0.39,5279,0,0.0,0.19038625,-0.0690462,0.14166868,0.0466823577880859,0.1774248,0.3841485129759424,-0.000693313127486217,0.000693313127486217,11.700273836196166
2021-06-08,2350,0.38499336995643113,0.38,0.005799823761431265,0.38,0.4,0.38,0.39,5279,0,0.0,0.19979326,-0.12780353,0.15896851,0.0588150024414062,0.15356952,0.38345519984845616,0.0015381701079749677,0.0015381701079749677,24.34652725914862
2021-06-09,2351,0.39644250805076714,0.4,0.004818947834276358,0.39,0.41000000000000003,0.39,0.4,5279,0,0.0015154385300246258,0.2228223,0.1490653,0.17354684,0.2769985198974609,0.16561778,0.38499336995643113,0.011449138094336009,0.011449138094336009,95.84266865820264
2021-06-10,2352,0.40163667361242666,0.4,0.004549388839395504,0.39,0.41000000000000003,0.4,0.41000000000000003,5279,0,0.19871187724947906,0.5082159,0.4961061,0.4961061,0.3469467163085937,0.11028156,0.39644250805076714,0.005194165561659525,0.005194165561659525,65.0485436893204
2021-06-11,2353,0.4039666603523395,0.4,0.0064605426939508895,0.38,0.41000000000000003,0.39,0.41000000000000003,5279,0,0.4847508997916272,0.76808035,0.7424483,0.7424483,0.2464046478271484,0.1967714,0.40163667361242666,0.0023299867399128593,0.0023299867399128593,34.65272591486184
2021-06-12,2354,0.40264444023489304,0.4,0.008194496075143007,0.38,0.41000000000000003,0.39,0.41000000000000003,5279,0,0.48778177685167645,0.9721758,0.9483476,0.9483476,0.2057952880859375,0.21393403,0.4039666603523395,-0.001322220117446482,0.001322220117446482,21.583271097834206
2021-06-13,2355,0.4051070278461831,0.41000000000000003,0.006371621606733654,0.38,0.41000000000000003,0.39,0.41000000000000003,5279,0,0.5879901496495549,0.9376967,0.9208986,0.9208986,0.0274200439453125,0.17669964,0.40264444023489304,0.0024625876112900347,0.0024625876112900347,36.34553149116256
2021-06-14,2356,0.4096817579086948,0.41000000000000003,0.0017553184566834108,0.4,0.41000000000000003,0.41000000000000003,0.41000000000000003,5279,0,0.9681757908694829,0.66934764,0.6413522,0.6413522,0.2795028686523437,0.19155233,0.4051070278461831,0.004574730062511745,0.004574730062511745,59.1984067712223
2021-06-15,2357,0.4099753741238871,0.41000000000000003,0.0004956332589270763,0.4,0.41000000000000003,0.41000000000000003,0.41000000000000003,5279,0,0.99753741238871,0.35044086,0.2743804,0.30258352,0.3670101165771484,0.21800096,0.4096817579086948,0.00029361621519230496,0.00029361621519230496,5.675877520537715
2021-06-16,2358,0.4099981057018375,0.41000000000000003,0.0001376204681716324,0.4,0.41000000000000003,0.41000000000000003,0.41000000000000003,5279,0,0.999810570183747,0.33875367,-0.26839793,0.2761339,0.542633056640625,0.20667972,0.4099753741238871,2.27315779503523e-05,2.27315779503523e-05,1.219815782922579
2021-06-17,2359,0.4099886342110248,0.41000000000000003,0.00033694021516111536,0.4,0.41000000000000003,0.41000000000000003,0.41000000000000003,5279,0,0.9988634211024815,0.31671992,-0.28661302,0.28662667,0.0183830261230468,0.13477609,0.4099981057018375,-9.471490812651417e-06,9.471490812651417e-06,0.8961911874533234
2021-06-18,2360,0.39948664519795424,0.4,0.0043503686319268774,0.39,0.41000000000000003,0.39,0.41000000000000003,5279,0,0.07027846182989203,0.21296678,-0.13567138,0.18155877,0.151010513305664,0.16415909,0.4099886342110248,-0.01050198901307059,0.01050198901307059,94.00049788399303
2021-06-19,2361,0.38405758666414097,0.38,0.00609463932178163,0.37,0.4,0.38,0.39,5279,0,0.0,0.22993216,0.056205805,0.17730981,0.1918239593505859,0.22295655,0.39948664519795424,-0.015429058533813267,0.015429058533813267,99.25317401045557
2021-06-20,2362,0.37827050577760946,0.38,0.00783797998481685,0.37,0.39,0.37,0.39,5279,0,0.0,0.2348984,0.12670742,0.17255524,0.0705757141113281,0.19779386,0.38405758666414097,-0.005787080886531515,0.005787080886531515,69.57928802588997
2021-06-21,2363,0.38159121045652583,0.38,0.004928621639411844,0.37,0.4,0.37,0.39,5279,0,0.0,0.45826787,0.4049956,0.40607852,0.2782573699951172,0.21444821,0.37827050577760946,0.0033207046789163752,0.0033207046789163752,46.57704754792134
2021-06-22,2364,0.38254593673044135,0.38,0.004373684639066437,0.38,0.4,0.38,0.39,5279,0,0.0,0.23482859,0.14502816,0.18488981,0.2599163055419922,0.18469274,0.38159121045652583,0.0009547262739155182,0.0009547262739155182,15.733134179736123
2021-06-23,2365,0.38229778367114986,0.38,0.005929878242479303,0.37,0.4,0.37,0.39,5279,0,0.0,0.14975856,0.054891996,0.11255063,0.0901641845703125,0.13933583,0.38254593673044135,-0.00024815305929148934,0.00024815305929148934,4.829474732387354
2021-06-24,2366,0.3785470733093389,0.38,0.008651840172771938,0.37,0.4,0.37,0.39,5279,0,0.0,0.30582923,-0.24509045,0.27649418,0.3000640869140625,0.18292709,0.38229778367114986,-0.0037507103618109605,0.0037507103618109605,51.00821508588499
2021-06-25,2367,0.37944875923470356,0.38,0.007837812879595537,0.37,0.4,0.37,0.39,5279,0,0.0,0.36147705,-0.2853241,0.32162455,0.0401210784912109,0.22193712,0.3785470733093389,0.0009016859253646592,0.0009016859253646592,14.787154592979837
2021-06-26,2368,0.38873460882742944,0.39,0.005007045367161551,0.38,0.4,0.38,0.4,5279,0,0.0,0.3780183,-0.3154791,0.33632573,0.0302467346191406,0.2082571,0.37944875923470356,0.009285849592725881,0.009285849592725881,90.58999253174011
2021-06-27,2369,0.39458988444781207,0.4,0.006874612387489068,0.38,0.41000000000000003,0.38,0.4,5279,0,0.018753551809054744,0.25403184,-0.060701914,0.20481974,0.2547950744628906,0.24667263,0.38873460882742944,0.005855275620382627,0.005855275620382627,70.0522778192681
2021-06-28,2370,0.39069331312748623,0.39,0.009597531510329103,0.37,0.41000000000000003,0.37,0.4,5279,0,0.021784428869104,0.39383632,0.285346,0.30090803,0.3460159301757812,0.2714489,0.39458988444781207,-0.0038965713203258368,0.0038965713203258368,52.576549663928304
2021-06-29,2371,0.39123697670013263,0.39,0.007591364848244714,0.37,0.41000000000000003,0.38,0.4,5279,0,0.00037885963250615644,0.42781582,0.34110692,0.3519716,0.0558452606201171,0.25821,0.39069331312748623,0.0005436635726464023,0.0005436635726464023,9.385113268608414
2021-06-30,2372,0.39752036370524724,0.4,0.007997460774583956,0.39,0.41000000000000003,0.39,0.41000000000000003,5279,0,0.22655806023868158,0.41089422,0.2910008,0.32999474,0.0500221252441406,0.2900909,0.39123697670013263,0.006283387005114605,0.006283387005114605,73.9108787652477
2021-07-01,2373,0.3988691039969691,0.4,0.00528678492830745,0.39,0.41000000000000003,0.39,0.41000000000000003,5279,0,0.089600303087706,0.3887071,0.045718852,0.34470963,0.2454090118408203,0.38600907,0.39752036370524724,0.0013487402917218838,0.0013487402917218838,22.056260891212347
2021-07-02,2374,0.3895453684409926,0.39,0.006230236937203007,0.38,0.4,0.38,0.4,5279,0,0.0,0.14472446,0.008183346,0.115832694,0.0375041961669921,0.14449282,0.3988691039969691,-0.009323735555976542,0.009323735555976542,90.71446352999752
2021-07-03,2375,0.37603333964766056,0.37,0.007229862355815178,0.37,0.39,0.37,0.39,5279,0,0.0,0.1841078,0.05685296,0.14015622,0.0486698150634765,0.1751098,0.3895453684409926,-0.01351202879333202,0.01351202879333202,98.25740602439632
2021-07-04,2376,0.3757832922902065,0.37,0.007408417753127099,0.36,0.4,0.37,0.39,5279,0,0.0,0.23300624,0.08643377,0.18795791,0.0295619964599609,0.21638191,0.37603333964766056,-0.00025004735745404183,0.00025004735745404183,4.854368932038835
2021-07-05,2377,0.38021973858685365,0.38,0.007900991605723481,0.37,0.4,0.37,0.39,5279,0,0.0,0.1773993,0.07887445,0.13522516,0.0075149536132812,0.15890038,0.3757832922902065,0.004436446296647134,0.004436446296647134,58.22753298481453
2021-07-06,2378,0.38692365978404997,0.39,0.007337818168059741,0.37,0.4,0.38,0.4,5279,0,0.0,0.19723769,0.0597953,0.15329382,0.019073486328125,0.18795559,0.38021973858685365,0.006703921197196316,0.006703921197196316,76.99775952203136
2021-07-07,2379,0.38336048494032954,0.38,0.005156850222416161,0.38,0.4,0.38,0.39,5279,0,0.0,0.2808465,0.0330968,0.22784829,0.0267295837402343,0.2788895,0.38692365978404997,-0.003563174843720429,0.003563174843720429,49.09136171272094
2021-07-08,2380,0.38294752794089787,0.38,0.005660343587807906,0.37,0.4,0.37,0.39,5279,0,0.0,0.34282953,0.11396234,0.27979502,0.0809078216552734,0.32333404,0.38336048494032954,-0.0004129569994316684,0.0004129569994316684,7.592730893701767
2021-07-09,2381,0.38814927069520744,0.39,0.004720214730912648,0.38,0.4,0.38,0.39,5279,0,0.0,0.20456147,0.07354676,0.17275189,0.0404529571533203,0.19088265,0.38294752794089787,0.0052017427543095685,0.0052017427543095685,65.17301468757779
2021-07-10,2382,0.3899621140367495,0.39,0.0022779248493141574,0.38,0.4,0.39,0.39,5279,0,0.0,0.6684645,-0.6243268,0.6243268,0.6979103088378906,0.23887292,0.38814927069520744,0.0018128433415420808,0.0018128433415420808,27.90639780931043
2021-07-11,2383,0.3852453116120477,0.38,0.005645613650247178,0.38,0.4,0.38,0.39,5279,0,0.0,0.7739149,-0.7447782,0.7447782,0.1204471588134765,0.21035591,0.3899621140367495,-0.004716802424701794,0.004716802424701794,60.61737615135674
2021-07-12,2384,0.3821935972722107,0.38,0.008938744030104383,0.37,0.4,0.37,0.4,5279,0,0.0,0.19625683,-0.13721387,0.1587567,0.6076507568359375,0.14031775,0.3852453116120477,-0.0030517143398370306,0.0030517143398370306,43.515060990789145
2021-07-13,2385,0.38417503315021784,0.38,0.010582416957325265,0.37,0.4,0.37,0.4,5279,0,0.0,0.19314231,0.119939744,0.1586938,0.2570838928222656,0.1513884,0.3821935972722107,0.001981435878007143,0.001981435878007143,30.121981578292257
2021-07-14,2386,0.3863648418261034,0.39,0.007274309170271955,0.37,0.41000000000000003,0.38,0.4,5279,0,0.0009471490812653912,0.14172412,-0.075469755,0.11165364,0.1954593658447265,0.11995854,0.38417503315021784,0.002189808675885585,0.002189808675885585,33.08439133681852
2021-07-15,2387,0.39337374502746747,0.39,0.0053307643808755325,0.39,0.41000000000000003,0.39,0.4,5279,0,0.03030877060049252,0.5199865,-0.50171876,0.5033195,0.4262313842773437,0.13661848,0.3863648418261034,0.007008903201364047,0.007008903201364047,79.08887229275578
2021-07-16,2388,0.3895718886152681,0.39,0.005987175602368652,0.38,0.4,0.38,0.4,5279,0,0.0,0.5007427,-0.47858575,0.47858575,0.0231304168701171,0.14730446,0.39337374502746747,-0.003801856412199378,0.003801856412199378,51.53099327856609
2021-07-17,2389,0.38163856791058914,0.38,0.010118884043113166,0.37,0.41000000000000003,0.37,0.4,5279,0,0.006819473385110817,0.38619292,0.32185864,0.34363016,0.8004016876220703,0.21342838,0.3895718886152681,-0.007933320704678948,0.007933320704678948,84.19218322130943
2021-07-18,2390,0.3790585338132222,0.38,0.010249962812103317,0.37,0.4,0.37,0.4,5279,0,0.0,0.41184124,0.3892307,0.38960454,0.0674400329589843,0.1345827,0.38163856791058914,-0.0025800340973669567,0.0025800340973669567,37.76450087129699
2021-07-19,2391,0.38315021784428865,0.38,0.006029413872355437,0.37,0.4,0.38,0.39,5279,0,0.0,0.20460312,0.15367459,0.1703916,0.2356796264648437,0.13507982,0.3790585338132222,0.004091684031066467,0.004091684031066467,54.84192183221309
2021-07-20,2392,0.3883500663004358,0.39,0.0037925230644908427,0.38,0.4,0.38,0.39,5279,0,0.0,0.13858475,0.05560378,0.10606666,0.0979290008544921,0.12694085,0.38315021784428865,0.005199848456147127,0.005199848456147127,65.1481204879263
2021-07-21,2393,0.3816669823830271,0.38,0.0037270623237273936,0.38,0.39,0.38,0.39,5279,0,0.0,0.1827301,0.1134626,0.141914,0.0576686859130859,0.1432361,0.3883500663004358,-0.006683083917408683,0.006683083917408683,76.77371172516804
2021-07-22,2394,0.3788387952263686,0.38,0.007217323232244015,0.37,0.4,0.37,0.39,5279,0,0.0,0.25716674,0.22154538,0.22595166,0.1084308624267578,0.13058497,0.3816669823830271,-0.0028281871566585015,0.0028281871566585015,40.65222803086881
2021-07-23,2395,0.3798029929910968,0.38,0.008623759044793186,0.37,0.4,0.37,0.39,5279,0,0.0,0.3338326,0.3140983,0.3140983,0.0923194885253906,0.11307839,0.3788387952263686,0.0009641977647282252,0.0009641977647282252,15.88249937764501
2021-07-24,2396,0.38462966470922527,0.38,0.009103090766827467,0.37,0.4,0.37,0.4,5279,0,0.0,0.38962823,0.16177738,0.3051246,0.1523475646972656,0.3544547,0.3798029929910968,0.00482667171812845,0.00482667171812845,61.43888473985562
2021-07-25,2397,0.38584390983140743,0.38,0.006464606037357446,0.38,0.41000000000000003,0.38,0.4,5279,0,0.0020837279787838604,0.351941,0.14456025,0.27574924,0.0171546936035156,0.32088134,0.38462966470922527,0.001214245122182156,0.001214245122182156,19.940253920836444
2021-07-26,2398,0.3881094904337943,0.39,0.006806011106451822,0.38,0.4,0.38,0.4,5279,0,0.0,0.23438077,0.030588016,0.18513909,0.1139259338378906,0.23237602,0.38584390983140743,0.002265580602386852,0.002265580602386852,33.9058999253174
2021-07-27,2399,0.38107406705815494,0.38,0.007741931005647377,0.37,0.4,0.37,0.39,5279,0,0.0,0.3480414,-0.14234842,0.2924123,0.1729793548583984,0.3175994,0.3881094904337943,-0.007035423375639338,0.007035423375639338,79.23823749066467
2021-07-28,2400,0.37475089979162723,0.37,0.00664425559820292,0.37,0.39,0.37,0.39,5279,0,0.0,0.32136887,-0.09805317,0.27109802,0.0443325042724609,0.3060447,0.38107406705815494,-0.006323167266527707,0.006323167266527707,74.18471496141399
2021-07-29,2401,0.37901117635915893,0.38,0.006771209521575509,0.37,0.4,0.37,0.39,5279,0,0.0,0.36668655,0.25873503,0.32827887,0.3567142486572265,0.25983718,0.37475089979162723,0.004260276567531696,0.004260276567531696,56.83345780433159
2021-07-30,2402,0.3900738776283387,0.39,0.004358251101785535,0.38,0.4,0.38,0.4,5279,0,0.0,0.31994873,0.22837424,0.2512926,0.0303382873535156,0.22408104,0.37901117635915893,0.011062701269179798,0.011062701269179798,95.17052526761265
2021-07-31,2403,0.39511460503883317,0.4,0.006430676621424848,0.38,0.41000000000000003,0.38,0.4,5279,0,0.017995832544042432,0.33669707,-0.2927441,0.31103635,0.5210056304931641,0.16633016,0.3900738776283387,0.005040727410494439,0.005040727410494439,63.505103310928554
2021-08-01,2404,0.3870714150407274,0.39,0.006775205184399048,0.37,0.4,0.38,0.4,5279,0,0.0,0.30850014,-0.218463,0.27537122,0.0740184783935546,0.21782193,0.39511460503883317,-0.00804318999810577,0.00804318999810577,84.71496141399054
2021-08-02,2405,0.3825932941845047,0.38,0.010749500996045195,0.37,0.41000000000000003,0.37,0.4,5279,0,0.014775525667740102,0.27870345,0.17561835,0.22846998,0.3942375183105469,0.21641159,0.3870714150407274,-0.004478120856222678,0.004478120856222678,58.62584017923824
2021-08-03,2406,0.38292100776662247,0.38,0.010357852252492476,0.37,0.41000000000000003,0.37,0.4,5279,0,0.0011365788975184693,0.26064968,0.15520811,0.20602284,0.0204353332519531,0.20940045,0.3825932941845047,0.00032771358211775015,0.00032771358211775015,6.173761513567339
2021-08-04,2407,0.38536465239628714,0.38,0.005729143122013218,0.37,0.4,0.38,0.39,5279,0,0.0,0.3262123,-0.27042913,0.29224208,0.4256763458251953,0.18243593,0.38292100776662247,0.0024436446296646763,0.0024436446296646763,36.096589494647745
2021-08-05,2408,0.3853135063458989,0.39,0.005220214889505926,0.38,0.4,0.38,0.39,5279,0,0.0,0.43271562,-0.38363257,0.39524794,0.113138198852539,0.20017156,0.38536465239628714,-5.114605038825104e-05,5.114605038825104e-05,1.7923823749066468
2021-08-06,2409,0.3777097935215003,0.38,0.007401706766445056,0.37,0.39,0.37,0.39,5279,0,0.0,0.46447918,-0.4261719,0.42892104,0.0424270629882812,0.18471448,0.3853135063458989,-0.00760371282439859,0.00760371282439859,82.32511824744834
2021-08-07,2410,0.3759480962303467,0.37,0.007355732215931339,0.37,0.4,0.37,0.39,5279,0,0.0,0.2545658,-0.1999157,0.21951298,0.2262001037597656,0.15759926,0.3777097935215003,-0.0017616972911536077,0.0017616972911536077,27.134677620114513
2021-08-08,2411,0.3789713960977458,0.38,0.006995177090071046,0.37,0.4,0.37,0.39,5279,0,0.0,0.17246547,-0.010836613,0.13620149,0.1889324188232422,0.17212465,0.3759480962303467,0.003023299867399132,0.003023299867399132,43.291013193925814
2021-08-09,2412,0.3828471301382837,0.38,0.0045378923673901365,0.38,0.4,0.38,0.39,5279,0,0.0,0.18305539,-0.15082753,0.15961145,0.1398200988769531,0.103731796,0.3789713960977458,0.0038757340405378704,0.0038757340405378704,52.27781926811053
2021-08-10,2413,0.38390793710930105,0.38,0.0066361512202923,0.37,0.4,0.37,0.39,5279,0,0.0,0.45101783,-0.4374937,0.43801668,0.2866134643554687,0.10962231,0.3828471301382837,0.0010608069710173473,0.0010608069710173473,17.37615135673388
2021-08-11,2414,0.3881416935025573,0.39,0.006278109936886573,0.38,0.4,0.38,0.4,5279,0,0.0,0.32507494,-0.2962228,0.29762384,0.1412105560302734,0.13388665,0.38390793710930105,0.004233756393256238,0.004233756393256238,56.5596216081653
2021-08-12,2415,0.39178253457094153,0.39,0.00474239502843138,0.38,0.4,0.39,0.4,5279,0,0.0,0.31448746,-0.26839033,0.28263655,0.0278091430664062,0.16391677,0.3881416935025573,0.0036408410683842485,0.0036408410683842485,49.91287030121981
2021-08-13,2416,0.38765296457662435,0.39,0.004989479955871056,0.38,0.4,0.38,0.39,5279,0,0.0,0.22269587,-0.16207741,0.18781614,0.1062908172607421,0.1527231,0.39178253457094153,-0.004129569994317184,0.004129569994317184,55.53895942245457
2021-08-14,2417,0.382955105133548,0.38,0.004595812516972738,0.38,0.4,0.38,0.39,5279,0,0.0,0.23861988,-0.15425532,0.20165664,0.0078659057617187,0.18205716,0.38765296457662435,-0.004697859443076324,0.004697859443076324,60.36843415484192
2021-08-15,2418,0.3768611479446865,0.38,0.006741080858373365,0.37,0.4,0.37,0.39,5279,0,0.0,0.35320824,-0.32007128,0.32224652,0.1658859252929687,0.1493678,0.382955105133548,-0.006093957188861521,0.006093957188861521,72.09360219068957
2021-08-16,2419,0.37769274483803755,0.38,0.008762160463132461,0.37,0.4,0.37,0.39,5279,0,0.0,0.30579007,-0.22593944,0.25503656,0.0941963195800781,0.20605607,0.3768611479446865,0.0008315968933510498,0.0008315968933510498,13.716704007966143
2021-08-17,2420,0.3786209509376776,0.38,0.009066700728494052,0.37,0.4,0.37,0.4,5279,0,0.0,0.40532976,-0.2628206,0.33642912,0.0368518829345703,0.30857477,0.37769274483803755,0.000928206099640061,0.000928206099640061,15.210355987055015
2021-08-18,2421,0.38799393824587985,0.39,0.007299194178483873,0.38,0.41000000000000003,0.38,0.4,5279,0,0.0064406137526046596,0.4348328,-0.13660233,0.36794102,0.1260929107666015,0.41281903,0.3786209509376776,0.00937298730820224,0.00937298730820224,90.91361712720936
2021-08-19,2422,0.3940632695586286,0.39,0.005010745565754068,0.39,0.41000000000000003,0.39,0.4,5279,0,0.004925175222580034,0.39673352,-0.19737798,0.309798,0.0608539581298828,0.34414962,0.38799393824587985,0.006069331312748727,0.006069331312748727,72.01891959173513
2021-08-20,2423,0.3902026899033908,0.39,0.0061901901904797595,0.37,0.41000000000000003,0.38,0.4,5279,0,0.014396666035233947,0.18070585,-0.010558315,0.14766574,0.1868953704833984,0.18039696,0.3940632695586286,-0.0038605796552377836,0.0038605796552377836,52.103559870550164
2021-08-21,2424,0.3780431899981057,0.38,0.0080216385786178,0.37,0.4,0.37,0.39,5279,0,0.0,0.23898645,-0.018607058,0.19483277,0.0079097747802734,0.23826061,0.3902026899033908,-0.012159499905285087,0.012159499905285087,96.78864824495892
2021-08-22,2425,0.3800795605228263,0.38,0.009160299052068192,0.37,0.4,0.37,0.4,5279,0,0.0,0.21604903,-0.14155221,0.18979602,0.1230316162109375,0.16321796,0.3780431899981057,0.00203637052472061,0.00203637052472061,30.943490166791136
2021-08-23,2426,0.38502936162151924,0.38,0.006591631209210028,0.37,0.4,0.38,0.4,5279,0,0.0,0.5178703,-0.46772492,0.46775573,0.3261013031005859,0.22231172,0.3800795605228263,0.004949801098692919,0.004949801098692919,62.633806323126706
2021-08-24,2427,0.3831028603902254,0.38,0.004919799038738265,0.38,0.4,0.38,0.39,5279,0,0.0,0.59348863,-0.57015365,0.57021904,0.102508544921875,0.16478258,0.38502936162151924,-0.0019265012312938423,0.0019265012312938423,29.250684590490415
2021-08-25,2428,0.3760295510513355,0.37,0.007439589247226925,0.37,0.4,0.37,0.39,5279,0,0.0,0.46163058,-0.44282013,0.4429621,0.1273689270019531,0.13043529,0.3831028603902254,-0.007073309338889888,0.007073309338889888,79.41249688822505
2021-08-26,2429,0.37536086379996214,0.37,0.0071686785109466265,0.37,0.39,0.37,0.39,5279,0,0.0,0.30998373,-0.25012746,0.27700248,0.1926383972167968,0.18310073,0.3760295510513355,-0.0006686872513733677,0.0006686872513733677,11.35175504107543
2021-08-27,2430,0.3793767759045274,0.38,0.007591702341711,0.37,0.4,0.37,0.39,5279,0,0.0,0.26080868,0.10015327,0.19818267,0.3502922058105469,0.24081212,0.37536086379996214,0.004015912104565256,0.004015912104565256,54.11999004232014
2021-08-28,2431,0.39106080697101736,0.39,0.004847738099685404,0.38,0.4,0.38,0.4,5279,0,0.0,0.6280577,0.5918715,0.5918715,0.4917793273925781,0.2101036,0.3793767759045274,0.011684031066489964,0.011684031066489964,96.26587005227782
2021-08-29,2432,0.3867626444402349,0.39,0.004695170756246414,0.38,0.4,0.38,0.39,5279,0,0.0,0.3498152,0.25506717,0.29600707,0.3367366790771484,0.23939864,0.39106080697101736,-0.004298162530782468,0.004298162530782468,57.13218820014937
2021-08-30,2433,0.38769842773252516,0.39,0.0049840795402416324,0.38,0.4,0.38,0.39,5279,0,0.0,0.22628489,-0.13296406,0.17788929,0.388193130493164,0.1830996,0.3867626444402349,0.0009357832922902709,0.0009357832922902709,15.359721184963904
2021-08-31,2434,0.3847603712824399,0.38,0.005440822691243141,0.38,0.4,0.38,0.39,5279,0,0.0,0.25987685,-0.22308631,0.23034605,0.0900077819824218,0.13329746,0.38769842773252516,-0.002938056450085269,0.002938056450085269,42.07119741100323
2021-09-01,2435,0.38226368630422425,0.38,0.004736851547271702,0.37,0.39,0.38,0.39,5279,0,0.0,0.19790885,-0.15674636,0.16984895,0.0661258697509765,0.12082434,0.3847603712824399,-0.0024966849782156464,0.0024966849782156464,36.793627084889216
2021-09-02,2436,0.3806876302329987,0.38,0.0034874250395881675,0.37,0.39,0.38,0.39,5279,0,0.0,0.24669708,-0.20001617,0.21546002,0.0431270599365234,0.14440575,0.38226368630422425,-0.0015760560712255733,0.0015760560712255733,24.99377645008713
2021-09-03,2437,0.381723811327903,0.38,0.007134585779719016,0.37,0.4,0.37,0.39,5279,0,0.0,0.29923666,-0.2695084,0.27038336,0.0694408416748046,0.1300298,0.3806876302329987,0.0010361810949043315,0.0010361810949043315,17.052526761264623
2021-09-04,2438,0.3841219928016669,0.38,0.008162321743052918,0.37,0.4,0.37,0.4,5279,0,0.0,0.3679474,-0.2974143,0.30118552,0.0279369354248046,0.21663377,0.381723811327903,0.002398181473763916,0.002398181473763916,35.57381130196664
2021-09-05,2439,0.3914434551998484,0.39,0.009255286487973047,0.38,0.41000000000000003,0.38,0.41000000000000003,5279,0,0.07766622466376208,0.5056343,-0.46198833,0.46461722,0.1645736694335937,0.20550664,0.3841219928016669,0.007321462398181489,0.007321462398181489,80.9310430669654
2021-09-06,2440,0.3973896571320327,0.4,0.008526942416522701,0.38,0.41000000000000003,0.38,0.41000000000000003,5279,0,0.2053419208183368,0.58034754,-0.53828996,0.54097176,0.0762901306152343,0.21690574,0.3914434551998484,0.005946201932184314,0.005946201932184314,70.97336320637292
2021-09-07,2441,0.40209888236408414,0.4,0.006123444143365536,0.39,0.41000000000000003,0.39,0.41000000000000003,5279,0,0.3144534949801099,0.95559067,-0.93605113,0.93605113,0.3977890014648437,0.1922624,0.3973896571320327,0.004709225232051417,0.004709225232051417,60.49290515309933
2021-09-08,2442,0.40238870998295134,0.4,0.005583551722857335,0.39,0.41000000000000003,0.39,0.41000000000000003,5279,0,0.30384542526993746,0.3677841,0.258931,0.29926053,1.1949939727783203,0.2611883,0.40209888236408414,0.0002898276188672,0.0002898276188672,5.526512322628827
2021-09-09,2443,0.39828566016290967,0.4,0.007355158502491089,0.38,0.41000000000000003,0.39,0.41000000000000003,5279,0,0.16745595756772116,0.5436219,0.49825525,0.505616,0.2394313812255859,0.2174084,0.40238870998295134,-0.004103049820041671,0.004103049820041671,55.14065222803087
2021-09-10,2444,0.4006762644440235,0.4,0.005834195397947793,0.39,0.41000000000000003,0.39,0.41000000000000003,5279,0,0.2062890698996022,0.44106698,0.40927774,0.40927774,0.0891189575195312,0.16441384,0.39828566016290967,0.0023906042811138173,0.0023906042811138173,35.47423450336072
2021-09-11,2445,0.40038833112331873,0.4,0.0019319705411444711,0.4,0.41000000000000003,0.4,0.4,5279,0,0.03883311233188104,0.20053694,-0.17073935,0.17421943,0.5799903869628906,0.10518097,0.4006762644440235,-0.0002879333207047585,0.0002879333207047585,5.501618122977346
2021-09-12,2446,0.3910532297783671,0.39,0.0033753629296216343,0.38,0.4,0.39,0.4,5279,0,0.0,0.2264467,-0.07455692,0.185049,0.0962333679199218,0.21382053,0.40038833112331873,-0.009335101344951635,0.009335101344951635,90.78914612895196
2021-09-13,2447,0.38233188103807536,0.38,0.0047397618883592545,0.37,0.4,0.38,0.39,5279,0,0.0,0.3903386,-0.31708425,0.33652478,0.2425441741943359,0.22764358,0.3910532297783671,-0.008721348740291734,0.008721348740291734,88.32462036345532
2021-09-14,2448,0.37938435309717755,0.38,0.009351982928106616,0.37,0.4,0.37,0.4,5279,0,0.0,0.26519272,-0.1627706,0.22160317,0.1543140411376953,0.20936319,0.38233188103807536,-0.0029475279408978095,0.0029475279408978095,42.14588000995768
2021-09-15,2449,0.3791513544231863,0.38,0.009441679168210221,0.37,0.4,0.37,0.4,5279,0,0.0,0.31409582,0.13699408,0.24531125,0.2997608184814453,0.28264597,0.37938435309717755,-0.00023299867399123597,0.00023299867399123597,4.605426935524023
2021-09-16,2450,0.380185641219928,0.38,0.0054676730247382255,0.37,0.4,0.37,0.39,5279,0,0.0,0.36026648,-0.28824344,0.3125005,0.4252815246582031,0.2161198,0.3791513544231863,0.001034286796741668,0.001034286796741668,17.027632561613142
2021-09-17,2451,0.38319757529835197,0.38,0.004724357590577607,0.38,0.4,0.38,0.39,5279,0,0.0,0.2589768,-0.19899444,0.2250879,0.0892982482910156,0.16574158,0.380185641219928,0.0030119340784239834,0.0030119340784239834,43.06696539706248
2021-09-18,2452,0.3842167077097935,0.38,0.0059982962533365715,0.38,0.4,0.38,0.4,5279,0,0.0,0.360029,-0.32330027,0.32404032,0.1243572235107421,0.15842225,0.38319757529835197,0.0010191324114415257,0.0010191324114415257,16.704007966143887
2021-09-19,2453,0.3779787838605797,0.38,0.007784919239669287,0.37,0.4,0.37,0.39,5279,0,0.0,0.21250282,-0.16959609,0.1854907,0.1537094116210937,0.12804174,0.3842167077097935,-0.006237923849213789,0.006237923849213789,73.53746577047548
2021-09-20,2454,0.377626444402349,0.38,0.00726151225382377,0.37,0.39,0.37,0.39,5279,0,0.0,0.19394001,-0.04557573,0.15188557,0.1239948272705078,0.18850887,0.3779787838605797,-0.00035233945823071045,0.00035233945823071045,6.845904904157331
2021-09-21,2455,0.3861356317484372,0.39,0.007941905083122766,0.37,0.4,0.37,0.4,5279,0,0.0,0.23859228,-0.16142073,0.18882503,0.1158447265625,0.17569739,0.377626444402349,0.008509187346088187,0.008509187346088187,87.12969878018421
2021-09-22,2456,0.3928206099640083,0.39,0.005346510168900432,0.38,0.4,0.39,0.4,5279,0,0.0,0.37889016,-0.33202407,0.34209797,0.1705780029296875,0.18253185,0.3861356317484372,0.006684978215571125,0.006684978215571125,76.823500124471
2021-09-23,2457,0.3972134874029172,0.4,0.004483355162947368,0.39,0.4,0.39,0.4,5279,0,0.0,0.33139837,-0.25803566,0.28640816,0.073944091796875,0.20794883,0.3928206099640083,0.004392877438908871,0.004392877438908871,57.75454319143639
2021-09-24,2458,0.3927505209319947,0.39,0.004465405236101874,0.39,0.4,0.39,0.4,5279,0,0.0,0.38189942,0.22899128,0.2829349,0.4870738983154297,0.30563068,0.3972134874029172,-0.00446296647092248,0.00446296647092248,58.45158078167787
2021-09-25,2459,0.3932032581928396,0.39,0.006634062051753305,0.38,0.4,0.38,0.4,5279,0,0.0,0.63038886,0.55881184,0.57150877,0.3298358917236328,0.2917531,0.3927505209319947,0.0004527372608448821,0.0004527372608448821,8.215085884988797
2021-09-26,2460,0.3895718886152681,0.39,0.006274525183303171,0.38,0.4,0.38,0.4,5279,0,0.0,0.46657217,0.37716484,0.39664236,0.1817264556884765,0.27465716,0.3932032581928396,-0.003631369577571486,0.003631369577571486,49.73861090365945
2021-09-27,2461,0.38799204394771736,0.39,0.007392798493622378,0.38,0.4,0.38,0.4,5279,0,0.0,0.19729963,-0.08998073,0.16518909,0.4671058654785156,0.17558648,0.3895718886152681,-0.0015798446675507338,0.0015798446675507338,25.068459049041575
2021-09-28,2462,0.3779465807918167,0.38,0.007974919671950666,0.37,0.4,0.37,0.39,5279,0,0.0,0.4331422,-0.3964668,0.39868492,0.3063793182373047,0.17442887,0.38799204394771736,-0.010045463155900658,0.010045463155900658,92.68110530246453
2021-09-29,2463,0.37588369009282063,0.37,0.007425229816803865,0.37,0.4,0.37,0.39,5279,0,0.0,0.46852213,-0.44824412,0.44828928,0.0518970489501953,0.13634682,0.3779465807918167,-0.002062890698996067,0.002062890698996067,31.341797361214834
2021-09-30,2464,0.3800511460503883,0.38,0.007840112209379,0.37,0.4,0.37,0.39,5279,0,0.0,0.29093525,-0.25052062,0.25515682,0.1977443695068359,0.14792728,0.37588369009282063,0.004167455957567678,0.004167455957567678,55.962160816529746
2021-10-01,2465,0.38592536465239624,0.39,0.005765095961061126,0.38,0.4,0.38,0.39,5279,0,0.0,0.2911122,-0.1809203,0.25939617,0.0696525573730468,0.22806635,0.3800511460503883,0.00587421860200793,0.00587421860200793,70.15185461787404
2021-10-02,2466,0.38309907179390035,0.38,0.004624551000395049,0.38,0.39,0.38,0.39,5279,0,0.0,0.2623853,-0.21954353,0.23184024,0.0386009216308593,0.14368945,0.38592536465239624,-0.0028262928584958935,0.0028262928584958935,40.577545431914366
2021-10-03,2467,0.3806099640083349,0.38,0.005641897967134763,0.37,0.39,0.37,0.39,5279,0,0.0,0.15462713,-0.03269439,0.12708275,0.1867885589599609,0.15113117,0.38309907179390035,-0.0024891077855654364,0.0024891077855654364,36.6940502862833
2021-10-04,2468,0.38122371661299487,0.38,0.006935073434804875,0.37,0.4,0.37,0.39,5279,0,0.0,0.21988817,0.01501682,0.17032936,0.0477123260498046,0.21937497,0.3806099640083349,0.0006137526046599562,0.0006137526046599562,10.430669653970623
2021-10-05,2469,0.38270316347793143,0.38,0.006733160710120336,0.37,0.4,0.37,0.39,5279,0,0.0,0.24366851,-0.16545984,0.21469758,0.1804313659667968,0.17887798,0.38122371661299487,0.0014794468649365622,0.0014794468649365622,23.823749066467514
2021-10-06,2470,0.3872134874029172,0.39,0.005921606961046978,0.37,0.4,0.38,0.4,5279,0,0.0,0.34712756,-0.2936818,0.3130592,0.1282329559326172,0.18506478,0.38270316347793143,0.004510323924985793,0.004510323924985793,58.84988797610157
2021-10-07,2471,0.39679484750899796,0.4,0.0073188008298293375,0.38,0.41000000000000003,0.38,0.41000000000000003,5279,0,0.09244175033150218,0.38462338,-0.27388465,0.33269066,0.0197868347167968,0.27004084,0.3872134874029172,0.009581360106080739,0.009581360106080739,91.63554891710231
2021-10-08,2472,0.39764538738397426,0.4,0.005557261294371474,0.38,0.41000000000000003,0.39,0.4,5279,0,0.039590831596893354,0.28145337,-0.23801146,0.24871472,0.035919189453125,0.1502224,0.39679484750899796,0.0008505398749762971,0.0008505398749762971,13.890963405526513
2021-10-09,2473,0.3883481720022732,0.39,0.007889606532694243,0.37,0.41000000000000003,0.38,0.4,5279,0,0.014207236218980868,0.33961493,-0.28848872,0.29722083,0.050546646118164,0.17919944,0.39764538738397426,-0.009297215381701085,0.009297215381701085,90.63978093104306
2021-10-10,2474,0.3843663572646334,0.38,0.007476115470545237,0.37,0.4,0.37,0.4,5279,0,0.0,0.24062827,-0.18811426,0.2081577,0.1004505157470703,0.15005048,0.3883481720022732,-0.003981814737639755,0.003981814737639755,53.746577047547916
2021-10-11,2475,0.3819776472816821,0.38,0.006318462685671066,0.37,0.4,0.37,0.39,5279,0,0.0,0.13772467,-0.054813895,0.110154316,0.1332874298095703,0.12634677,0.3843663572646334,-0.0023887099829513203,0.0023887099829513203,35.39955190440627
2021-10-12,2476,0.38073877628338704,0.38,0.007972280691442485,0.37,0.4,0.37,0.39,5279,0,0.0,0.26075807,-0.21814638,0.22753768,0.1633739471435547,0.14285196,0.3819776472816821,-0.0012388709982950608,0.0012388709982950608,20.21409011700274
2021-10-13,2477,0.37936162151922714,0.38,0.00946923178212599,0.37,0.4,0.37,0.4,5279,0,0.0,0.6477819,-0.6213848,0.6213848,0.4032535552978515,0.18304291,0.38073877628338704,-0.0013771547641598936,0.0013771547641598936,22.454568085636048
2021-10-14,2478,0.3784599355938625,0.38,0.008568492930953787,0.37,0.4,0.37,0.39,5279,0,0.0,0.6926011,-0.65636593,0.65636593,0.0349330902099609,0.22108446,0.37936162151922714,-0.0009016859253646592,0.0009016859253646592,14.787154592979837
2021-10-15,2479,0.3825724569047168,0.38,0.005622223972170274,0.37,0.4,0.38,0.39,5279,0,0.0,0.43694252,-0.40157354,0.40184566,0.2547721862792969,0.17221335,0.3784599355938625,0.004112521310854322,0.004112521310854322,55.29001742593975
2021-10-16,2480,0.38967228641788226,0.39,0.004604721287609799,0.38,0.4,0.38,0.4,5279,0,0.0,0.35648614,-0.31907976,0.31969863,0.0823631286621093,0.15896638,0.3825724569047168,0.0070998295131654565,0.0070998295131654565,79.63654468508837
2021-10-17,2481,0.3828225042621709,0.38,0.006836724407486116,0.37,0.4,0.37,0.39,5279,0,0.0,0.36979187,-0.2936324,0.29464802,0.025634765625,0.22478026,0.38967228641788226,-0.006849782155711359,0.006849782155711359,78.06821010704506
2021-10-18,2482,0.378369009282061,0.38,0.007392049018678994,0.37,0.4,0.37,0.39,5279,0,0.0,0.2835861,-0.050278146,0.22144888,0.2433013916015625,0.27909356,0.3828225042621709,-0.004453494980109884,0.004453494980109884,58.40179238237491
2021-10-19,2483,0.38394961166887664,0.38,0.005308276387035587,0.38,0.4,0.38,0.39,5279,0,0.0,0.26146978,-0.0068239686,0.18895563,0.043344497680664,0.26138094,0.378369009282061,0.005580602386815625,0.005580602386815625,68.13542444610405
2021-10-20,2484,0.39616404622087525,0.4,0.004966680722920783,0.39,0.41000000000000003,0.39,0.4,5279,0,0.0051146050388331124,0.2372031,-0.084949255,0.17474695,0.0780105590820312,0.22146991,0.38394961166887664,0.01221443455199861,0.01221443455199861,96.86333084391336
2021-10-21,2485,0.39702026899033904,0.4,0.006793420694435493,0.38,0.41000000000000003,0.38,0.4,5279,0,0.04811517332828187,0.32301265,-0.26671675,0.26952037,0.1817798614501953,0.18220669,0.39616404622087525,0.0008562227694637881,0.0008562227694637881,14.01543440378392
2021-10-22,2486,0.38845993559386255,0.39,0.008488532053940942,0.37,0.41000000000000003,0.37,0.4,5279,0,0.0015154385300246258,0.5170974,-0.46276248,0.463892,0.1961650848388672,0.2307395,0.39702026899033904,-0.008560333396476494,0.008560333396476494,87.4035349763505
2021-10-23,2487,0.38433415419587047,0.38,0.008575733195952938,0.37,0.4,0.37,0.4,5279,0,0.0,0.5345995,-0.48492363,0.48910284,0.0220756530761718,0.22504567,0.38845993559386255,-0.004125781397992079,0.004125781397992079,55.489171023151606
2021-10-24,2488,0.3861451032392499,0.39,0.0057321149393664925,0.38,0.4,0.38,0.39,5279,0,0.0,0.5625903,-0.5243108,0.5243108,0.0393009185791015,0.20397635,0.38433415419587047,0.0018109490433794173,0.0018109490433794173,27.856609410007465
2021-10-25,2489,0.38798067815874226,0.39,0.004084586535104447,0.38,0.4,0.38,0.39,5279,0,0.0,0.36343026,-0.28075683,0.29757613,0.2434673309326172,0.23077561,0.3861451032392499,0.0018355749194923776,0.0018355749194923776,28.180234005476724
2021-10-26,2490,0.38328281871566583,0.38,0.00499305734433116,0.37,0.39,0.38,0.39,5279,0,0.0,0.2222496,-0.044953972,0.17333142,0.2358875274658203,0.21765578,0.38798067815874226,-0.004697859443076435,0.004697859443076435,60.393328354493406
2021-10-27,2491,0.3766830839174086,0.38,0.006603838560020154,0.37,0.39,0.37,0.39,5279,0,0.0,0.3054922,-0.21532515,0.2692583,0.170450210571289,0.21670364,0.38328281871566583,-0.006599734798257206,0.006599734798257206,76.10156833457805
2021-10-28,2492,0.37627012691797695,0.37,0.007458400119228288,0.37,0.4,0.37,0.39,5279,0,0.0,0.424348,-0.4047389,0.4047389,0.1893939971923828,0.12750806,0.3766830839174086,-0.0004129569994316684,0.0004129569994316684,7.592730893701767
2021-10-29,2493,0.37959462019321843,0.38,0.008607680011679135,0.37,0.4,0.37,0.39,5279,0,0.0,0.5981338,-0.58520764,0.58520764,0.1805686950683593,0.12367585,0.37627012691797695,0.00332449327524148,0.00332449327524148,46.65173014687578
2021-10-30,2494,0.38646145103239254,0.39,0.0071794035309790906,0.38,0.4,0.38,0.4,5279,0,0.0,0.57599384,-0.5580763,0.5580763,0.0271320343017578,0.14255261,0.37959462019321843,0.0068668308391741095,0.0068668308391741095,78.21757530495394
2021-10-31,2495,0.38469217654858867,0.38,0.006601744057846749,0.37,0.4,0.38,0.4,5279,0,0.0,0.2588623,-0.24494986,0.24571128,0.3132572174072265,0.08371985,0.38646145103239254,-0.0017692744838038732,0.0017692744838038732,27.25914861837192
2021-11-01,2496,0.3798863421102482,0.38,0.008429777514398126,0.37,0.4,0.37,0.39,5279,0,0.0,0.24835835,-0.2237276,0.23038238,0.0212287902832031,0.10783111,0.38469217654858867,-0.004805834438340484,0.004805834438340484,61.23973114264376
2021-11-02,2497,0.375999242280735,0.37,0.007522196704415612,0.37,0.4,0.37,0.39,5279,0,0.0,0.29834166,-0.27266625,0.27445662,0.0490589141845703,0.12108237,0.3798863421102482,-0.0038870998295131853,0.0038870998295131853,52.37739606671645
2021-11-03,2498,0.37896571320325817,0.38,0.006927667228702091,0.37,0.4,0.37,0.39,5279,0,0.0,0.45806566,-0.42409098,0.43319556,0.1513652801513672,0.1731208,0.375999242280735,0.002966470922523168,0.002966470922523168,42.41971620612397
2021-11-04,2499,0.38404243227884066,0.38,0.005769692637332896,0.37,0.4,0.38,0.39,5279,0,0.0,0.43267855,-0.35360453,0.39113784,0.0705776214599609,0.24934815,0.37896571320325817,0.005076719075582492,0.005076719075582492,63.903410505352255
2021-11-05,2500,0.3852339458230726,0.38,0.005788566061340762,0.38,0.4,0.38,0.39,5279,0,0.0,0.22658904,-0.16002388,0.20550182,0.1933250427246093,0.16042103,0.38404243227884066,0.0011915135442319147,0.0011915135442319147,19.492158327109784
2021-11-06,2501,0.3789638189050957,0.38,0.00730407522880702,0.37,0.4,0.37,0.39,5279,0,0.0,0.231894,-0.17518899,0.20180237,0.0150318145751953,0.15193269,0.3852339458230726,-0.006270126917976904,0.006270126917976904,73.81130196664178
2021-11-07,2502,0.37701458609585153,0.38,0.007689635480243686,0.37,0.4,0.37,0.39,5279,0,0.0,0.16862176,-0.13503245,0.1449515,0.0402164459228515,0.10099307,0.3789638189050957,-0.0019492328092441391,0.0019492328092441391,29.549414986308193
2021-11-08,2503,0.379539685546505,0.38,0.009012435220910168,0.37,0.4,0.37,0.39,5279,0,0.0,0.24671246,-0.22172672,0.22854961,0.0867519378662109,0.10818654,0.37701458609585153,0.0025250994506534896,0.0025250994506534896,37.092357480706994
2021-11-09,2504,0.38664709225232047,0.39,0.008428898019070357,0.37,0.4,0.37,0.4,5279,0,0.0,0.1679784,-0.08359789,0.14280176,0.1381778717041015,0.14569905,0.379539685546505,0.007107406705815444,0.007107406705815444,79.76101568334578
2021-11-10,2505,0.3859367304413715,0.39,0.007375189537730539,0.37,0.4,0.37,0.4,5279,0,0.0,0.30724564,0.27501148,0.2794919,0.3586025238037109,0.13699803,0.38664709225232047,-0.0007103618109489673,0.0007103618109489673,11.924321633059497
2021-11-11,2506,0.3800151543853002,0.38,0.006490682666660792,0.37,0.4,0.37,0.39,5279,0,0.0,0.34712914,0.3047033,0.30913594,0.0296554565429687,0.16629587,0.3859367304413715,-0.005921576056071298,0.005921576056071298,70.69952701020662
2021-11-12,2507,0.38308202311043754,0.38,0.005647260255914039,0.37,0.4,0.38,0.39,5279,0,0.0,0.28795692,0.22062011,0.23625848,0.0840721130371093,0.18505715,0.3800151543853002,0.0030668687251373394,0.0030668687251373394,43.689320388349515
2021-11-13,2508,0.39371471869672287,0.39,0.006109662217416235,0.38,0.41000000000000003,0.39,0.4,5279,0,0.02595188482667172,0.14925517,0.07798409,0.12300035,0.142587661743164,0.12726185,0.38308202311043754,0.010632695586285323,0.010632695586285323,94.44859347771968
2021-11-14,2509,0.40755446107217275,0.41000000000000003,0.004758380458551182,0.39,0.41000000000000003,0.4,0.41000000000000003,5279,0,0.7762833870051146,0.07830688,-0.019284934,0.06550861,0.0972938537597656,0.07589504,0.39371471869672287,0.013839742375449882,0.013839742375449882,98.45655962160816
2021-11-15,2510,0.4100000000000001,0.41000000000000003,5.551115123125783e-17,0.41000000000000003,0.41000000000000003,0.41000000000000003,0.41000000000000003,5279,0,1.0,0.41609877,0.35982996,0.35982996,0.3791522979736328,0.20895134,0.40755446107217275,0.00244553892782734,0.00244553892782734,36.12148369429923
2021-11-16,2511,0.4100000000000001,0.41000000000000003,5.551115123125783e-17,0.41000000000000003,0.41000000000000003,0.41000000000000003,0.41000000000000003,5279,0,1.0,0.6148694,0.58660394,0.58660394,0.2267417907714843,0.18428297,0.4100000000000001,0.0,0.0,0.5227781926811054
2021-11-17,2512,0.4100000000000001,0.41000000000000003,5.551115123125783e-17,0.41000000000000003,0.41000000000000003,0.41000000000000003,0.41000000000000003,5279,0,1.0,1.4634314,1.4499811,1.4499811,0.8633689880371094,0.19796163,0.4100000000000001,0.0,0.0,0.5227781926811054
2021-11-18,2513,0.4100000000000001,0.41000000000000003,5.551115123125783e-17,0.41000000000000003,0.41000000000000003,0.41000000000000003,0.41000000000000003,5279,0,1.0,1.289659,1.2724545,1.2724545,0.17755126953125,0.20993818,0.4100000000000001,0.0,0.0,0.5227781926811054
2021-11-19,2514,0.4036825156279598,0.4,0.006632334191483175,0.39,0.41000000000000003,0.39,0.41000000000000003,5279,0,0.4718696722864179,0.50816154,0.42583004,0.42583004,0.8466720581054688,0.27730304,0.4100000000000001,-0.006317484372040272,0.006317484372040272,74.11003236245955
2021-11-20,2515,0.39239818147376404,0.39,0.00761648224377117,0.38,0.41000000000000003,0.38,0.4,5279,0,0.02462587611290017,0.14200643,0.05071764,0.11299569,0.3750801086425781,0.13264073,0.4036825156279598,-0.011284334154195774,0.011284334154195774,95.69330346029375
2021-11-21,2516,0.38399696912293996,0.38,0.009929319750120173,0.37,0.4,0.37,0.4,5279,0,0.0,0.1786147,0.07052797,0.14845002,0.0198402404785156,0.16410054,0.39239818147376404,-0.008401212350824083,0.008401212350824083,86.6318147871546
2021-11-22,2517,0.3800530403485509,0.38,0.008289892885800305,0.37,0.4,0.37,0.39,5279,0,0.0,0.20890474,0.13475901,0.1606555,0.0642871856689453,0.15962848,0.38399696912293996,-0.003943928774389038,0.003943928774389038,53.29848145382125
2021-11-23,2518,0.38448569804887284,0.38,0.005290906003948648,0.38,0.4,0.38,0.39,5279,0,0.0,0.1947537,0.11573089,0.14793757,0.0191154479980468,0.1566378,0.3800530403485509,0.004432657700321918,0.004432657700321918,58.20263878516305
2021-11-24,2519,0.3910967986361054,0.39,0.00410022051571684,0.38,0.4,0.39,0.4,5279,0,0.0,0.13986373,0.08301559,0.10151728,0.0326614379882812,0.11256228,0.38448569804887284,0.006611100587232577,0.006611100587232577,76.22603933283546
2021-11-25,2520,0.38568478878575485,0.38,0.007166193292141954,0.38,0.4,0.38,0.4,5279,0,0.0,0.1470568,0.0800113,0.11995835,0.0030288696289062,0.12338546,0.3910967986361054,-0.005412009850350563,0.005412009850350563,66.84092606422703
2021-11-26,2521,0.37926880090926307,0.38,0.00700955388817739,0.37,0.4,0.37,0.39,5279,0,0.0,0.23032022,0.20121333,0.20225224,0.1209449768066406,0.11207351,0.38568478878575485,-0.00641598787649178,0.00641598787649178,74.88175255165547
2021-11-27,2522,0.38117446486076906,0.38,0.004821463305234093,0.37,0.39,0.37,0.39,5279,0,0.0,0.14031458,0.0911062,0.11200043,0.1098136901855468,0.106713586,0.37926880090926307,0.001905663951505987,0.001905663951505987,29.026636793627087
2021-11-28,2523,0.38291532487213487,0.38,0.005113471842359146,0.37,0.4,0.38,0.39,5279,0,0.0,0.083881624,-0.00043237052,0.067387186,0.0914745330810546,0.083880566,0.38117446486076906,0.001740860011365808,0.001740860011365808,26.81105302464526
2021-11-29,2524,0.3852491002083728,0.38,0.006277769273231048,0.37,0.4,0.38,0.4,5279,0,0.0,0.09317692,0.022938149,0.07282775,0.02337646484375,0.09030926,0.38291532487213487,0.0023337753362379088,0.0023337753362379088,34.727408513816286
2021-11-30,2525,0.38935215002841456,0.39,0.008419125444603817,0.37,0.41000000000000003,0.38,0.4,5279,0,0.006630043568857738,0.1625783,0.12500201,0.13284528,0.1019229888916015,0.10395284,0.3852491002083728,0.004103049820041782,0.004103049820041782,55.16554642768236
2021-12-01,2526,0.392644440234893,0.39,0.007564631091723696,0.38,0.41000000000000003,0.38,0.4,5279,0,0.0032203068763023298,0.42620736,0.3680707,0.3684774,0.2431678771972656,0.21488565,0.38935215002841456,0.003292290206478421,0.003292290206478421,46.35299975105801
2021-12-02,2527,0.3904470543663573,0.39,0.005647083607207565,0.38,0.4,0.38,0.4,5279,0,0.0,0.37815663,0.30104718,0.31692168,0.0670318603515625,0.22885223,0.392644440234893,-0.002197385868535684,0.002197385868535684,33.18396813542444
2021-12-03,2528,0.38763591589316154,0.39,0.0056294665976804464,0.38,0.4,0.38,0.4,5279,0,0.0,0.18768163,0.09175683,0.14741036,0.209299087524414,0.1637225,0.3904470543663573,-0.002811138473195751,0.002811138473195751,40.42818023400548
2021-12-04,2529,0.3812805455578708,0.38,0.00549058523670145,0.37,0.4,0.37,0.39,5279,0,0.0,0.17326182,0.107483685,0.13792135,0.0157451629638671,0.13589296,0.38763591589316154,-0.0063553703352907664,0.0063553703352907664,74.38386855862585
2021-12-05,2530,0.3770013260087138,0.38,0.006034424682589587,0.37,0.39,0.37,0.39,5279,0,0.0,0.21684194,0.17842461,0.18293199,0.0708847045898437,0.123227924,0.3812805455578708,-0.004279219549156998,0.004279219549156998,56.93303460293752
2021-12-06,2531,0.3803902254214813,0.38,0.006351993296228981,0.37,0.39,0.37,0.39,5279,0,0.0,0.2970298,0.2623121,0.2627007,0.0839614868164062,0.13935135,0.3770013260087138,0.003388899412767543,0.003388899412767543,47.498132935026135
2021-12-07,2532,0.3888103807539307,0.39,0.00474245177735314,0.38,0.4,0.38,0.4,5279,0,0.0,0.22832473,0.17619962,0.19033346,0.086191177368164,0.14520974,0.3803902254214813,0.008420155332449386,0.008420155332449386,86.756285785412
2021-12-08,2533,0.386031445349498,0.39,0.005566229393010451,0.38,0.4,0.38,0.39,5279,0,0.0,0.11935695,-0.07756036,0.0982551,0.2537288665771484,0.09072185,0.3888103807539307,-0.002778935404432692,0.002778935404432692,39.955190440627334
2021-12-09,2534,0.3819208183368062,0.38,0.007310437025165972,0.37,0.4,0.37,0.39,5279,0,0.0,0.13538048,-0.104131214,0.11333988,0.0264930725097656,0.08651341,0.386031445349498,-0.004110627012691825,0.004110627012691825,55.215334826985305
2021-12-10,2535,0.3836806213297973,0.38,0.005842303601965661,0.37,0.4,0.38,0.39,5279,0,0.0,0.104489125,0.043231122,0.08536836,0.14715576171875,0.09512642,0.3819208183368062,0.0017598029929911108,0.0017598029929911108,27.109783420463028
2021-12-11,2536,0.38284144724379615,0.38,0.005480826268989241,0.37,0.4,0.38,0.39,5279,0,0.0,0.14624216,0.08658582,0.11929808,0.0434131622314453,0.11785431,0.3836806213297973,-0.0008391740860011487,0.0008391740860011487,13.79138660692059
2021-12-12,2537,0.3844099261223716,0.38,0.005716960471095741,0.37,0.4,0.38,0.39,5279,0,0.0,0.15896767,0.007375744,0.123138025,0.0791950225830078,0.15879643,0.38284144724379615,0.0015684788785754744,0.0015684788785754744,24.919093851132686
2021-12-13,2538,0.3867512786512597,0.39,0.006312929882644291,0.37,0.4,0.38,0.4,5279,0,0.0,0.14563978,0.00016395502,0.10886511,0.0071964263916015,0.14563996,0.3844099261223716,0.0023413525288880632,0.0023413525288880632,34.77719691311925
2021-12-14,2539,0.38428869103996965,0.38,0.008270663272727543,0.37,0.41000000000000003,0.37,0.4,5279,0,0.0009471490812653912,0.12621991,0.018876364,0.096448116,0.0186805725097656,0.12480039,0.3867512786512597,-0.0024625876112900347,0.0024625876112900347,36.34553149116256
2021-12-15,2540,0.38667929532108347,0.39,0.0062663016724871035,0.38,0.4,0.38,0.4,5279,0,0.0,0.17007726,0.050856996,0.11957526,0.0319499969482421,0.1622955,0.38428869103996965,0.0023906042811138173,0.0023906042811138173,35.47423450336072
2021-12-16,2541,0.3933207046789165,0.39,0.00638310968238747,0.38,0.4,0.38,0.4,5279,0,0.0,0.15333164,0.09281218,0.116953924,0.0421142578125,0.122050874,0.38667929532108347,0.006641409357833028,0.006641409357833028,76.45008712969879
2021-12-17,2542,0.38735934836143204,0.39,0.007290540624840912,0.38,0.4,0.38,0.4,5279,0,0.0,0.11736066,0.034086667,0.093054034,0.0588111877441406,0.11230155,0.3933207046789165,-0.005961356317484456,0.005961356317484456,71.02315160567588
2021-12-18,2543,0.3861147944686494,0.39,0.006358227514247956,0.37,0.4,0.38,0.4,5279,0,0.0,0.14779828,0.029210575,0.121373616,0.0050201416015625,0.14488286,0.38735934836143204,-0.0012445538927826627,0.0012445538927826627,20.338561115260145
2021-12-19,2544,0.3856052282629286,0.38,0.007798384041203056,0.37,0.4,0.37,0.4,5279,0,0.0,0.14821923,0.06409435,0.119265445,0.0350208282470703,0.13364443,0.3861147944686494,-0.0005095662057207906,0.0005095662057207906,8.986806074184715
2021-12-20,2545,0.38865315400644057,0.39,0.008829207297023012,0.38,0.41000000000000003,0.38,0.4,5279,0,0.03883311233188104,0.18172053,0.089470334,0.12730524,0.0254116058349609,0.15816922,0.3856052282629286,0.003047925743511981,0.003047925743511981,43.49016679113766
2021-12-21,2546,0.38688577382079936,0.39,0.005967680232093369,0.38,0.4,0.38,0.4,5279,0,0.0,0.1831623,-0.028037457,0.15433742,0.1175689697265625,0.18100367,0.38865315400644057,-0.0017673801856412097,0.0017673801856412097,27.209360219068955
2021-12-22,2547,0.381970070089032,0.38,0.004163527742749674,0.38,0.4,0.38,0.39,5279,0,0.0,0.1531615,-0.05774917,0.12077661,0.0296516418457031,0.14185731,0.38688577382079936,-0.004915703731767362,0.004915703731767362,62.35997012696042
2021-12-23,2548,0.38170486834627765,0.38,0.003760599338488134,0.38,0.39,0.38,0.39,5279,0,0.0,0.20722513,-0.1626096,0.18609019,0.1049041748046875,0.1284543,0.381970070089032,-0.0002652017427543507,0.0002652017427543507,5.003734129947722
2021-12-24,2549,0.38617541200985034,0.39,0.0050435040242998875,0.38,0.4,0.38,0.39,5279,0,0.0,0.26450884,-0.2295049,0.24074301,0.0668144226074218,0.13150148,0.38170486834627765,0.00447054366357269,0.00447054366357269,58.526263380632315
2021-12-25,2550,0.3834116309907179,0.38,0.005685721971351787,0.37,0.4,0.38,0.39,5279,0,0.0,0.2658729,-0.20532788,0.23709452,0.0241947174072265,0.16890515,0.38617541200985034,-0.0027637810191324386,0.0027637810191324386,39.731142643764
2021-12-26,2551,0.37935404432657704,0.38,0.008208512198014295,0.37,0.4,0.37,0.39,5279,0,0.0,0.2764882,-0.17008767,0.23674667,0.0352420806884765,0.2179813,0.3834116309907179,-0.004057586664140855,0.004057586664140855,54.54319143639532
2021-12-27,2552,0.38596893351013456,0.39,0.006149290407267492,0.38,0.4,0.38,0.4,5279,0,0.0,0.19818597,0.09837105,0.15833281,0.2684097290039062,0.17204876,0.37935404432657704,0.006614889183557515,0.006614889183557515,76.27582773213841
2021-12-28,2553,0.3898920250047358,0.39,0.0038101979354108113,0.38,0.4,0.38,0.4,5279,0,0.0,0.17268476,0.09645873,0.14911132,0.0019855499267578,0.14323348,0.38596893351013456,0.0039230914946012385,0.0039230914946012385,52.94996265870052
2021-12-29,2554,0.37912293995074825,0.38,0.007737392962272044,0.37,0.4,0.37,0.39,5279,0,0.0,0.09590246,-0.012978401,0.079290256,0.1093902587890625,0.09502018,0.3898920250047358,-0.010769085053987548,0.010769085053987548,94.77221807318895
2021-12-30,2555,0.37612805455578713,0.37,0.007453301419484205,0.37,0.4,0.37,0.39,5279,0,0.0,0.12846205,-0.06783426,0.09999476,0.0548629760742187,0.10909176,0.37912293995074825,-0.002994885394961122,0.002994885394961122,42.81802340054767
2021-12-31,2556,0.379232809244175,0.38,0.007217468409640451,0.37,0.4,0.37,0.39,5279,0,0.0,0.18006797,-0.13866328,0.15147212,0.070831298828125,0.11487846,0.37612805455578713,0.0031047546883878896,0.0031047546883878896,44.28678117998506
2022-01-01,2557,0.3875525667740103,0.39,0.0045310313262823835,0.38,0.4,0.38,0.39,5279,0,0.0,0.13175678,-0.05337359,0.103888854,0.085336685180664,0.12046213,0.379232809244175,0.00831975752983527,0.00831975752983527,86.18371919342793
2022-01-02,2558,0.3860579655237734,0.39,0.005035698711924776,0.38,0.4,0.38,0.39,5279,0,0.0,0.11498148,-0.009397255,0.09120932,0.0438919067382812,0.114596814,0.3875525667740103,-0.001494601250236871,0.001494601250236871,23.873537465770475
2022-01-03,2559,0.389418450464103,0.39,0.006374595625829056,0.37,0.4,0.38,0.4,5279,0,0.0,0.1427243,0.050286215,0.10434374,0.05963134765625,0.13357231,0.3860579655237734,0.003360484940329589,0.003360484940329589,47.074931540950956
2022-01-04,2560,0.3970354233756393,0.4,0.005699828278101023,0.38,0.41000000000000003,0.39,0.4,5279,0,0.032771358211782536,0.123245716,0.019806989,0.08082776,0.0303497314453125,0.12164366,0.389418450464103,0.0076169729115362905,0.0076169729115362905,82.3998008464028
2022-01-05,2561,0.388393635158174,0.39,0.005086447718807045,0.38,0.4,0.38,0.4,5279,0,0.0,0.14040451,-0.055885293,0.112943284,0.0757713317871093,0.12880307,0.3970354233756393,-0.008641788217465307,0.008641788217465307,87.77694797112274
2022-01-06,2562,0.37810570183746917,0.38,0.005537196515384757,0.37,0.39,0.37,0.39,5279,0,0.0,0.1314691,0.02547441,0.104695424,0.0813941955566406,0.12897733,0.388393635158174,-0.010287933320704823,0.010287933320704823,93.42793129200896
2022-01-07,2563,0.3780507671907558,0.38,0.005584637724804508,0.37,0.39,0.37,0.39,5279,0,0.0,0.1958607,0.15637155,0.16175476,0.1309051513671875,0.11793779,0.37810570183746917,-5.493464671335602e-05,5.493464671335602e-05,1.8919591735125716
2022-01-08,2564,0.3882136768327335,0.39,0.00505426084286109,0.38,0.4,0.38,0.4,5279,0,0.0,0.17252454,0.14702119,0.15085997,0.0093498229980468,0.09027406,0.3780507671907558,0.010162909641977691,0.010162909641977691,93.02962409758526
2022-01-09,2565,0.3871111953021406,0.39,0.006406181430056659,0.38,0.4,0.38,0.4,5279,0,0.0,0.14621806,-0.0060696583,0.116502434,0.1530895233154297,0.14609194,0.3882136768327335,-0.0011024815305928914,0.0011024815305928914,18.12297734627832
2022-01-10,2566,0.3839098314074635,0.38,0.005676461598697184,0.37,0.4,0.38,0.39,5279,0,0.0,0.15782847,0.028679525,0.12523857,0.034738540649414,0.15520087,0.3871111953021406,-0.003201363894677123,0.003201363894677123,45.48170276325616
2022-01-11,2567,0.3880318242091305,0.39,0.005384455141993887,0.38,0.4,0.38,0.4,5279,0,0.0,0.1343569,0.042585507,0.10299091,0.0139636993408203,0.12742943,0.3839098314074635,0.004121992801667029,0.004121992801667029,55.41448842419716
2022-01-12,2568,0.38375260465997346,0.38,0.005538973176189587,0.37,0.4,0.38,0.39,5279,0,0.0,0.23755513,-0.20166117,0.20927523,0.2443580627441406,0.12556008,0.3880318242091305,-0.004279219549157054,0.004279219549157054,56.957928802588995
2022-01-13,2569,0.37577003220306876,0.37,0.007010462496076074,0.37,0.39,0.37,0.39,5279,0,0.0,0.23398031,-0.20434485,0.21232472,0.0026512145996093,0.11397323,0.38375260465997346,-0.007982572456904702,0.007982572456904702,84.36644261886981
2022-01-14,2570,0.37576813790490626,0.37,0.007152443932949144,0.37,0.39,0.37,0.39,5279,0,0.0,0.14229485,-0.015105926,0.10903981,0.1892757415771484,0.14149074,0.37577003220306876,-1.8942981624969768e-06,1.8942981624969768e-06,0.597460791635549
2022-01-15,2571,0.3800170486834628,0.38,0.006755246263294833,0.37,0.4,0.37,0.39,5279,0,0.0,0.19621858,0.14144845,0.16313304,0.1565628051757812,0.1359929,0.37576813790490626,0.004248910778556547,0.004248910778556547,56.70898680607418
2022-01-16,2572,0.3825857169918545,0.38,0.004382821410898538,0.38,0.4,0.38,0.39,5279,0,0.0,0.20552272,0.10366315,0.16542508,0.0377349853515625,0.17746417,0.3800170486834628,0.0025686683083916972,0.0025686683083916972,37.565347274085134
2022-01-17,2573,0.38701458609585154,0.39,0.0046214920164551485,0.38,0.4,0.38,0.39,5279,0,0.0,0.18339086,0.12027379,0.13069047,0.0165481567382812,0.1384433,0.3825857169918545,0.004428869103997035,0.004428869103997035,58.17774458551157
2022-01-18,2574,0.3899886342110248,0.39,0.0046592411143279305,0.38,0.4,0.38,0.4,5279,0,0.0,0.21896486,0.03803121,0.16392939,0.0822257995605468,0.21563679,0.38701458609585154,0.0029740481151732667,0.0029740481151732667,42.519293004729896
2022-01-19,2575,0.38999052850918736,0.39,0.005544760542055575,0.38,0.4,0.38,0.4,5279,0,0.0,0.27182674,0.24013992,0.24026409,0.202117919921875,0.12736836,0.3899886342110248,1.894298162552488e-06,1.894298162552488e-06,0.6223549912870301
2022-01-20,2576,0.3837563932562985,0.38,0.005724804732623792,0.38,0.4,0.38,0.39,5279,0,0.0,0.25934908,0.22329715,0.22880578,0.0169010162353515,0.13191026,0.38999052850918736,-0.0062341352528888505,0.0062341352528888505,73.51257157082401
2022-01-21,2577,0.3853798067815874,0.38,0.006485057757987957,0.37,0.4,0.38,0.4,5279,0,0.0,0.29625055,0.2652715,0.26708618,0.0419654846191406,0.13189226,0.3837563932562985,0.001623413525288886,0.001623413525288886,25.54144884241972
2022-01-22,2578,0.3802992991096799,0.38,0.008247992602297355,0.37,0.4,0.37,0.39,5279,0,0.0,0.23774506,0.20600155,0.21057937,0.0592098236083984,0.118684605,0.3853798067815874,-0.005080507671907486,0.005080507671907486,63.95319890465522
2022-01-23,2579,0.37592915324872134,0.38,0.006461706210586095,0.37,0.39,0.37,0.39,5279,0,0.0,0.21861312,0.17840402,0.18129659,0.0276107788085937,0.12634747,0.3802992991096799,-0.004370145860958574,0.004370145860958574,57.58028379387603
2022-01-24,2580,0.380738776283387,0.38,0.004722228863918622,0.37,0.4,0.37,0.39,5279,0,0.0,0.21840821,0.15748538,0.17236248,0.0209770202636718,0.15132923,0.37592915324872134,0.004809623034665644,0.004809623034665644,61.26462534229524
2022-01-25,2581,0.3827921954915704,0.38,0.004498806190792142,0.37,0.39,0.38,0.39,5279,0,0.0,0.14582846,0.06831037,0.11305798,0.0890636444091796,0.12883945,0.380738776283387,0.0020534192081834157,0.0020534192081834157,31.242220562608914
2022-01-26,2582,0.377965523773442,0.38,0.00738297891067848,0.37,0.4,0.37,0.39,5279,0,0.0,0.13002808,-0.039812826,0.10517584,0.1081619262695312,0.12378306,0.3827921954915704,-0.004826671718128395,0.004826671718128395,61.41399054020413
2022-01-27,2583,0.37874976321272974,0.38,0.009158043191964888,0.37,0.4,0.37,0.39,5279,0,0.0,0.2003957,0.014266811,0.14227691,0.0541400909423828,0.19988714,0.377965523773442,0.0007842394392877372,0.0007842394392877372,13.094349016679113
2022-01-28,2584,0.3871566584580413,0.39,0.008179894444940331,0.37,0.4,0.38,0.4,5279,0,0.0,0.20458546,0.113598794,0.15568355,0.0993270874023437,0.17014846,0.37874976321272974,0.008406895245311574,0.008406895245311574,86.68160318645755
2022-01-29,2585,0.3878802803561281,0.39,0.005607283190154782,0.38,0.4,0.38,0.4,5279,0,0.0,0.42081615,-0.37110457,0.3781834,0.4847698211669922,0.1984117,0.3871566584580413,0.0007236218980867792,0.0007236218980867792,12.148369429922829
2022-01-30,2586,0.3897082780829703,0.39,0.0027987612692945384,0.38,0.4,0.38,0.39,5279,0,0.0,0.5301229,-0.4958942,0.49691182,0.1248092651367187,0.18739927,0.3878802803561281,0.0018279977268422232,0.0018279977268422232,28.05576300721932
2022-01-31,2587,0.38402348929721536,0.38,0.0054870922142283745,0.38,0.4,0.38,0.39,5279,0,0.0,0.39201006,-0.36715832,0.36846018,0.128793716430664,0.1373557,0.3897082780829703,-0.005684788785754957,0.005684788785754957,68.70799103808812
2022-02-01,2588,0.3785698048872893,0.38,0.007110499413758377,0.37,0.4,0.37,0.39,5279,0,0.0,0.3356234,-0.24868196,0.29003817,0.1184463500976562,0.22538927,0.38402348929721536,-0.005453684409926052,0.005453684409926052,67.11476226039332
2022-02-02,2589,0.37918545179011176,0.38,0.007341137397886959,0.37,0.4,0.37,0.39,5279,0,0.0,0.25966048,-0.16732891,0.19955775,0.081390380859375,0.19855626,0.3785698048872893,0.0006156469028224532,0.0006156469028224532,10.455563853622106
2022-02-03,2590,0.3837715476415988,0.38,0.005515798770622548,0.37,0.4,0.38,0.39,5279,0,0.0,0.12781937,-0.099792875,0.112985,0.0675201416015625,0.07987001,0.37918545179011176,0.00458609585148706,0.00458609585148706,59.34777196913119
2022-02-04,2591,0.384121992801667,0.38,0.006769350220850329,0.37,0.4,0.37,0.4,5279,0,0.0,0.11574536,0.012949777,0.08830646,0.1127777099609375,0.11501866,0.3837715476415988,0.00035044516006815796,0.00035044516006815796,6.771222305202889
2022-02-05,2592,0.3852377344193977,0.39,0.008609266092131949,0.37,0.4,0.37,0.4,5279,0,0.0,0.16310051,-0.030160766,0.13783456,0.0431461334228515,0.16028762,0.384121992801667,0.0011157416177307034,0.0011157416177307034,18.322130943490166
2022-02-06,2593,0.38984277325250993,0.39,0.007731641012163628,0.37,0.41000000000000003,0.38,0.4,5279,0,0.00037885963250615644,0.1468568,-0.0231632,0.11354574,0.0069599151611328,0.14501838,0.3852377344193977,0.004605038833112252,0.004605038833112252,59.54692556634305
2022-02-07,2594,0.3868478878575488,0.39,0.006089389906667633,0.38,0.4,0.38,0.4,5279,0,0.0,0.14174332,0.04332182,0.09856153,0.0665321350097656,0.1349607,0.38984277325250993,-0.002994885394961122,0.002994885394961122,42.81802340054767
2022-02-08,2595,0.3844459177874597,0.38,0.005386278187423736,0.38,0.4,0.38,0.39,5279,0,0.0,0.13648257,0.013994562,0.094095916,0.0293960571289062,0.13576311,0.3868478878575488,-0.002401970070089132,0.002401970070089132,35.673388100572566
2022-02-09,2596,0.38845993559386255,0.39,0.0076405722100710855,0.37,0.4,0.38,0.4,5279,0,0.0,0.12123114,-0.05382358,0.10269084,0.0677719116210937,0.10862781,0.3844459177874597,0.00401401780640287,0.00401401780640287,54.07020164301718
2022-02-10,2597,0.39115931047546887,0.39,0.009360141074466448,0.38,0.41000000000000003,0.38,0.41000000000000003,5279,0,0.0748247774199659,0.09006093,0.0013255412,0.0755051,0.0550651550292968,0.09005116,0.38845993559386255,0.00269937488160632,0.00269937488160632,39.08389345282549
2022-02-11,2598,0.38543284713013826,0.38,0.007033946647372435,0.37,0.4,0.38,0.4,5279,0,0.0,0.10792811,-0.025996866,0.08627381,0.0272483825683593,0.10475027,0.39115931047546887,-0.005726463345330612,0.005726463345330612,69.00672143390591
2022-02-12,2599,0.3830214055692366,0.38,0.006066946417066629,0.37,0.4,0.38,0.4,5279,0,0.0,0.106097065,0.016314138,0.08467673,0.0423717498779296,0.1048354,0.38543284713013826,-0.0024114415609016726,0.0024114415609016726,35.77296489917849
2022-02-13,2600,0.3846599734798257,0.38,0.006828683978002762,0.37,0.4,0.38,0.4,5279,0,0.0,0.1256446,-0.031105574,0.09680226,0.0475234985351562,0.12173336,0.3830214055692366,0.0016385679105891393,0.0016385679105891393,25.740602439631566
2022-02-14,2601,0.3904716802424702,0.39,0.007248015009321219,0.38,0.41000000000000003,0.38,0.4,5279,0,0.04394771737071415,0.2675004,-0.22755659,0.23048632,0.1964187622070312,0.14062282,0.3846599734798257,0.005811706762644475,0.005811706762644475,69.75354742345033
2022-02-15,2602,0.3905701837469217,0.39,0.006834494412199462,0.38,0.41000000000000003,0.38,0.4,5279,0,0.0011365788975184693,0.2984747,-0.21501394,0.22805487,0.0124855041503906,0.20701733,0.3904716802424702,9.850350445150813e-05,9.850350445150813e-05,2.68857356235997
2022-02-16,2603,0.3826899033907938,0.38,0.005760967152883573,0.37,0.4,0.37,0.39,5279,0,0.0,0.27836457,-0.18050255,0.21600981,0.0346393585205078,0.21190979,0.3905701837469217,-0.007880280356127922,0.007880280356127922,83.94324122479462
2022-02-17,2604,0.3814889183557492,0.38,0.005636207161355534,0.37,0.39,0.37,0.39,5279,0,0.0,0.12087022,-0.043206308,0.09594216,0.1371669769287109,0.11288409,0.3826899033907938,-0.001200985035044566,0.001200985035044566,19.66641772467015
2022-02-18,2605,0.3809982951316537,0.38,0.004139062725489443,0.37,0.39,0.38,0.39,5279,0,0.0,0.22962914,-0.1742887,0.18510248,0.1309967041015625,0.14950892,0.3814889183557492,-0.0004906232240955433,0.0004906232240955433,8.787652476972866
2022-02-19,2606,0.3836768327334722,0.38,0.004984018342794836,0.38,0.4,0.38,0.39,5279,0,0.0,0.42973015,-0.40486258,0.40487033,0.2306632995605468,0.14406131,0.3809982951316537,0.0026785376018185203,0.0026785376018185203,38.85984565596216
2022-02-20,2607,0.3793938245879902,0.38,0.007762093311140999,0.37,0.4,0.37,0.39,5279,0,0.0,0.40402028,-0.38175705,0.38414446,0.0232715606689453,0.13226476,0.3836768327334722,-0.004283008145481992,0.004283008145481992,57.007717201891964
2022-02-21,2608,0.38183557491949227,0.38,0.0064337337756184155,0.37,0.4,0.37,0.39,5279,0,0.0,0.2350822,-0.19776456,0.20990293,0.1838340759277343,0.1270944,0.3793938245879902,0.0024417503315020683,0.0024417503315020683,36.0219068956933
2022-02-22,2609,0.38402159499905286,0.38,0.005289883158651587,0.38,0.4,0.38,0.39,5279,0,0.0,0.14908087,-0.07584372,0.1226925,0.121927261352539,0.12834664,0.38183557491949227,0.002186020079560591,0.002186020079560591,33.03460293751556
2022-02-23,2610,0.3919075582496685,0.39,0.003928969842185947,0.39,0.4,0.39,0.4,5279,0,0.0,0.08901898,0.0153312925,0.06937051,0.0911750793457031,0.08768882,0.38402159499905286,0.007885963250615635,0.007885963250615635,84.01792382374906
2022-02-24,2611,0.38249857927637804,0.38,0.0043424131831490635,0.37,0.39,0.38,0.39,5279,0,0.0,0.12673943,-0.1000307,0.11099659,0.1152572631835937,0.07782482,0.3919075582496685,-0.00940897897329046,0.00940897897329046,91.06298232511824
2022-02-25,2612,0.37675127865125974,0.38,0.00702044788831785,0.37,0.39,0.37,0.39,5279,0,0.0,0.1250592,-0.090180434,0.10565952,0.0096168518066406,0.08664467,0.38249857927637804,-0.005747300625118301,0.005747300625118301,69.18098083146627
2022-02-26,2613,0.37614131464292483,0.38,0.006341583466541612,0.37,0.39,0.37,0.39,5279,0,0.0,0.11997924,-0.042563748,0.095882356,0.0478229522705078,0.11217558,0.37675127865125974,-0.0006099640083349067,0.0006099640083349067,10.355987055016183
2022-02-27,2614,0.3842773252509945,0.38,0.005038551808323961,0.37,0.4,0.38,0.39,5279,0,0.0,0.15340656,-0.08364212,0.13123555,0.0410900115966796,0.12859847,0.37614131464292483,0.008136010608069677,0.008136010608069677,85.13816280806572
2022-02-28,2615,0.3883936351581739,0.39,0.0056072441532358745,0.38,0.4,0.38,0.4,5279,0,0.0,0.13089001,-0.0893654,0.10913886,0.0058517456054687,0.095634736,0.3842773252509945,0.004116309907179372,0.004116309907179372,55.314911625591236
2022-03-01,2616,0.38543474142830075,0.38,0.006831632358823495,0.37,0.4,0.38,0.4,5279,0,0.0,0.27726024,-0.23520179,0.23712842,0.1457958221435547,0.14681117,0.3883936351581739,-0.0029588937298731244,0.0029588937298731244,42.295245207866564
2022-03-02,2617,0.37713582117825345,0.38,0.007486726477580361,0.37,0.39,0.37,0.39,5279,0,0.0,0.22324409,-0.15548214,0.18387748,0.0798168182373046,0.16019759,0.38543474142830075,-0.008298920250047304,0.008298920250047304,86.08414239482201
2022-03-03,2618,0.37558817957946583,0.37,0.006080047930629295,0.37,0.39,0.37,0.39,5279,0,0.0,0.2134491,-0.15521295,0.18027478,0.0002765655517578,0.14652495,0.37713582117825345,-0.001547641598787619,0.001547641598787619,24.495892457057504
2022-03-04,2619,0.3824076529645766,0.38,0.006676271065786572,0.37,0.4,0.37,0.39,5279,0,0.0,0.28399828,-0.23913985,0.24182267,0.0839786529541015,0.15319021,0.37558817957946583,0.006819473385110797,0.006819473385110797,77.76947971122729
2022-03-05,2620,0.38692365978405,0.39,0.005506032354506759,0.38,0.4,0.38,0.39,5279,0,0.0,0.36953038,-0.3381697,0.33816993,0.0990066528320312,0.1489757,0.3824076529645766,0.004516006819473395,0.004516006819473395,58.87478217575305
2022-03-06,2621,0.38792195491570375,0.39,0.0053853907292367035,0.37,0.4,0.38,0.4,5279,0,0.0,0.24432202,-0.18159485,0.20876463,0.1565914154052734,0.16345231,0.38692365978405,0.0009982951316537259,0.0009982951316537259,16.33059497137167
2022-03-07,2622,0.380217844288691,0.38,0.006503084483416139,0.37,0.4,0.37,0.39,5279,0,0.0,0.20532104,-0.06402641,0.17957795,0.1177978515625,0.19508281,0.38792195491570375,-0.007704110627012761,0.007704110627012761,82.82300224047798
2022-03-08,2623,0.3825175222580034,0.38,0.00700772351750078,0.37,0.4,0.37,0.39,5279,0,0.0,0.1343261,-0.022287276,0.11598895,0.0415287017822265,0.13246413,0.380217844288691,0.002299677969312408,0.002299677969312408,34.25441872043814
2022-03-09,2624,0.3833926880090926,0.38,0.004758556918162178,0.37,0.39,0.38,0.39,5279,0,0.0,0.16384594,-0.14739259,0.14968528,0.1251888275146484,0.07156054,0.3825175222580034,0.0008751657510892019,0.0008751657510892019,14.314164799601691
2022-03-10,2625,0.3824815305929153,0.38,0.004319411053092609,0.38,0.39,0.38,0.39,5279,0,0.0,0.17783202,-0.16254216,0.16355416,0.0150604248046875,0.07214076,0.3833926880090926,-0.0009111574161773106,0.0009111574161773106,14.986308190191686
2022-03-11,2626,0.37486834627770416,0.37,0.00544798373166459,0.37,0.39,0.37,0.38,5279,0,0.0,0.2413834,-0.21092618,0.21110316,0.0483665466308593,0.11737167,0.3824815305929153,-0.00761318431521113,0.00761318431521113,82.37490664675131
2022-03-12,2627,0.3773271452926691,0.38,0.0065659407525076405,0.37,0.39,0.37,0.39,5279,0,0.0,0.09114537,-0.010094893,0.07240668,0.2007942199707031,0.09058461,0.37486834627770416,0.0024587990149649297,0.0024587990149649297,36.24595469255664
2022-03-13,2628,0.38549535896950177,0.39,0.00536028409999403,0.38,0.4,0.38,0.39,5279,0,0.0,0.19664957,-0.19117746,0.19117746,0.1810741424560547,0.04606709,0.3773271452926691,0.00816821367683268,0.00816821367683268,85.33731640527758
2022-03-14,2629,0.38640462208751664,0.39,0.005279814398948076,0.38,0.4,0.38,0.39,5279,0,0.0,0.45516005,-0.4256517,0.42572007,0.2345523834228515,0.16122043,0.38549535896950177,0.0009092631180148691,0.0009092631180148691,14.911625591237243
2022-03-15,2630,0.37827808297025955,0.38,0.007844479216421124,0.37,0.4,0.37,0.39,5279,0,0.0,0.5054325,-0.45558032,0.46098083,0.0298995971679687,0.21888244,0.38640462208751664,-0.008126539117257081,0.008126539117257081,85.06348020911128
2022-03-16,2631,0.379446864936541,0.38,0.0084595339048904,0.37,0.4,0.37,0.39,5279,0,0.0,0.7214589,-0.69980276,0.6999478,0.244232177734375,0.17543963,0.37827808297025955,0.0011687819662814514,0.0011687819662814514,19.168533731640526
2022-03-17,2632,0.3845122182231483,0.38,0.005115061053246993,0.38,0.4,0.38,0.39,5279,0,0.0,0.49937195,-0.47272858,0.47355992,0.2270927429199218,0.16093151,0.379446864936541,0.005065353286607288,0.005065353286607288,63.82872790639781
2022-03-18,2633,0.37875544610721723,0.38,0.004911092109729924,0.37,0.39,0.37,0.39,5279,0,0.0,0.26113728,-0.22693706,0.22847775,0.2457828521728515,0.12919788,0.3845122182231483,-0.005756772115931064,0.005756772115931064,69.33034602937515
2022-03-19,2634,0.38270316347793143,0.38,0.004441232035245622,0.38,0.39,0.38,0.39,5279,0,0.0,0.13075978,-0.08892579,0.10520678,0.1380252838134765,0.09586609,0.37875544610721723,0.003947717370714199,0.003947717370714199,53.398058252427184
2022-03-20,2635,0.38800909263118016,0.39,0.0040730115286158755,0.38,0.4,0.38,0.39,5279,0,0.0,0.4441478,-0.42565554,0.4256561,0.3368282318115234,0.12682445,0.38270316347793143,0.005305929153248734,0.005305929153248734,66.16878267363704
2022-03-21,2636,0.38052093199469594,0.38,0.005875958398643801,0.37,0.39,0.37,0.39,5279,0,0.0,0.45208803,-0.43662602,0.43662602,0.0108203887939453,0.1172246,0.38800909263118016,-0.00748816063648422,0.00748816063648422,81.77744585511576
2022-03-22,2637,0.3753400265201743,0.37,0.006457998888885906,0.37,0.39,0.37,0.39,5279,0,0.0,0.32328302,-0.3094324,0.30945757,0.1270885467529297,0.093615025,0.38052093199469594,-0.005180905474521658,0.005180905474521658,64.84939009210854
2022-03-23,2638,0.38130896003030873,0.38,0.00596216978087966,0.37,0.4,0.37,0.39,5279,0,0.0,0.29126978,-0.2551872,0.25583273,0.0544052124023437,0.14041924,0.3753400265201743,0.005968933510134444,0.005968933510134444,71.14762260393329
2022-03-24,2639,0.39127107406705824,0.39,0.004927415813369933,0.38,0.4,0.38,0.4,5279,0,0.0,0.28464976,-0.26440176,0.26440176,0.0092582702636718,0.10543983,0.38130896003030873,0.009962114036749514,0.009962114036749514,92.38237490664675
2022-03-25,2640,0.39325629854139044,0.39,0.006772410799293067,0.38,0.4,0.38,0.4,5279,0,0.0,0.2805617,-0.262251,0.26403505,0.0019779205322265,0.0996956,0.39127107406705824,0.0019852244743321923,0.0019852244743321923,30.221558376898184
2022-03-26,2641,0.3801079749952642,0.38,0.005688751796136725,0.37,0.39,0.37,0.39,5279,0,0.0,0.32648522,-0.31261912,0.31429806,0.0502567291259765,0.09413762,0.39325629854139044,-0.013148323546126217,0.013148323546126217,97.80931043066965
2022-03-27,2642,0.3768668308391741,0.38,0.006033583195365801,0.37,0.39,0.37,0.39,5279,0,0.0,0.28817913,-0.26638904,0.2683399,0.0462398529052734,0.109927826,0.3801079749952642,-0.0032411441560901144,0.0032411441560901144,45.85511575802838
2022-03-28,2643,0.38200416745595756,0.38,0.0047795879271300265,0.37,0.4,0.38,0.39,5279,0,0.0,0.21835655,-0.17075942,0.18692236,0.0955696105957031,0.13609102,0.3768668308391741,0.00513733661678345,0.00513733661678345,64.47597709733633
2022-03-29,2644,0.3883008145482099,0.39,0.004093487601772977,0.38,0.4,0.38,0.39,5279,0,0.0,0.19055694,-0.065691814,0.14586814,0.1051692962646484,0.17887565,0.38200416745595756,0.006296647092252361,0.006296647092252361,73.96066716455067
2022-03-30,2645,0.38447243796173514,0.38,0.005895884883305904,0.38,0.4,0.38,0.4,5279,0,0.0,0.2401782,-0.19510101,0.2039667,0.1295680999755859,0.14007579,0.3883008145482099,-0.00382837658647478,0.00382837658647478,51.80482947473239
2022-03-31,2646,0.3788425838226937,0.38,0.00750863854535712,0.37,0.4,0.37,0.39,5279,0,0.0,0.36797535,-0.3478249,0.348433,0.1526508331298828,0.12009924,0.38447243796173514,-0.005629854139041435,0.005629854139041435,68.4839432412248
2022-04-01,2647,0.3782401970070089,0.38,0.007044246680028414,0.37,0.4,0.37,0.39,5279,0,0.0,0.3360893,-0.32571676,0.3257659,0.0220699310302734,0.08285346,0.3788425838226937,-0.0006023868156848078,0.0006023868156848078,10.206621857107294
2022-04-02,2648,0.3884921386626255,0.39,0.005954894926433582,0.38,0.4,0.38,0.4,5279,0,0.0,0.13043906,-0.062307213,0.10200846,0.2634410858154297,0.11459569,0.3782401970070089,0.010251941655616603,0.010251941655616603,93.27856609410009
2022-04-03,2649,0.39456146997537417,0.39,0.004980732016230312,0.39,0.4,0.39,0.4,5279,0,0.0,0.21934113,-0.19769695,0.19790132,0.1353168487548828,0.09500749,0.3884921386626255,0.0060693313127486714,0.0060693313127486714,71.99402539208364
2022-04-04,2650,0.38656942602765676,0.39,0.005546003603415453,0.38,0.4,0.38,0.39,5279,0,0.0,0.25202656,-0.2334269,0.23358387,0.0357265472412109,0.095022514,0.39456146997537417,-0.007992043947717409,0.007992043947717409,84.44112521782424
2022-04-05,2651,0.3850672475847698,0.38,0.005613542860034879,0.37,0.4,0.38,0.39,5279,0,0.0,0.151734,-0.11534213,0.12409919,0.118011474609375,0.09858693,0.38656942602765676,-0.00150217844288697,0.00150217844288697,23.948220064724918
2022-04-06,2652,0.39205531350634587,0.39,0.008177328196325039,0.37,0.41000000000000003,0.38,0.4,5279,0,0.005682894487592347,0.103995144,-0.019793613,0.08286447,0.0955238342285156,0.10209403,0.3850672475847698,0.006988065921576081,0.006988065921576081,78.88971869554395
2022-04-07,2653,0.3968100018942982,0.4,0.008835175181981547,0.38,0.41000000000000003,0.38,0.41000000000000003,5279,0,0.1513544231862095,0.10024355,0.02290186,0.078970514,0.0426883697509765,0.097592525,0.39205531350634587,0.004754688387952344,0.004754688387952344,60.91610654717451
2022-04-08,2654,0.40391172570562606,0.4,0.005148355315146642,0.39,0.41000000000000003,0.4,0.41000000000000003,5279,0,0.40462208751657514,0.13856179,-0.015862962,0.11457394,0.0386486053466796,0.13765071,0.3968100018942982,0.0071017238113278425,0.0071017238113278425,79.66143888473985
2022-04-09,2655,0.39385110816442515,0.4,0.0076607230464048395,0.38,0.41000000000000003,0.38,0.4,5279,0,0.027277893540443268,0.36576152,-0.22375321,0.32814723,0.2079734802246093,0.28933692,0.40391172570562606,-0.010060617541200911,0.010060617541200911,92.75578790141897
2022-04-10,2656,0.38925743512028793,0.39,0.00818993539667849,0.37,0.4,0.38,0.4,5279,0,0.0,0.24789478,-0.13520701,0.22346784,0.0885772705078125,0.20777631,0.39385110816442515,-0.004593673044137214,0.004593673044137214,59.44734876773712
2022-04-11,2657,0.39420723621898096,0.4,0.006715292062568171,0.38,0.41000000000000003,0.38,0.4,5279,0,0.0064406137526046596,0.14855213,-0.107317135,0.121387504,0.0278739929199218,0.10271655,0.38925743512028793,0.00494980109869303,0.00494980109869303,62.65870052277819
2022-04-12,2658,0.39241333585906424,0.39,0.005102735063191365,0.38,0.41000000000000003,0.39,0.4,5279,0,0.0005682894487592347,0.0874091,-0.035417035,0.070096016,0.0718803405761718,0.079912215,0.39420723621898096,-0.0017939003599167225,0.0017939003599167225,27.607667413492653
2022-04-13,2659,0.3934343625686684,0.39,0.004748555510217096,0.39,0.4,0.39,0.4,5279,0,0.0,0.12206846,-0.08309956,0.1040425,0.0476360321044921,0.08941574,0.39241333585906424,0.0010210267096041892,0.0010210267096041892,16.828478964401295
2022-04-14,2660,0.38468459935593863,0.38,0.005958908636981952,0.38,0.4,0.38,0.4,5279,0,0.0,0.29268578,-0.26603022,0.27187157,0.1828651428222656,0.12203598,0.3934343625686684,-0.0087497632127298,0.0087497632127298,88.54866816031864
2022-04-15,2661,0.38257056260655425,0.38,0.00660665862124922,0.37,0.4,0.37,0.39,5279,0,0.0,0.23684283,-0.21051745,0.21763921,0.0554656982421875,0.108521916,0.38468459935593863,-0.0021140367493843737,0.0021140367493843737,32.08862335075927
2022-04-16,2662,0.387416177306308,0.39,0.006742028309078025,0.37,0.4,0.38,0.4,5279,0,0.0,0.20267777,-0.16856495,0.17085735,0.041839599609375,0.11253543,0.38257056260655425,0.004845614699753753,0.004845614699753753,61.613144137415986
2022-04-17,2663,0.39166319378670206,0.39,0.0045978070032369,0.38,0.4,0.39,0.4,5279,0,0.0,0.1310596,-0.09959492,0.116446756,0.0690441131591796,0.08519101,0.387416177306308,0.00424701648039405,0.00424701648039405,56.684092606422695
2022-04-18,2664,0.38285281303277136,0.38,0.004540584093183079,0.38,0.4,0.38,0.39,5279,0,0.0,0.1659447,-0.0842805,0.1490801,0.01531982421875,0.14294903,0.39166319378670206,-0.008810380753930702,0.008810380753930702,88.92208115509086
2022-04-19,2665,0.3797063837848077,0.38,0.006165073038226739,0.37,0.4,0.37,0.39,5279,0,0.0,0.19736259,-0.09554647,0.16472891,0.0112552642822265,0.17269294,0.38285281303277136,-0.0031464292479636558,0.0031464292479636558,44.80955937266617
2022-04-20,2666,0.37599734798257245,0.38,0.006383642593255894,0.37,0.39,0.37,0.39,5279,0,0.0,0.16014032,-0.076915726,0.13316566,0.0186138153076171,0.14045943,0.3797063837848077,-0.00370903580223525,0.00370903580223525,50.58501369180981
2022-04-21,2667,0.382127296836522,0.38,0.004771943492057697,0.37,0.4,0.38,0.39,5279,0,0.0,0.2561527,-0.18544647,0.21591322,0.1084518432617187,0.17670214,0.37599734798257245,0.006129948853949574,0.006129948853949574,72.46701518546179
2022-04-22,2668,0.3889164614510324,0.39,0.006037110709665889,0.38,0.4,0.38,0.4,5279,0,0.0,0.20305562,-0.13560708,0.16975299,0.049997329711914,0.15113695,0.382127296836522,0.006789164614510401,0.006789164614510401,77.49564351506099
2022-04-23,2669,0.38747868914567163,0.39,0.0056436677359755485,0.38,0.4,0.38,0.4,5279,0,0.0,0.1508275,-0.082682915,0.12396867,0.0526561737060546,0.12614481,0.3889164614510324,-0.001437772305360796,0.001437772305360796,23.176499875529004
2022-04-24,2670,0.3826614889183557,0.38,0.004677637827212069,0.37,0.4,0.38,0.39,5279,0,0.0,0.12277785,-0.010658393,0.09632379,0.0721073150634765,0.12231423,0.38747868914567163,-0.00481720022731591,0.00481720022731591,61.289519541946724
2022-04-25,2671,0.37990907368819854,0.38,0.00693864480265093,0.37,0.4,0.37,0.39,5279,0,0.0,0.1835122,0.13326776,0.15264519,0.1438751220703125,0.12616006,0.3826614889183557,-0.002752415230157179,0.002752415230157179,39.606671645506594
2022-04-26,2672,0.3846315590073877,0.38,0.005879035450405158,0.38,0.4,0.38,0.39,5279,0,0.0,0.21468502,0.16711885,0.17854682,0.0337982177734375,0.13476226,0.37990907368819854,0.004722485319189174,0.004722485319189174,60.64227035100822
2022-04-27,2673,0.3935593862473954,0.39,0.0047879674200861436,0.39,0.4,0.39,0.4,5279,0,0.0,0.26481277,0.24971043,0.24971043,0.0825672149658203,0.08814894,0.3846315590073877,0.00892782724000768,0.00892782724000768,89.46975354742345
2022-04-28,2674,0.3891854517901118,0.39,0.0058278882646144335,0.38,0.4,0.38,0.4,5279,0,0.0,0.21011549,0.1587757,0.17107648,0.0908164978027343,0.13761833,0.3935593862473954,-0.004373934457283568,0.004373934457283568,57.630072193179
2022-04-29,2675,0.3792043947717371,0.38,0.006388603612444138,0.37,0.4,0.37,0.39,5279,0,0.0,0.21621403,0.12684168,0.17701824,0.031951904296875,0.17509882,0.3891854517901118,-0.009981057018374706,0.009981057018374706,92.4570575056012
2022-04-30,2676,0.38501610153438154,0.38,0.005358410691534472,0.37,0.4,0.38,0.39,5279,0,0.0,0.24069417,0.14504024,0.1980332,0.0181789398193359,0.19208561,0.3792043947717371,0.00581170676264442,0.00581170676264442,69.72865322379886
2022-05-01,2677,0.3915533244932753,0.39,0.0036378683100265602,0.38,0.4,0.39,0.4,5279,0,0.0,0.11958278,0.03317888,0.09691689,0.1119098663330078,0.11488782,0.38501610153438154,0.006537222958893751,0.006537222958893751,75.55389594224545
2022-05-02,2678,0.3886796741807161,0.39,0.004945187895189921,0.38,0.4,0.38,0.4,5279,0,0.0,0.10104315,-0.035206392,0.082389295,0.068246841430664,0.09471109,0.3915533244932753,-0.002873650312559206,0.002873650312559206,41.299477221807315
2022-05-03,2679,0.37938056450085245,0.38,0.005876071374467654,0.37,0.39,0.37,0.39,5279,0,0.0,0.104254805,0.008280896,0.080832355,0.04339599609375,0.10392536,0.3886796741807161,-0.009299109679863637,0.009299109679863637,90.66467513069455
2022-05-04,2680,0.3818298920250047,0.38,0.006275895292587233,0.37,0.4,0.37,0.39,5279,0,0.0,0.15923828,0.09735061,0.12520893,0.0890941619873046,0.12601489,0.37938056450085245,0.0024493275241522783,0.0024493275241522783,36.17127209360219
2022-05-05,2681,0.38549535896950177,0.39,0.00583734241337491,0.38,0.4,0.38,0.39,5279,0,0.0,0.13188064,0.01700916,0.1070643,0.0803546905517578,0.13077907,0.3818298920250047,0.0036654669444970422,0.0036654669444970422,50.08712969878019
2022-05-06,2682,0.3844686493654101,0.38,0.005458423360156619,0.38,0.4,0.38,0.39,5279,0,0.0,0.13507986,-0.060630437,0.113306984,0.0774726867675781,0.12070843,0.38549535896950177,-0.00102670960409168,0.00102670960409168,16.903161563355738
2022-05-07,2683,0.3805190376965334,0.38,0.005504958874762295,0.37,0.39,0.37,0.39,5279,0,0.0,0.31638515,-0.286876,0.28703776,0.2263813018798828,0.13342425,0.3844686493654101,-0.003949611668876696,0.003949611668876696,53.47274085138163
2022-05-08,2684,0.38212350824019703,0.38,0.006147388935404026,0.37,0.4,0.37,0.39,5279,0,0.0,0.38140938,-0.35101184,0.35140952,0.0642051696777343,0.14921151,0.3805190376965334,0.0016044705436636386,0.0016044705436636386,25.392083644510826
2022-05-09,2685,0.38345141125213106,0.38,0.0052321605727989095,0.37,0.4,0.38,0.39,5279,0,0.0,0.23409052,-0.18514606,0.20515141,0.1658535003662109,0.14324547,0.38212350824019703,0.0013279030119340285,0.0013279030119340285,21.70774209609161
2022-05-10,2686,0.3846921765485887,0.38,0.005722555295987865,0.38,0.4,0.38,0.39,5279,0,0.0,0.21882999,-0.09713925,0.18111008,0.0877933502197265,0.1960878,0.38345141125213106,0.0012407652964576688,0.0012407652964576688,20.2638785163057
2022-05-11,2687,0.38672286417882173,0.39,0.005821515740662016,0.38,0.4,0.38,0.4,5279,0,0.0,0.21019533,-0.0182088,0.17279589,0.0793972015380859,0.20940508,0.3846921765485887,0.002030687630233008,0.002030687630233008,30.868807567836694
2022-05-12,2688,0.3870467891646145,0.39,0.006299036737027598,0.38,0.4,0.38,0.4,5279,0,0.0,0.18800299,-0.00096099515,0.14775303,0.0170192718505859,0.18800056,0.38672286417882173,0.0003239249857927562,0.0003239249857927562,6.148867313915858
2022-05-13,2689,0.3808903201363894,0.38,0.004675803254907934,0.37,0.39,0.37,0.39,5279,0,0.0,0.1495129,-0.024189936,0.12057708,0.0231952667236328,0.14754304,0.3870467891646145,-0.006156469028225087,0.006156469028225087,72.84042818023401
2022-05-14,2690,0.37583822693691993,0.38,0.005943247505207161,0.37,0.39,0.37,0.39,5279,0,0.0,0.10014975,-0.0337346,0.083156586,0.0096168518066406,0.09429702,0.3808903201363894,-0.005052093199469476,0.005052093199469476,63.604680109534485
2022-05-15,2691,0.38046410304982,0.38,0.004030640072189561,0.37,0.39,0.37,0.39,5279,0,0.0,0.1122569,-0.03361633,0.08898966,0.0001564025878906,0.10710526,0.37583822693691993,0.004625876112900051,0.004625876112900051,59.79586756285785
2022-05-16,2692,0.3860352339458231,0.39,0.005010265016761562,0.37,0.4,0.38,0.39,5279,0,0.0,0.18175215,-0.1349194,0.15966709,0.101205825805664,0.12178066,0.38046410304982,0.00557113089600314,0.00557113089600314,68.03584764749814
2022-05-17,2693,0.38351960598598217,0.38,0.00481925089189358,0.38,0.4,0.38,0.39,5279,0,0.0,0.4684363,-0.45434278,0.45434278,0.319559097290039,0.11404261,0.3860352339458231,-0.0025156279598409492,0.0025156279598409492,36.99278068210107
2022-05-18,2694,0.38259139988634205,0.38,0.005603385196395612,0.37,0.4,0.37,0.39,5279,0,0.0,0.49987233,-0.4850041,0.4850041,0.030557632446289,0.12100701,0.38351960598598217,-0.0009282060996401165,0.0009282060996401165,15.235250186706498
2022-05-19,2695,0.3852509945065354,0.38,0.005810716926084302,0.37,0.4,0.38,0.39,5279,0,0.0,0.3383109,-0.2933916,0.30291843,0.1914710998535156,0.1684505,0.38259139988634205,0.0026595946201933285,0.0026595946201933285,38.58600945979587
2022-05-20,2696,0.3942640651638568,0.39,0.005111299472734698,0.38,0.4,0.39,0.4,5279,0,0.0,0.19433138,-0.14975841,0.16566774,0.1435718536376953,0.12384316,0.3852509945065354,0.009013070657321431,0.009013070657321431,89.89295494149863
2022-05-21,2697,0.3936067437014587,0.39,0.006995352013068771,0.38,0.41000000000000003,0.38,0.4,5279,0,0.02462587611290017,0.19915345,-0.09115717,0.15041755,0.0588436126708984,0.1770663,0.3942640651638568,-0.0006573214623981083,0.0006573214623981083,11.077918844909137
2022-05-22,2698,0.3992858495927259,0.4,0.006195153789257153,0.39,0.41000000000000003,0.39,0.41000000000000003,5279,0,0.15874218602007956,0.31054,-0.20296203,0.2598714,0.1119670867919921,0.23503546,0.3936067437014587,0.005679105891267189,0.005679105891267189,68.65820263878516
2022-05-23,2699,0.400952831975753,0.4,0.006937974535403305,0.39,0.41000000000000003,0.39,0.41000000000000003,5279,0,0.29285849592725893,0.46306902,-0.38530016,0.40225676,0.1822261810302734,0.25685847,0.3992858495927259,0.0016669823830270936,0.0016669823830270936,26.064227035100824
2022-05-24,2700,0.4002784618298921,0.4,0.007453723636064217,0.39,0.41000000000000003,0.39,0.41000000000000003,5279,0,0.29210077666224665,0.5252132,-0.46485817,0.46692416,0.07958984375,0.24445114,0.400952831975753,-0.0006743701458609141,0.0006743701458609141,11.476226039332836
2022-05-25,2701,0.40323356696344004,0.4,0.00467757568910965,0.4,0.41000000000000003,0.4,0.41000000000000003,5279,0,0.32335669634400455,0.4420852,-0.40517378,0.4053413,0.0596446990966796,0.17684303,0.4002784618298921,0.002955105133547964,0.002955105133547964,42.22056260891212
2022-05-26,2702,0.4079693123697671,0.41000000000000003,0.004022832839026338,0.4,0.41000000000000003,0.4,0.41000000000000003,5279,0,0.7969312369767001,0.4145679,-0.37981287,0.3806316,0.0254020690917968,0.16615854,0.40323356696344004,0.004735745406327041,0.004735745406327041,60.766741349265615
2022-05-27,2703,0.409257435120288,0.41000000000000003,0.0026218783718050085,0.4,0.41000000000000003,0.4,0.41000000000000003,5279,0,0.9257435120287933,0.2429197,-0.18967561,0.21037564,0.1901454925537109,0.15176652,0.4079693123697671,0.0012881227505209258,0.0012881227505209258,21.0604929051531
2022-05-28,2704,0.4098882364084107,0.41000000000000003,0.00105125868152811,0.4,0.41000000000000003,0.41000000000000003,0.41000000000000003,5279,0,0.9888236408410683,0.21896906,0.09527979,0.15944663,0.284982681274414,0.19715258,0.409257435120288,0.0006308012881227065,0.0006308012881227065,10.629823251182474
2022-05-29,2705,0.4099431710551241,0.41000000000000003,0.0007517046759090467,0.4,0.41000000000000003,0.41000000000000003,0.41000000000000003,5279,0,0.9943171055124077,0.7522439,0.67499197,0.675196,0.5796623229980469,0.3320488,0.4098882364084107,5.493464671341153e-05,5.493464671341153e-05,1.9168533731640527
2022-05-30,2706,0.40996021973858693,0.41000000000000003,0.0006294602012306788,0.4,0.41000000000000003,0.41000000000000003,0.41000000000000003,5279,0,0.9960219738586854,0.566634,0.47721767,0.48756418,0.1978645324707031,0.30551147,0.4099431710551241,1.7048683462805858e-05,1.7048683462805858e-05,1.1202389843166543
2022-05-31,2707,0.40996021973858693,0.41000000000000003,0.0006294602012306788,0.4,0.41000000000000003,0.41000000000000003,0.41000000000000003,5279,0,0.9960219738586854,0.63839763,0.5501572,0.55591285,0.0732059478759765,0.32384905,0.40996021973858693,0.0,0.0,0.5227781926811054
2022-06-01,2708,0.4100000000000001,0.41000000000000003,5.551115123125783e-17,0.41000000000000003,0.41000000000000003,0.41000000000000003,0.41000000000000003,5279,0,1.0,0.5233958,0.37238425,0.4400267,0.1778888702392578,0.3677955,0.40996021973858693,3.978026141315816e-05,3.978026141315816e-05,1.593228777694797
2022-06-02,2709,0.4100000000000001,0.41000000000000003,5.551115123125783e-17,0.41000000000000003,0.41000000000000003,0.41000000000000003,0.41000000000000003,5279,0,1.0,0.3612771,0.30064428,0.3010761,0.0718307495117187,0.20033528,0.4100000000000001,0.0,0.0,0.5227781926811054
2022-06-03,2710,0.4085963250615648,0.41000000000000003,0.00353851347469091,0.39,0.41000000000000003,0.4,0.41000000000000003,5279,0,0.8619056639515059,0.42014492,0.4046911,0.4046911,0.1040496826171875,0.11290096,0.4100000000000001,-0.0014036749384352953,0.0014036749384352953,22.778192681105303
2022-06-04,2711,0.4020799393824588,0.4,0.005986064918704905,0.39,0.41000000000000003,0.39,0.41000000000000003,5279,0,0.3047925743512029,0.31822377,0.27169597,0.2716977,0.1329479217529297,0.16567364,0.4085963250615648,-0.006516385679106007,0.006516385679106007,75.40453074433657
2022-06-05,2712,0.3911119530214056,0.39,0.004666827954075024,0.38,0.41000000000000003,0.38,0.4,5279,0,0.0018942981625307824,0.27335572,0.20217116,0.23046258,0.0695476531982421,0.18398458,0.4020799393824588,-0.010967986361053172,0.010967986361053172,94.99626587005227
2022-06-06,2713,0.38360863799962114,0.38,0.0067979728838844285,0.37,0.4,0.38,0.4,5279,0,0.0,0.23786665,0.14274274,0.19662175,0.0594558715820312,0.19027674,0.3911119530214056,-0.0075033150217844735,0.0075033150217844735,81.82723425441873
2022-06-07,2714,0.3881322220117447,0.39,0.006120958393953055,0.37,0.41000000000000003,0.38,0.4,5279,0,0.00018942981625307822,0.32552534,0.26691395,0.28798407,0.1242733001708984,0.18634316,0.38360863799962114,0.004523584012123549,0.004523584012123549,58.89967637540453
2022-06-08,2715,0.3894260276567532,0.39,0.00387239304359227,0.38,0.4,0.38,0.39,5279,0,0.0,0.22138381,0.08990646,0.16608103,0.1770553588867187,0.2023052,0.3881322220117447,0.0012938056450085278,0.0012938056450085278,21.135175504107544
2022-06-09,2716,0.3908941087327146,0.39,0.0033197876601185985,0.38,0.4,0.39,0.4,5279,0,0.0,0.22345999,0.046003792,0.16677186,0.0439281463623046,0.21867372,0.3894260276567532,0.0014680810759613583,0.0014680810759613583,23.749066467513067
2022-06-10,2717,0.38501231293805643,0.38,0.005576691534853403,0.38,0.4,0.38,0.39,5279,0,0.0,0.2612338,-0.13934648,0.21816663,0.185394287109375,0.22096531,0.3908941087327146,-0.00588179579465814,0.00588179579465814,70.25143141647996
2022-06-11,2718,0.3818128433415419,0.38,0.005290412241254008,0.37,0.4,0.37,0.39,5279,0,0.0,0.23322567,-0.11400858,0.18649921,0.0254287719726562,0.20346087,0.38501231293805643,-0.003199469596514515,0.003199469596514515,45.45680856360468
2022-06-12,2719,0.37991854517901114,0.38,0.007425387843298749,0.37,0.4,0.37,0.39,5279,0,0.0,0.15405187,-0.045781847,0.12538053,0.068124771118164,0.14709194,0.3818128433415419,-0.001894298162530783,0.001894298162530783,28.852377396066714
2022-06-13,2720,0.38711877249479065,0.39,0.007468777336461553,0.38,0.4,0.38,0.4,5279,0,0.0,0.19110797,0.094125874,0.16505113,0.1399955749511718,0.1663208,0.37991854517901114,0.007200227315779517,0.007200227315779517,80.30868807567838
2022-06-14,2721,0.3972494790680054,0.4,0.006592952836266795,0.39,0.41000000000000003,0.39,0.41000000000000003,5279,0,0.11763591589316158,0.35471523,-0.11568604,0.29928744,0.209817886352539,0.33532,0.38711877249479065,0.010130706573214743,0.010130706573214743,92.9798356982823
2022-06-15,2722,0.39475089979162725,0.39,0.008954087530596648,0.38,0.41000000000000003,0.38,0.41000000000000003,5279,0,0.13146429247963629,0.5329788,-0.492959,0.4953117,0.3772029876708984,0.20263186,0.3972494790680054,-0.0024985792763781434,0.0024985792763781434,36.843415484192185
2022-06-16,2723,0.39270695207425654,0.39,0.010352909465105182,0.38,0.41000000000000003,0.38,0.41000000000000003,5279,0,0.14434551998484563,0.22838904,-0.17451406,0.20792075,0.3183212280273437,0.14733155,0.39475089979162725,-0.002043947717370709,0.002043947717370709,31.09285536470002
2022-06-17,2724,0.39759234703542345,0.4,0.007881230635433407,0.38,0.41000000000000003,0.39,0.41000000000000003,5279,0,0.20818336806213297,0.18443888,0.1345302,0.14852889,0.309030532836914,0.1261716,0.39270695207425654,0.004885394961166911,0.004885394961166911,62.160816529748566
2022-06-18,2725,0.4059424133358591,0.41000000000000003,0.005274910568242402,0.39,0.41000000000000003,0.4,0.41000000000000003,5279,0,0.6128054555787081,0.27224132,0.20755696,0.23531255,0.0731163024902343,0.17616938,0.39759234703542345,0.008350066300435666,0.008350066300435666,86.30819019168534
2022-06-19,2726,0.40809244175033155,0.41000000000000003,0.003928969842185947,0.4,0.41000000000000003,0.4,0.41000000000000003,5279,0,0.8092441750331503,0.5487615,0.47098204,0.4872704,0.2633724212646484,0.28163072,0.4059424133358591,0.002150028414472427,0.002150028414472427,32.56161314413741
2022-06-20,2727,0.40161962492896386,0.4,0.003684164000030015,0.4,0.41000000000000003,0.4,0.41000000000000003,5279,0,0.1619624928963819,0.28625914,-0.016219348,0.24550042,0.4870414733886719,0.2857991,0.40809244175033155,-0.006472816821367688,0.006472816821367688,75.2302713467762
2022-06-21,2728,0.38701648039401404,0.39,0.004975971172431497,0.38,0.4,0.38,0.39,5279,0,0.0,0.31044662,-0.27377582,0.275918,0.257659912109375,0.1463695,0.40161962492896386,-0.014603144534949819,0.014603144534949819,98.85486681603186
2022-06-22,2729,0.37827240007577184,0.38,0.0052741526925713595,0.37,0.39,0.37,0.39,5279,0,0.0,0.19671267,-0.09321255,0.16918811,0.1805171966552734,0.17322612,0.38701648039401404,-0.008744080318242198,0.008744080318242198,88.4739855613642
2022-06-23,2730,0.3813657889751847,0.38,0.0054300326946666215,0.37,0.39,0.37,0.39,5279,0,0.0,0.26301402,0.1355571,0.17718595,0.2288761138916015,0.22539026,0.37827240007577184,0.0030933888994128522,0.0030933888994128522,44.13741598207618
2022-06-24,2731,0.3854101155521879,0.39,0.005530865361581969,0.38,0.4,0.38,0.39,5279,0,0.0,0.26723474,-0.027613344,0.20854823,0.1632061004638672,0.26580408,0.3813657889751847,0.00404432657700321,0.00404432657700321,54.41872043813791
2022-06-25,2732,0.38477173707141504,0.38,0.0057460948658906615,0.38,0.4,0.38,0.39,5279,0,0.0,0.17183605,-0.0039359126,0.13711506,0.0235557556152343,0.17179094,0.3854101155521879,-0.000638378480772861,0.000638378480772861,10.7294000497884
2022-06-26,2733,0.38045842015533243,0.38,0.007494275433829554,0.37,0.4,0.37,0.39,5279,0,0.0,0.15606628,0.06155765,0.11092594,0.0654468536376953,0.1434132,0.38477173707141504,-0.00431331691608261,0.00431331691608261,57.256659198406766
2022-06-27,2734,0.38455199848456145,0.38,0.007494589529365477,0.37,0.4,0.38,0.4,5279,0,0.0,0.14611682,-0.00010815632,0.10685525,0.0617389678955078,0.14611673,0.38045842015533243,0.0040935783292290195,0.0040935783292290195,54.89171023151606
2022-06-28,2735,0.38550293616215187,0.39,0.005881955938457889,0.38,0.4,0.38,0.39,5279,0,0.0,0.2424135,-0.20145854,0.21307957,0.2011661529541015,0.13482873,0.38455199848456145,0.0009509376775904133,0.0009509376775904133,15.633557381130197
2022-06-29,2736,0.3858685357075204,0.39,0.004931674933657263,0.38,0.4,0.38,0.39,5279,0,0.0,0.18596977,-0.123418696,0.1608343,0.0778331756591796,0.13911349,0.38550293616215187,0.00036559954536852235,0.00036559954536852235,6.920587503111775
2022-06-30,2737,0.3820894108732714,0.38,0.0041803851517097056,0.37,0.39,0.38,0.39,5279,0,0.0,0.16984348,0.08443412,0.12533373,0.2081031799316406,0.14736906,0.3858685357075204,-0.0037791248342489703,0.0037791248342489703,51.30694548170276
2022-07-01,2738,0.37916650880848646,0.38,0.007550206253100445,0.37,0.4,0.37,0.39,5279,0,0.0,0.24197915,0.19185531,0.20762451,0.1073513031005859,0.14746335,0.3820894108732714,-0.00292290206478496,0.00292290206478496,41.84714961413991
2022-07-02,2739,0.3811138473195681,0.38,0.007414992489045736,0.37,0.4,0.37,0.39,5279,0,0.0,0.2915878,0.2589628,0.25958526,0.0671291351318359,0.13402061,0.37916650880848646,0.0019473385110816421,0.0019473385110816421,29.524520786656712
2022-07-03,2740,0.38584201553324493,0.39,0.005405199817245829,0.38,0.4,0.38,0.39,5279,0,0.0,0.19466583,-0.0040391767,0.1528262,0.2629852294921875,0.1946238,0.3811138473195681,0.004728168213676831,0.004728168213676831,60.71695294996265
2022-07-04,2741,0.38932373555597655,0.39,0.0034678655240403243,0.38,0.4,0.38,0.39,5279,0,0.0,0.31154016,-0.16754526,0.24919826,0.163543701171875,0.26265165,0.38584201553324493,0.003481720022731616,0.003481720022731616,48.31964152352502
2022-07-05,2742,0.3835215002841447,0.38,0.005094955695589218,0.38,0.4,0.38,0.39,5279,0,0.0,0.35742941,-0.21643674,0.29895216,0.0488433837890625,0.28444833,0.38932373555597655,-0.005802235271831824,0.005802235271831824,69.6539706248444
2022-07-06,2743,0.3833566963440045,0.38,0.00829827704582094,0.37,0.4,0.37,0.4,5279,0,0.0,0.33036226,0.02818287,0.27035266,0.2445659637451172,0.3291581,0.3835215002841447,-0.00016480394014023458,0.00016480394014023458,3.7092357480706992
2022-07-07,2744,0.38197575298351955,0.38,0.008540964617769315,0.37,0.4,0.37,0.4,5279,0,0.0,0.4216172,0.3493826,0.37870705,0.3212108612060547,0.23599347,0.3833566963440045,-0.001380943360484943,0.001380943360484943,22.50435648493901
2022-07-08,2745,0.38756961545747304,0.39,0.0063687019793931335,0.38,0.4,0.38,0.4,5279,0,0.0,0.6022592,0.5901106,0.5901106,0.2406749725341797,0.120355055,0.38197575298351955,0.0055938624739534926,0.0055938624739534926,68.21010704505849
2022-07-09,2746,0.3853343436256867,0.39,0.005610737201613515,0.38,0.4,0.38,0.39,5279,0,0.0,0.48878145,0.45120823,0.45333728,0.1388740539550781,0.18793102,0.38756961545747304,-0.002235271831786345,0.002235271831786345,33.68185212845407
2022-07-10,2747,0.37585527562038273,0.37,0.006679316273299219,0.37,0.39,0.37,0.39,5279,0,0.0,0.24653512,0.17357473,0.19822136,0.2776298522949219,0.17507525,0.3853343436256867,-0.009479068005303959,0.009479068005303959,91.23724172267862
2022-07-11,2748,0.37641598787649183,0.37,0.0075157281648003125,0.37,0.4,0.37,0.39,5279,0,0.0,0.20417957,0.12206283,0.17118661,0.0514602661132812,0.16367626,0.37585527562038273,0.0005607122561090971,0.0005607122561090971,9.658949464774707
2022-07-12,2749,0.38508429626823254,0.38,0.006251917503325772,0.38,0.4,0.38,0.4,5279,0,0.0,0.21484818,0.14071083,0.17509371,0.0186023712158203,0.16235825,0.37641598787649183,0.008668308391740709,0.008668308391740709,88.05078416728902
2022-07-13,2750,0.4003826482288312,0.4,0.002271038350195463,0.39,0.41000000000000003,0.4,0.4,5279,0,0.04565258571699186,0.39805737,0.2646614,0.27226222,0.1239852905273437,0.29732817,0.38508429626823254,0.015298351960598644,0.015298351960598644,99.15359721184964
2022-07-14,2751,0.39820799393824585,0.4,0.003903739025304629,0.39,0.41000000000000003,0.39,0.4,5279,0,0.002652017427543095,0.6643948,0.57436717,0.5874661,0.3097515106201172,0.33394882,0.4003826482288312,-0.0021746542905853317,0.0021746542905853317,32.86034353995519
2022-07-15,2752,0.3853703352907748,0.39,0.005571199492232995,0.37,0.4,0.38,0.39,5279,0,0.0,0.5960079,0.4836052,0.5005701,0.0907363891601562,0.34835625,0.39820799393824585,-0.01283765864747105,0.01283765864747105,97.58526263380632
2022-07-16,2753,0.37799014964955485,0.38,0.006817729355402099,0.37,0.39,0.37,0.39,5279,0,0.0,0.62131226,0.5621616,0.5634876,0.0783977508544921,0.2645816,0.3853703352907748,-0.00738018564121995,0.00738018564121995,81.15509086382873
2022-07-17,2754,0.37920818336806217,0.38,0.006128790857747327,0.37,0.39,0.37,0.39,5279,0,0.0,0.8022216,0.7864865,0.7864865,0.2244472503662109,0.15810278,0.37799014964955485,0.0012180337185073165,0.0012180337185073165,20.014936519790886
2022-07-18,2755,0.38983519605985983,0.39,0.005389834548125001,0.38,0.4,0.38,0.4,5279,0,0.0,0.77451164,0.7615353,0.7615353,0.0249748229980468,0.14118582,0.37920818336806217,0.010627012691797666,0.010627012691797666,94.39880507841673
2022-07-19,2756,0.38645008524341734,0.39,0.005454778834671928,0.38,0.4,0.38,0.39,5279,0,0.0,0.33693388,0.31619236,0.31619236,0.4453811645507812,0.116392784,0.38983519605985983,-0.0033851108164424937,0.0033851108164424937,47.373661936768734
2022-07-20,2757,0.3769350255730252,0.38,0.007209798348635549,0.37,0.39,0.37,0.39,5279,0,0.0,0.33830732,0.3069446,0.30697453,0.0093002319335937,0.14225817,0.38645008524341734,-0.009515059670392123,0.009515059670392123,91.36171272093601
2022-07-21,2758,0.37736692555408224,0.38,0.007541013265887521,0.37,0.39,0.37,0.39,5279,0,0.0,0.4430716,0.41167396,0.41172066,0.1047325134277343,0.1638216,0.3769350255730252,0.00043189998105702676,0.00043189998105702676,7.891461289519541
2022-07-22,2759,0.3864330365599545,0.39,0.007102930067076595,0.37,0.4,0.38,0.4,5279,0,0.0,0.62897444,0.6013213,0.6013213,0.1895103454589843,0.18444712,0.37736692555408224,0.009066111005872235,0.009066111005872235,90.11700273836196
2022-07-23,2760,0.3951449138094337,0.39,0.0061684404276363,0.38,0.41000000000000003,0.39,0.41000000000000003,5279,0,0.05910210267096041,0.707518,0.6828302,0.6828302,0.081644058227539,0.18526717,0.3864330365599545,0.008711877249479194,0.008711877249479194,88.27483196415236
2022-07-24,2761,0.4011441560901687,0.4,0.008176047622732378,0.38,0.41000000000000003,0.39,0.41000000000000003,5279,0,0.3508240197007009,1.016987,0.9917098,0.9917098,0.308807373046875,0.22533391,0.3951449138094337,0.0059992422807350065,0.0059992422807350065,71.3965646004481
2022-07-25,2762,0.39885773820799386,0.4,0.005868615196575683,0.38,0.41000000000000003,0.39,0.41000000000000003,5279,0,0.087137715476416,0.97065955,0.9016585,0.9016585,0.0897998809814453,0.35943565,0.4011441560901687,-0.0022864178821748182,0.0022864178821748182,34.17973612148369
2022-07-26,2763,0.39073309338889944,0.39,0.005391702362288571,0.38,0.41000000000000003,0.38,0.4,5279,0,0.014586095851487024,0.5681258,0.47607663,0.47607663,0.4256534576416015,0.31002846,0.39885773820799386,-0.008124644819094418,0.008124644819094418,85.03858600945979
2022-07-27,2764,0.39091305171433993,0.39,0.005064447144469124,0.38,0.41000000000000003,0.38,0.4,5279,0,0.0077666224663762076,0.5282386,0.44342837,0.44342837,0.0326557159423828,0.28706726,0.39073309338889944,0.00017995832544048795,0.00017995832544048795,3.8586009459795867
2022-07-28,2765,0.3910001894298163,0.39,0.003142115936341393,0.38,0.4,0.39,0.4,5279,0,0.0,0.23700832,0.17606065,0.18869618,0.2674007415771484,0.15866831,0.39091305171433993,8.713771547635973e-05,8.713771547635973e-05,2.564102564102564
2022-07-29,2766,0.3932032581928396,0.39,0.0052972435075238945,0.38,0.41000000000000003,0.39,0.4,5279,0,0.003788596325061565,0.2481726,0.1762111,0.19255029,0.0001201629638671,0.17475484,0.3910001894298163,0.002203068763023286,0.002203068763023286,33.3831217326363
2022-07-30,2767,0.39412009850350443,0.39,0.004945006484926853,0.39,0.41000000000000003,0.39,0.4,5279,0,0.0011365788975184693,0.14337933,0.026277767,0.11653671,0.14984130859375,0.14095065,0.3932032581928396,0.000916840310664857,0.000916840310664857,15.08588498879761
2022-07-31,2768,0.39556355370335294,0.4,0.00496813921135844,0.39,0.4,0.39,0.4,5279,0,0.0,0.60834754,0.5559703,0.5559703,0.5294647216796875,0.24695009,0.39412009850350443,0.001443455199848509,0.001443455199848509,23.201394075180485
2022-08-01,2769,0.3844913809433605,0.38,0.005738002676659899,0.37,0.4,0.38,0.39,5279,0,0.0,0.5733095,0.51615,0.51615,0.0395011901855468,0.24954283,0.39556355370335294,-0.011072172759992449,0.011072172759992449,95.22031366691562
2022-08-02,2770,0.38221822314832354,0.38,0.006129322462540789,0.37,0.4,0.37,0.39,5279,0,0.0,0.43661377,0.39542443,0.39542443,0.1210041046142578,0.18512377,0.3844913809433605,-0.002273157795036951,0.002273157795036951,34.00547672392333
2022-08-03,2771,0.3854972532676643,0.38,0.007083376350933242,0.37,0.4,0.38,0.4,5279,0,0.0,0.5858044,0.5601763,0.5601763,0.164987564086914,0.17137459,0.38221822314832354,0.0032790301193407756,0.0032790301193407756,46.2285287528006
2022-08-04,2772,0.3793919302898276,0.38,0.006875452713474229,0.37,0.4,0.37,0.39,5279,0,0.0,0.1507681,0.018867385,0.11433758,0.541412353515625,0.14958285,0.3854972532676643,-0.006105322977836725,0.006105322977836725,72.21807318894697
2022-08-05,2773,0.3787346088274295,0.38,0.0065335653528797175,0.37,0.4,0.37,0.39,5279,0,0.0,0.15212749,0.06538169,0.124144375,0.046600341796875,0.13736093,0.3793919302898276,-0.0006573214623981083,0.0006573214623981083,11.077918844909137
2022-08-06,2774,0.38442697480583443,0.38,0.006168094288702054,0.37,0.4,0.38,0.4,5279,0,0.0,0.13146171,0.047420066,0.11023562,0.0180416107177734,0.12261129,0.3787346088274295,0.005692365978404945,0.005692365978404945,68.83246203634553
2022-08-07,2775,0.39904906232240955,0.4,0.0038935030437383684,0.39,0.41000000000000003,0.39,0.4,5279,0,0.032771358211782536,0.22649184,0.17671107,0.17671107,0.1293506622314453,0.14167507,0.38442697480583443,0.014622087516575122,0.014622087516575122,98.87976101568334
2022-08-08,2776,0.3942489107785566,0.39,0.007515809330434907,0.38,0.41000000000000003,0.38,0.41000000000000003,5279,0,0.06516385679105892,0.36972165,0.3253245,0.3253245,0.1486320495605468,0.17566459,0.39904906232240955,-0.004800151543852937,0.004800151543852937,61.21483694299228
2022-08-09,2777,0.39220875165751096,0.39,0.007708040980154279,0.38,0.41000000000000003,0.38,0.41000000000000003,5279,0,0.05114605038833112,0.3127146,0.26082543,0.2608807,0.064523696899414,0.17251277,0.3942489107785566,-0.0020401591210456593,0.0020401591210456593,31.018172765745582
2022-08-10,2778,0.3922485319189241,0.39,0.005668260503898802,0.38,0.41000000000000003,0.38,0.4,5279,0,0.003978026141314643,0.39913955,0.32813844,0.33022097,0.0672264099121093,0.22723868,0.39220875165751096,3.978026141315816e-05,3.978026141315816e-05,1.593228777694797
2022-08-11,2779,0.3843303655995453,0.38,0.006059124026885029,0.38,0.4,0.38,0.4,5279,0,0.0,0.487734,0.38471758,0.39274853,0.0567169189453125,0.29979625,0.3922485319189241,-0.007918166319378805,0.007918166319378805,84.117500622355
2022-08-12,2780,0.384061375260466,0.38,0.007988959449451476,0.37,0.4,0.37,0.4,5279,0,0.0,0.41155928,0.3184818,0.333592,0.066415786743164,0.26067218,0.3843303655995453,-0.00026899033907928915,0.00026899033907928915,5.103310928553647
2022-08-13,2781,0.3791513544231862,0.38,0.006198064272241812,0.37,0.39,0.37,0.39,5279,0,0.0,0.27118853,0.24913684,0.24921,0.0692958831787109,0.107116945,0.384061375260466,-0.004910020837279816,0.004910020837279816,62.28528752800597
2022-08-14,2782,0.38112900170486835,0.38,0.005095621917646271,0.37,0.39,0.37,0.39,5279,0,0.0,0.3376728,0.30621454,0.30968547,0.0571002960205078,0.14232342,0.3791513544231862,0.001977647281682149,0.001977647281682149,30.047298979337818
2022-08-15,2783,0.3825061564690282,0.38,0.004530286828950082,0.37,0.4,0.38,0.39,5279,0,0.0,0.3996179,0.38435674,0.38435674,0.078042984008789,0.109380975,0.38112900170486835,0.001377154764159838,0.001377154764159838,22.429673885984567
2022-08-16,2784,0.38576434930858117,0.39,0.006275406410621126,0.37,0.4,0.38,0.4,5279,0,0.0,0.3421855,0.28267437,0.28352404,0.1016826629638671,0.19283672,0.3825061564690282,0.003258192839552976,0.003258192839552976,46.079163554891714
2022-08-17,2785,0.3865429058533813,0.39,0.005621246731642156,0.38,0.4,0.38,0.39,5279,0,0.0,0.4912111,0.43345687,0.43367004,0.150970458984375,0.23109336,0.38576434930858117,0.0007785565448001353,0.0007785565448001353,12.969878018421706
2022-08-18,2786,0.39759234703542334,0.4,0.004332695970200272,0.39,0.41000000000000003,0.39,0.4,5279,0,0.002462587611290017,0.64913046,0.6128909,0.61355233,0.1793365478515625,0.21385513,0.3865429058533813,0.011049441182042041,0.011049441182042041,95.14563106796116
2022-08-19,2787,0.39480394014017806,0.4,0.005796512757900825,0.38,0.4,0.39,0.4,5279,0,0.0,0.30302876,0.18941475,0.2697507,0.4234371185302734,0.23653384,0.39759234703542334,-0.002788406895245288,0.002788406895245288,40.004978839930295
2022-08-20,2788,0.38365978405000944,0.38,0.0057294725649964864,0.37,0.4,0.38,0.39,5279,0,0.0,0.29811248,0.199289,0.25515553,0.0098495483398437,0.22170924,0.39480394014017806,-0.011144156090168611,0.011144156090168611,95.3696788648245
2022-08-21,2789,0.38246069331312743,0.38,0.00434659581963404,0.38,0.4,0.38,0.39,5279,0,0.0,0.2933769,0.21615928,0.24215917,0.016824722290039,0.19835602,0.38365978405000944,-0.0011990907368820136,0.0011990907368820136,19.591735125715708
2022-08-22,2790,0.38299677969312373,0.38,0.005142245337418968,0.37,0.4,0.38,0.39,5279,0,0.0,0.3851128,0.34794286,0.34805652,0.131540298461914,0.16506787,0.38246069331312743,0.0005360863799963034,0.0005360863799963034,9.235748070699527
2022-08-23,2791,0.3819265012312938,0.38,0.008666622153338025,0.37,0.4,0.37,0.4,5279,0,0.0,0.57389563,0.4785074,0.50356746,0.130899429321289,0.31683883,0.38299677969312373,-0.0010702784618299432,0.0010702784618299432,17.550410754294248
2022-08-24,2792,0.38460693313127486,0.38,0.006525038638812709,0.37,0.4,0.38,0.4,5279,0,0.0,0.33087528,0.1578437,0.26594573,0.3207168579101562,0.29079872,0.3819265012312938,0.002680431899981073,0.002680431899981073,38.884739855613645
2022-08-25,2793,0.3929115362758099,0.39,0.004714820222369836,0.38,0.4,0.39,0.4,5279,0,0.0,0.27856624,0.15334211,0.21834724,0.0043811798095703,0.23256233,0.38460693313127486,0.008304603144535017,0.008304603144535017,86.15882499377645
2022-08-26,2794,0.39701269179768905,0.4,0.007449904040461002,0.39,0.41000000000000003,0.39,0.41000000000000003,5279,0,0.17275999242280735,0.50119466,0.4590278,0.4590278,0.3055305480957031,0.2012191,0.3929115362758099,0.004101155521879174,0.004101155521879174,55.09086382872791
2022-08-27,2795,0.38801098692934266,0.39,0.008835549640081106,0.38,0.41000000000000003,0.38,0.4,5279,0,0.0322030687630233,0.6701473,0.47003883,0.48694748,0.0110664367675781,0.4776612,0.39701269179768905,-0.009001704868346394,0.009001704868346394,89.7933781428927
2022-08-28,2796,0.38455578708088656,0.38,0.009319864950040922,0.37,0.41000000000000003,0.37,0.4,5279,0,0.00530403485508619,0.5529311,0.29424852,0.4034359,0.1758480072021484,0.4681353,0.38801098692934266,-0.003455199848456103,0.003455199848456103,48.070699527010206
2022-08-29,2797,0.38837658647471107,0.39,0.00785822645832573,0.38,0.41000000000000003,0.38,0.4,5279,0,0.0032203068763023298,0.21474795,-0.02775705,0.16542684,0.3219070434570312,0.2129466,0.38455578708088656,0.0038207993938245144,0.0038207993938245144,51.73014687577795
2022-08-30,2798,0.39721159310475473,0.4,0.004563845882669928,0.39,0.41000000000000003,0.39,0.4,5279,0,0.0035991665088084867,0.23725423,0.09076062,0.19174157,0.1185531616210937,0.21920781,0.38837658647471107,0.008835006630043662,0.008835006630043662,89.02165795369679
2022-08-31,2799,0.39026330744459176,0.39,0.004213788663309687,0.38,0.4,0.38,0.4,5279,0,0.0,0.36315152,0.27885312,0.3044644,0.1880035400390625,0.23263744,0.39721159310475473,-0.006948285660162978,0.006948285660162978,78.69056509833209
2022-09-01,2800,0.39017995832544045,0.39,0.004025139780677624,0.38,0.4,0.38,0.4,5279,0,0.0,0.53202647,0.49988118,0.49988118,0.2208976745605468,0.18213192,0.39026330744459176,-8.334911915131027e-05,8.334911915131027e-05,2.414737366193677
2022-09-02,2801,0.39314453494980117,0.39,0.004642978510341226,0.39,0.4,0.39,0.4,5279,0,0.0,0.33986256,0.27286348,0.28510854,0.2269630432128906,0.20261228,0.39017995832544045,0.0029645766243607263,0.0029645766243607263,42.394822006472495
2022-09-03,2802,0.39286796741807156,0.39,0.004711389538036958,0.38,0.41000000000000003,0.39,0.4,5279,0,0.00037885963250615644,0.34781173,0.15296328,0.24094316,0.1198139190673828,0.31237045,0.39314453494980117,-0.00027656753172961013,0.00027656753172961013,5.327358725416978
2022-09-04,2803,0.3897347982572458,0.39,0.005323921531503057,0.38,0.4,0.38,0.4,5279,0,0.0,0.35430542,-0.0022369977,0.28044194,0.1550273895263672,0.3542981,0.39286796741807156,-0.0031331691608257883,0.0031331691608257883,44.61040577545432
2022-09-05,2804,0.3827391551430195,0.38,0.004463907088629368,0.38,0.4,0.38,0.39,5279,0,0.0,0.26538828,-0.18721507,0.2265475,0.1850757598876953,0.18809992,0.3897347982572458,-0.006995643114226291,0.006995643114226291,78.96440129449837
2022-09-06,2805,0.3786171623413525,0.38,0.007013980641184218,0.37,0.39,0.37,0.39,5279,0,0.0,0.27526402,-0.1966399,0.23256087,0.0096244812011718,0.1926219,0.3827391551430195,-0.004121992801666974,0.004121992801666974,55.38959422454568
2022-09-07,2806,0.3828073498768706,0.38,0.005075580955455371,0.37,0.4,0.38,0.39,5279,0,0.0,0.2121799,-0.14221902,0.17759721,0.0543670654296875,0.15746133,0.3786171623413525,0.004190187535518086,0.004190187535518086,56.13642021409012
2022-09-08,2807,0.397198333017617,0.4,0.004553638258844714,0.38,0.4,0.39,0.4,5279,0,0.0,0.10015875,-0.043864004,0.075581655,0.0984630584716796,0.09004283,0.3828073498768706,0.014390983140746383,0.014390983140746383,98.78018421707742
2022-09-09,2808,0.4020818336806213,0.4,0.004170559728676566,0.39,0.41000000000000003,0.4,0.41000000000000003,5279,0,0.21272968365220685,0.18077463,0.13552523,0.15201175,0.1794643402099609,0.1196343,0.397198333017617,0.004883500663004303,0.004883500663004303,62.11102813044561
2022-09-10,2809,0.3981379049062323,0.4,0.007277619399471104,0.39,0.41000000000000003,0.39,0.41000000000000003,5279,0,0.18905095662057209,0.21409163,0.14561929,0.17757928,0.0100879669189453,0.15694031,0.4020818336806213,-0.003943928774388983,0.003943928774388983,53.273587254169776
2022-09-11,2810,0.3927315779503694,0.39,0.011844565782604993,0.37,0.41000000000000003,0.37,0.41000000000000003,5279,0,0.17806402727789353,0.20859471,0.08501496,0.17278025,0.060586929321289,0.19048408,0.3981379049062323,-0.005406326955862906,0.005406326955862906,66.79113766492407
2022-09-12,2811,0.3948437204015912,0.4,0.012498502045735483,0.37,0.41000000000000003,0.37,0.41000000000000003,5279,0,0.2604659973479826,0.18237923,-0.10797029,0.14080773,0.1930160522460937,0.14698538,0.3927315779503694,0.002112142451221821,0.002112142451221821,32.038834951456316
2022-09-13,2812,0.40074067058154955,0.4,0.009848290180449458,0.38,0.41000000000000003,0.38,0.41000000000000003,5279,0,0.44250805076719074,0.16808088,-0.1394205,0.14700536,0.0315055847167968,0.09387833,0.3948437204015912,0.005896950179958338,0.005896950179958338,70.4505850136918
2022-09-14,2813,0.39898465618488355,0.4,0.007482476303288994,0.38,0.41000000000000003,0.39,0.41000000000000003,5279,0,0.2314832354612616,0.33721444,0.05898374,0.28263324,0.1984710693359375,0.33201587,0.40074067058154955,-0.0017560143966660058,0.0017560143966660058,27.010206621857108
2022-09-15,2814,0.3975355180905475,0.4,0.008112641011780592,0.38,0.41000000000000003,0.39,0.41000000000000003,5279,0,0.1881038075393067,0.4209999,0.23262951,0.3598915,0.1735801696777343,0.35089114,0.39898465618488355,-0.0014491380943360554,0.0014491380943360554,23.425441872043816
2022-09-16,2815,0.39494790680053043,0.39,0.005003515989963426,0.39,0.41000000000000003,0.39,0.4,5279,0,0.00018942981625307822,0.5238273,-0.37487477,0.46934918,0.6074390411376953,0.3658748,0.3975355180905475,-0.0025876112900170556,0.0025876112900170556,37.888971869554396
2022-09-17,2816,0.3859083159689335,0.39,0.006301444836966588,0.37,0.4,0.38,0.4,5279,0,0.0,0.51864874,-0.4991008,0.49924216,0.1241989135742187,0.14104913,0.39494790680053043,-0.009039590831596944,0.009039590831596944,90.01742593975604
2022-09-18,2817,0.38719075582496687,0.39,0.006262534827622354,0.37,0.4,0.38,0.4,5279,0,0.0,0.42163217,-0.40467346,0.40497297,0.0944290161132812,0.118375726,0.3859083159689335,0.0012824398560333794,0.0012824398560333794,20.936021906895693
2022-09-19,2818,0.38376397044894867,0.38,0.005264547353096639,0.38,0.4,0.38,0.39,5279,0,0.0,0.27847672,-0.24977396,0.25220242,0.1548633575439453,0.123135336,0.38719075582496687,-0.0034267853760182043,0.0034267853760182043,47.8217575304954
2022-09-20,2819,0.3855237734419397,0.38,0.006633974425341269,0.38,0.4,0.38,0.4,5279,0,0.0,0.17210835,-0.11314818,0.14756031,0.1366424560546875,0.12968712,0.38376397044894867,0.0017598029929910552,0.0017598029929910552,27.084889220811554
2022-09-21,2820,0.3799583254404243,0.38,0.006473031637978077,0.37,0.4,0.37,0.39,5279,0,0.0,0.14610434,-0.091558166,0.12298244,0.0215473175048828,0.11385789,0.3855237734419397,-0.005565448001515427,0.005565448001515427,67.96116504854369
2022-09-22,2821,0.38191892403864364,0.38,0.004075004767435264,0.37,0.39,0.38,0.39,5279,0,0.0,0.1327555,-0.0064007174,0.10845742,0.0852565765380859,0.13260107,0.3799583254404243,0.001960598598219343,0.001960598598219343,29.798356982823005
2022-09-23,2822,0.3849119151354423,0.38,0.005177911479802012,0.38,0.4,0.38,0.39,5279,0,0.0,0.13474388,-0.027786182,0.10480031,0.0214900970458984,0.13184758,0.38191892403864364,0.0029929910967986806,0.0029929910967986806,42.74334080159323
2022-09-24,2823,0.39221632885016106,0.39,0.004623931760295695,0.38,0.4,0.39,0.4,5279,0,0.0,0.14492118,0.0064472184,0.11317739,0.0342960357666015,0.14477785,0.3849119151354423,0.007304413714718738,0.007304413714718738,80.78167786905651
2022-09-25,2824,0.38259518848266716,0.38,0.006376545833439285,0.37,0.4,0.37,0.39,5279,0,0.0,0.28512466,0.2332009,0.24838747,0.2266044616699218,0.16405343,0.39221632885016106,-0.009621140367493897,0.009621140367493897,91.68533731640528
2022-09-26,2825,0.3836673612426596,0.38,0.008315158531391961,0.37,0.4,0.37,0.4,5279,0,0.0,0.26437524,0.22972849,0.23806673,0.0034027099609375,0.13083957,0.38259518848266716,0.0010721727599924402,0.0010721727599924402,17.575304953945732
2022-09-27,2826,0.3918033718507293,0.39,0.008163789081387584,0.38,0.41000000000000003,0.38,0.41000000000000003,5279,0,0.07065732146239818,0.17185462,0.13262586,0.14500538,0.0970783233642578,0.109290496,0.3836673612426596,0.008136010608069677,0.008136010608069677,85.13816280806572
2022-09-28,2827,0.398704300056829,0.4,0.007736146713724246,0.39,0.41000000000000003,0.39,0.41000000000000003,5279,0,0.2428490244364463,0.3838943,0.24008824,0.2817677,0.1075286865234375,0.29955417,0.3918033718507293,0.006900928206099721,0.006900928206099721,78.46651730146876
2022-09-29,2828,0.3953798067815874,0.39,0.01022028158116027,0.38,0.41000000000000003,0.38,0.41000000000000003,5279,0,0.2254214813411631,0.63367796,0.5990741,0.5990741,0.3589191436767578,0.20653993,0.398704300056829,-0.0033244932752415912,0.0033244932752415912,46.676624346527255
2022-09-30,2829,0.38815684788785754,0.39,0.01171232927017143,0.37,0.41000000000000003,0.37,0.41000000000000003,5279,0,0.1147944686493654,0.4580512,0.37842014,0.38895214,0.2205543518066406,0.2580874,0.3953798067815874,-0.0072229588937298694,0.0072229588937298694,80.48294747323872
2022-10-01,2830,0.3849630611858307,0.38,0.011823413389261723,0.37,0.41000000000000003,0.37,0.41000000000000003,5279,0,0.07198333017616973,0.41293064,0.31214857,0.34083244,0.06640625,0.27032432,0.38815684788785754,-0.0031937867020268573,0.0031937867020268573,45.382125964650236
2022-10-02,2831,0.38762644440234895,0.39,0.008486077745754876,0.37,0.41000000000000003,0.38,0.4,5279,0,0.03504451600681947,0.5167442,0.48530018,0.48530018,0.1732234954833984,0.17750655,0.3849630611858307,0.002663383216518267,0.002663383216518267,38.63579785909883
2022-10-03,2832,0.391320325819284,0.39,0.005759223460361173,0.38,0.4,0.38,0.4,5279,0,0.0,0.45953327,0.43871155,0.43871155,0.0465869903564453,0.13675553,0.38762644440234895,0.003693881416935052,0.003693881416935052,50.43564849390092
2022-10-04,2833,0.392055313506346,0.39,0.004133586907167123,0.38,0.4,0.39,0.4,5279,0,0.0,0.32650173,0.29807806,0.29807806,0.1407146453857422,0.13324025,0.391320325819284,0.0007349876870619831,0.0007349876870619831,12.322628827483197
2022-10-05,2834,0.3798446675506724,0.38,0.00540240219683898,0.37,0.39,0.37,0.39,5279,0,0.0,0.09873104,0.030295324,0.07985812,0.2677173614501953,0.09396809,0.392055313506346,-0.01221064595567356,0.01221064595567356,96.83843664426189
2022-10-06,2835,0.3763004356885774,0.38,0.006909798355706297,0.37,0.39,0.37,0.39,5279,0,0.0,0.16409896,-0.12737058,0.13895738,0.1576595306396484,0.10346545,0.3798446675506724,-0.0035442318620950153,0.0035442318620950153,48.91710231516056
2022-10-07,2836,0.38196628149270695,0.38,0.003974487642263802,0.38,0.39,0.38,0.39,5279,0,0.0,0.1918646,-0.16723976,0.17398049,0.039865493774414,0.09403638,0.3763004356885774,0.005665845804129543,0.005665845804129543,68.58352003983072
2022-10-08,2837,0.3907899223337754,0.39,0.0026972664021850533,0.39,0.4,0.39,0.4,5279,0,0.0,0.24257104,-0.15713139,0.20424157,0.0101699829101562,0.18479869,0.38196628149270695,0.008823640841068459,0.008823640841068459,88.9967637540453
2022-10-09,2838,0.39099450653532875,0.39,0.0029926613748426675,0.39,0.4,0.39,0.4,5279,0,0.0,0.17405188,-0.06291303,0.13899787,0.0941848754882812,0.16228354,0.3907899223337754,0.00020458420155333723,0.00020458420155333723,4.157331341797361
2022-10-10,2839,0.40291343057397233,0.4,0.004543812059313926,0.4,0.41000000000000003,0.4,0.41000000000000003,5279,0,0.2913430573972343,0.16303776,-0.10871771,0.14126778,0.0458221435546875,0.12149783,0.39099450653532875,0.011918924038643586,0.011918924038643586,96.48991784914115
2022-10-11,2840,0.4054877817768518,0.41000000000000003,0.005070425822299036,0.39,0.41000000000000003,0.4,0.41000000000000003,5279,0,0.5535139230914946,0.1953802,0.14436561,0.16284624,0.253030776977539,0.13165084,0.40291343057397233,0.0025743512028794657,0.0025743512028794657,37.68981827234255
2022-10-12,2841,0.39594809623034666,0.4,0.0049092884961063855,0.39,0.4,0.39,0.4,5279,0,0.0,0.1715649,0.09073785,0.13602437,0.053680419921875,0.1456058,0.4054877817768518,-0.009539685546505139,0.009539685546505139,91.56086631814787
2022-10-13,2842,0.39094904337942804,0.39,0.003026225356281733,0.38,0.4,0.39,0.4,5279,0,0.0,0.22773992,0.17751504,0.18798877,0.0868644714355468,0.14266752,0.39594809623034666,-0.004999052850918617,0.004999052850918617,62.88274831964152
2022-10-14,2843,0.39937109301003976,0.4,0.002427662640809341,0.39,0.4,0.39,0.4,5279,0,0.0,0.21584406,0.18112002,0.1869376,0.0035629272460937,0.11740603,0.39094904337942804,0.008422049630611717,0.008422049630611717,86.80607418471496
2022-10-15,2844,0.4073271452926691,0.41000000000000003,0.004493391836777436,0.39,0.41000000000000003,0.4,0.41000000000000003,5279,0,0.7357454063269558,0.3504756,0.34131044,0.34131044,0.1601581573486328,0.07962914,0.39937109301003976,0.007956052282629356,0.007956052282629356,84.31665421956684
2022-10-16,2845,0.39660162909641977,0.4,0.006250337759235248,0.38,0.41000000000000003,0.39,0.4,5279,0,0.045842015533244934,0.5744557,0.51588154,0.51588154,0.1746444702148437,0.25271937,0.4073271452926691,-0.01072551619624934,0.01072551619624934,94.69753547423451
2022-10-17,2846,0.396620572078045,0.4,0.00797693927015752,0.38,0.41000000000000003,0.38,0.41000000000000003,5279,0,0.12748626633832166,0.44547996,0.39334732,0.39335868,0.1225490570068359,0.20911846,0.39660162909641977,1.8942981625247324e-05,1.8942981625247324e-05,1.1451331839681353
2022-10-18,2847,0.3974654290585339,0.4,0.0045914223790261555,0.39,0.41000000000000003,0.39,0.4,5279,0,0.010797499526425459,0.28416952,0.13561104,0.24118148,0.2577896118164062,0.24972373,0.396620572078045,0.0008448569804888617,0.0008448569804888617,13.866069205875032
2022-10-19,2848,0.40172381132790297,0.4,0.0037821255595331597,0.39,0.41000000000000003,0.4,0.41000000000000003,5279,0,0.17257056260655426,0.22935863,0.03325421,0.17816333,0.1022720336914062,0.22693503,0.3974654290585339,0.004258382269369088,0.004258382269369088,56.80856360468011
2022-10-20,2849,0.4027543095283198,0.4,0.0045262874180627575,0.39,0.41000000000000003,0.4,0.41000000000000003,5279,0,0.27808297025951884,0.22532386,-0.16675644,0.18936892,0.2000808715820312,0.15153597,0.40172381132790297,0.0010304982004168406,0.0010304982004168406,16.97784416231018
2022-10-21,2850,0.4008183368062133,0.4,0.003694755604952695,0.39,0.41000000000000003,0.4,0.41000000000000003,5279,0,0.11252131085432847,0.17224906,-0.13254021,0.14371161,0.0342006683349609,0.11001295,0.4027543095283198,-0.0019359727221064937,0.0019359727221064937,29.4000497883993
2022-10-22,2851,0.39721917029740483,0.4,0.0044805449658625535,0.39,0.4,0.39,0.4,5279,0,0.0,0.091966085,-0.013634322,0.077131994,0.1189002990722656,0.09094976,0.4008183368062133,-0.0035991665088084823,0.0035991665088084823,49.36519790888723
2022-10-23,2852,0.39436256866830843,0.39,0.0049592016794417545,0.39,0.4,0.39,0.4,5279,0,0.0,0.22794883,-0.13762346,0.17137237,0.1239242553710937,0.18171574,0.39721917029740483,-0.0028566016290964003,0.0028566016290964003,41.07542942494399
2022-10-24,2853,0.3944875923470354,0.4,0.006892525104111223,0.38,0.41000000000000003,0.38,0.4,5279,0,0.022731577950369387,0.09815054,-0.028352955,0.07806196,0.1091842651367187,0.09396621,0.39436256866830843,0.0001250236787269654,0.0001250236787269654,3.186457555389594
2022-10-25,2854,0.3952415230157227,0.4,0.005702530954146536,0.38,0.41000000000000003,0.39,0.4,5279,0,0.0005682894487592347,0.13707551,-0.04473503,0.11377161,0.0162391662597656,0.12957035,0.3944875923470354,0.000753930668687286,0.000753930668687286,12.646253422952453
2022-10-26,2855,0.3972494790680053,0.4,0.005862968183530473,0.37,0.41000000000000003,0.39,0.4,5279,0,0.0278461829892025,0.12457208,-0.052286953,0.10207048,0.0076179504394531,0.11306765,0.3952415230157227,0.0020079560522826,0.0020079560522826,30.594971371670397
2022-10-27,2856,0.39333396476605414,0.39,0.00613237537003412,0.38,0.4,0.38,0.4,5279,0,0.0,0.16500653,-0.13682756,0.14460339,0.0846271514892578,0.09222441,0.3972494790680053,-0.00391551430195114,0.00391551430195114,52.80059746079163
2022-10-28,2857,0.3849895813601061,0.38,0.0057208939821559715,0.38,0.4,0.38,0.39,5279,0,0.0,0.44222152,-0.42999431,0.42999431,0.2930259704589844,0.10326802,0.39333396476605414,-0.008344383405948064,0.008344383405948064,86.28329599203386
2022-10-29,2858,0.3797783671149839,0.38,0.007712889867787691,0.37,0.4,0.37,0.39,5279,0,0.0,0.47307232,-0.4584954,0.4584954,0.0283870697021484,0.11653162,0.3849895813601061,-0.005211214245122164,0.005211214245122164,65.27259148618371
2022-10-30,2859,0.38072172759992423,0.38,0.00630340742973884,0.37,0.4,0.37,0.39,5279,0,0.0,0.3342549,-0.31418803,0.31420395,0.144235610961914,0.11407136,0.3797783671149839,0.0009433604849403143,0.0009433604849403143,15.509086382872791
2022-10-31,2860,0.38482667171812845,0.38,0.005418923236564154,0.38,0.4,0.38,0.39,5279,0,0.0,0.2687532,-0.2533561,0.2533584,0.0607109069824218,0.08966108,0.38072172759992423,0.0041049441182042234,0.0041049441182042234,55.190440627333835
2022-11-01,2861,0.385785186588369,0.39,0.00499138112218994,0.38,0.4,0.38,0.39,5279,0,0.0,0.33267713,-0.3118536,0.3118536,0.0585231781005859,0.11584982,0.38482667171812845,0.0009585148702405677,0.0009585148702405677,15.782922579039083
2022-11-02,2862,0.39606933131274863,0.4,0.004884314746571451,0.39,0.4,0.39,0.4,5279,0,0.0,0.41116676,-0.40065572,0.40065572,0.0888080596923828,0.09237489,0.385785186588369,0.010284144724379607,0.010284144724379607,93.40303709235748
2022-11-03,2863,0.40101344951695395,0.4,0.003030377397722386,0.39,0.41000000000000003,0.4,0.41000000000000003,5279,0,0.10172381132790301,0.56718713,-0.56101406,0.56101406,0.1602230072021484,0.083454035,0.39606933131274863,0.004944118204205317,0.004944118204205317,62.559123724172274
2022-11-04,2864,0.3904281113847321,0.39,0.0037245688352131865,0.38,0.4,0.39,0.4,5279,0,0.0,0.50687325,-0.46362227,0.46568683,0.0972614288330078,0.20487642,0.40101344951695395,-0.010585338132221844,0.010585338132221844,94.24943988050785
2022-11-05,2865,0.38775525667740113,0.39,0.004910639076229904,0.38,0.4,0.38,0.39,5279,0,0.0,0.403842,-0.35595244,0.36196804,0.107767105102539,0.19075125,0.3904281113847321,-0.002672854707330974,0.002672854707330974,38.73537465770476
2022-11-06,2866,0.38479446864936545,0.38,0.005410800003185902,0.38,0.4,0.38,0.39,5279,0,0.0,0.3001294,-0.2788113,0.2791828,0.077157974243164,0.11109543,0.38775525667740113,-0.002960788028035677,0.002960788028035677,42.32013940751805
2022-11-07,2867,0.38868346277704113,0.39,0.006360247622547748,0.38,0.4,0.38,0.4,5279,0,0.0,0.31224403,-0.29606462,0.2961099,0.0173225402832031,0.09920646,0.38479446864936545,0.0038889941276756823,0.0038889941276756823,52.42718446601942
2022-11-08,2868,0.38881606364841836,0.39,0.0058181769928476075,0.38,0.4,0.38,0.4,5279,0,0.0,0.4780121,-0.44445506,0.44469038,0.1484241485595703,0.17593949,0.38868346277704113,0.00013260087137723087,0.00013260087137723087,3.3109285536470003
2022-11-09,2869,0.38307634021594994,0.38,0.004859071597899775,0.38,0.4,0.38,0.39,5279,0,0.0,0.40116495,-0.36376846,0.37691566,0.0806961059570312,0.16913342,0.38881606364841836,-0.005739723432468424,0.005739723432468424,69.10629823251182
2022-11-10,2870,0.382741049441182,0.38,0.004573845579004903,0.38,0.4,0.38,0.39,5279,0,0.0,0.28172314,-0.2007892,0.24333562,0.1630306243896484,0.19761437,0.38307634021594994,-0.0003352907747679601,0.0003352907747679601,6.39780931043067
2022-11-11,2871,0.38792006061754125,0.39,0.005654078612770321,0.38,0.4,0.38,0.4,5279,0,0.0,0.22427002,-0.1656026,0.18934363,0.0352458953857421,0.15123795,0.382741049441182,0.005179011176359272,0.005179011176359272,64.82449589245705
2022-11-12,2872,0.38378859632506157,0.38,0.005255871494567975,0.37,0.4,0.38,0.39,5279,0,0.0,0.19532295,-0.11427416,0.15991384,0.05126953125,0.15840623,0.38792006061754125,-0.004131464292479681,0.004131464292479681,55.56385362210605
2022-11-13,2873,0.3760200795605228,0.37,0.006813649088250635,0.37,0.39,0.37,0.39,5279,0,0.0,0.14369307,0.0038422423,0.11142453,0.1180648803710937,0.14364181,0.38378859632506157,-0.007768516764538769,0.007768516764538769,83.24620363455315
2022-11-14,2874,0.38282439856033335,0.38,0.005992800780788974,0.37,0.4,0.38,0.39,5279,0,0.0,0.20998706,-0.12564416,0.1813638,0.1294002532958984,0.1682502,0.3760200795605228,0.0068043189998105436,0.0068043189998105436,77.57032611401543
2022-11-15,2875,0.38903011934078424,0.39,0.0052451587114301515,0.38,0.4,0.38,0.4,5279,0,0.0,0.17808092,-0.10842652,0.154786,0.0171794891357421,0.14126739,0.38282439856033335,0.006205720780450896,0.006205720780450896,73.31341797361215
2022-11-16,2876,0.3868895624171244,0.39,0.0060921541885892655,0.38,0.4,0.38,0.4,5279,0,0.0,0.16738398,-0.09666714,0.14113146,0.01177978515625,0.13664833,0.38903011934078424,-0.002140556923659831,0.002140556923659831,32.38735374657705
2022-11-17,2877,0.3816783481720023,0.38,0.007855122076030086,0.37,0.4,0.37,0.39,5279,0,0.0,0.26238295,-0.20978552,0.22171909,0.1131191253662109,0.15759107,0.3868895624171244,-0.005211214245122109,0.005211214245122109,65.24769728653223
2022-11-18,2878,0.38793710930100395,0.39,0.00792839617214361,0.38,0.4,0.38,0.4,5279,0,0.0,0.33788377,-0.29531145,0.30128133,0.0855693817138671,0.16418506,0.3816783481720023,0.006258761129001644,0.006258761129001644,73.68683096838437
2022-11-19,2879,0.3934930858117068,0.39,0.004767516085879582,0.39,0.4,0.39,0.4,5279,0,0.0,0.26843673,0.070357986,0.21843968,0.36578369140625,0.25905228,0.38793710930100395,0.005555976510702831,0.005555976510702831,67.86158824993777
2022-11-20,2880,0.3895624171244554,0.39,0.004358642175433419,0.38,0.4,0.38,0.4,5279,0,0.0,0.28746906,0.22386192,0.24113522,0.1534290313720703,0.18034524,0.3934930858117068,-0.003930668687251393,0.003930668687251393,53.09932785660941
2022-11-21,2881,0.3902045842015534,0.39,0.0048812193304913765,0.38,0.4,0.38,0.4,5279,0,0.0,0.27286506,0.166585,0.22151193,0.0573387145996093,0.21611317,0.3895624171244554,0.0006421670770980215,0.0006421670770980215,10.804082648742842
2022-11-22,2882,0.38781587421860203,0.39,0.005066652350704785,0.38,0.4,0.38,0.39,5279,0,0.0,0.16590157,0.022110935,0.122515224,0.1444473266601562,0.16442156,0.3902045842015534,-0.002388709982951376,0.002388709982951376,35.42444610405776
2022-11-23,2883,0.38618109490433794,0.39,0.00524473727099465,0.37,0.4,0.38,0.39,5279,0,0.0,0.3013433,-0.20946866,0.2543225,0.2316055297851562,0.21663505,0.38781587421860203,-0.0016347793142640898,0.0016347793142640898,25.690814040328604
2022-11-24,2884,0.3873082023110438,0.39,0.005370344979416247,0.37,0.4,0.38,0.39,5279,0,0.0,0.29252988,-0.1527654,0.24667619,0.0568008422851562,0.24947302,0.38618109490433794,0.0011271074067058517,0.0011271074067058517,18.471496141399054
2022-11-25,2885,0.39634021594999047,0.4,0.0048209653774572625,0.39,0.41000000000000003,0.39,0.4,5279,0,0.00018942981625307822,0.20443237,0.08735155,0.16094168,0.2400245666503906,0.18483047,0.3873082023110438,0.009032013638946679,0.009032013638946679,89.96763754045307
2022-11-26,2886,0.3886777798825536,0.39,0.0049771385590970645,0.38,0.4,0.38,0.4,5279,0,0.0,0.31722766,0.010728104,0.26737317,0.076547622680664,0.31704614,0.39634021594999047,-0.007662436067436884,0.007662436067436884,82.57406024396316
2022-11-27,2887,0.3876927448380376,0.39,0.005129459321591461,0.38,0.4,0.38,0.39,5279,0,0.0,0.30913767,-0.0932053,0.24417251,0.1038875579833984,0.29475227,0.3886777798825536,-0.0009850350445159695,0.0009850350445159695,16.255912372417228
2022-11-28,2888,0.384892972153817,0.38,0.005690018266579778,0.37,0.4,0.38,0.39,5279,0,0.0,0.3744506,-0.3255657,0.343302,0.2324504852294922,0.18498632,0.3876927448380376,-0.0027997726842206028,0.0027997726842206028,40.15434403783919
2022-11-29,2889,0.38189050956620574,0.38,0.0044371111115186984,0.37,0.4,0.38,0.39,5279,0,0.0,0.2893949,-0.23910552,0.25443015,0.0864639282226562,0.163028,0.384892972153817,-0.0030024625876112765,0.0030024625876112765,42.9176001991536
2022-11-30,2890,0.38402159499905286,0.38,0.005025442714641304,0.38,0.4,0.38,0.39,5279,0,0.0,0.20092243,-0.1306754,0.16373333,0.1083660125732421,0.15262292,0.38189050956620574,0.002131085432847124,0.002131085432847124,32.21309434901668
2022-12-01,2891,0.3895870430005683,0.39,0.0034020751203216,0.38,0.4,0.38,0.39,5279,0,0.0,0.1957478,-0.15825278,0.17048232,0.0275382995605468,0.115209915,0.38402159499905286,0.005565448001515427,0.005565448001515427,67.96116504854369
2022-12-02,2892,0.3876056071225611,0.39,0.006568087647235234,0.37,0.4,0.38,0.4,5279,0,0.0,0.19932161,-0.15225545,0.16993485,0.006082534790039,0.12863576,0.3895870430005683,-0.0019814358780071983,0.0019814358780071983,30.196664177246703
2022-12-03,2893,0.38261034286796736,0.38,0.006675288479121073,0.37,0.4,0.37,0.4,5279,0,0.0,0.16564013,-0.084879436,0.1308412,0.067352294921875,0.14223978,0.3876056071225611,-0.004995264254593734,0.004995264254593734,62.857854119990044
2022-12-04,2894,0.38451221822314835,0.38,0.006891563457484876,0.38,0.4,0.38,0.4,5279,0,0.0,0.16949315,-0.106385596,0.14325723,0.021575927734375,0.1319473,0.38261034286796736,0.001901875355180993,0.001901875355180993,29.001742593975603
2022-12-05,2895,0.38814737639704483,0.39,0.007187070081206172,0.38,0.41000000000000003,0.38,0.4,5279,0,0.0011365788975184693,0.22431469,-0.15457304,0.1846111,0.0482120513916015,0.16255566,0.38451221822314835,0.00363515817389648,0.00363515817389648,49.78839930296241
2022-12-06,2896,0.38437014586095847,0.38,0.005892269168278614,0.38,0.4,0.38,0.4,5279,0,0.0,0.1660853,-0.11280724,0.14055218,0.0417957305908203,0.121897385,0.38814737639704483,-0.0037772305360863623,0.0037772305360863623,51.207368683096846
2022-12-07,2897,0.38254025383595375,0.38,0.005929995032015074,0.37,0.4,0.38,0.39,5279,0,0.0,0.13427727,-0.09239263,0.11457648,0.0204391479492187,0.097437195,0.38437014586095847,-0.0018298920250047201,0.0018298920250047201,28.0806572068708
2022-12-08,2898,0.38020268990339073,0.38,0.005739220139768505,0.37,0.4,0.37,0.39,5279,0,0.0,0.18041892,-0.12859197,0.14501683,0.0361709594726562,0.12655102,0.38254025383595375,-0.0023375639325630138,0.0023375639325630138,34.75230271346776
2022-12-09,2899,0.3835688577382079,0.38,0.004980787490527283,0.38,0.4,0.38,0.39,5279,0,0.0,0.30074048,-0.26353973,0.27212194,0.1350078582763672,0.14488466,0.38020268990339073,0.003366167834817191,0.003366167834817191,47.1496141399054
2022-12-10,2900,0.38960219738586865,0.39,0.0037279277683679177,0.38,0.4,0.38,0.4,5279,0,0.0,0.3583002,-0.33200157,0.33718362,0.0684432983398437,0.13473603,0.3835688577382079,0.006033339647660729,0.006033339647660729,71.67040079661439
2022-12-11,2901,0.3852206857359348,0.38,0.006427910541553992,0.38,0.4,0.38,0.4,5279,0,0.0,0.34065232,-0.3158165,0.3203309,0.0161705017089843,0.12768619,0.38960219738586865,-0.004381511649933834,0.004381511649933834,57.70475479213343
2022-12-12,2902,0.381784428869104,0.38,0.006351911947285296,0.37,0.4,0.37,0.39,5279,0,0.0,0.3270295,-0.29908332,0.30011,0.0167713165283203,0.13227889,0.3852206857359348,-0.0034362568668308002,0.0034362568668308002,47.896440129449836
2022-12-13,2903,0.3814017806402728,0.38,0.006286504656482856,0.37,0.4,0.37,0.39,5279,0,0.0,0.32923007,-0.29439357,0.30024567,0.0046463012695312,0.14739564,0.381784428869104,-0.0003826482288312172,0.0003826482288312172,7.169529499626587
2022-12-14,2904,0.38672096988065924,0.39,0.0058900063154099834,0.38,0.4,0.38,0.4,5279,0,0.0,0.26078892,-0.23387659,0.2380447,0.0605239868164062,0.11537951,0.3814017806402728,0.005319189240386435,0.005319189240386435,66.29325367189445
2022-12-15,2905,0.3817219170297404,0.38,0.003775469777404469,0.38,0.39,0.38,0.39,5279,0,0.0,0.3699103,-0.35225174,0.35288695,0.1183643341064453,0.11292828,0.38672096988065924,-0.004999052850918839,0.004999052850918839,62.98232511824745
2022-12-16,2906,0.37753741238870997,0.38,0.006055660889070279,0.37,0.39,0.37,0.39,5279,0,0.0,0.27126095,-0.23540974,0.24169801,0.1168060302734375,0.1347765,0.3817219170297404,-0.004184504641030429,0.004184504641030429,56.08663181478716
2022-12-17,2907,0.37940519037696535,0.38,0.006780909567886035,0.37,0.39,0.37,0.39,5279,0,0.0,0.2739552,-0.23905838,0.23955807,0.0035953521728515,0.13379987,0.37753741238870997,0.0018677779882553813,0.0018677779882553813,28.528752800597463
2022-12-18,2908,0.3923735555976511,0.39,0.006831383907550084,0.38,0.41000000000000003,0.38,0.4,5279,0,0.0034097366925554084,0.13147104,-0.071742654,0.10895174,0.1673164367675781,0.11017103,0.37940519037696535,0.01296836522068573,0.01296836522068573,97.63505103310929
2022-12-19,2909,0.39779124834248913,0.4,0.004744783192690477,0.39,0.41000000000000003,0.39,0.4,5279,0,0.026520174275430953,0.15682474,0.10894821,0.12652992,0.1806831359863281,0.11280222,0.3923735555976511,0.005417692744838054,0.005417692744838054,66.89071446353
2022-12-20,2910,0.38924606933131284,0.39,0.005456944668086344,0.38,0.41000000000000003,0.38,0.4,5279,0,0.0034097366925554084,0.16249473,0.11374215,0.12870419,0.0047664642333984,0.1160487,0.39779124834248913,-0.008545179011176296,0.008545179011176296,87.32885237739607
2022-12-21,2911,0.3851809054745217,0.38,0.006077765839227659,0.37,0.4,0.38,0.39,5279,0,0.0,0.22491065,-0.10333547,0.16178189,0.2170486450195312,0.19976665,0.38924606933131284,-0.004065163856791121,0.004065163856791121,54.5680856360468
2022-12-22,2912,0.3753646523962872,0.37,0.005965631251578185,0.37,0.39,0.37,0.39,5279,0,0.0,0.31784415,-0.26054588,0.2658889,0.1571712493896484,0.18204531,0.3851809054745217,-0.009816253078234527,0.009816253078234527,92.13343291013194
2022-12-23,2913,0.37515438530024625,0.37,0.005356210374661198,0.37,0.39,0.37,0.38,5279,0,0.0,0.21731582,-0.13797544,0.17853718,0.1225700378417968,0.16789566,0.3753646523962872,-0.00021026709604093918,0.00021026709604093918,4.281802340054767
2022-12-24,2914,0.38288501610153436,0.38,0.004530655924833755,0.38,0.39,0.38,0.39,5279,0,0.0,0.18990378,-0.12593995,0.14856477,0.0120296478271484,0.14213574,0.37515438530024625,0.0077306308012881075,0.0077306308012881075,82.99726163803834
2022-12-25,2915,0.4000056828944876,0.4,0.00023832047664052385,0.4,0.41000000000000003,0.4,0.4,5279,0,0.0005682894487592347,0.20008934,-0.16661811,0.17221235,0.0407161712646484,0.11078832,0.38288501610153436,0.017120666792953265,0.017120666792953265,99.7510580034852
2022-12-26,2916,0.40612616025762466,0.41000000000000003,0.004871525743968419,0.4,0.41000000000000003,0.4,0.41000000000000003,5279,0,0.612616025762455,0.1659007,-0.14857869,0.15055984,0.0180797576904296,0.073806815,0.4000056828944876,0.0061204773631370335,0.0061204773631370335,72.34254418720438
2022-12-27,2917,0.39793900359916656,0.4,0.008883241703953172,0.38,0.41000000000000003,0.38,0.41000000000000003,5279,0,0.2621708656942603,0.18541384,-0.17186402,0.17515242,0.023324966430664,0.069578364,0.40612616025762466,-0.008187156658458095,0.008187156658458095,85.51157580283794
2022-12-28,2918,0.3969293426785377,0.4,0.004612768889590437,0.39,0.4,0.39,0.4,5279,0,0.0,0.17731462,-0.1345069,0.14733744,0.0374431610107421,0.11553524,0.39793900359916656,-0.0010096609206288742,0.0010096609206288742,16.579536967886483
2022-12-29,2919,0.38374502746732336,0.38,0.004839942555674315,0.38,0.39,0.38,0.39,5279,0,0.0,0.18219197,-0.12430043,0.15608807,0.0100688934326171,0.13320374,0.3969293426785377,-0.013184315211214326,0.013184315211214326,97.85909882997261
2022-12-30,2920,0.3777268422049631,0.38,0.006010694933369512,0.37,0.39,0.37,0.39,5279,0,0.0,0.26966575,-0.22081208,0.24027947,0.0964603424072265,0.15479623,0.38374502746732336,-0.006018185262360254,0.006018185262360254,71.52103559870551
2022-12-31,2921,0.37917976889562416,0.38,0.006733477801499549,0.37,0.4,0.37,0.39,5279,0,0.0,0.3302488,-0.30120015,0.30640697,0.0804386138916015,0.13543719,0.3777268422049631,0.0014529266906610494,0.0014529266906610494,23.450336071695297
2023-01-01,2922,0.3836048494032961,0.38,0.005582217386321362,0.37,0.4,0.38,0.39,5279,0,0.0,0.31670365,-0.29622176,0.29889405,0.0050239562988281,0.11204397,0.37917976889562416,0.00442508050767193,0.00442508050767193,58.1528503858601
2023-01-02,2923,0.3875393066868725,0.39,0.007086930705708876,0.38,0.4,0.38,0.4,5279,0,0.0,0.24020304,-0.19331351,0.21503544,0.1029415130615234,0.14257374,0.3836048494032961,0.003934457283576387,0.003934457283576387,53.149116255912375
2023-01-03,2924,0.3907046789164616,0.39,0.004650680612883913,0.38,0.4,0.38,0.4,5279,0,0.0,0.12734129,-0.084307805,0.10729941,0.1090030670166015,0.09543591,0.3875393066868725,0.003165372229589125,0.003165372229589125,45.00871296987802
2023-01-04,2925,0.38883879522636866,0.39,0.005967357926643193,0.38,0.4,0.38,0.4,5279,0,0.0,0.10408598,-0.046239156,0.08189252,0.0380439758300781,0.093251646,0.3907046789164616,-0.0018658836900929399,0.0018658836900929399,28.503858600945982
2023-01-05,2926,0.3799450653532866,0.38,0.0061163200451393555,0.37,0.4,0.37,0.39,5279,0,0.0,0.34811917,-0.3296116,0.32963964,0.2833442687988281,0.11199604,0.38883879522636866,-0.008893729873082068,0.008893729873082068,89.22081155090864
2023-01-06,2927,0.37483046031445355,0.37,0.007045212443296204,0.37,0.4,0.37,0.39,5279,0,0.0,0.40424737,-0.38320056,0.38476825,0.053598403930664,0.12873778,0.3799450653532866,-0.005114605038833042,0.005114605038833042,64.17724670151854
2023-01-07,2928,0.37898465618488353,0.38,0.007449492204642093,0.37,0.4,0.37,0.39,5279,0,0.0,0.52238536,-0.50806653,0.50806653,0.124826431274414,0.12146621,0.37483046031445355,0.0041541958704299775,0.0041541958704299775,55.787901418969376
2023-01-08,2929,0.3945065353286608,0.39,0.0055309068839327685,0.39,0.41000000000000003,0.39,0.4,5279,0,0.029172191702974047,0.48798722,-0.47286636,0.47286636,0.0351676940917968,0.120538734,0.37898465618488353,0.015521879143777284,0.015521879143777284,99.32785660941
2023-01-09,2930,0.3960257624550104,0.4,0.005135417513107424,0.39,0.41000000000000003,0.39,0.4,5279,0,0.012123508240197006,0.24187766,-0.2178303,0.22163633,0.2550182342529297,0.105142675,0.3945065353286608,0.0015192271263496093,0.0015192271263496093,24.122479462285288
2023-01-10,2931,0.385017995832544,0.38,0.006837120669979762,0.37,0.4,0.38,0.4,5279,0,0.0,0.18449181,-0.08351272,0.15475504,0.1342887878417968,0.16450793,0.3960257624550104,-0.011007766622466442,0.011007766622466442,95.09584266865821
2023-01-11,2932,0.3852850918734609,0.38,0.007467121045603037,0.37,0.4,0.38,0.4,5279,0,0.0,0.21257204,-0.09743034,0.18121934,0.0139980316162109,0.18892913,0.385017995832544,0.0002670960409169032,0.0002670960409169032,5.053522529250685
2023-01-12,2933,0.3825421481341163,0.38,0.004503884203567366,0.38,0.4,0.38,0.39,5279,0,0.0,0.22860634,0.061732788,0.18491937,0.1592636108398437,0.22011335,0.3852850918734609,-0.0027429437393445832,0.0027429437393445832,39.531989046552155
2023-01-13,2934,0.38266527751468077,0.38,0.004610199481890423,0.37,0.39,0.38,0.39,5279,0,0.0,0.2365957,0.121056475,0.1870054,0.0593280792236328,0.20328072,0.3825421481341163,0.00012312938056446843,0.00012312938056446843,3.1117749564351507
2023-01-14,2935,0.3829588937298731,0.38,0.004626248441535307,0.38,0.4,0.38,0.39,5279,0,0.0,0.24392164,-0.12273294,0.19107112,0.2437553405761718,0.21079506,0.38266527751468077,0.00029361621519230496,0.00029361621519230496,5.675877520537715
2023-01-15,2936,0.38267664330365603,0.38,0.008547462068249983,0.37,0.4,0.37,0.4,5279,0,0.0,0.36799493,-0.3164229,0.31660938,0.1937370300292968,0.18787464,0.3829588937298731,-0.00028225042621704555,0.00028225042621704555,5.4518297236743845
2023-01-16,2937,0.3816935025573025,0.38,0.008203465915608481,0.37,0.4,0.37,0.39,5279,0,0.0,0.29939178,-0.27635467,0.27644926,0.0400199890136718,0.11516809,0.38267664330365603,-0.000983140746353528,0.000983140746353528,16.231018172765747
2023-01-17,2938,0.3850805076719076,0.38,0.006386858788972152,0.38,0.4,0.38,0.4,5279,0,0.0,0.33320904,-0.31592083,0.31796062,0.0395183563232421,0.10593724,0.3816935025573025,0.0033870051146051017,0.0033870051146051017,47.44834453572317
2023-01-18,2939,0.38789543474142835,0.39,0.006530246121801463,0.38,0.41000000000000003,0.38,0.4,5279,0,0.0005682894487592347,0.35213163,-0.30658647,0.31553328,0.0093250274658203,0.17320776,0.3850805076719076,0.002814927069520745,0.002814927069520745,40.477968633308436
2023-01-19,2940,0.3873271452926691,0.39,0.00728789902945994,0.38,0.4,0.38,0.4,5279,0,0.0,0.24871254,-0.20758682,0.22375171,0.0990581512451171,0.13698792,0.38789543474142835,-0.0005682894487592516,0.0005682894487592516,9.733632063729152
2023-01-20,2941,0.3809263118014776,0.38,0.007862841257750731,0.37,0.4,0.37,0.39,5279,0,0.0,0.2442795,-0.2079224,0.21776128,0.0004539489746093,0.12822263,0.3873271452926691,-0.006400833491191471,0.006400833491191471,74.78217575304954
2023-01-21,2942,0.3779446864936541,0.38,0.007695175881926814,0.37,0.4,0.37,0.39,5279,0,0.0,0.25120836,-0.185485,0.22253658,0.0224685668945312,0.16941343,0.3809263118014776,-0.002981625307823532,0.002981625307823532,42.643764002987304
2023-01-22,2943,0.38254593673044135,0.38,0.004356325684450515,0.38,0.39,0.38,0.39,5279,0,0.0,0.17194882,-0.02720356,0.14287841,0.1584739685058593,0.16978319,0.3779446864936541,0.004601250236787258,0.004601250236787258,59.49713716704008
2023-01-23,2944,0.38556734229967804,0.39,0.005032115269969144,0.38,0.4,0.38,0.39,5279,0,0.0,0.1621118,-0.054730162,0.131457,0.0276603698730468,0.15259375,0.38254593673044135,0.0030214055692366903,0.0030214055692366903,43.266118994274336
2023-01-24,2945,0.3829456336427354,0.38,0.004777595722293016,0.37,0.4,0.38,0.39,5279,0,0.0,0.14967723,-0.09572118,0.1229485,0.0410060882568359,0.115068436,0.38556734229967804,-0.0026217086569426673,0.0026217086569426673,38.21259646502365
2023-01-25,2946,0.3825269937488161,0.38,0.006707284753257418,0.37,0.4,0.37,0.39,5279,0,0.0,0.09447385,0.0032658759,0.07187924,0.0990009307861328,0.09441746,0.3829456336427354,-0.00041863989391927037,0.00041863989391927037,7.642519293004729
2023-01-26,2947,0.38464481909452547,0.38,0.007049053301936342,0.37,0.4,0.37,0.4,5279,0,0.0,0.14548679,0.08340784,0.10989901,0.0801906585693359,0.119203724,0.3825269937488161,0.0021178253457093676,0.0021178253457093676,32.113517550410755
2023-01-27,2948,0.3927126349687441,0.39,0.006545266444799066,0.38,0.41000000000000003,0.38,0.4,5279,0,0.0009471490812653912,0.1502716,-0.028703213,0.1200691,0.1121540069580078,0.14750497,0.38464481909452547,0.00806781587421862,0.00806781587421862,84.81453821259647
2023-01-28,2949,0.38746921765485887,0.39,0.006294965136600843,0.38,0.4,0.38,0.4,5279,0,0.0,0.2436121,-0.2227539,0.22303328,0.1940593719482422,0.098627985,0.3927126349687441,-0.005243417313885224,0.005243417313885224,65.52153348269853
2023-01-29,2950,0.3819549157037317,0.38,0.004064857544476013,0.37,0.4,0.38,0.39,5279,0,0.0,0.25831124,-0.22778782,0.22888824,0.0050888061523437,0.121810265,0.38746921765485887,-0.005514301951127176,0.005514301951127176,67.48817525516554
2023-01-30,2951,0.380403485508619,0.38,0.005668772628663485,0.37,0.4,0.37,0.39,5279,0,0.0,0.19478036,-0.17036697,0.1756788,0.0575618743896484,0.094416715,0.3819549157037317,-0.0015514301951126686,0.0015514301951126686,24.54568085636047
2023-01-31,2952,0.38426974805834435,0.38,0.005776671486730307,0.37,0.4,0.38,0.39,5279,0,0.0,0.24580513,-0.22959268,0.22960462,0.0593185424804687,0.08779023,0.380403485508619,0.00386626254972533,0.00386626254972533,52.12845407020165
2023-02-01,2953,0.38223716612994885,0.38,0.004167343159196065,0.38,0.39,0.38,0.39,5279,0,0.0,0.3083717,-0.28988966,0.29022792,0.0603694915771484,0.10515246,0.38426974805834435,-0.002032581928395505,0.002032581928395505,30.893701767488174
2023-02-02,2954,0.3845974616404622,0.38,0.004983769945442975,0.38,0.39,0.38,0.39,5279,0,0.0,0.2755469,-0.2586601,0.25984338,0.0313358306884765,0.09498023,0.38223716612994885,0.002360295510513366,0.002360295510513366,34.95145631067961
2023-02-03,2955,0.3876037128243986,0.39,0.006036872356743072,0.38,0.4,0.38,0.4,5279,0,0.0,0.25043914,-0.2392861,0.23970038,0.0193099975585937,0.07390387,0.3845974616404622,0.0030062511839363815,0.0030062511839363815,42.992282798108036
2023-02-04,2956,0.3863932562985413,0.38,0.007494742741923362,0.38,0.4,0.38,0.4,5279,0,0.0,0.2279,-0.21099402,0.2114915,0.0283279418945312,0.08613798,0.3876037128243986,-0.001210456525857273,0.001210456525857273,19.890465521533482
2023-02-05,2957,0.3881000189429816,0.39,0.007491147645559191,0.37,0.41000000000000003,0.38,0.4,5279,0,0.006061754120098503,0.31691587,-0.2880105,0.28871292,0.0770092010498046,0.1322337,0.3863932562985413,0.0017067626444402517,0.0017067626444402517,26.462534229524522
2023-02-06,2958,0.38326198143587803,0.38,0.006146359747547658,0.37,0.4,0.38,0.39,5279,0,0.0,0.42977342,-0.41818547,0.41818547,0.1301727294921875,0.099127926,0.3881000189429816,-0.004838037507103543,0.004838037507103543,61.563355738113025
2023-02-07,2959,0.38220875165751084,0.38,0.005341987991608174,0.37,0.4,0.37,0.39,5279,0,0.0,0.41387826,-0.40302807,0.40302807,0.0151653289794921,0.09414681,0.38326198143587803,-0.001053229778367193,0.001053229778367193,17.201891959173512
2023-02-08,2960,0.3821102481530593,0.38,0.004336915282592904,0.37,0.4,0.38,0.39,5279,0,0.0,0.2962465,-0.27493975,0.2759643,0.1281089782714843,0.11031853,0.38220875165751084,-9.850350445156364e-05,9.850350445156364e-05,2.7134677620114513
2023-02-09,2961,0.3814927069520742,0.38,0.006171101267511683,0.37,0.39,0.37,0.39,5279,0,0.0,0.21393591,-0.18136927,0.19544345,0.093536376953125,0.113462634,0.3821102481530593,-0.0006175412009850612,0.0006175412009850612,10.53024645257655
2023-02-10,2962,0.37582686114794467,0.38,0.005590119132619833,0.37,0.39,0.37,0.38,5279,0,0.0,0.20604326,-0.18441659,0.18587543,0.0029525756835937,0.09189335,0.3814927069520742,-0.005665845804129543,0.005665845804129543,68.58352003983072
2023-02-11,2963,0.3811176359158931,0.38,0.0031507537381454125,0.38,0.39,0.38,0.39,5279,0,0.0,0.096738756,0.0060788635,0.08022752,0.1903038024902343,0.09654764,0.37582686114794467,0.005290774767948425,0.005290774767948425,65.94473487677371
2023-02-12,2964,0.3861659405190377,0.39,0.005919819055047331,0.38,0.4,0.38,0.4,5279,0,0.0,0.12574078,0.034853395,0.09261327,0.028900146484375,0.12081381,0.3811176359158931,0.005048304603144593,0.005048304603144593,63.55489171023152
2023-02-13,2965,0.3801250236787271,0.38,0.008062051973152623,0.37,0.4,0.37,0.39,5279,0,0.0,0.17555128,-0.03622917,0.14076227,0.0711193084716796,0.1717721,0.3861659405190377,-0.006040916840310606,0.006040916840310606,71.7948717948718
2023-02-14,2966,0.3783765864747111,0.38,0.007143528222832627,0.37,0.39,0.37,0.39,5279,0,0.0,0.30436617,-0.25377896,0.2709335,0.2175159454345703,0.16803335,0.3801250236787271,-0.0017484372040159624,0.0017484372040159624,26.985312422205627
2023-02-15,2967,0.38504262170865694,0.39,0.0050338014521042395,0.38,0.4,0.38,0.39,5279,0,0.0,0.21345863,-0.15914553,0.16582169,0.0946331024169921,0.14225757,0.3783765864747111,0.006666035233945822,0.006666035233945822,76.59945232760766
2023-02-16,2968,0.38186777798825533,0.38,0.0038973305311639063,0.38,0.39,0.38,0.39,5279,0,0.0,0.14881775,-0.06370717,0.10820209,0.0953845977783203,0.13449188,0.38504262170865694,-0.00317484372040161,0.00317484372040161,45.05850136918098
2023-02-17,2969,0.381049441182042,0.38,0.003186032688292297,0.37,0.39,0.38,0.39,5279,0,0.0,0.18131162,-0.11721296,0.13515325,0.0534877777099609,0.1383293,0.38186777798825533,-0.0008183368062133489,0.0008183368062133489,13.567338810057256
2023-02-18,2970,0.3818526236029551,0.38,0.005991111386037882,0.37,0.4,0.37,0.39,5279,0,0.0,0.31629637,-0.27220908,0.27609265,0.1548805236816406,0.16107708,0.381049441182042,0.0008031824209130956,0.0008031824209130956,13.293502613890965
2023-02-19,2971,0.38299867399128623,0.38,0.008351881758645069,0.37,0.4,0.37,0.4,5279,0,0.0,0.25134316,-0.19289052,0.20402776,0.0792560577392578,0.16114177,0.3818526236029551,0.0011460503883311546,0.0011460503883311546,18.695543938262386
2023-02-20,2972,0.3808126539117257,0.38,0.004443105313878287,0.37,0.39,0.37,0.39,5279,0,0.0,0.10240271,-0.05528699,0.07700806,0.1376171112060547,0.086195394,0.38299867399128623,-0.0021860200795605356,0.0021860200795605356,33.00970873786408
2023-02-21,2973,0.38172381132790295,0.38,0.0038070859675514413,0.38,0.4,0.38,0.39,5279,0,0.0,0.084096126,-0.032745406,0.06796934,0.0226497650146484,0.077459,0.3808126539117257,0.0009111574161772551,0.0009111574161772551,14.936519790888722
2023-02-22,2974,0.3818602007956052,0.38,0.0040533669592824825,0.37,0.39,0.38,0.39,5279,0,0.0,0.07879968,-0.05556638,0.06323665,0.0231170654296875,0.055872656,0.38172381132790295,0.00013638946770222482,0.00013638946770222482,3.3856111526014443
2023-02-23,2975,0.3784599355938625,0.38,0.0072721990502166035,0.37,0.39,0.37,0.39,5279,0,0.0,0.11302312,-0.084719144,0.0971804,0.0290393829345703,0.074812345,0.3818602007956052,-0.0034002652017426915,0.0034002652017426915,47.547921334329104
2023-02-24,2976,0.3763193786702027,0.38,0.006739623759990198,0.37,0.39,0.37,0.39,5279,0,0.0,0.11569853,-0.08005616,0.097685546,0.0045642852783203,0.08352949,0.3784599355938625,-0.0021405569236597755,0.0021405569236597755,32.362459546925564
2023-02-25,2977,0.3864008334911915,0.39,0.006164626591607106,0.38,0.4,0.38,0.4,5279,0,0.0,0.393556,-0.3754096,0.37581617,0.2952384948730469,0.11812689,0.3763193786702027,0.010081454820988767,0.010081454820988767,92.8553647000249
2023-02-26,2978,0.39418071604470545,0.39,0.004932420683659996,0.39,0.4,0.39,0.4,5279,0,0.0,0.34076965,-0.3374901,0.3374901,0.037841796875,0.047162067,0.3864008334911915,0.007779882553513973,0.007779882553513973,83.3208862335076
2023-02-27,2979,0.3773328281871567,0.38,0.006388422186487273,0.37,0.39,0.37,0.39,5279,0,0.0,0.36132747,-0.35515392,0.35515392,0.0175018310546875,0.06650415,0.39418071604470545,-0.01684788785754876,0.01684788785754876,99.70126960418223
2023-02-28,2980,0.37625307823451415,0.38,0.006948596033055234,0.37,0.39,0.37,0.39,5279,0,0.0,0.35100368,-0.33971617,0.33971617,0.0153179168701171,0.08829661,0.3773328281871567,-0.0010797499526425391,0.0010797499526425391,17.699775952203137
2023-03-01,2981,0.38402348929721536,0.38,0.005178040378815337,0.38,0.4,0.38,0.39,5279,0,0.0,0.30704018,-0.2931441,0.2931441,0.0465621948242187,0.09132715,0.37625307823451415,0.00777041106270121,0.00777041106270121,83.27109783420464
2023-03-02,2982,0.3852263686304225,0.38,0.005500253821256518,0.38,0.4,0.38,0.39,5279,0,0.0,0.24301694,-0.23207107,0.23222692,0.0610370635986328,0.072114706,0.38402348929721536,0.0012028793332071186,0.0012028793332071186,19.716206123973116
2023-03-03,2983,0.3841466186777799,0.38,0.005185158800189091,0.38,0.4,0.38,0.39,5279,0,0.0,0.25356308,-0.23884344,0.24133076,0.0067157745361328,0.08513849,0.3852263686304225,-0.0010797499526425947,0.0010797499526425947,17.77445855115758
2023-03-04,2984,0.3786361053229778,0.38,0.005344363367159368,0.37,0.39,0.37,0.39,5279,0,0.0,0.27869177,-0.27022555,0.27073422,0.0312995910644531,0.06817133,0.3841466186777799,-0.005510513354802071,0.005510513354802071,67.46328105551407
2023-03-05,2985,0.37664898655048307,0.38,0.005563877150038188,0.37,0.39,0.37,0.38,5279,0,0.0,0.20422342,-0.17188951,0.1775322,0.0983924865722656,0.11027851,0.3786361053229778,-0.0019871187724947448,0.0019871187724947448,30.32113517550411
2023-03-06,2986,0.37975374123887096,0.38,0.004883175138545178,0.37,0.39,0.37,0.39,5279,0,0.0,0.2509228,-0.2155028,0.21582747,0.043436050415039,0.12853397,0.37664898655048307,0.0031047546883878896,0.0031047546883878896,44.28678117998506
2023-03-07,2987,0.3932051524910021,0.39,0.005854988496329195,0.38,0.4,0.38,0.4,5279,0,0.0,0.4259815,-0.4123944,0.4123944,0.1969623565673828,0.10673073,0.37975374123887096,0.013451411252131118,0.013451411252131118,98.18272342544188
2023-03-08,2988,0.3890263307444592,0.39,0.006337052809290185,0.38,0.4,0.38,0.4,5279,0,0.0,0.49507916,-0.48985806,0.48985806,0.0776100158691406,0.07170628,0.3932051524910021,-0.004178821746542882,0.004178821746542882,56.03684341548419
2023-03-09,2989,0.3775847698427733,0.38,0.006986928171710055,0.37,0.39,0.37,0.39,5279,0,0.0,0.42664963,-0.4220438,0.4220438,0.0675563812255859,0.06252112,0.3890263307444592,-0.01144156090168591,0.01144156090168591,95.81777445855116
2023-03-10,2990,0.378704300056829,0.38,0.006542116057782021,0.37,0.39,0.37,0.39,5279,0,0.0,0.4133947,-0.40690583,0.40690583,0.0155544281005859,0.07295565,0.3775847698427733,0.0011195302140556973,0.0011195302140556973,18.34702514314165
2023-03-11,2991,0.3784163667361242,0.38,0.005466681284364648,0.37,0.39,0.37,0.39,5279,0,0.0,0.27116868,-0.26361847,0.26361847,0.1429786682128906,0.063542806,0.378704300056829,-0.0002879333207047585,0.0002879333207047585,5.501618122977346
2023-03-12,2992,0.3816385679105891,0.38,0.004113524180624347,0.37,0.39,0.38,0.39,5279,0,0.0,0.38455838,-0.37931705,0.37931705,0.1156063079833984,0.06327564,0.3784163667361242,0.003222201174464867,0.003222201174464867,45.70575056011949
2023-03-13,2993,0.37992422807349874,0.38,0.004881037748244893,0.37,0.39,0.37,0.39,5279,0,0.0,0.38714135,-0.3839292,0.3839292,0.0048103332519531,0.049766984,0.3816385679105891,-0.0017143398370903506,0.0017143398370903506,26.537216828478964
2023-03-14,2994,0.3827940897897329,0.38,0.007011034730637914,0.37,0.4,0.37,0.39,5279,0,0.0,0.36942455,-0.3582507,0.35834208,0.0259208679199218,0.09017293,0.37992422807349874,0.0028698617162341566,0.0028698617162341566,41.27458302215584
2023-03-15,2995,0.3849005493464671,0.38,0.006054666485340177,0.37,0.4,0.38,0.4,5279,0,0.0,0.34334356,-0.31518364,0.31519908,0.0430316925048828,0.13617782,0.3827940897897329,0.0021064595567342193,0.0021064595567342193,31.914363953198905
2023-03-16,2996,0.3864538738397424,0.39,0.00579723886501471,0.38,0.4,0.38,0.4,5279,0,0.0,0.22066358,-0.1936697,0.19591297,0.1214885711669921,0.10575634,0.3849005493464671,0.0015533244932752766,0.0015533244932752766,24.59546925566343
2023-03-17,2997,0.3764519795415799,0.38,0.0059937072642101425,0.37,0.39,0.37,0.39,5279,0,0.0,0.20896086,-0.16007467,0.17743185,0.0336322784423828,0.1343163,0.3864538738397424,-0.010001894298162506,0.010001894298162506,92.55663430420712
2023-03-18,2998,0.3825970827808297,0.38,0.007893182441434188,0.37,0.4,0.37,0.39,5279,0,0.0,0.12593852,-0.010191092,0.108324416,0.1498222351074218,0.12552568,0.3764519795415799,0.006145103239249827,0.006145103239249827,72.66616878267364
2023-03-19,2999,0.39387952263686304,0.4,0.007444272681478858,0.37,0.41000000000000003,0.38,0.4,5279,0,0.00966092062890699,0.13246022,-0.03016604,0.098284625,0.0199928283691406,0.12897967,0.3825970827808297,0.011282439856033333,0.011282439856033333,95.66840926064228
2023-03-20,3000,0.3907406705815496,0.39,0.006626506241166955,0.38,0.4,0.38,0.4,5279,0,0.0,0.2727127,-0.25010931,0.2526195,0.2199573516845703,0.1087088,0.39387952263686304,-0.003138852055313446,0.003138852055313446,44.68508837440876
2023-03-21,3001,0.3869615457473007,0.39,0.004713082351525816,0.38,0.4,0.38,0.39,5279,0,0.0,0.2779725,-0.25936386,0.26148978,0.0091514587402343,0.09999528,0.3907406705815496,-0.0037791248342489148,0.0037791248342489148,51.25715708239979
2023-03-22,3002,0.38476415987876494,0.38,0.005084647731675287,0.38,0.4,0.38,0.39,5279,0,0.0,0.16658235,-0.1331562,0.14251952,0.1260910034179687,0.100095294,0.3869615457473007,-0.0021973858685357395,0.0021973858685357395,33.20886233507593
2023-03-23,3003,0.38205720780450836,0.38,0.005363447589037847,0.37,0.4,0.37,0.39,5279,0,0.0,0.115287736,-0.03292761,0.09163562,0.1002616882324218,0.110485375,0.38476415987876494,-0.0027069520742565856,0.0027069520742565856,39.2083644510829
2023-03-24,3004,0.3816290964197765,0.38,0.006671886472511956,0.37,0.4,0.37,0.39,5279,0,0.0,0.10629453,0.0011330273,0.08561556,0.0340442657470703,0.10628837,0.38205720780450836,-0.0004281113847318663,0.0004281113847318663,7.766990291262135
2023-03-25,3005,0.3811403674938435,0.38,0.0060014361431945185,0.37,0.39,0.37,0.39,5279,0,0.0,0.24385604,-0.2283819,0.2293457,0.2295951843261718,0.08548473,0.3816290964197765,-0.0004887289259329908,0.0004887289259329908,8.737864077669903
2023-03-26,3006,0.3827865125970828,0.38,0.004483355162947368,0.38,0.39,0.38,0.39,5279,0,0.0,0.29061472,-0.28080443,0.28081322,0.0524044036865234,0.074873686,0.3811403674938435,0.0016461451032392937,0.0016461451032392937,25.840179238237493
2023-03-27,3007,0.3838567910589127,0.38,0.004902453160028516,0.38,0.4,0.38,0.39,5279,0,0.0,0.25337106,-0.23767363,0.23776183,0.0432662963867187,0.08779521,0.3827865125970828,0.0010702784618298877,0.0010702784618298877,17.50062235499129
2023-03-28,3008,0.3816878196628149,0.38,0.004384043610560797,0.37,0.4,0.38,0.39,5279,0,0.0,0.2457462,-0.22152725,0.22225542,0.0160694122314453,0.10638125,0.3838567910589127,-0.0021689713960977852,0.0021689713960977852,32.760766741349265
2023-03-29,3009,0.3755086190566395,0.37,0.0063342724708503936,0.37,0.39,0.37,0.39,5279,0,0.0,0.18731414,-0.16242598,0.16426869,0.059051513671875,0.093297355,0.3816878196628149,-0.0061792006061753835,0.0061792006061753835,73.08937017674882
2023-03-30,3010,0.3768137904906233,0.38,0.006487897370100429,0.37,0.39,0.37,0.39,5279,0,0.0,0.3185805,-0.30181912,0.3022271,0.1391506195068359,0.10197431,0.3755086190566395,0.0013051714339837872,0.0013051714339837872,21.384117500622356
2023-03-31,3011,0.3850369388141693,0.38,0.005149181882011204,0.38,0.4,0.38,0.39,5279,0,0.0,0.3656474,-0.34932518,0.34932518,0.0476436614990234,0.108026475,0.3768137904906233,0.008223148323545981,0.008223148323545981,85.71072940004979
2023-04-01,3012,0.3820420534192081,0.38,0.004091829608798493,0.37,0.39,0.38,0.39,5279,0,0.0,0.2382443,-0.21289444,0.21468228,0.1364288330078125,0.10694056,0.3850369388141693,-0.0029948853949611776,0.0029948853949611776,42.84291760019915
2023-04-02,3013,0.37584580412957,0.38,0.005836025521967946,0.37,0.39,0.37,0.38,5279,0,0.0,0.17253865,-0.13778909,0.14313108,0.0752201080322265,0.103844866,0.3820420534192081,-0.006196249289638078,0.006196249289638078,73.23873537465771
2023-04-03,3014,0.3758799014964955,0.38,0.006013306227060858,0.37,0.39,0.37,0.39,5279,0,0.0,0.15812865,-0.12535606,0.13154662,0.0122699737548828,0.09638732,0.37584580412957,3.4097366925500694e-05,3.4097366925500694e-05,1.4936519790888723
2023-04-04,3015,0.390553135063459,0.39,0.005661153081978798,0.38,0.4,0.38,0.4,5279,0,0.0,0.18068707,-0.16726917,0.16726917,0.041778564453125,0.0683288,0.3758799014964955,0.014673233566963484,0.014673233566963484,98.90465521533483
2023-04-05,3016,0.395321083538549,0.4,0.005038791807916945,0.38,0.4,0.39,0.4,5279,0,0.0,0.29032823,-0.282477,0.282477,0.1154022216796875,0.06706245,0.390553135063459,0.004767948475089989,0.004767948475089989,61.0654717450834
2023-04-06,3017,0.38261413146429246,0.38,0.004466731770050822,0.37,0.39,0.38,0.39,5279,0,0.0,0.24256131,-0.2252271,0.2252271,0.0572967529296875,0.09004906,0.395321083538549,-0.012706952074256539,0.012706952074256539,97.41100323624595
2023-04-07,3018,0.3795264254593673,0.38,0.0061738417508134785,0.37,0.39,0.37,0.39,5279,0,0.0,0.24918376,-0.23039396,0.23052388,0.0050296783447265,0.09492695,0.38261413146429246,-0.0030877060049251392,0.0030877060049251392,44.06273338312173
2023-04-08,3019,0.3773214623981815,0.38,0.006927293757921683,0.37,0.39,0.37,0.39,5279,0,0.0,0.19521423,-0.18144277,0.18144277,0.0488567352294921,0.07202133,0.3795264254593673,-0.0022049630611858384,0.0022049630611858384,33.408015932287775
2023-04-09,3020,0.3810513354802046,0.38,0.005914480002863689,0.37,0.4,0.37,0.39,5279,0,0.0,0.15956298,-0.13564605,0.13880724,0.0454978942871093,0.08402701,0.3773214623981815,0.003729873082023105,0.003729873082023105,50.75927308937017
2023-04-10,3021,0.3817995832544042,0.38,0.004000946068341913,0.37,0.39,0.38,0.39,5279,0,0.0,0.26798832,-0.25561544,0.25561544,0.1197433471679687,0.08048933,0.3810513354802046,0.0007482477741996285,0.0007482477741996285,12.496888225043564
2023-04-11,3022,0.3815078613373745,0.38,0.003578402934410298,0.38,0.39,0.38,0.39,5279,0,0.0,0.26794618,-0.24485934,0.24677777,0.0108871459960937,0.108809374,0.3817995832544042,-0.00029172191702969696,0.00029172191702969696,5.57630072193179
2023-04-12,3023,0.3806042811138473,0.38,0.005007521208965159,0.37,0.39,0.37,0.39,5279,0,0.0,0.23749854,-0.17729437,0.208298,0.0675487518310546,0.15802631,0.3815078613373745,-0.0009035802235272117,0.0009035802235272117,14.836942992282797
2023-04-13,3024,0.3883273347224853,0.39,0.005406918974591012,0.38,0.4,0.38,0.4,5279,0,0.0,0.4074948,-0.34051305,0.3607272,0.1632156372070312,0.2238366,0.3806042811138473,0.007723053608638009,0.007723053608638009,82.89768483943242
2023-04-14,3025,0.38917787459746167,0.39,0.005826824197928397,0.38,0.4,0.38,0.4,5279,0,0.0,0.41244927,-0.3769041,0.37796605,0.0365619659423828,0.16750523,0.3883273347224853,0.0008505398749763526,0.0008505398749763526,13.940751804829473
2023-04-15,3026,0.3804659973479826,0.38,0.005158110938425921,0.37,0.39,0.37,0.39,5279,0,0.0,0.25827214,-0.23528804,0.23769394,0.1418266296386718,0.10650686,0.38917787459746167,-0.008711877249479083,0.008711877249479083,88.24993776450087
2023-04-16,3027,0.38220117446486074,0.38,0.004278218615425245,0.37,0.39,0.38,0.39,5279,0,0.0,0.1343543,-0.06861521,0.115820944,0.1666240692138672,0.115512036,0.3804659973479826,0.0017351771168781505,0.0017351771168781505,26.761264625342296
2023-04-17,3028,0.38350255730251936,0.38,0.005096859056719584,0.37,0.4,0.38,0.39,5279,0,0.0,0.20031564,-0.14415072,0.17672752,0.0754756927490234,0.1390929,0.38220117446486074,0.0013013828376586267,0.0013013828376586267,21.234752302713467
2023-04-18,3029,0.38019890130706574,0.38,0.006667645919505302,0.37,0.4,0.37,0.39,5279,0,0.0,0.4541258,-0.41575223,0.42025185,0.2718029022216797,0.1827033,0.38350255730251936,-0.003303655995453625,0.003303655995453625,46.452576549663924
2023-04-19,3030,0.3821424512218223,0.38,0.004431475630180179,0.37,0.4,0.38,0.39,5279,0,0.0,0.47167537,-0.4449334,0.4449655,0.0291061401367187,0.15656367,0.38019890130706574,0.0019435499147565372,0.0019435499147565372,29.474732387353747
2023-04-20,3031,0.38622087516575104,0.39,0.005510610054977011,0.37,0.4,0.38,0.39,5279,0,0.0,0.6200571,-0.6041599,0.6041599,0.1590957641601562,0.1395045,0.3821424512218223,0.004078423943928766,0.004078423943928766,54.66766243465273
2023-04-21,3032,0.37874597461640463,0.38,0.006474604709864944,0.37,0.39,0.37,0.39,5279,0,0.0,0.6326081,-0.6163957,0.6163957,0.012308120727539,0.14230442,0.38622087516575104,-0.007474900549346408,0.007474900549346408,81.65297485685835
2023-04-22,3033,0.3760674370145861,0.38,0.006484276411457727,0.37,0.39,0.37,0.39,5279,0,0.0,0.32995835,-0.26085418,0.28221196,0.3555526733398437,0.20205882,0.37874597461640463,-0.0026785376018185203,0.0026785376018185203,38.85984565596216
2023-04-23,3034,0.38390983140746354,0.38,0.005353590919740312,0.38,0.4,0.38,0.39,5279,0,0.0,0.2803191,-0.16190034,0.23430724,0.0989265441894531,0.22883862,0.3760674370145861,0.007842394392877428,0.007842394392877428,83.66940502862833
2023-04-24,3035,0.390585338132222,0.39,0.00708901143969765,0.38,0.4,0.38,0.4,5279,0,0.0,0.2405302,-0.14502735,0.21293342,0.0167980194091796,0.1918902,0.38390983140746354,0.006675506724758473,0.006675506724758473,76.69902912621359
2023-04-25,3036,0.3829361621519227,0.38,0.008483065227361876,0.37,0.4,0.37,0.39,5279,0,0.0,0.42286474,-0.38252455,0.39318758,0.2373580932617187,0.18024921,0.390585338132222,-0.007649175980299294,0.007649175980299294,82.4993776450087
2023-04-26,3037,0.3810494411820421,0.38,0.009096170066519577,0.37,0.4,0.37,0.4,5279,0,0.0,0.43467763,-0.40693113,0.40781298,0.0243873596191406,0.15281259,0.3829361621519227,-0.0018867209698806287,0.0018867209698806287,28.72790639780931
2023-04-27,3038,0.38485319189240386,0.38,0.0062930460982168045,0.38,0.4,0.38,0.4,5279,0,0.0,0.30637136,-0.22236843,0.25272128,0.1844902038574218,0.21075001,0.3810494411820421,0.003803750710361764,0.003803750710361764,51.55588747821758
2023-04-28,3039,0.3967853760181853,0.4,0.006398815821325843,0.38,0.41000000000000003,0.39,0.41000000000000003,5279,0,0.08600113657889752,0.1735943,-0.015806284,0.14738636,0.2066078186035156,0.1728732,0.38485319189240386,0.011932184125781453,0.011932184125781453,96.53970624844412
2023-04-29,3040,0.39560143966660355,0.4,0.005781679150694782,0.39,0.41000000000000003,0.39,0.4,5279,0,0.04394771737071415,0.28801888,0.19009931,0.23945746,0.2058792114257812,0.21637297,0.3967853760181853,-0.0011839363515817602,0.0011839363515817602,19.317898929549415
2023-04-30,3041,0.385324872134874,0.38,0.006551959752873602,0.38,0.4,0.38,0.4,5279,0,0.0,0.3103511,0.20635137,0.23132835,0.016214370727539,0.23181178,0.39560143966660355,-0.010276567531729563,0.010276567531729563,93.378142892706
2023-05-01,3042,0.37878954347414284,0.38,0.008472738928119717,0.37,0.4,0.37,0.39,5279,0,0.0,0.28791898,0.17495571,0.21192269,0.0313739776611328,0.22866562,0.385324872134874,-0.006535328660731143,0.006535328660731143,75.52900174259398
2023-05-02,3043,0.3853684409926122,0.38,0.006893479328962346,0.37,0.4,0.38,0.4,5279,0,0.0,0.34927282,0.23450163,0.26718092,0.0594749450683593,0.25884426,0.37878954347414284,0.006578897518469351,0.006578897518469351,76.00199153597211
2023-05-03,3044,0.38801098692934277,0.39,0.004964647949146968,0.38,0.4,0.38,0.39,5279,0,0.0,0.19739309,0.09834639,0.15318142,0.1361579895019531,0.17114905,0.3853684409926122,0.002642545936730578,0.002642545936730578,38.4117500622355
2023-05-04,3045,0.38059102102670955,0.38,0.003577306723493357,0.37,0.39,0.38,0.39,5279,0,0.0,0.24739648,0.19686128,0.20854689,0.0986270904541015,0.14983559,0.38801098692934277,-0.007419965902633219,0.007419965902633219,81.35424446104058
2023-05-05,3046,0.38092062890698997,0.38,0.005988651000472568,0.37,0.39,0.37,0.39,5279,0,0.0,0.21333611,-0.0246038,0.17163868,0.2214107513427734,0.21191241,0.38059102102670955,0.00032960788028041366,0.00032960788028041366,6.273338312173264
2023-05-06,3047,0.38550293616215187,0.38,0.006994161834751378,0.37,0.4,0.38,0.4,5279,0,0.0,0.20957951,-0.01905189,0.17087767,0.0056076049804687,0.20871165,0.38092062890698997,0.004582307255161899,0.004582307255161899,59.27308937017675
2023-05-07,3048,0.3858514870240576,0.38,0.006913910111253541,0.37,0.4,0.38,0.4,5279,0,0.0,0.22084235,0.10235561,0.14661145,0.1213665008544921,0.19569029,0.38550293616215187,0.0003485508619057165,0.0003485508619057165,6.746328105551407
2023-05-08,3049,0.3819568100018943,0.38,0.004757545580132839,0.37,0.39,0.38,0.39,5279,0,0.0,0.13759463,0.05572843,0.10560909,0.0467681884765625,0.12580395,0.3858514870240576,-0.0038946770221632843,0.0038946770221632843,52.55165546427683
2023-05-09,3050,0.3840575866641409,0.38,0.00491038258228369,0.38,0.39,0.38,0.39,5279,0,0.0,0.14390618,0.07951239,0.10979204,0.0237369537353515,0.11994508,0.3819568100018943,0.0021007766622466173,0.0021007766622466173,31.814787154592977
2023-05-10,3051,0.3824284902443644,0.38,0.004288045892556573,0.38,0.39,0.38,0.39,5279,0,0.0,0.11265786,-0.006893679,0.09360591,0.086343765258789,0.112446785,0.3840575866641409,-0.001629096419776488,0.001629096419776488,25.61613144137416
2023-05-11,3052,0.37905853381322224,0.38,0.007141321172645317,0.37,0.39,0.37,0.39,5279,0,0.0,0.12605299,0.04745707,0.10206385,0.0543460845947265,0.11677832,0.3824284902443644,-0.003369956431142185,0.003369956431142185,47.17450833955688
2023-05-12,3053,0.3823981814737639,0.38,0.005334768076889683,0.37,0.4,0.38,0.39,5279,0,0.0,0.16661982,0.13746047,0.14090121,0.0898876190185546,0.094163835,0.37905853381322224,0.003339647660541678,0.003339647660541678,46.82598954443615
2023-05-13,3054,0.395167645387384,0.39,0.005529829797125771,0.39,0.41000000000000003,0.39,0.4,5279,0,0.02803561280545558,0.11586959,0.10090643,0.10129167,0.0363616943359375,0.05695287,0.3823981814737639,0.012769463913620105,0.012769463913620105,97.46079163554892
2023-05-14,3055,0.4075165751089222,0.41000000000000003,0.004398726754376158,0.39,0.41000000000000003,0.4,0.41000000000000003,5279,0,0.7550672475847698,0.34547862,0.3120908,0.3120908,0.2110424041748047,0.14817253,0.395167645387384,0.012348929721538171,0.012348929721538171,97.01269604182225
2023-05-15,3056,0.40387762833870045,0.4,0.005228713834464491,0.39,0.41000000000000003,0.4,0.41000000000000003,5279,0,0.4057586664140936,0.24776162,0.13017733,0.1859072,0.1818523406982422,0.21080732,0.4075165751089222,-0.0036389467702217515,0.0036389467702217515,49.86308190191686
2023-05-16,3057,0.3935537033529078,0.39,0.010445036735395452,0.38,0.41000000000000003,0.38,0.41000000000000003,5279,0,0.17730630801288122,0.13908042,0.08970666,0.10408053,0.04046630859375,0.10628302,0.40387762833870045,-0.010323924985792654,0.010323924985792654,93.5026138909634
2023-05-17,3058,0.3914112521310854,0.39,0.010898159261262629,0.38,0.41000000000000003,0.38,0.41000000000000003,5279,0,0.15286986171623412,0.2680902,0.24269627,0.24269627,0.1529655456542968,0.11388994,0.3935537033529078,-0.0021424512218223835,0.0021424512218223835,32.462036345531494
2023-05-18,3059,0.3977874597461641,0.4,0.0080224813148602,0.38,0.41000000000000003,0.39,0.41000000000000003,5279,0,0.2288312180337185,0.19848847,0.15030676,0.15349375,0.0923652648925781,0.12963587,0.3914112521310854,0.006376207615078677,0.006376207615078677,74.53323375653473
2023-05-19,3060,0.40555597651070285,0.41000000000000003,0.004968992867729516,0.4,0.41000000000000003,0.4,0.41000000000000003,5279,0,0.5555976510702785,0.1632551,0.021682167,0.12941979,0.1285400390625,0.16180892,0.3977874597461641,0.007768516764538769,0.007768516764538769,83.24620363455315
2023-05-20,3061,0.39859443076340223,0.4,0.00751043570575826,0.38,0.41000000000000003,0.39,0.41000000000000003,5279,0,0.2174654290585338,0.22901884,0.09022691,0.17086442,0.0685329437255859,0.21049635,0.40555597651070285,-0.006961545747300624,0.006961545747300624,78.8150360965895
2023-05-21,3062,0.3930630801288123,0.39,0.009815208636362168,0.38,0.41000000000000003,0.38,0.41000000000000003,5279,0,0.1297594241333586,0.28666952,0.22435136,0.23075747,0.1340579986572265,0.17845437,0.39859443076340223,-0.005531350634589927,0.005531350634589927,67.63754045307444
2023-05-22,3063,0.39359158931615834,0.39,0.009633396267842143,0.38,0.41000000000000003,0.38,0.41000000000000003,5279,0,0.13070657321462398,0.30715695,0.18749452,0.21636914,0.0368213653564453,0.24329324,0.3930630801288123,0.0005285091873460379,0.0005285091873460379,9.111277072442121
2023-05-23,3064,0.3946334533055504,0.39,0.005154659238695197,0.38,0.41000000000000003,0.39,0.4,5279,0,0.0005682894487592347,0.2058118,-0.026800886,0.1655186,0.2143440246582031,0.20405927,0.39359158931615834,0.0010418639893920445,0.0010418639893920445,17.077420960916108
2023-05-24,3065,0.38905663951505964,0.39,0.004895228583820888,0.38,0.4,0.38,0.4,5279,0,0.0,0.19025202,0.024123207,0.15502828,0.0509681701660156,0.18871681,0.3946334533055504,-0.005576813790490742,0.005576813790490742,68.11053024645257
2023-05-25,3066,0.37755635537033533,0.38,0.00714471662251817,0.37,0.4,0.37,0.39,5279,0,0.0,0.19688109,0.04574556,0.16305032,0.0216140747070312,0.19149269,0.38905663951505964,-0.011500284144724315,0.011500284144724315,96.04182225541449
2023-05-26,3067,0.3777306308012881,0.38,0.007447650947844088,0.37,0.4,0.37,0.39,5279,0,0.0,0.21006384,-0.08846079,0.16978842,0.1341781616210937,0.19052975,0.37755635537033533,0.00017427543095277498,0.00017427543095277498,3.8088125466766245
2023-05-27,3068,0.3883784807728736,0.39,0.0065822753527223716,0.38,0.4,0.38,0.4,5279,0,0.0,0.19133374,-0.068230204,0.15253153,0.0201454162597656,0.17875467,0.3777306308012881,0.010647849971585521,0.010647849971585521,94.52327607667414
2023-05-28,3069,0.4006118583064974,0.4,0.0034194018055927833,0.39,0.41000000000000003,0.4,0.41000000000000003,5279,0,0.09092631180147755,0.14244631,0.044202305,0.114062116,0.1125030517578125,0.13541454,0.3883784807728736,0.012233377533623802,0.012233377533623802,96.88822504356484
2023-05-29,3070,0.4017863231672665,0.4,0.004009247043401662,0.39,0.41000000000000003,0.4,0.41000000000000003,5279,0,0.18564121992801666,0.27559522,-0.18907909,0.22012241,0.2333507537841797,0.20050421,0.4006118583064974,0.0011744648607690533,0.0011744648607690533,19.243216330594972
2023-05-30,3071,0.3965163856791059,0.4,0.004780388930328271,0.39,0.41000000000000003,0.39,0.4,5279,0,0.0007577192650123129,0.3590257,-0.20562923,0.29290566,0.0165233612060546,0.29430613,0.4017863231672665,-0.00526993748816057,0.00526993748816057,65.8202638785163
2023-05-31,3072,0.40008524341731383,0.4,0.0009791964168109233,0.39,0.41000000000000003,0.4,0.4,5279,0,0.009092631180147755,0.39113677,-0.2816374,0.33372945,0.0759906768798828,0.27141818,0.3965163856791059,0.00356885773820792,0.00356885773820792,49.141150112023894
2023-06-01,3073,0.39251752225800346,0.39,0.004340196338933475,0.39,0.4,0.39,0.4,5279,0,0.0,0.25023282,0.09304241,0.2036688,0.3745918273925781,0.23229206,0.40008524341731383,-0.00756772115931037,0.00756772115931037,82.07617625093353
2023-06-02,3074,0.39120856222769473,0.39,0.005213555941893714,0.38,0.4,0.38,0.4,5279,0,0.0,0.2928821,0.2060605,0.232545,0.1131248474121093,0.2081324,0.39251752225800346,-0.0013089600303087257,0.0013089600303087257,21.409011700273837
2023-06-03,3075,0.38067626444402347,0.38,0.005420134911753532,0.37,0.39,0.37,0.39,5279,0,0.0,0.43361178,-0.39188752,0.3957249,0.5979232788085938,0.18558872,0.39120856222769473,-0.010532297783671263,0.010532297783671263,94.14986308190191
2023-06-04,3076,0.3755578708088653,0.37,0.006747300197001364,0.37,0.39,0.37,0.39,5279,0,0.0,0.46998787,-0.4202814,0.42532793,0.0284042358398437,0.21035998,0.38067626444402347,-0.005118393635158147,0.005118393635158147,64.251929300473
2023-06-05,3077,0.3807255161962493,0.38,0.005854219289937001,0.37,0.4,0.37,0.39,5279,0,0.0,0.45636317,-0.412849,0.41596267,0.007333755493164,0.19448037,0.3755578708088653,0.005167645387383957,0.005167645387383957,64.67513069454817
2023-06-06,3078,0.3945936730441372,0.39,0.005335911438264168,0.39,0.41000000000000003,0.39,0.4,5279,0,0.01818526236029551,0.24321197,-0.20183204,0.2179628,0.2110462188720703,0.13570578,0.3807255161962493,0.013868156847887947,0.013868156847887947,98.48145382125965
2023-06-07,3079,0.3993104754688388,0.4,0.005465456292448976,0.39,0.41000000000000003,0.39,0.41000000000000003,5279,0,0.11725705626065543,0.26782814,-0.14066924,0.22144188,0.0611915588378906,0.22791241,0.3945936730441372,0.004716802424701572,0.004716802424701572,60.59248195170526
2023-06-08,3080,0.4000170486834628,0.4,0.004887413341626161,0.39,0.41000000000000003,0.39,0.41000000000000003,5279,0,0.12028793332070468,0.32678837,-0.023022847,0.25832534,0.117685317993164,0.32597628,0.3993104754688388,0.0007065732146239734,0.0007065732146239734,11.874533233756534
2023-06-09,3081,0.3977325250994507,0.4,0.005690747242244518,0.38,0.41000000000000003,0.39,0.4,5279,0,0.04186398939193029,0.37399057,0.12806025,0.28641018,0.1510486602783203,0.35138234,0.4000170486834628,-0.002284523584012099,0.002284523584012099,34.154841921832215
2023-06-10,3082,0.39874597461640465,0.4,0.007382319821587908,0.38,0.41000000000000003,0.39,0.41000000000000003,5279,0,0.18848266717181283,0.40881485,0.14493778,0.33623967,0.0169086456298828,0.38226023,0.3977325250994507,0.0010134495169539792,0.0010134495169539792,16.654219566840926
2023-06-11,3083,0.40176169729115363,0.4,0.006461687329411024,0.39,0.41000000000000003,0.39,0.41000000000000003,5279,0,0.312369767001326,0.21108669,-0.059036415,0.18021995,0.2040843963623047,0.20266308,0.39874597461640465,0.0030157226747489774,0.0030157226747489774,43.14164799601693
2023-06-12,3084,0.3987554461072173,0.4,0.0073000696855047625,0.38,0.41000000000000003,0.39,0.41000000000000003,5279,0,0.18431521121424513,0.26901454,0.053633347,0.22748768,0.1127452850341796,0.26361382,0.40176169729115363,-0.003006251183936326,0.003006251183936326,42.96738859845656
2023-06-13,3085,0.3934608827429437,0.39,0.007483892816764821,0.38,0.41000000000000003,0.38,0.4,5279,0,0.029172191702974047,0.2693957,0.107908964,0.23021555,0.0543727874755859,0.24683937,0.3987554461072173,-0.005294563364273586,0.005294563364273586,65.99452327607668
2023-06-14,3086,0.3858950558817958,0.38,0.0065566998361041495,0.38,0.4,0.38,0.4,5279,0,0.0,0.24526045,0.10026253,0.18138948,0.0078353881835937,0.22383073,0.3934608827429437,-0.0075658268611479285,0.0075658268611479285,82.05128205128204
2023-06-15,3087,0.37835196059859827,0.38,0.007830149680878891,0.37,0.39,0.37,0.39,5279,0,0.0,0.24194616,0.049778473,0.17585185,0.0505332946777343,0.23677044,0.3858950558817958,-0.007543095283197521,0.007543095283197521,82.00149365197909
2023-06-16,3088,0.3810551240765296,0.38,0.0038197440948979384,0.37,0.39,0.38,0.39,5279,0,0.0,0.21503322,-0.010531671,0.16934368,0.0602626800537109,0.21477513,0.37835196059859827,0.002703163477931314,0.002703163477931314,39.133681852128454
2023-06-17,3089,0.3873082023110438,0.39,0.004435335623297553,0.38,0.39,0.38,0.39,5279,0,0.0,0.3008259,0.15062013,0.24873604,0.1612987518310547,0.26040262,0.3810551240765296,0.006253078234514209,0.006253078234514209,73.6370425690814
2023-06-18,3090,0.39002841447243797,0.39,0.007410458578895341,0.38,0.4,0.38,0.4,5279,0,0.0,0.7101702,0.6781697,0.6781697,0.5276641845703125,0.21077606,0.3873082023110438,0.0027202121613941754,0.0027202121613941754,39.357729648991786
2023-06-19,3091,0.3826842204963061,0.38,0.008066128887375878,0.37,0.4,0.37,0.39,5279,0,0.0,0.27109894,0.15829194,0.21474083,0.5199756622314453,0.22008704,0.39002841447243797,-0.007344193976131841,0.007344193976131841,81.03061986557132
2023-06-20,3092,0.3808997916272021,0.38,0.007892366363868154,0.37,0.4,0.37,0.39,5279,0,0.0,0.13431776,-0.01682028,0.10219854,0.1756038665771484,0.13326034,0.3826842204963061,-0.0017844288691040155,0.0017844288691040155,27.433408015932287
2023-06-21,3093,0.3837317673801856,0.38,0.0051843123595222826,0.37,0.4,0.38,0.39,5279,0,0.0,0.15454547,-0.05091186,0.1260265,0.0337047576904296,0.14591867,0.3808997916272021,0.0028319757529834955,0.0028319757529834955,40.702016430171774
2023-06-22,3094,0.3925364652396287,0.39,0.004350976497803963,0.39,0.4,0.39,0.4,5279,0,0.0,0.17213449,-0.09587619,0.1420958,0.0448570251464843,0.14296152,0.3837317673801856,0.0088046978594431,0.0088046978594431,88.8722927557879
2023-06-23,3095,0.39368251562795986,0.39,0.005362620590790409,0.38,0.41000000000000003,0.39,0.4,5279,0,0.00530403485508619,0.22608729,-0.1662979,0.17767373,0.0704383850097656,0.15316817,0.3925364652396287,0.0011460503883311546,0.0011460503883311546,18.695543938262386
2023-06-24,3096,0.384864557681379,0.38,0.007639318621586553,0.37,0.4,0.38,0.4,5279,0,0.0,0.24228005,-0.13724788,0.2018533,0.0289993286132812,0.19965631,0.39368251562795986,-0.008817957946580857,0.008817957946580857,88.97186955439382
2023-06-25,3097,0.3817730630801288,0.38,0.007015315283451988,0.37,0.4,0.37,0.4,5279,0,0.0,0.2089794,-0.03120758,0.16901633,0.1061267852783203,0.2066361,0.384864557681379,-0.0030914946012501887,0.0030914946012501887,44.11252178242469
2023-06-26,3098,0.39016669823830274,0.39,0.005106431276049939,0.38,0.4,0.38,0.4,5279,0,0.0,0.18707393,-0.023580208,0.16152067,0.0076045989990234,0.18558188,0.3817730630801288,0.008393635158173929,0.008393635158173929,86.50734378889719
2023-06-27,3099,0.38855465050198906,0.39,0.005544290034373915,0.38,0.4,0.38,0.4,5279,0,0.0,0.4445218,0.4093435,0.40939984,0.4328727722167969,0.1733137,0.39016669823830274,-0.001612047736313682,0.001612047736313682,25.466766243465273
2023-06-28,3100,0.3839211971964387,0.38,0.005794210650851124,0.37,0.4,0.38,0.39,5279,0,0.0,0.5420407,0.51871914,0.51871914,0.1094379425048828,0.15728885,0.38855465050198906,-0.004633453305550372,0.004633453305550372,59.820761762509335
2023-06-29,3101,0.3770013260087138,0.38,0.0071175419515502655,0.37,0.39,0.37,0.39,5279,0,0.0,0.26939282,0.24108107,0.2453143,0.2776927947998047,0.12021909,0.3839211971964387,-0.006919871187724913,0.006919871187724913,78.5411999004232
2023-06-30,3102,0.38040537980678163,0.38,0.006588211058433222,0.37,0.4,0.37,0.39,5279,0,0.0,0.31535247,0.284002,0.28830895,0.0427074432373046,0.1370766,0.3770013260087138,0.003404053798067852,0.003404053798067852,47.597709733632065
2023-07-01,3103,0.3831824209130517,0.38,0.00465794013086131,0.38,0.39,0.38,0.39,5279,0,0.0,0.3410956,0.31006873,0.31167424,0.0262222290039062,0.14213985,0.38040537980678163,0.002777041106270084,0.002777041106270084,39.85561364202141
2023-07-02,3104,0.39003599166508807,0.39,0.002395501624401968,0.38,0.4,0.39,0.39,5279,0,0.0,0.30864805,0.24594122,0.25798064,0.0640869140625,0.18648407,0.3831824209130517,0.006853570752036353,0.006853570752036353,78.11799850634802
2023-07-03,3105,0.3912767569615458,0.39,0.0033372835175636433,0.39,0.4,0.39,0.4,5279,0,0.0,0.1866068,0.05237422,0.14749241,0.1935062408447265,0.17910644,0.39003599166508807,0.0012407652964577243,0.0012407652964577243,20.313666915608664
2023-07-04,3106,0.40443076340215944,0.4,0.004967491287931869,0.4,0.41000000000000003,0.4,0.41000000000000003,5279,0,0.44307634021595,0.16019845,0.10581629,0.13035615,0.0534191131591796,0.12027656,0.3912767569615458,0.013154006440613653,0.013154006440613653,97.83420463032112
2023-07-05,3107,0.40342867967418067,0.4,0.004953676259703479,0.39,0.41000000000000003,0.4,0.41000000000000003,5279,0,0.35290774767948474,0.38949114,0.15906414,0.33595902,0.0533161163330078,0.35553038,0.40443076340215944,-0.0010020837279787753,0.0010020837279787753,16.455065969629075
2023-07-06,3108,0.3919283955294564,0.39,0.004303527751750212,0.38,0.4,0.39,0.4,5279,0,0.0,0.4192774,0.20338514,0.3564466,0.0442161560058593,0.36664498,0.40342867967418067,-0.01150028414472426,0.01150028414472426,96.016928055763
2023-07-07,3109,0.38609206289069903,0.39,0.004879282595091024,0.38,0.39,0.38,0.39,5279,0,0.0,0.48928687,0.34851876,0.41799515,0.1452140808105468,0.3434183,0.3919283955294564,-0.00583633263875738,0.00583633263875738,69.85312422205627
2023-07-08,3110,0.3838264822883121,0.38,0.005451834210951774,0.37,0.4,0.38,0.39,5279,0,0.0,0.45547497,0.1964768,0.36946937,0.15216064453125,0.41091958,0.38609206289069903,-0.0022655806023869074,0.0022655806023869074,33.930794124968884
2023-07-09,3111,0.3802974048115173,0.38,0.006804624337791564,0.37,0.39,0.37,0.39,5279,0,0.0,0.34882933,0.16142713,0.30885386,0.0351028442382812,0.3092299,0.3838264822883121,-0.0035290774767948174,0.0035290774767948174,48.69305451829724
2023-07-10,3112,0.38287175601439666,0.38,0.004541158595638974,0.37,0.39,0.38,0.39,5279,0,0.0,0.32152218,0.26240942,0.27814823,0.10101318359375,0.18578944,0.3802974048115173,0.0025743512028793547,0.0025743512028793547,37.664924072691065
2023-07-11,3113,0.38330176169729113,0.38,0.004706790055915308,0.37,0.39,0.38,0.39,5279,0,0.0,0.3971324,0.3245697,0.3269896,0.0622005462646484,0.22884221,0.38287175601439666,0.00043000568289447427,0.00043000568289447427,7.8416728902165795
2023-07-12,3114,0.38284713013828375,0.38,0.005834550890341623,0.37,0.4,0.37,0.39,5279,0,0.0,0.4441396,0.41148144,0.41149974,0.0868473052978515,0.16716072,0.38330176169729113,-0.00045463155900737906,0.00045463155900737906,8.264874284291759
2023-07-13,3115,0.38056260655427165,0.38,0.0068240276514480456,0.37,0.39,0.37,0.39,5279,0,0.0,0.3263349,0.29455024,0.2946951,0.1168575286865234,0.14048056,0.38284713013828375,-0.002284523584012099,0.002284523584012099,34.154841921832215
2023-07-14,3116,0.3845084296268232,0.38,0.006181251938093408,0.37,0.4,0.38,0.4,5279,0,0.0,0.305828,0.22129396,0.24863636,0.0732402801513671,0.21109155,0.38056260655427165,0.003945823072551535,0.003945823072551535,53.32337565347274
2023-07-15,3117,0.3849895813601061,0.38,0.005160328271701257,0.38,0.4,0.38,0.39,5279,0,0.0,0.43313828,0.39006305,0.39229444,0.1687278747558593,0.18830857,0.3845084296268232,0.00048115173328289185,0.00048115173328289185,8.588498879761016
2023-07-16,3118,0.3831255919681758,0.38,0.004635363473367858,0.38,0.39,0.38,0.39,5279,0,0.0,0.34396404,0.30445084,0.3081233,0.0854969024658203,0.16006634,0.3849895813601061,-0.0018639893919302764,0.0018639893919302764,28.478964401294498
2023-07-17,3119,0.3790282250426217,0.38,0.006413112787252473,0.37,0.39,0.37,0.39,5279,0,0.0,0.2524759,0.18619817,0.20534,0.1182422637939453,0.17051171,0.3831255919681758,-0.0040973669255541245,0.0040973669255541245,54.99128703012198
2023-07-18,3120,0.38390035991665084,0.38,0.00591970630796198,0.37,0.4,0.38,0.3909999999999946,5279,0,0.0,0.21602884,0.14674853,0.18373112,0.0396022796630859,0.15853515,0.3790282250426217,0.004872134874029155,0.004872134874029155,62.036345531491165
2023-07-19,3121,0.38980867588558443,0.39,0.006448342865732594,0.38,0.4,0.38,0.4,5279,0,0.0,0.19202939,0.10662115,0.15715228,0.0401153564453125,0.1597098,0.38390035991665084,0.005908315968933597,0.005908315968933597,70.55016181229773
2023-07-20,3122,0.3933453305550294,0.39,0.004880101794138709,0.38,0.4,0.39,0.4,5279,0,0.0,0.31046295,0.2508779,0.2638104,0.1442909240722656,0.18288681,0.38980867588558443,0.003536654669444972,0.003536654669444972,48.817525516554646
2023-07-21,3123,0.40059859821935967,0.4,0.0025269312674445583,0.39,0.41000000000000003,0.4,0.41000000000000003,5279,0,0.06364841826103429,0.3549188,0.29434383,0.30757234,0.0435867309570312,0.19831577,0.3933453305550294,0.007253267664330265,0.007253267664330265,80.55763007219318
2023-07-22,3124,0.3918658836900929,0.39,0.004837206733369729,0.38,0.4,0.39,0.4,5279,0,0.0,0.4418086,0.38344067,0.38511202,0.0889663696289062,0.21947123,0.40059859821935967,-0.008732714529266772,0.008732714529266772,88.37440876275828
2023-07-23,3125,0.38985413904148514,0.39,0.004973650728092846,0.38,0.4,0.38,0.4,5279,0,0.0,0.7371793,0.7064487,0.7064487,0.3230552673339844,0.21062724,0.3918658836900929,-0.0020117446486077606,0.0020117446486077606,30.669653970624843
2023-07-24,3126,0.38629854139041486,0.39,0.0054408510507991045,0.37,0.4,0.38,0.39,5279,0,0.0,0.69989717,0.6783059,0.67865443,0.0282306671142578,0.17250334,0.38985413904148514,-0.0035555976510702747,0.0035555976510702747,49.01667911376649
2023-07-25,3127,0.3866414093578329,0.39,0.004991984253211445,0.38,0.4,0.38,0.39,5279,0,0.0,0.53569174,0.47060013,0.4860333,0.2075939178466797,0.25593036,0.38629854139041486,0.00034286796741805903,0.00034286796741805903,6.671645506596962
2023-07-26,3128,0.38877060049251755,0.39,0.006433850342704914,0.38,0.4,0.38,0.4,5279,0,0.0,0.34920204,0.19075301,0.28398824,0.2797966003417969,0.29249826,0.3866414093578329,0.002129191134684627,0.002129191134684627,32.1882001493652
2023-07-27,3129,0.3897821557113089,0.39,0.008304325735836789,0.38,0.41000000000000003,0.38,0.4,5279,0,0.014586095851487024,0.374042,0.27602527,0.28292876,0.0851573944091796,0.25242385,0.38877060049251755,0.0010115552187913712,0.0010115552187913712,16.604431167537964
2023-07-28,3130,0.3900454631559008,0.39,0.008836339930139318,0.37,0.41000000000000003,0.38,0.4,5279,0,0.041674559575677214,0.7035387,0.6755442,0.6755442,0.3994426727294922,0.19648457,0.3897821557113089,0.00026330744459185373,0.00026330744459185373,4.978839930296241
2023-07-29,3131,0.3886361053229779,0.39,0.0067731901645949975,0.38,0.4,0.38,0.4,5279,0,0.0,0.69944984,0.6584357,0.6584357,0.0169658660888671,0.23599094,0.3900454631559008,-0.0014093578329228973,0.0014093578329228973,22.852875280059745
2023-07-30,3132,0.38810380753930673,0.39,0.005103941652842108,0.38,0.4,0.38,0.4,5279,0,0.0,0.7118624,0.67186993,0.67186993,0.0134143829345703,0.23524208,0.3886361053229779,-0.0005322977836711429,0.0005322977836711429,9.161065471745083
2023-07-31,3133,0.38297404811517327,0.38,0.004705927724438361,0.38,0.4,0.38,0.39,5279,0,0.0,0.55849355,0.5029438,0.5029438,0.1689682006835937,0.24281955,0.38810380753930673,-0.005129759424133462,0.005129759424133462,64.40129449838187
2023-08-01,3134,0.3824209130517143,0.38,0.005187536815081098,0.37,0.4,0.38,0.39,5279,0,0.0,0.2868687,0.21740296,0.24709272,0.2856121063232422,0.1871616,0.38297404811517327,-0.0005531350634589982,0.0005531350634589982,9.534478466517301
2023-08-02,3135,0.3843909831407464,0.38,0.005691723898040127,0.37,0.4,0.38,0.39,5279,0,0.0,0.20289461,0.108330905,0.17540698,0.1088829040527343,0.17155357,0.3824209130517143,0.0019700700890321055,0.0019700700890321055,29.94772218073189
2023-08-03,3136,0.39775146808107603,0.4,0.005498625189765921,0.38,0.41000000000000003,0.39,0.41000000000000003,5279,0,0.05815495358969502,0.14260073,0.092736766,0.108838156,0.0155887603759765,0.10832758,0.3843909831407464,0.013360484940329653,0.013360484940329653,98.0084640278815
2023-08-04,3137,0.4020799393824589,0.4,0.0056137307915840925,0.39,0.41000000000000003,0.39,0.41000000000000003,5279,0,0.28319757529835193,0.21537873,0.12783483,0.17194282,0.0350856781005859,0.17333867,0.39775146808107603,0.0043284713013828635,0.0043284713013828635,57.306447597709735
2023-08-05,3138,0.39333396476605426,0.39,0.004899486388595244,0.38,0.41000000000000003,0.39,0.4,5279,0,0.00852434173138852,0.32246584,0.28798547,0.2892906,0.160135269165039,0.1450814,0.4020799393824589,-0.00874597461640464,0.00874597461640464,88.49887976101569
2023-08-06,3139,0.3852150028414472,0.38,0.0068559028865662905,0.38,0.4,0.38,0.4,5279,0,0.0,0.17500389,0.10894516,0.1389555,0.1790065765380859,0.13695721,0.39333396476605426,-0.008118961924607038,0.008118961924607038,85.01369180980831
2023-08-07,3140,0.3834002652017427,0.38,0.00556463748204979,0.38,0.4,0.38,0.39,5279,0,0.0,0.21282585,0.14417458,0.17174788,0.0351696014404296,0.15655245,0.3852150028414472,-0.0018147376397045223,0.0018147376397045223,27.93129200896191
2023-08-08,3141,0.3838435309717749,0.38,0.005716593272256022,0.38,0.4,0.38,0.39,5279,0,0.0,0.47451073,0.4404052,0.4404052,0.2961845397949219,0.17664684,0.3834002652017427,0.00044326577003223067,0.00044326577003223067,8.04082648742843
2023-08-09,3142,0.3907842394392878,0.39,0.005393288763857204,0.38,0.4,0.38,0.4,5279,0,0.0,0.47505617,0.44032133,0.44106814,0.0001716613769531,0.17831343,0.3838435309717749,0.006940708467512879,0.006940708467512879,78.64077669902912
2023-08-10,3143,0.3866641409357833,0.39,0.006243094641491709,0.38,0.4,0.38,0.4,5279,0,0.0,0.49463615,0.45908293,0.45908293,0.0186672210693359,0.1841396,0.3907842394392878,-0.004120098503504532,0.004120098503504532,55.3647000248942
2023-08-11,3144,0.38018564121992804,0.38,0.007037071640197292,0.37,0.4,0.37,0.39,5279,0,0.0,0.37372044,0.32154465,0.32209212,0.1375617980957031,0.19046335,0.3866641409357833,-0.006478499715855235,0.006478499715855235,75.25516554642768
2023-08-12,3145,0.38309907179390035,0.38,0.004887427291509867,0.38,0.4,0.38,0.39,5279,0,0.0,0.36587894,0.31098282,0.31308916,0.0103588104248046,0.19276027,0.38018564121992804,0.0029134305739723088,0.0029134305739723088,41.647996016928055
2023-08-13,3146,0.3934002652017428,0.39,0.004773030718998195,0.38,0.4,0.39,0.4,5279,0,0.0,0.4259786,0.37917912,0.3801433,0.0682315826416015,0.19411552,0.38309907179390035,0.010301193407842468,0.010301193407842468,93.45282549166043
2023-08-14,3147,0.3848494032960788,0.38,0.005454443326531654,0.38,0.4,0.38,0.39,5279,0,0.0,0.34350932,0.1691646,0.27703783,0.2100906372070312,0.2989684,0.3934002652017428,-0.008550861905664009,0.008550861905664009,87.35374657704756
2023-08-15,3148,0.3836086379996211,0.38,0.005254562529266891,0.38,0.4,0.38,0.39,5279,0,0.0,0.28526863,-0.012360018,0.24426655,0.1815547943115234,0.28500083,0.3848494032960788,-0.0012407652964577243,0.0012407652964577243,20.313666915608664
2023-08-16,3149,0.3846845993559386,0.38,0.00613743366963613,0.38,0.4,0.38,0.4,5279,0,0.0,0.28954306,0.09403137,0.21215813,0.1064529418945312,0.273849,0.3836086379996211,0.0010759613563174897,0.0010759613563174897,17.625093353248694
2023-08-17,3150,0.387783671149839,0.39,0.00725511299744044,0.38,0.4,0.38,0.4,5279,0,0.0,0.2374606,0.049830593,0.16380377,0.0442714691162109,0.23217341,0.3846845993559386,0.003099071793900454,0.003099071793900454,44.18720438137914
2023-08-18,3151,0.3936768327334723,0.39,0.005486947032107287,0.38,0.4,0.39,0.4,5279,0,0.0,0.29508907,0.24804528,0.25090963,0.1982345581054687,0.1598474,0.387783671149839,0.0058931615836332885,0.0058931615836332885,70.42569081404034
2023-08-19,3152,0.39119151354423176,0.39,0.0072803490083526564,0.38,0.4,0.38,0.4,5279,0,0.0,0.18862522,-0.01033104,0.14608529,0.2582874298095703,0.18834193,0.3936768327334723,-0.0024853191892405535,0.0024853191892405535,36.619367687328854
2023-08-20,3153,0.38189619246069334,0.38,0.007547527171737711,0.37,0.4,0.37,0.39,5279,0,0.0,0.26295385,-0.004045305,0.2062588,0.0063343048095703,0.26292276,0.39119151354423176,-0.009295321083538421,0.009295321083538421,90.61488673139159
2023-08-21,3154,0.38400454631559006,0.38,0.006172734425797354,0.37,0.4,0.38,0.39,5279,0,0.0,0.37570384,0.099097066,0.28463987,0.1030216217041015,0.36239925,0.38189619246069334,0.0021083538548967162,0.0021083538548967162,31.964152352501866
2023-08-22,3155,0.390791816631938,0.39,0.0031412478797139083,0.38,0.4,0.39,0.4,5279,0,0.0,0.25228,0.093243934,0.2051526,0.0057392120361328,0.23441602,0.38400454631559006,0.00678727031634796,0.00678727031634796,77.47074931540952
2023-08-23,3156,0.39436256866830843,0.39,0.004959201679441754,0.39,0.4,0.39,0.4,5279,0,0.0,0.21436773,-0.035962045,0.17889622,0.1292896270751953,0.21132968,0.390791816631938,0.003570752036370417,0.003570752036370417,49.16604431167538
2023-08-24,3157,0.402151922712635,0.4,0.005935087360645459,0.39,0.41000000000000003,0.39,0.41000000000000003,5279,0,0.30687630232998675,0.15833439,-0.050377093,0.13513756,0.0144882202148437,0.15010655,0.39436256866830843,0.0077893540443265685,0.0077893540443265685,83.37067463281056
2023-08-25,3158,0.4099772684220496,0.41000000000000003,0.00047623424369482346,0.4,0.41000000000000003,0.41000000000000003,0.41000000000000003,5279,0,0.9977268422049631,0.11831336,0.031417005,0.086029984,0.0818996429443359,0.11406611,0.402151922712635,0.007825345709414622,0.007825345709414622,83.54493403037092
2023-08-26,3159,0.40991096798636106,0.41000000000000003,0.0009393579918949238,0.4,0.41000000000000003,0.41000000000000003,0.41000000000000003,5279,0,0.9910967986361053,0.4028774,0.38203788,0.38203788,0.3505401611328125,0.12789682,0.4099772684220496,-6.630043568855992e-05,6.630043568855992e-05,2.1160069703759024
2023-08-27,3160,0.4099772684220496,0.41000000000000003,0.00047623424369482346,0.4,0.41000000000000003,0.41000000000000003,0.41000000000000003,5279,0,0.9977268422049631,0.2912732,0.2575024,0.25996244,0.1245365142822265,0.13613445,0.40991096798636106,6.630043568855992e-05,6.630043568855992e-05,2.1160069703759024
2023-08-28,3161,0.40752036370524725,0.41000000000000003,0.00431830600968396,0.4,0.41000000000000003,0.4,0.41000000000000003,5279,0,0.7520363705247206,0.49995452,0.42226738,0.4451795,0.1647491455078125,0.26766637,0.4099772684220496,-0.002456904716802377,0.002456904716802377,36.22106049290515
2023-08-29,3162,0.3921405569236599,0.39,0.0042289942378995115,0.38,0.4,0.39,0.4,5279,0,0.0,0.4895568,0.41609868,0.433158,0.0061492919921875,0.25793004,0.40752036370524725,-0.015379806781587346,0.015379806781587346,99.20338561115261
2023-08-30,3163,0.38961924606933135,0.39,0.005130143445834182,0.38,0.4,0.38,0.4,5279,0,0.0,0.44272658,0.36788252,0.3798179,0.0481224060058593,0.24631037,0.3921405569236599,-0.002521310854328551,0.002521310854328551,37.04256908140403
2023-08-31,3164,0.3844534949801099,0.38,0.006267968420048236,0.37,0.4,0.38,0.39,5279,0,0.0,0.34956297,0.21816362,0.29976186,0.1497993469238281,0.27312776,0.38961924606933135,-0.00516575108922146,0.00516575108922146,64.65023649489669
2023-09-01,3165,0.3868725137336617,0.39,0.006910040871798454,0.37,0.4,0.38,0.4,5279,0,0.0,0.22214194,0.052263357,0.1810022,0.1659107208251953,0.21590656,0.3844534949801099,0.002419018753551827,0.002419018753551827,35.87254169778441
2023-09-02,3166,0.3914908126539118,0.39,0.005576574424308636,0.38,0.4,0.38,0.4,5279,0,0.0,0.23802514,-0.09211806,0.19891092,0.1444435119628906,0.2194769,0.3868725137336617,0.0046182989202500635,0.0046182989202500635,59.721184963903404
2023-09-03,3167,0.3945652585716992,0.39,0.005573345837723566,0.38,0.41000000000000003,0.39,0.4,5279,0,0.010797499526425459,0.23111695,-0.14868347,0.18863292,0.056558609008789,0.17694125,0.3914908126539118,0.0030744459177874384,0.0030744459177874384,43.88847398556137
2023-09-04,3168,0.3863913620003788,0.38,0.007222224834521191,0.38,0.4,0.38,0.4,5279,0,0.0,0.23948914,-0.09274673,0.20343624,0.0559291839599609,0.22080098,0.3945652585716992,-0.008173896571320394,0.008173896571320394,85.38710480458053
2023-09-05,3169,0.37891267285470737,0.38,0.007177540982865661,0.37,0.4,0.37,0.39,5279,0,0.0,0.22261977,0.066073276,0.17994706,0.1590766906738281,0.21258867,0.3863913620003788,-0.007478689145671458,0.007478689145671458,81.67786905650983
2023-09-06,3170,0.3834855086190566,0.38,0.007005351260249328,0.37,0.4,0.37,0.39,5279,0,0.0,0.47656956,0.38346356,0.4070127,0.3172130584716797,0.28297412,0.37891267285470737,0.004572835764349248,0.004572835764349248,59.17351257157082
2023-09-07,3171,0.3873574540632696,0.39,0.0049555035443844654,0.38,0.4,0.38,0.39,5279,0,0.0,0.32723185,0.23954387,0.26629835,0.1439266204833984,0.22293378,0.3834855086190566,0.0038719454442129875,0.0038719454442129875,52.228030868807565
2023-09-08,3172,0.39200037885963246,0.39,0.004362699860672254,0.38,0.4,0.39,0.4,5279,0,0.0,0.3438975,0.20455536,0.273925,0.0349006652832031,0.27644563,0.3873574540632696,0.004642924796362857,0.004642924796362857,59.89544436146378
2023-09-09,3173,0.39268990339079374,0.39,0.006449761730346335,0.38,0.41000000000000003,0.38,0.4,5279,0,0.0013260087137715476,0.5346651,0.44106102,0.44368917,0.236480712890625,0.30221194,0.39200037885963246,0.0006895245311612785,0.0006895245311612785,11.650485436893204
2023-09-10,3174,0.40199848456146997,0.4,0.005512492277318847,0.39,0.41000000000000003,0.39,0.41000000000000003,5279,0,0.2718317863231673,0.7432233,0.70020163,0.70020163,0.259164810180664,0.2491969,0.39268990339079374,0.009308581170676233,0.009308581170676233,90.68956933034603
2023-09-11,3175,0.39795605228262937,0.4,0.006379514182052529,0.39,0.41000000000000003,0.39,0.41000000000000003,5279,0,0.12218223148323547,0.87066835,0.8244558,0.8244558,0.1241664886474609,0.27988607,0.40199848456146997,-0.004042432278840602,0.004042432278840602,54.34403783918347
2023-09-12,3176,0.3966186777798826,0.4,0.005998411710768574,0.39,0.41000000000000003,0.39,0.41000000000000003,5279,0,0.06800530403485508,0.6557483,0.58612585,0.58612585,0.2382259368896484,0.29404774,0.39795605228262937,-0.001337374502746791,0.001337374502746791,21.90689569330346
2023-09-13,3177,0.39186777798825534,0.39,0.004755505658314688,0.38,0.4,0.39,0.4,5279,0,0.0,0.34154487,0.28213757,0.28507456,0.3040714263916015,0.19248667,0.3966186777798826,-0.004750899791627239,0.004750899791627239,60.89121234752303
2023-09-14,3178,0.3820212161394203,0.38,0.005720218406295329,0.37,0.4,0.37,0.39,5279,0,0.0,0.2912839,0.15821186,0.20114191,0.1239643096923828,0.24457201,0.39186777798825534,-0.009846561848835034,0.009846561848835034,92.1832213094349
2023-09-15,3179,0.3826065542716424,0.38,0.007572767698290723,0.37,0.4,0.37,0.39,5279,0,0.0,0.27779815,0.12409573,0.19877455,0.0340309143066406,0.24854016,0.3820212161394203,0.000585338132222113,0.000585338132222113,9.932785660941
2023-09-16,3180,0.3865504830460314,0.39,0.00650067821469719,0.38,0.4,0.38,0.4,5279,0,0.0,0.179095,-0.110779375,0.16038015,0.2348842620849609,0.14072244,0.3826065542716424,0.003943928774388983,0.003943928774388983,53.273587254169776
2023-09-17,3181,0.38892593294184513,0.39,0.004382931119900507,0.38,0.4,0.38,0.39,5279,0,0.0,0.19887993,-0.06551983,0.16961946,0.0452003479003906,0.1877775,0.3865504830460314,0.0023754498958137304,0.0023754498958137304,35.200398307194426
2023-09-18,3182,0.38328850161015343,0.38,0.0052897054292889234,0.38,0.4,0.38,0.39,5279,0,0.0,0.25778362,0.16121867,0.20693475,0.2268905639648437,0.20114918,0.38892593294184513,-0.0056374313316917,0.0056374313316917,68.53373164052776
2023-09-19,3183,0.3776093957188862,0.38,0.007186401013897869,0.37,0.4,0.37,0.39,5279,0,0.0,0.19562998,-0.009912047,0.15717603,0.1712017059326172,0.19537887,0.38328850161015343,-0.005679105891267244,0.005679105891267244,68.68309683843664
2023-09-20,3184,0.3817086569426027,0.38,0.004811032547065024,0.37,0.39,0.38,0.39,5279,0,0.0,0.22718489,0.09227065,0.16251484,0.102182388305664,0.20760319,0.3776093957188862,0.0040992612237165105,0.0040992612237165105,55.016181229773466
2023-09-21,3185,0.38425838226936915,0.38,0.005035798472896711,0.38,0.4,0.38,0.39,5279,0,0.0,0.260727,0.16721453,0.1939186,0.0749454498291015,0.20004454,0.3817086569426027,0.00254972532676645,0.00254972532676645,37.36619367687329
2023-09-22,3186,0.3894923280924418,0.39,0.003642465938721456,0.38,0.4,0.38,0.39,5279,0,0.0,0.32539883,0.22447737,0.23440915,0.0572395324707031,0.23557182,0.38425838226936915,0.005233945823072628,0.005233945823072628,65.44685088374409
2023-09-23,3187,0.3873271452926691,0.39,0.005003995752885578,0.37,0.4,0.38,0.39,5279,0,0.0,0.40280306,0.3276158,0.33007824,0.1031494140625,0.23434639,0.3894923280924418,-0.0021651827997726802,0.0021651827997726802,32.68608414239482
2023-09-24,3188,0.39165561659405196,0.39,0.007545152471171124,0.37,0.4,0.38,0.4,5279,0,0.0,0.3691701,0.28503957,0.29219434,0.0426273345947265,0.23460397,0.3873271452926691,0.0043284713013828635,0.0043284713013828635,57.306447597709735
2023-09-25,3189,0.3903220306876303,0.39,0.006328934924762385,0.38,0.4,0.38,0.4,5279,0,0.0,0.25999793,0.13471684,0.20399009,0.150369644165039,0.2223742,0.39165561659405196,-0.001333585906421686,0.001333585906421686,21.83221309434902
2023-09-26,3190,0.3920136389467702,0.39,0.0042353346808761795,0.38,0.4,0.39,0.4,5279,0,0.0,0.38533732,0.32006207,0.33895117,0.18536376953125,0.21458258,0.3903220306876303,0.0016916082591399428,0.0016916082591399428,26.338063231267117
2023-09-27,3191,0.3929626823261982,0.39,0.005632282676583389,0.38,0.41000000000000003,0.39,0.4,5279,0,0.03409736692555408,0.32793844,0.28033525,0.2869407,0.0397148132324218,0.17016324,0.3920136389467702,0.0009490433794279718,0.0009490433794279718,15.608663181478716
2023-09-28,3192,0.39569804887289256,0.4,0.006152120515340231,0.39,0.41000000000000003,0.39,0.41000000000000003,5279,0,0.06667929532108353,0.24005817,0.19852108,0.21158443,0.0817775726318359,0.13497122,0.3929626823261982,0.0027353665466943733,0.0027353665466943733,39.482200647249186
2023-09-29,3193,0.4018412578139799,0.4,0.0059882908738717565,0.39,0.41000000000000003,0.39,0.41000000000000003,5279,0,0.2883121803371851,0.32145566,0.2187071,0.2901975,0.0201969146728515,0.23558626,0.39569804887289256,0.00614320894108733,0.00614320894108733,72.61638038337067
2023-09-30,3194,0.40071604470543665,0.4,0.002578318644811485,0.4,0.41000000000000003,0.4,0.41000000000000003,5279,0,0.07160447054366358,0.35741362,0.27440253,0.31417155,0.0557155609130859,0.2290147,0.4018412578139799,-0.0011252131085432437,0.0011252131085432437,18.421707742096093
2023-10-01,3195,0.38736881985224475,0.39,0.0057436707178060145,0.38,0.4,0.38,0.4,5279,0,0.0,0.35055545,0.20461722,0.2841569,0.0698356628417968,0.28464195,0.40071604470543665,-0.013347224853191897,0.013347224853191897,97.98356982823002
2023-10-02,3196,0.38363894677022164,0.38,0.005470751459129735,0.38,0.4,0.38,0.39,5279,0,0.0,0.3934657,0.2529254,0.32043457,0.0483837127685546,0.3014032,0.38736881985224475,-0.003729873082023105,0.003729873082023105,50.75927308937017
2023-10-03,3197,0.38052282629285855,0.38,0.007185431255035383,0.37,0.4,0.37,0.39,5279,0,0.0,0.22928022,0.11566615,0.1740245,0.137308120727539,0.19796655,0.38363894677022164,-0.0031161204773630935,0.0031161204773630935,44.46104057754543
2023-10-04,3198,0.3832733472248531,0.38,0.006793528448804795,0.37,0.4,0.37,0.4,5279,0,0.0,0.23558052,0.15192303,0.18002948,0.036163330078125,0.18004909,0.38052282629285855,0.002750520931994571,0.002750520931994571,39.58177744585512
2023-10-05,3199,0.38448948664519794,0.38,0.005563512747147235,0.38,0.4,0.38,0.39,5279,0,0.0,0.39021212,0.34803253,0.34811136,0.1961860656738281,0.17646167,0.3832733472248531,0.0012161394203448195,0.0012161394203448195,19.990042320139406
2023-10-06,3200,0.3887421860200796,0.39,0.00507657063960123,0.38,0.4,0.38,0.4,5279,0,0.0,0.39081395,0.33448198,0.33990034,0.0135173797607421,0.20213173,0.38448948664519794,0.004252699374881652,0.004252699374881652,56.75877520537714
2023-10-07,3201,0.3863743133169161,0.39,0.005929502442924107,0.38,0.4,0.38,0.4,5279,0,0.0,0.45218796,0.407053,0.40887544,0.0725269317626953,0.19693126,0.3887421860200796,-0.0023678727031635205,0.0023678727031635205,35.07592730893702
2023-10-08,3202,0.38335669634400454,0.38,0.007395407471767087,0.37,0.4,0.37,0.4,5279,0,0.0,0.45646036,0.40124768,0.41145533,0.0057697296142578,0.217614,0.3863743133169161,-0.00301761697291153,0.00301761697291153,43.16654219566841
2023-10-09,3203,0.3836976700132601,0.38,0.008544607679141615,0.37,0.4,0.37,0.4,5279,0,0.0,0.47611132,0.42346355,0.42979577,0.0221633911132812,0.21762611,0.38335669634400454,0.00034097366925556205,0.00034097366925556205,6.596962907642519
2023-10-10,3204,0.3865353286607312,0.39,0.007025124197850274,0.38,0.4,0.38,0.4,5279,0,0.0,0.51868355,0.44903108,0.47051775,0.0256023406982421,0.25962257,0.3836976700132601,0.0028376586474710974,0.0028376586474710974,40.826487428429175
2023-10-11,3205,0.3914150407274105,0.39,0.0063748185368948,0.38,0.4,0.38,0.4,5279,0,0.0,0.48520422,0.36901128,0.42214578,0.0799942016601562,0.31504652,0.3865353286607312,0.004879712066679309,0.004879712066679309,62.08613393079413
2023-10-12,3206,0.3828357643493086,0.38,0.007273101982222293,0.37,0.4,0.37,0.39,5279,0,0.0,0.19190413,0.029569259,0.15151468,0.3394489288330078,0.1896124,0.3914150407274105,-0.008579276378101908,0.008579276378101908,87.50311177495644
2023-10-13,3207,0.3801685925364653,0.38,0.00860787219099342,0.37,0.4,0.37,0.39,5279,0,0.0,0.14451724,0.04074947,0.11423277,0.0110397338867187,0.13865304,0.3828357643493086,-0.0026671718128433164,0.0026671718128433164,38.68558625840179
2023-10-14,3208,0.38575866641409357,0.38,0.006547891979498156,0.37,0.4,0.38,0.4,5279,0,0.0,0.30031693,0.25114092,0.25546002,0.2106151580810547,0.16467701,0.3801685925364653,0.0055900738776282766,0.0055900738776282766,68.18521284540702
2023-10-15,3209,0.39131653722295895,0.39,0.004281045115595572,0.38,0.4,0.39,0.4,5279,0,0.0,0.58842504,0.55764484,0.5576457,0.306396484375,0.18782236,0.38575866641409357,0.005557870808865384,0.005557870808865384,67.91137664924072
2023-10-16,3210,0.38911536275809816,0.39,0.0038725857826679175,0.38,0.4,0.38,0.39,5279,0,0.0,0.5898404,0.54369444,0.5439113,0.0139694213867187,0.2287096,0.39131653722295895,-0.002201174464860789,0.002201174464860789,33.30843913368185
2023-10-17,3211,0.38704678916461455,0.39,0.005165556932167344,0.38,0.4,0.38,0.39,5279,0,0.0,0.32271016,0.20839922,0.24696267,0.3352127075195312,0.2463976,0.38911536275809816,-0.0020685735934836136,0.0020685735934836136,31.366691560866318
2023-10-18,3212,0.3826595946201932,0.38,0.005245611585320765,0.37,0.4,0.38,0.39,5279,0,0.0,0.46015674,0.28587914,0.3485459,0.077402114868164,0.36057913,0.38704678916461455,-0.0043871945444213245,0.0043871945444213245,57.72964899178491
2023-10-19,3213,0.3873460882742944,0.39,0.006026378472390516,0.38,0.4,0.38,0.4,5279,0,0.0,0.3114261,0.18903066,0.21597461,0.0968055725097656,0.24749462,0.3826595946201932,0.004686493654101176,0.004686493654101176,60.24396315658451
2023-10-20,3214,0.3849725326766433,0.38,0.005494508395796845,0.38,0.4,0.38,0.39,5279,0,0.0,0.2635366,0.1975694,0.20643222,0.0085220336914062,0.1744067,0.3873460882742944,-0.0023735555976511225,0.0023735555976511225,35.17550410754294
2023-10-21,3215,0.3837829134305739,0.38,0.004999625270887493,0.38,0.4,0.38,0.39,5279,0,0.0,0.2130955,0.09390554,0.15615164,0.1037178039550781,0.19128887,0.3849725326766433,-0.0011896192460693622,0.0011896192460693622,19.41747572815534
2023-10-22,3216,0.3787611290017049,0.38,0.007847497271430491,0.37,0.4,0.37,0.39,5279,0,0.0,0.34545135,0.28653133,0.28967953,0.1926708221435547,0.19296826,0.3837829134305739,-0.005021784428869025,0.005021784428869025,63.10679611650486
2023-10-23,3217,0.3816196249289638,0.38,0.009361630335260567,0.37,0.4,0.37,0.4,5279,0,0.0,0.61161816,0.57547146,0.57547146,0.2889404296875,0.20714174,0.3787611290017049,0.0028584959272588972,0.0028584959272588972,41.12521782424695
2023-10-24,3218,0.3845993559386247,0.38,0.0062244383561138065,0.38,0.4,0.38,0.4,5279,0,0.0,0.5428126,0.50145257,0.503347,0.0742397308349609,0.20782213,0.3816196249289638,0.002979731009660924,0.002979731009660924,42.618869803335826
2023-10-25,3219,0.39482477741996597,0.39,0.00532008099689285,0.38,0.41000000000000003,0.39,0.4,5279,0,0.00018942981625307822,0.43686506,0.3736995,0.3819868,0.127593994140625,0.22627343,0.3845993559386247,0.010225421481341257,0.010225421481341257,93.20388349514563
2023-10-26,3220,0.38707709793521505,0.39,0.00531984424404506,0.38,0.4,0.38,0.39,5279,0,0.0,0.40160796,0.29085168,0.3143961,0.0827236175537109,0.27693737,0.39482477741996597,-0.007747679484750913,0.007747679484750913,83.09683843664426
2023-10-27,3221,0.38496684978215573,0.38,0.005845280503936994,0.38,0.4,0.38,0.39,5279,0,0.0,0.12206295,-0.0023494766,0.09510388,0.2932777404785156,0.122040205,0.38707709793521505,-0.0021102481530593242,0.0021102481530593242,31.98904655215335
2023-10-28,3222,0.3865277514680811,0.39,0.007133794086843611,0.37,0.4,0.38,0.4,5279,0,0.0,0.21214052,-0.16831894,0.1875051,0.1660213470458984,0.12912151,0.38496684978215573,0.0015609016859253755,0.0015609016859253755,24.7697286532238
2023-10-29,3223,0.38880469785944305,0.39,0.005329770056263206,0.38,0.4,0.38,0.4,5279,0,0.0,0.12577553,-0.06094194,0.10406955,0.1074638366699218,0.110025205,0.3865277514680811,0.0022769463913619448,0.0022769463913619448,34.03037092357481
2023-10-30,3224,0.38802803561280547,0.39,0.005354842842655669,0.38,0.41000000000000003,0.38,0.4,5279,0,0.0005682894487592347,0.1962042,0.13255462,0.15870489,0.1935634613037109,0.14465608,0.38880469785944305,-0.0007766622466375828,0.0007766622466375828,12.944983818770226
2023-10-31,3225,0.38857169918545187,0.39,0.004897715134257393,0.38,0.41000000000000003,0.38,0.4,5279,0,0.0009471490812653912,0.30772436,0.26764327,0.26908162,0.135040283203125,0.15186082,0.38802803561280547,0.0005436635726464023,0.0005436635726464023,9.385113268608414
2023-11-01,3226,0.3938814169350256,0.39,0.00620679447013453,0.38,0.41000000000000003,0.39,0.4,5279,0,0.04413714718696723,0.26286376,0.24047916,0.2424618,0.0272159576416015,0.10614694,0.38857169918545187,0.005309717749573728,0.005309717749573728,66.21857107294001
2023-11-02,3227,0.4022712634968744,0.4,0.00464841856595615,0.39,0.41000000000000003,0.4,0.41000000000000003,5279,0,0.24739534002652017,0.4447833,0.3616306,0.36456984,0.1212501525878906,0.2589508,0.3938814169350256,0.008389846561848824,0.008389846561848824,86.4824495892457
2023-11-03,3228,0.4100000000000001,0.41000000000000003,5.551115123125783e-17,0.41000000000000003,0.41000000000000003,0.41000000000000003,0.41000000000000003,5279,0,1.0,0.2865714,0.18872254,0.20502725,0.173004150390625,0.21565501,0.4022712634968744,0.007728736503125666,0.007728736503125666,82.94747323873537
2023-11-04,3229,0.4100000000000001,0.41000000000000003,5.551115123125783e-17,0.41000000000000003,0.41000000000000003,0.41000000000000003,0.41000000000000003,5279,0,1.0,0.7679974,0.7555922,0.7555922,0.5668830871582031,0.13748728,0.4100000000000001,0.0,0.0,0.5227781926811054
2023-11-05,3230,0.4094127675696155,0.41000000000000003,0.00235105984112487,0.4,0.41000000000000003,0.4,0.41000000000000003,5279,0,0.9412767569615458,0.6302427,0.6108324,0.6108324,0.1447620391845703,0.15520668,0.4100000000000001,-0.0005872324303846099,0.0005872324303846099,9.957679860592481
2023-11-06,3231,0.40749952642545945,0.41000000000000003,0.004446941494577703,0.39,0.41000000000000003,0.4,0.41000000000000003,5279,0,0.7550672475847698,0.4606827,0.39806145,0.39806145,0.2126846313476562,0.23189753,0.4094127675696155,-0.0019132411441560304,0.0019132411441560304,29.126213592233007
2023-11-07,3232,0.39781587421860204,0.4,0.004918680054255238,0.39,0.41000000000000003,0.39,0.4,5279,0,0.03561280545557871,0.30842438,0.2272767,0.22785345,0.1708297729492187,0.20849653,0.40749952642545945,-0.009683652206857407,0.009683652206857407,91.73512571570825
2023-11-08,3233,0.39238870998295133,0.39,0.004467863552039258,0.38,0.41000000000000003,0.39,0.4,5279,0,0.0009471490812653912,0.27766874,0.21834862,0.22410588,0.0089626312255859,0.17153385,0.39781587421860204,-0.0054271642356507055,0.0054271642356507055,67.01518546178741
2023-11-09,3234,0.38869293426785384,0.39,0.0069307899203415076,0.38,0.41000000000000003,0.38,0.4,5279,0,0.00018942981625307822,0.30486727,0.26992166,0.2712305,0.0515899658203125,0.14172648,0.39238870998295133,-0.0036957757150974935,0.0036957757150974935,50.4605426935524
2023-11-10,3235,0.3910437582875545,0.39,0.006736297392784967,0.38,0.4,0.38,0.4,5279,0,0.0,0.38198498,0.3524744,0.35262325,0.0825176239013671,0.14722389,0.38869293426785384,0.002350824019700659,0.002350824019700659,34.85187951207369
2023-11-11,3236,0.38971774957378297,0.39,0.005869701031554887,0.38,0.4,0.38,0.4,5279,0,0.0,0.44044963,0.4046269,0.4046269,0.052154541015625,0.1739911,0.3910437582875545,-0.0013260087137715315,0.0013260087137715315,21.65795369678865
2023-11-12,3237,0.38425838226936915,0.38,0.005645852631687684,0.38,0.4,0.38,0.39,5279,0,0.0,0.25446194,0.017059613,0.20047827,0.3875961303710937,0.25388953,0.38971774957378297,-0.00545936730441382,0.00545936730441382,67.21433905899926
2023-11-13,3238,0.38236787270316347,0.38,0.0044683558559920995,0.38,0.4,0.38,0.39,5279,0,0.0,0.27557245,-0.16965951,0.23017323,0.1866035461425781,0.21715383,0.38425838226936915,-0.0018905095662056781,0.0018905095662056781,28.777694797112275
2023-11-14,3239,0.3998844478120856,0.4,0.001817049662584123,0.39,0.41000000000000003,0.4,0.4,5279,0,0.010797499526425459,0.35049325,-0.29816625,0.3182189,0.1285533905029297,0.18423587,0.38236787270316347,0.017516575108922128,0.017516575108922128,99.80084640278815
2023-11-15,3240,0.39392119719643875,0.39,0.004882231509364172,0.39,0.4,0.39,0.4,5279,0,0.0,0.27101257,0.17698291,0.23215424,0.4751510620117187,0.20524319,0.3998844478120856,-0.005963250615646842,0.005963250615646842,71.04804580532735
2023-11-16,3241,0.3813923091494601,0.38,0.005758716886948435,0.37,0.39,0.37,0.39,5279,0,0.0,0.2742547,0.16595596,0.2144062,0.0111331939697265,0.21834491,0.39392119719643875,-0.012528888046978659,0.012528888046978659,97.21184963903411
2023-11-17,3242,0.38399318052661485,0.38,0.0064939646525299256,0.37,0.4,0.37,0.39,5279,0,0.0,0.23794523,0.17156328,0.18857637,0.0056934356689453,0.16487616,0.3813923091494601,0.0026008713771547565,0.0026008713771547565,38.0134428678118
2023-11-18,3243,0.3881701079749953,0.39,0.005115140325450877,0.38,0.4,0.38,0.4,5279,0,0.0,0.37185657,-0.31729096,0.33714947,0.4888324737548828,0.19391644,0.38399318052661485,0.004176927448380441,0.004176927448380441,56.011949215832715
2023-11-19,3244,0.385752983519606,0.39,0.0058454861538293,0.38,0.4,0.38,0.39,5279,0,0.0,0.38109583,-0.35364333,0.35481006,0.0363788604736328,0.14202301,0.3881701079749953,-0.0024171244553892746,0.0024171244553892746,35.847647498132936
2023-11-20,3245,0.3836673612426596,0.38,0.006090183617277858,0.37,0.4,0.38,0.39,5279,0,0.0,0.3550242,-0.32915166,0.33942902,0.0244693756103515,0.1330473,0.385752983519606,-0.0020856222769464194,0.0020856222769464194,31.61563355738113
2023-11-21,3246,0.38387573404053793,0.38,0.008633718942117044,0.37,0.4,0.37,0.4,5279,0,0.0,0.33101666,-0.30869827,0.31292465,0.0204792022705078,0.11948871,0.3836673612426596,0.00020837279787833118,0.00020837279787833118,4.207119741100324
2023-11-22,3247,0.38632695586285276,0.38,0.007202845018151234,0.37,0.4,0.38,0.4,5279,0,0.0,0.36342746,-0.33995774,0.33998692,0.0312824249267578,0.12848383,0.38387573404053793,0.0024512218223148308,0.0024512218223148308,36.196166293253675
2023-11-23,3248,0.3940026520174276,0.39,0.005472969324964773,0.38,0.41000000000000003,0.39,0.4,5279,0,0.011365788975184693,0.3689316,-0.35010722,0.3502859,0.0101299285888671,0.116343096,0.38632695586285276,0.0076756961545748625,0.0076756961545748625,82.72342544187204
2023-11-24,3249,0.39275241523015725,0.39,0.005017631476200281,0.38,0.4,0.39,0.4,5279,0,0.0,0.41232964,-0.40078938,0.4009369,0.0506649017333984,0.0968723,0.3940026520174276,-0.0012502367872703757,0.0012502367872703757,20.48792631316903
2023-11-25,3250,0.3840026520174275,0.38,0.006206095465479443,0.37,0.4,0.38,0.4,5279,0,0.0,0.4130211,-0.3687638,0.38008404,0.0320281982421875,0.18601093,0.39275241523015725,-0.008749763212729744,0.008749763212729744,88.52377396066716
2023-11-26,3251,0.37830270884637246,0.38,0.007824465001510284,0.37,0.4,0.37,0.39,5279,0,0.0,0.34912792,-0.31245604,0.31804222,0.0562744140625,0.15576147,0.3840026520174275,-0.005699943171055044,0.005699943171055044,68.85735623599702
2023-11-27,3252,0.3835669634400454,0.38,0.005497318542885424,0.37,0.4,0.38,0.39,5279,0,0.0,0.18875547,0.044350754,0.15711808,0.3567657470703125,0.18347113,0.37830270884637246,0.005264254593672968,0.005264254593672968,65.69579288025889
2023-11-28,3253,0.3925951884826672,0.39,0.00489801112041214,0.38,0.4,0.39,0.4,5279,0,0.0,0.3495903,-0.20085219,0.29295653,0.2451744079589843,0.28613317,0.3835669634400454,0.009028225042621796,0.009028225042621796,89.94274334080158
2023-11-29,3254,0.39379996211403684,0.39,0.0052223302720924535,0.39,0.41000000000000003,0.39,0.4,5279,0,0.018564121992801667,0.35718885,-0.19374795,0.33543497,0.007080078125,0.30007598,0.3925951884826672,0.0012047736313696156,0.0012047736313696156,19.79088872292756
2023-11-30,3255,0.3869407084675128,0.38,0.008138929597057323,0.37,0.41000000000000003,0.38,0.4,5279,0,0.00018942981625307822,0.51771736,0.29940227,0.3689039,0.4931526184082031,0.4223616,0.39379996211403684,-0.006859253646524066,0.006859253646524066,78.16778690565098
2023-12-01,3256,0.3804413714718697,0.38,0.008274871576982966,0.37,0.4,0.37,0.39,5279,0,0.0,0.48257717,0.35171688,0.38254958,0.0522899627685546,0.33041725,0.3869407084675128,-0.00649933699564309,0.00649933699564309,75.35474234503361
2023-12-02,3257,0.3793142640651639,0.38,0.006101335891592679,0.37,0.4,0.37,0.39,5279,0,0.0,0.43336475,0.36802948,0.3761338,0.016336441040039,0.22882175,0.3804413714718697,-0.0011271074067057962,0.0011271074067057962,18.446601941747574
2023-12-03,3258,0.39202689903390797,0.39,0.004140737336506444,0.38,0.4,0.39,0.4,5279,0,0.0,0.5547713,0.5019687,0.50444293,0.1339931488037109,0.2362179,0.3793142640651639,0.012712634968744085,0.012712634968744085,97.43589743589743
2023-12-04,3259,0.3952831975752984,0.4,0.005111961458908398,0.38,0.4,0.39,0.4,5279,0,0.0,0.5000537,0.4143004,0.41580787,0.0877113342285156,0.28001627,0.39202689903390797,0.0032562985413904233,0.0032562985413904233,46.029375155588745
2023-12-05,3260,0.3870714150407274,0.39,0.00842519512905282,0.37,0.4,0.38,0.4,5279,0,0.0,0.6186801,0.44681463,0.46444583,0.0326156616210937,0.4279276,0.3952831975752984,-0.008211782534571,0.008211782534571,85.66094100074683
2023-12-06,3261,0.383693881416935,0.38,0.007148590859248017,0.37,0.4,0.37,0.39,5279,0,0.0,0.68499553,0.54814863,0.5501758,0.1012248992919921,0.41079286,0.3870714150407274,-0.0033775336237923947,0.0033775336237923947,47.32387353746577
2023-12-07,3262,0.39046031445349494,0.39,0.006342820853053938,0.38,0.4,0.38,0.4,5279,0,0.0,0.6776667,0.5732815,0.5732815,0.025115966796875,0.36135998,0.383693881416935,0.006766433036559938,0.006766433036559938,77.32138411750063
2023-12-08,3263,0.39413146429247964,0.39,0.005386954343071762,0.39,0.41000000000000003,0.39,0.4,5279,0,0.02386815684788786,0.3920752,0.31043917,0.31934273,0.2627906799316406,0.23947947,0.39046031445349494,0.0036711498389846997,0.0036711498389846997,50.211600697037596
2023-12-09,3264,0.39151354423186213,0.39,0.007069149182357192,0.38,0.41000000000000003,0.38,0.4,5279,0,0.03561280545557871,0.42042553,0.37111095,0.37118578,0.0606536865234375,0.19757135,0.39413146429247964,-0.002617920060617507,0.002617920060617507,38.137913866069205
2023-12-10,3265,0.39634589884447813,0.4,0.006253052124018406,0.38,0.41000000000000003,0.39,0.41000000000000003,5279,0,0.06611100587232431,0.44932082,0.40907604,0.40907604,0.0379581451416015,0.18586557,0.39151354423186213,0.004832354612615997,0.004832354612615997,61.51356733881006
2023-12-11,3266,0.40707899223337757,0.41000000000000003,0.004547283946880372,0.4,0.41000000000000003,0.4,0.41000000000000003,5279,0,0.7078992233377533,0.49568006,0.46911564,0.46911564,0.0600833892822265,0.16009164,0.39634589884447813,0.01073309338889944,0.01073309338889944,94.72242967388598
2023-12-12,3267,0.4099886342110248,0.41000000000000003,0.00033694021516111536,0.4,0.41000000000000003,0.41000000000000003,0.41000000000000003,5279,0,0.9988634211024815,0.4691564,0.45917496,0.45917496,0.0100021362304687,0.096261315,0.40707899223337757,0.0029096419776472593,0.0029096419776472593,41.59820761762509
2023-12-13,3268,0.40646523962871767,0.41000000000000003,0.004780488764805924,0.4,0.41000000000000003,0.4,0.41000000000000003,5279,0,0.6465239628717561,0.3562665,0.30188343,0.30188343,0.1573390960693359,0.18918858,0.4099886342110248,-0.00352339458230716,0.00352339458230716,48.61837191934279
2023-12-14,3269,0.40159878764917595,0.4,0.00827984487018012,0.39,0.41000000000000003,0.39,0.41000000000000003,5279,0,0.43549914756582686,0.34705305,0.29705778,0.3031426,0.0047359466552734,0.17944883,0.40646523962871767,-0.004866451979541719,0.004866451979541719,61.9865571321882
2023-12-15,3270,0.40146618677779883,0.4,0.0073482850972196485,0.39,0.41000000000000003,0.39,0.41000000000000003,5279,0,0.35404432657700324,0.5467875,0.4640117,0.47674736,0.1669139862060547,0.2892562,0.40159878764917595,-0.00013260087137711984,0.00013260087137711984,3.286034353995519
2023-12-16,3271,0.3985319189240386,0.4,0.003787357251441602,0.39,0.41000000000000003,0.39,0.4,5279,0,0.009092631180147755,0.46727383,0.43293518,0.43293518,0.0309658050537109,0.17581563,0.40146618677779883,-0.0029342678537602196,0.0029342678537602196,41.996514812048794
2023-12-17,3272,0.387323356696344,0.39,0.005235123884988811,0.38,0.4,0.38,0.39,5279,0,0.0,0.5067975,0.4899594,0.4899594,0.0569877624511718,0.12955163,0.3985319189240386,-0.011208562227694618,0.011208562227694618,95.56883246203634
2023-12-18,3273,0.3832373555597651,0.38,0.005822622684646004,0.37,0.4,0.38,0.39,5279,0,0.0,0.55705076,0.5427275,0.5427275,0.0527515411376953,0.1255021,0.387323356696344,-0.004086001136578865,0.004086001136578865,54.79213343291013
2023-12-19,3274,0.3862398181473764,0.39,0.006788281890291076,0.37,0.4,0.38,0.4,5279,0,0.0,0.5487607,0.5382274,0.5382274,0.0044937133789062,0.10700781,0.3832373555597651,0.0030024625876112765,0.0030024625876112765,42.9176001991536
2023-12-20,3275,0.3922030687630233,0.39,0.008796474933793217,0.37,0.41000000000000003,0.38,0.41000000000000003,5279,0,0.09623034665656374,0.5658216,0.5540518,0.5540518,0.0158214569091796,0.1148104,0.3862398181473764,0.005963250615646898,0.005963250615646898,71.07294000497883
2023-12-21,3276,0.39555787080886534,0.4,0.007823736238793429,0.38,0.41000000000000003,0.38,0.41000000000000003,5279,0,0.1183936351581739,0.5149005,0.49722585,0.49722585,0.0568408966064453,0.13374735,0.3922030687630233,0.0033548020458420424,0.0033548020458420424,47.025143141647995
2023-12-22,3277,0.38950179958325437,0.39,0.007101005012845226,0.37,0.41000000000000003,0.38,0.4,5279,0,0.015343815116499336,0.39223966,0.31571278,0.32041845,0.1815242767333984,0.23276132,0.39555787080886534,-0.0060560712256109706,0.0060560712256109706,71.89444859347772
2023-12-23,3278,0.38688766811896197,0.39,0.007106000484511456,0.38,0.41000000000000003,0.38,0.4,5279,0,0.003788596325061565,0.3727328,0.28574753,0.2923685,0.0299663543701171,0.23932871,0.38950179958325437,-0.002614131464292402,0.002614131464292402,38.08812546676624
2023-12-24,3279,0.39500284144724385,0.4,0.005052761167093318,0.38,0.4,0.39,0.4,5279,0,0.0,0.16946293,-0.01824654,0.13666445,0.3040313720703125,0.16847771,0.38688766811896197,0.008115173328281877,0.008115173328281877,84.98879761015684
2023-12-25,3280,0.3898541390414853,0.39,0.0018148681398961189,0.38,0.4,0.39,0.39,5279,0,0.0,0.24642941,-0.1628677,0.20193681,0.1445751190185547,0.18493576,0.39500284144724385,-0.005148702405758543,0.005148702405758543,64.55065969629077
2023-12-26,3281,0.38105322977836703,0.38,0.00312473654679678,0.37,0.39,0.38,0.39,5279,0,0.0,0.17864226,0.036368426,0.13704036,0.1992759704589843,0.17490058,0.3898541390414853,-0.008800909263118273,0.008800909263118273,88.84739855613643
2023-12-27,3282,0.380952831975753,0.38,0.006530086215553775,0.37,0.39,0.37,0.39,5279,0,0.0,0.30850902,0.2810636,0.2819448,0.2447052001953125,0.12720622,0.38105322977836703,-0.0001003978026140051,0.0001003978026140051,2.788150360965895
2023-12-28,3283,0.3872532676643304,0.39,0.01048883241561459,0.37,0.41000000000000003,0.37,0.4,5279,0,0.00018942981625307822,0.4884674,0.45082945,0.45139396,0.1697044372558593,0.18802345,0.380952831975753,0.006300435688577355,0.006300435688577355,73.98556136420214
2023-12-29,3284,0.3941049441182042,0.4,0.010004222076675732,0.38,0.41000000000000003,0.38,0.41000000000000003,5279,0,0.13335859064216707,0.3031374,0.25156134,0.2597271,0.1992168426513672,0.16914243,0.3872532676643304,0.006851676453873801,0.006851676453873801,78.09310430669653
2023-12-30,3285,0.4028092441750332,0.4,0.006100113639507079,0.39,0.41000000000000003,0.39,0.41000000000000003,5279,0,0.36597840500094714,0.41039327,0.21834873,0.3511832,0.03326416015625,0.34748596,0.3941049441182042,0.00870430005682904,0.00870430005682904,88.22504356484939
2023-12-31,3286,0.4037526046599735,0.4,0.004841900955790005,0.4,0.41000000000000003,0.4,0.41000000000000003,5279,0,0.37526046599734797,0.3900897,0.30724457,0.31495157,0.088968276977539,0.24035563,0.4028092441750332,0.0009433604849402588,0.0009433604849402588,15.459297983569828
2024-01-01,3287,0.3881966281492707,0.39,0.004909329428235764,0.38,0.4,0.38,0.39,5279,0,0.0,0.12911138,0.052949127,0.104976974,0.2543392181396484,0.11775455,0.4037526046599735,-0.015555976510702785,0.015555976510702785,99.37764500871296
2024-01-02,3288,0.38653532866073126,0.39,0.004860843645711451,0.38,0.4,0.38,0.39,5279,0,0.0,0.09732382,-0.024159767,0.07289769,0.0771007537841796,0.09427728,0.3881966281492707,-0.001661299488539436,0.001661299488539436,25.989544436146378
2024-01-03,3289,0.3760106080697102,0.37,0.0070822222455675715,0.37,0.4,0.37,0.39,5279,0,0.0,0.09091403,-0.029289514,0.06822204,0.0051174163818359,0.08606681,0.38653532866073126,-0.010524720591021053,0.010524720591021053,94.10007468259896
2024-01-04,3290,0.37552945633642737,0.37,0.007271103539561546,0.37,0.4,0.37,0.39,5279,0,0.0,0.15556511,-0.12025399,0.13874964,0.0909938812255859,0.09868853,0.3760106080697102,-0.00048115173328283634,0.00048115173328283634,8.563604680109535
2024-01-05,3291,0.3828206099640083,0.38,0.006051197831445132,0.37,0.4,0.37,0.39,5279,0,0.0,0.20315412,-0.17942806,0.18349043,0.0591392517089843,0.09527426,0.37552945633642737,0.007291153627580926,0.007291153627580926,80.68210107045059
2024-01-06,3292,0.3864538738397424,0.39,0.005064773062577212,0.38,0.4,0.38,0.39,5279,0,0.0,0.08526086,0.013461667,0.06462144,0.1928653717041015,0.08419134,0.3828206099640083,0.003633263875734094,0.003633263875734094,49.763505103310926
2024-01-07,3293,0.3783140746353476,0.38,0.006545848099754854,0.37,0.39,0.37,0.39,5279,0,0.0,0.14729238,0.10372241,0.11987449,0.0903263092041015,0.104578435,0.3864538738397424,-0.008139799204394782,0.008139799204394782,85.18795120736868
2024-01-08,3294,0.38005682894487597,0.38,0.007543307449219413,0.37,0.4,0.37,0.39,5279,0,0.0,0.1827188,0.15042211,0.15643421,0.0466156005859375,0.10372752,0.3783140746353476,0.0017427543095283604,0.0017427543095283604,26.860841423948216
2024-01-09,3295,0.388643682515628,0.39,0.007320352936658006,0.38,0.4,0.38,0.4,5279,0,0.0,0.28610587,0.26696724,0.26717824,0.1165065765380859,0.102881856,0.38005682894487597,0.008586853570752007,0.008586853570752007,87.62758277321385
2024-01-10,3296,0.39020837279787834,0.39,0.005819322803076437,0.38,0.4,0.38,0.4,5279,0,0.0,0.1424761,0.097481064,0.10888686,0.1694278717041015,0.10390778,0.388643682515628,0.0015646902822503694,0.0015646902822503694,24.81951705252676
2024-01-11,3297,0.3929134305739724,0.39,0.00681517197171399,0.38,0.4,0.38,0.4,5279,0,0.0,0.23290363,0.1274093,0.17356072,0.0299110412597656,0.19496466,0.39020837279787834,0.002705057776094033,0.002705057776094033,39.15857605177994
2024-01-12,3298,0.38666982383027093,0.39,0.006526433681934626,0.38,0.4,0.38,0.4,5279,0,0.0,0.11367933,0.052031875,0.09166062,0.075387954711914,0.101072885,0.3929134305739724,-0.006243606743701446,0.006243606743701446,73.58725416977843
2024-01-13,3299,0.3764197764728168,0.38,0.0066625673733054095,0.37,0.39,0.37,0.39,5279,0,0.0,0.08898473,0.026675018,0.067911066,0.0254402160644531,0.08489242,0.38666982383027093,-0.010250047357454106,0.010250047357454106,93.2536718944486
2024-01-14,3300,0.3792365978405001,0.38,0.006464724823121597,0.37,0.39,0.37,0.39,5279,0,0.0,0.11083075,0.0714631,0.08516293,0.0448646545410156,0.08471414,0.3764197764728168,0.0028168213676832976,0.0028168213676832976,40.50286283295992
2024-01-15,3301,0.3811877249479068,0.38,0.0049596394243601495,0.37,0.39,0.37,0.39,5279,0,0.0,0.11196029,-0.047352336,0.09257066,0.1187973022460937,0.10145366,0.3792365978405001,0.0019511271074066916,0.0019511271074066916,29.59920338561115
2024-01-16,3302,0.38253457094146615,0.38,0.004465935575565744,0.37,0.39,0.38,0.39,5279,0,0.0,0.16372932,-0.10571693,0.13669659,0.058328628540039,0.12502477,0.3811877249479068,0.0013468459935593313,0.0013468459935593313,22.006472491909385
2024-01-17,3303,0.38049251752225804,0.38,0.00728183293001388,0.37,0.4,0.37,0.39,5279,0,0.0,0.12393957,-0.06431062,0.10679178,0.0413455963134765,0.10594887,0.38253457094146615,-0.002042053419208101,0.002042053419208101,31.043066965397063
2024-01-18,3304,0.3828054555787081,0.38,0.008829499914500568,0.37,0.4,0.37,0.4,5279,0,0.0,0.13062286,-0.03325616,0.11078578,0.0310344696044921,0.1263185,0.38049251752225804,0.0023129380564500535,0.0023129380564500535,34.453572317649986
2024-01-19,3305,0.37922333775336237,0.38,0.0068846431420356066,0.37,0.4,0.37,0.39,5279,0,0.0,0.16886987,-0.14477183,0.1526065,0.1114025115966796,0.086937316,0.3828054555787081,-0.003582117825345732,0.003582117825345732,49.2656211102813
2024-01-20,3306,0.3903902254214814,0.39,0.004119730514209396,0.38,0.4,0.38,0.4,5279,0,0.0,0.14872286,-0.12561981,0.13468416,0.0191059112548828,0.07961262,0.37922333775336237,0.011166887668119019,0.011166887668119019,95.46925566343042
2024-01-21,3307,0.40128054555787074,0.4,0.0033415054470889985,0.4,0.41000000000000003,0.4,0.41000000000000003,5279,0,0.1280545557870809,0.17591609,-0.120537475,0.14899112,0.0050334930419921,0.12812984,0.3903902254214814,0.010890320136389353,0.010890320136389353,94.94647747074931
2024-01-22,3308,0.4098711877249479,0.41000000000000003,0.0011276214561264956,0.4,0.41000000000000003,0.41000000000000003,0.41000000000000003,5279,0,0.9871187724947906,0.28060326,-0.25130054,0.25803784,0.1306591033935547,0.124844566,0.40128054555787074,0.008590642167077167,0.008590642167077167,87.65247697286533
2024-01-23,3309,0.4054631559007387,0.41000000000000003,0.005008849600219178,0.39,0.41000000000000003,0.4,0.41000000000000003,5279,0,0.5478310286039022,0.1104963,0.044231217,0.087889396,0.2954425811767578,0.101257145,0.4098711877249479,-0.00440803182420918,0.00440803182420918,57.90390838934528
2024-01-24,3310,0.3971869672286418,0.4,0.004496351225254417,0.39,0.4,0.39,0.4,5279,0,0.0,0.13453427,-0.031204833,0.10810161,0.0754585266113281,0.13086528,0.4054631559007387,-0.008276188672096951,0.008276188672096951,86.00945979586756
2024-01-25,3311,0.3901003978026142,0.39,0.005001359715943449,0.38,0.4,0.38,0.4,5279,0,0.0,0.28630602,-0.21339679,0.23557736,0.1821517944335937,0.19087382,0.3971869672286418,-0.007086569426027589,0.007086569426027589,79.53696788648244
2024-01-26,3312,0.3892422807349878,0.39,0.004739253862350439,0.38,0.4,0.38,0.4,5279,0,0.0,0.28830618,-0.25300518,0.25843877,0.0395011901855468,0.13823482,0.3901003978026142,-0.0008581170676263961,0.0008581170676263961,14.0403286034354
2024-01-27,3313,0.380278461829892,0.38,0.007597203166172894,0.37,0.4,0.37,0.39,5279,0,0.0,0.2575387,-0.22131515,0.22857378,0.0315494537353515,0.13170321,0.3892422807349878,-0.008963818905095788,0.008963818905095788,89.64401294498381
2024-01-28,3314,0.3784997158552756,0.38,0.007674444095280283,0.37,0.4,0.37,0.39,5279,0,0.0,0.19335735,-0.13792431,0.16184992,0.0833797454833984,0.1355132,0.380278461829892,-0.0017787459746164136,0.0017787459746164136,27.35872541697784
2024-01-29,3315,0.3832657700322031,0.38,0.006116537702147816,0.37,0.4,0.38,0.39,5279,0,0.0,0.3719097,-0.35962608,0.35962608,0.2216243743896484,0.09479283,0.3784997158552756,0.004766054176927492,0.004766054176927492,61.01568334578044
2024-01-30,3316,0.39015343815116504,0.39,0.004830440257137196,0.38,0.4,0.38,0.4,5279,0,0.0,0.4975631,-0.48153934,0.48159012,0.1219310760498046,0.12525351,0.3832657700322031,0.006887668118961965,0.006887668118961965,78.36694050286283
2024-01-31,3317,0.39110248153059296,0.39,0.007006931830089341,0.38,0.41000000000000003,0.38,0.4,5279,0,0.008713771547641599,0.36135164,-0.3397019,0.34098923,0.1418094635009765,0.12319613,0.39015343815116504,0.0009490433794279163,0.0009490433794279163,15.583768981827234
2024-02-01,3318,0.3975677211593105,0.4,0.006064775364725219,0.38,0.41000000000000003,0.39,0.41000000000000003,5279,0,0.0704678916461451,0.33957353,-0.28108642,0.2870679,0.0586795806884765,0.19052686,0.39110248153059296,0.006465239628717534,0.006465239628717534,75.13069454817027
2024-02-02,3319,0.3950596703921197,0.4,0.006853488026520615,0.37,0.4,0.38,0.4,5279,0,0.0,0.38177475,0.117739044,0.3380867,0.3986549377441406,0.36316642,0.3975677211593105,-0.0025080507671907948,0.0025080507671907948,36.89320388349515
2024-02-03,3320,0.3839098314074635,0.38,0.005844176623551448,0.37,0.4,0.38,0.39,5279,0,0.0,0.3792674,0.35708946,0.35825816,0.239480972290039,0.12779152,0.3950596703921197,-0.011149838984656213,0.011149838984656213,95.41946726412746
2024-02-04,3321,0.37730062511839363,0.38,0.006352556496104688,0.37,0.39,0.37,0.39,5279,0,0.0,0.2922828,0.22805487,0.25477478,0.1290779113769531,0.18281168,0.3839098314074635,-0.006609206289069858,0.006609206289069858,76.17625093353249
2024-02-05,3322,0.3832790301193408,0.38,0.00661414541815242,0.37,0.4,0.37,0.39,5279,0,0.0,0.2820091,0.06314745,0.23275627,0.1648788452148437,0.2748482,0.37730062511839363,0.005978405000947151,0.005978405000947151,71.19741100323624
2024-02-06,3323,0.38218033718507294,0.38,0.006640789062382361,0.37,0.4,0.37,0.39,5279,0,0.0,0.17876007,-0.052333694,0.1417368,0.1154956817626953,0.17092781,0.3832790301193408,-0.001098692934267842,0.001098692934267842,18.02340054767239
2024-02-07,3324,0.3786417882174654,0.38,0.0062764744683683265,0.37,0.4,0.37,0.39,5279,0,0.0,0.23138951,-0.13699634,0.1941658,0.0847015380859375,0.18647562,0.38218033718507294,-0.0035385489676075244,0.0035385489676075244,48.86731391585761
2024-02-08,3325,0.3821670770979352,0.38,0.005212089019325408,0.37,0.4,0.37,0.39,5279,0,0.0,0.24469073,-0.20204352,0.21828574,0.0649776458740234,0.13802952,0.3786417882174654,0.003525288880469768,0.003525288880469768,48.668160318645754
2024-02-09,3326,0.39153248721348743,0.39,0.004167868377533423,0.38,0.4,0.39,0.4,5279,0,0.0,0.100676045,-0.018456832,0.08558366,0.1835899353027343,0.09896982,0.3821670770979352,0.009365410115552253,0.009365410115552253,90.88872292755788
2024-02-10,3327,0.3820079560522826,0.38,0.005173915404686486,0.37,0.4,0.38,0.39,5279,0,0.0,0.17502587,0.084463455,0.14251193,0.1028690338134765,0.15329716,0.39153248721348743,-0.00952453116120483,0.00952453116120483,91.5110779188449
2024-02-11,3328,0.378062132979731,0.38,0.007541959665389641,0.37,0.4,0.37,0.39,5279,0,0.0,0.27559802,0.21535377,0.24169816,0.1309738159179687,0.17197943,0.3820079560522826,-0.003945823072551591,0.003945823072551591,53.34826985312422
2024-02-12,3329,0.3839552945633643,0.38,0.007834399032824582,0.37,0.4,0.37,0.4,5279,0,0.0,0.16353469,0.12758744,0.14211814,0.0878982543945312,0.10229877,0.378062132979731,0.0058931615836332885,0.0058931615836332885,70.42569081404034
2024-02-13,3330,0.3811896192460693,0.38,0.004475294543293204,0.37,0.39,0.38,0.39,5279,0,0.0,0.29917976,-0.2554969,0.268683,0.3830375671386719,0.1556598,0.3839552945633643,-0.002765675317294991,0.002765675317294991,39.780931043066964
2024-02-14,3331,0.3799545368440992,0.38,0.006267828730297601,0.37,0.39,0.37,0.39,5279,0,0.0,0.31837666,-0.2790379,0.28836527,0.0234489440917968,0.1533022,0.3811896192460693,-0.0012350824019701223,0.0012350824019701223,20.189195917351256
2024-02-15,3332,0.3766205720780451,0.38,0.007022155367908663,0.37,0.39,0.37,0.39,5279,0,0.0,0.35724038,-0.34392172,0.3440162,0.0649948120117187,0.09663744,0.3799545368440992,-0.003333964766054076,0.003333964766054076,46.80109534478466
2024-02-16,3333,0.37791437772305364,0.38,0.007140212114876503,0.37,0.4,0.37,0.39,5279,0,0.0,0.25112826,-0.22412561,0.23100048,0.1198501586914062,0.113282,0.3766205720780451,0.0012938056450085278,0.0012938056450085278,21.135175504107544
2024-02-17,3334,0.382309149460125,0.38,0.005041060200858442,0.37,0.4,0.38,0.39,5279,0,0.0,0.15651913,-0.12937525,0.13748042,0.0947551727294921,0.08809232,0.37791437772305364,0.004394771737071368,0.004394771737071368,57.779437391087875
2024-02-18,3335,0.3875089979162721,0.39,0.004613152388246518,0.38,0.4,0.38,0.39,5279,0,0.0,0.16732912,0.0038001144,0.12596098,0.1332530975341797,0.16728595,0.382309149460125,0.0051998484561470715,0.0051998484561470715,65.12322628827482
2024-02-19,3336,0.38160257624550104,0.38,0.0051431894022413195,0.37,0.4,0.37,0.39,5279,0,0.0,0.33947584,0.076387554,0.2573047,0.0724849700927734,0.33076996,0.3875089979162721,-0.005906421670771045,0.005906421670771045,70.47547921334329
2024-02-20,3337,0.3751884826671718,0.37,0.006637695365297068,0.37,0.39,0.37,0.39,5279,0,0.0,0.22941194,-0.15009034,0.19333072,0.226419448852539,0.17350145,0.38160257624550104,-0.0064140935783292274,0.0064140935783292274,74.80706995270103
2024-02-21,3338,0.37616215192271263,0.37,0.006969818270761477,0.37,0.39,0.37,0.39,5279,0,0.0,0.19285037,-0.13070087,0.15743984,0.0193920135498046,0.14180443,0.3751884826671718,0.0009736692555408211,0.0009736692555408211,16.056758775205378
2024-02-22,3339,0.38402917219170296,0.38,0.004904843867712533,0.38,0.39,0.38,0.39,5279,0,0.0,0.12824175,-0.053661313,0.097541854,0.0769405364990234,0.11647484,0.37616215192271263,0.007867020268990332,0.007867020268990332,83.89345282549166
2024-02-23,3340,0.3876359158931616,0.39,0.006749604190182207,0.38,0.4,0.38,0.4,5279,0,0.0,0.10387878,-0.043146376,0.0828825,0.0106163024902343,0.094494425,0.38402917219170296,0.0036067437014586368,0.0036067437014586368,49.41498630819019
2024-02-24,3341,0.3808183368062133,0.38,0.007676258532958302,0.37,0.4,0.37,0.39,5279,0,0.0,0.1257116,-0.066064626,0.1019522,0.0229663848876953,0.10695252,0.3876359158931616,-0.0068175790869483,0.0068175790869483,77.71969131192432
2024-02-25,3342,0.3765504830460315,0.38,0.00717919760470761,0.37,0.39,0.37,0.39,5279,0,0.0,0.156227,-0.082970865,0.12064892,0.0168209075927734,0.13237344,0.3808183368062133,-0.0042678537601817945,0.0042678537601817945,56.85835200398307
2024-02-26,3343,0.37962871756014394,0.38,0.007155251886162978,0.37,0.4,0.37,0.39,5279,0,0.0,0.16883451,-0.11782237,0.14086828,0.0349311828613281,0.120925434,0.3765504830460315,0.0030782345141124323,0.0030782345141124323,43.96315658451581
2024-02-27,3344,0.38316537222958896,0.38,0.005072063187215146,0.37,0.4,0.38,0.39,5279,0,0.0,0.13407373,-0.054717366,0.10759358,0.0631828308105468,0.12240001,0.37962871756014394,0.0035366546694450274,0.0035366546694450274,48.84241971620612
2024-02-28,3345,0.38716044705436636,0.39,0.005759844621796537,0.38,0.4,0.38,0.4,5279,0,0.0,0.2142927,0.13130534,0.18529795,0.1859149932861328,0.16935247,0.38316537222958896,0.0039950748247774,0.0039950748247774,53.970624844411255
2024-02-29,3346,0.38671528698617164,0.39,0.005306357567900927,0.38,0.4,0.38,0.39,5279,0,0.0,0.22725129,0.14751461,0.1857623,0.016275405883789,0.17286591,0.38716044705436636,-0.00044516006819472764,0.00044516006819472764,8.06572068707991
2024-03-01,3347,0.37659784050009476,0.38,0.007000354703508868,0.37,0.39,0.37,0.39,5279,0,0.0,0.18763523,-0.07120947,0.15465412,0.2187538146972656,0.17359796,0.38671528698617164,-0.010117446486076875,0.010117446486076875,92.90515309932785
2024-03-02,3348,0.374642924796363,0.37,0.0059724364228824645,0.37,0.39,0.37,0.39,5279,0,0.0,0.11816055,-0.056380406,0.09586865,0.0147533416748046,0.10384201,0.37659784050009476,-0.001954915703731741,0.001954915703731741,29.72367438386856
2024-03-03,3349,0.3805739723432468,0.38,0.00445049943454552,0.37,0.39,0.37,0.39,5279,0,0.0,0.24758168,-0.2337444,0.23374458,0.177276611328125,0.0816104,0.374642924796363,0.005931047546883783,0.005931047546883783,70.84889220811552
2024-03-04,3350,0.38568478878575485,0.39,0.00514424420538973,0.37,0.4,0.38,0.39,5279,0,0.0,0.35048285,-0.3366937,0.3366937,0.1030235290527343,0.09734289,0.3805739723432468,0.005110816442508048,0.005110816442508048,64.15235250186706
2024-03-05,3351,0.38045842015533243,0.38,0.004478709780758782,0.37,0.39,0.37,0.39,5279,0,0.0,0.19311216,-0.15745513,0.16394985,0.1795387268066406,0.111803874,0.38568478878575485,-0.005226368630422418,0.005226368630422418,65.39706248444112
2024-03-06,3352,0.37560522826292864,0.37,0.006774047839611698,0.37,0.4,0.37,0.39,5279,0,0.0,0.18344507,-0.13491488,0.15320459,0.0221138000488281,0.12429869,0.38045842015533243,-0.0048531918924037964,0.0048531918924037964,61.762509335324864
2024-03-07,3353,0.37650691418829324,0.38,0.007028579355570657,0.37,0.4,0.37,0.39,5279,0,0.0,0.2573938,-0.21761161,0.22891673,0.0825996398925781,0.13746601,0.37560522826292864,0.0009016859253646037,0.0009016859253646037,14.712471994025393
2024-03-08,3354,0.3865788975184694,0.39,0.0058589677555319665,0.38,0.4,0.38,0.4,5279,0,0.0,0.21065657,-0.18886003,0.19067004,0.0286369323730468,0.09331742,0.37650691418829324,0.01007198333017617,0.01007198333017617,92.83047050037341
2024-03-09,3355,0.39023110437582886,0.39,0.002687135223912451,0.38,0.4,0.39,0.39,5279,0,0.0,0.119365774,-0.10187734,0.10529742,0.0871772766113281,0.06220304,0.3865788975184694,0.0036522068573594524,0.0036522068573594524,49.96265870052278
2024-03-10,3356,0.3824493275241523,0.38,0.006417769231444195,0.37,0.4,0.37,0.39,5279,0,0.0,0.07941297,-0.001313089,0.062296003,0.1005573272705078,0.079402104,0.39023110437582886,-0.007781776851676581,0.007781776851676581,83.34578043315908
2024-03-11,3357,0.381477552566774,0.38,0.009746503688515632,0.37,0.4,0.37,0.4,5279,0,0.0,0.27485454,-0.22515826,0.2346526,0.223785400390625,0.15763484,0.3824493275241523,-0.0009717749573782686,0.0009717749573782686,15.982076176250933
2024-03-12,3358,0.3792972153817011,0.38,0.008071153889746755,0.37,0.4,0.37,0.39,5279,0,0.0,0.41490334,-0.38659632,0.3866345,0.1615066528320312,0.15062504,0.381477552566774,-0.0021803371850729336,0.0021803371850729336,32.95992033856112
2024-03-13,3359,0.38101344951695393,0.38,0.003086123918750224,0.37,0.39,0.38,0.39,5279,0,0.0,0.45248517,-0.4343096,0.4343096,0.0477008819580078,0.12695643,0.3792972153817011,0.0017162341352528476,0.0017162341352528476,26.56211102813045
2024-03-14,3360,0.38216897139609773,0.38,0.004366807188630058,0.38,0.4,0.38,0.39,5279,0,0.0,0.52264106,-0.5079785,0.5079785,0.0737457275390625,0.1229261,0.38101344951695393,0.001155521879143806,0.001155521879143806,18.844909136171275
2024-03-15,3361,0.3830611858306498,0.38,0.007410912288411197,0.37,0.4,0.37,0.39,5279,0,0.0,0.52648467,-0.51032364,0.51032364,0.0022144317626953,0.12944663,0.38216897139609773,0.0008922144345520633,0.0008922144345520633,14.63778939507095
2024-03-16,3362,0.3896344004546316,0.39,0.0076258698804463395,0.38,0.4,0.38,0.4,5279,0,0.0,0.21207902,-0.1447641,0.19020586,0.3655128479003906,0.15498672,0.3830611858306498,0.0065732146239818046,0.0065732146239818046,75.95220313666916
2024-03-17,3363,0.38555029361621523,0.39,0.0051823427946477985,0.38,0.4,0.38,0.39,5279,0,0.0,0.2103957,-0.16642937,0.18033884,0.0216712951660156,0.12871517,0.3896344004546316,-0.004084106838416368,0.004084106838416368,54.742345033607165
2024-03-18,3364,0.3813866262549725,0.38,0.0034559412869356156,0.38,0.39,0.38,0.39,5279,0,0.0,0.26976982,-0.12982266,0.22918792,0.0365238189697265,0.23647802,0.38555029361621523,-0.00416366736124274,0.00416366736124274,55.88747821757531
2024-03-19,3365,0.38111384731956804,0.38,0.003146079678643244,0.38,0.39,0.38,0.39,5279,0,0.0,0.33252802,-0.19265732,0.2891773,0.0625858306884765,0.2710312,0.3813866262549725,-0.00027277893540444964,0.00027277893540444964,5.128205128205128
2024-03-20,3366,0.38077476794847503,0.38,0.005311497875186335,0.37,0.4,0.37,0.39,5279,0,0.0,0.3727705,-0.26754504,0.31848726,0.0749530792236328,0.25957224,0.38111384731956804,-0.00033907937109300956,0.00033907937109300956,6.522280308688076
2024-03-21,3367,0.3784713013828377,0.38,0.005916054202030922,0.37,0.4,0.37,0.39,5279,0,0.0,0.42325303,-0.3375074,0.35803002,0.0700817108154296,0.2554064,0.38077476794847503,-0.0023034665656373465,0.0023034665656373465,34.3042071197411
2024-03-22,3368,0.3843985603333964,0.38,0.0052960369164113,0.38,0.4,0.38,0.39,5279,0,0.0,0.47720265,-0.44265392,0.44265392,0.1050682067871093,0.17826957,0.3784713013828377,0.005927258950558734,0.005927258950558734,70.77420960916106
2024-03-23,3369,0.38670202689903393,0.39,0.005114381927738771,0.38,0.4,0.38,0.39,5279,0,0.0,0.23713572,-0.18040128,0.20995565,0.2621688842773437,0.1539114,0.3843985603333964,0.002303466565637513,0.002303466565637513,34.35399551904406
2024-03-24,3370,0.3806914188293237,0.38,0.007623160904082623,0.37,0.4,0.37,0.39,5279,0,0.0,0.25981596,-0.20522705,0.23152079,0.0248050689697265,0.15933065,0.38670202689903393,-0.0060106080697102104,0.0060106080697102104,71.47124719940254
2024-03-25,3371,0.38343057397234326,0.38,0.009657639221497826,0.37,0.4,0.37,0.4,5279,0,0.0,0.5082144,-0.49062333,0.49062333,0.2853450775146484,0.13255449,0.3806914188293237,0.0027391551430195338,0.0027391551430195338,39.50709484690067
2024-03-26,3372,0.39238870998295133,0.39,0.009673377451313848,0.38,0.41000000000000003,0.38,0.41000000000000003,5279,0,0.11157416177306308,0.5045326,-0.49663535,0.49663535,0.0060901641845703,0.088921554,0.38343057397234326,0.008958136010608075,0.008958136010608075,89.59422454568086
2024-03-27,3373,0.39270695207425654,0.39,0.006328412716674967,0.38,0.41000000000000003,0.38,0.4,5279,0,0.020079560522826292,0.65492386,-0.6283664,0.6283664,0.131601333618164,0.18460882,0.39238870998295133,0.00031824209130520975,0.00031824209130520975,6.074184714961414
2024-03-28,3374,0.38695207425648803,0.39,0.005533806189826337,0.38,0.4,0.38,0.39,5279,0,0.0,0.4856588,-0.45970613,0.46069285,0.16851806640625,0.1566369,0.39270695207425654,-0.005754877817768511,0.005754877817768511,69.30545182972368
2024-03-29,3375,0.38079371093010034,0.38,0.004869471670310831,0.37,0.39,0.37,0.39,5279,0,0.0,0.4207108,-0.39971408,0.40073067,0.0599842071533203,0.13124855,0.38695207425648803,-0.006158363326387695,0.006158363326387695,72.86532237988548
2024-03-30,3376,0.3757719265012313,0.37,0.006745858804280578,0.37,0.39,0.37,0.39,5279,0,0.0,0.2527974,-0.22203931,0.23589826,0.1777019500732422,0.12085193,0.38079371093010034,-0.005021784428869025,0.005021784428869025,63.10679611650486
2024-03-31,3377,0.37743322598977086,0.38,0.007454099133567176,0.37,0.4,0.37,0.39,5279,0,0.0,0.18851678,-0.15677778,0.17362095,0.0652503967285156,0.10468677,0.3757719265012313,0.0016612994885395471,0.0016612994885395471,26.01443863579786
2024-04-01,3378,0.38503125591968174,0.38,0.005809533593876286,0.37,0.4,0.38,0.39,5279,0,0.0,0.2999872,-0.2807691,0.28146675,0.123870849609375,0.1056477,0.37743322598977086,0.007598029929910877,0.007598029929910877,82.22554144884242
2024-04-02,3379,0.3861015343815117,0.39,0.005620598761339812,0.37,0.4,0.38,0.39,5279,0,0.0,0.20251217,-0.17900886,0.18453178,0.1017017364501953,0.09469445,0.38503125591968174,0.0010702784618299432,0.0010702784618299432,17.550410754294248
2024-04-03,3380,0.3893578329229021,0.39,0.0064161878177499,0.38,0.4,0.38,0.4,5279,0,0.0,0.13730274,-0.030623065,0.107699856,0.1483516693115234,0.13384424,0.3861015343815117,0.0032562985413904233,0.0032562985413904233,46.029375155588745
2024-04-04,3381,0.3832998673991286,0.38,0.006153869502330262,0.37,0.4,0.38,0.39,5279,0,0.0,0.3773325,-0.33568117,0.35528082,0.3051795959472656,0.17233089,0.3893578329229021,-0.006057965523773523,0.006057965523773523,71.9193427931292
2024-04-05,3382,0.377258950558818,0.38,0.007475881717958157,0.37,0.39,0.37,0.39,5279,0,0.0,0.3908885,-0.36902574,0.3697062,0.0332469940185546,0.12889515,0.3832998673991286,-0.006040916840310606,0.006040916840310606,71.7948717948718
2024-04-06,3383,0.37859443076340216,0.38,0.0070040536562557204,0.37,0.39,0.37,0.39,5279,0,0.0,0.19710766,-0.15850969,0.16969603,0.2105827331542968,0.117158435,0.377258950558818,0.001335480204584183,0.001335480204584183,21.882001493651977
2024-04-07,3384,0.38902064784997165,0.39,0.0041890526869640225,0.38,0.4,0.38,0.39,5279,0,0.0,0.15817274,-0.12762547,0.1337586,0.0308666229248046,0.09343663,0.37859443076340216,0.01042621708656949,0.01042621708656949,93.80134428678119
2024-04-08,3385,0.38215002841447243,0.38,0.004108243172170501,0.38,0.39,0.38,0.39,5279,0,0.0,0.26765847,-0.23947263,0.24616168,0.1118659973144531,0.119556345,0.38902064784997165,-0.0068706194354992145,0.0068706194354992145,78.24246950460542
2024-04-09,3386,0.37653343436256864,0.38,0.0059606884301146796,0.37,0.39,0.37,0.39,5279,0,0.0,0.27193126,-0.24559785,0.24724284,0.0060939788818359,0.116740376,0.38215002841447243,-0.005616594051903789,0.005616594051903789,68.40926064227035
2024-04-10,3387,0.377565826861148,0.38,0.006925863401345133,0.37,0.39,0.37,0.39,5279,0,0.0,0.18925685,-0.11907921,0.16008857,0.1264076232910156,0.14709948,0.37653343436256864,0.0010323924985793376,0.0010323924985793376,17.002738361961665
2024-04-11,3388,0.38447433225989774,0.38,0.007845306221341157,0.37,0.4,0.37,0.4,5279,0,0.0,0.28105634,0.09051588,0.21213374,0.2097339630126953,0.2660818,0.377565826861148,0.006908505398749765,0.006908505398749765,78.51630570077171
2024-04-12,3389,0.38726842204963063,0.39,0.0050308886007184,0.38,0.4,0.38,0.39,5279,0,0.0,0.3091025,0.16068815,0.23000921,0.070169448852539,0.26405242,0.38447433225989774,0.00279408978973289,0.00279408978973289,40.07966143888474
2024-04-13,3390,0.3826236029551051,0.38,0.007095312186508683,0.37,0.4,0.37,0.39,5279,0,0.0,0.29333454,0.1845151,0.23246792,0.0238075256347656,0.22803344,0.38726842204963063,-0.004644819094525521,0.004644819094525521,59.94523276076674
2024-04-14,3391,0.38147186967228647,0.38,0.009631037358053448,0.37,0.4,0.37,0.4,5279,0,0.0,0.30411056,0.19996409,0.22781269,0.015411376953125,0.22912341,0.3826236029551051,-0.0011517332828186455,0.0011517332828186455,18.77022653721683
2024-04-15,3392,0.38319946959651446,0.38,0.0057256358225138216,0.37,0.4,0.38,0.39,5279,0,0.0,0.18195453,-0.07513403,0.14522763,0.2750625610351562,0.16571766,0.38147186967228647,0.001727599924227996,0.001727599924227996,26.68658202638785
2024-04-16,3393,0.38322977836711497,0.38,0.004676143215350225,0.38,0.39,0.38,0.39,5279,0,0.0,0.28157008,-0.2580914,0.25890008,0.1829662322998047,0.11256331,0.38319946959651446,3.030877060050674e-05,3.030877060050674e-05,1.4189693801344287
2024-04-17,3394,0.3841655616594052,0.38,0.004929879578219475,0.38,0.39,0.38,0.39,5279,0,0.0,0.21128662,-0.17115058,0.17958613,0.0868797302246093,0.12389299,0.38322977836711497,0.0009357832922902154,0.0009357832922902154,15.334826985312421
2024-04-18,3395,0.38223716612994885,0.38,0.004512176869682401,0.37,0.4,0.38,0.39,5279,0,0.0,0.38687065,-0.3707653,0.3707653,0.1995315551757812,0.11046546,0.3841655616594052,-0.0019283955294563393,0.0019283955294563393,29.2755787901419
2024-04-19,3396,0.37956052282629293,0.38,0.007623211741548831,0.37,0.4,0.37,0.39,5279,0,0.0,0.4217519,-0.40356404,0.40356404,0.0328598022460937,0.122520715,0.38223716612994885,-0.0026766433036559123,0.0026766433036559123,38.785163057007715
2024-04-20,3397,0.3849516953968554,0.38,0.005916042677624769,0.38,0.4,0.38,0.3909999999999946,5279,0,0.0,0.27128372,-0.24537717,0.2453774,0.1582908630371093,0.11569408,0.37956052282629293,0.005391172570562486,0.005391172570562486,66.74134926562111
2024-04-21,3398,0.38985035044516014,0.39,0.0026893804069393233,0.38,0.4,0.39,0.39,5279,0,0.0,0.10903672,-0.04375882,0.089067936,0.2015953063964843,0.099870756,0.3849516953968554,0.004898655048304723,0.004898655048304723,62.23549912870301
2024-04-22,3399,0.3810513354802046,0.38,0.0040936445107908805,0.37,0.39,0.38,0.39,5279,0,0.0,0.278222,-0.2584385,0.25860995,0.2147235870361328,0.103037804,0.38985035044516014,-0.008799014964955554,0.008799014964955554,88.77271595718199
2024-04-23,3400,0.380492517522258,0.38,0.005841232332186188,0.37,0.39,0.37,0.39,5279,0,0.0,0.37092718,-0.35900214,0.35900214,0.1005268096923828,0.09329909,0.3810513354802046,-0.0005588179579466002,0.0005588179579466002,9.609161065471746
2024-04-24,3401,0.38424133358590645,0.38,0.005070754186770186,0.38,0.4,0.38,0.39,5279,0,0.0,0.40236452,-0.38296422,0.38296422,0.0239582061767578,0.12343198,0.380492517522258,0.0037488160636484635,0.0037488160636484635,50.98332088623351
2024-04-25,3402,0.3906213297973101,0.39,0.0027513635829537132,0.38,0.4,0.39,0.4,5279,0,0.0,0.4841386,-0.45517945,0.45558846,0.0723476409912109,0.16493459,0.38424133358590645,0.006379996211403671,0.006379996211403671,74.5581279561862
2024-04-26,3403,0.389753741238871,0.39,0.004482710014254186,0.38,0.4,0.38,0.4,5279,0,0.0,0.25636238,-0.21748088,0.22799182,0.2377605438232422,0.13573375,0.3906213297973101,-0.000867588558439103,0.000867588558439103,14.239482200647249
2024-04-27,3404,0.3860276567531729,0.39,0.005219195378644264,0.38,0.4,0.38,0.39,5279,0,0.0,0.20866044,-0.13064785,0.18235037,0.0868873596191406,0.16269712,0.389753741238871,-0.0037260844856981112,0.0037260844856981112,50.70948469006722
2024-04-28,3405,0.38462777041106266,0.38,0.005715413682555835,0.37,0.4,0.38,0.39,5279,0,0.0,0.27406323,-0.2086972,0.23206921,0.0781879425048828,0.1776408,0.3860276567531729,-0.0013998863421102459,0.0013998863421102459,22.72840428180234
2024-04-29,3406,0.3901572267474901,0.39,0.006246340118792219,0.38,0.4,0.38,0.4,5279,0,0.0,0.3303115,-0.30531082,0.30636588,0.0964584350585937,0.12605888,0.38462777041106266,0.00552945633642743,0.00552945633642743,67.61264625342295
2024-04-30,3407,0.3897196438719455,0.39,0.005222553581190604,0.38,0.4,0.38,0.4,5279,0,0.0,0.29384306,-0.25495762,0.2629275,0.050241470336914,0.14608276,0.3901572267474901,-0.0004375828755445732,0.0004375828755445732,7.966143888473985
2024-05-01,3408,0.3844648607690851,0.38,0.00506938468140383,0.37,0.4,0.38,0.39,5279,0,0.0,0.16469476,-0.10344085,0.1415575,0.1515407562255859,0.12815776,0.3897196438719455,-0.0052547831028604275,0.0052547831028604275,65.62111028130445
2024-05-02,3409,0.38341352528888045,0.38,0.005745902520461813,0.37,0.4,0.38,0.39,5279,0,0.0,0.13524711,0.009412389,0.114290245,0.1128902435302734,0.13491927,0.3844648607690851,-0.0010513354802046404,0.0010513354802046404,17.17699775952203
2024-05-03,3410,0.380738776283387,0.38,0.006536052297473455,0.37,0.4,0.37,0.39,5279,0,0.0,0.22500779,0.022019029,0.17639449,0.0125026702880859,0.2239278,0.38341352528888045,-0.002674749005493471,0.002674749005493471,38.76026885735623
2024-05-04,3411,0.38306876302329984,0.38,0.0049296248132971975,0.38,0.4,0.38,0.39,5279,0,0.0,0.17887096,0.08132949,0.13965434,0.0592994689941406,0.1593121,0.380738776283387,0.0023299867399128593,0.0023299867399128593,34.65272591486184
2024-05-05,3412,0.3920155332449328,0.39,0.004011602944945873,0.39,0.4,0.39,0.4,5279,0,0.0,0.16373004,-0.06662542,0.13394758,0.1479454040527343,0.14956105,0.38306876302329984,0.008946770221632983,0.008946770221632983,89.5195419467264
2024-05-06,3413,0.39027088463724197,0.39,0.005010174058188046,0.38,0.4,0.38,0.4,5279,0,0.0,0.34045053,-0.27426845,0.2989229,0.2076759338378906,0.20170186,0.3920155332449328,-0.0017446486076908574,0.0017446486076908574,26.91062982325118
2024-05-07,3414,0.38422049630611854,0.38,0.005089971760358783,0.38,0.4,0.38,0.39,5279,0,0.0,0.27478132,-0.22815621,0.24191475,0.0463829040527343,0.15313247,0.39027088463724197,-0.006050388331123424,0.006050388331123424,71.86955439382623
2024-05-08,3415,0.38225989770789925,0.38,0.006585434862558025,0.37,0.39,0.37,0.39,5279,0,0.0,0.33923554,-0.30929735,0.3127636,0.0814170837402343,0.1393402,0.38422049630611854,-0.0019605985982192875,0.0019605985982192875,29.773462783171524
2024-05-09,3416,0.3813828376586475,0.38,0.007384974289274391,0.37,0.39,0.37,0.39,5279,0,0.0,0.12032796,-0.018189708,0.099383004,0.2913093566894531,0.11894513,0.38225989770789925,-0.0008770600492517544,0.0008770600492517544,14.388847398556138
2024-05-10,3417,0.3850861905663952,0.39,0.005152270924508898,0.38,0.4,0.38,0.39,5279,0,0.0,0.2077284,0.114868335,0.16098171,0.1329803466796875,0.17307915,0.3813828376586475,0.0037033529077477034,0.0037033529077477034,50.535225292506844
2024-05-11,3418,0.38823451411252147,0.39,0.00458023276793933,0.38,0.4,0.38,0.39,5279,0,0.0,0.2018705,0.13601893,0.16222884,0.0212421417236328,0.14916615,0.3850861905663952,0.0031483235461262638,0.0031483235461262638,44.859347771969134
2024-05-12,3419,0.3902576245501042,0.39,0.00429208337028582,0.38,0.4,0.38,0.4,5279,0,0.0,0.22596969,0.18493536,0.1905695,0.0488014221191406,0.12985103,0.38823451411252147,0.0020231104375827424,0.0020231104375827424,30.81901916853373
2024-05-13,3420,0.38478310286039025,0.38,0.0069026551136463395,0.37,0.4,0.37,0.39,5279,0,0.0,0.13557822,0.046240676,0.10312312,0.1386528015136718,0.12744893,0.3902576245501042,-0.005474521689713963,0.005474521689713963,67.2890216579537
2024-05-14,3421,0.382583822693692,0.38,0.008769281339905828,0.37,0.4,0.37,0.4,5279,0,0.0,0.1407292,0.00263762,0.11121158,0.0436439514160156,0.14070442,0.38478310286039025,-0.0021992801666982364,0.0021992801666982364,33.23375653472741
2024-05-15,3422,0.38781019132411443,0.39,0.005933996558447469,0.38,0.4,0.38,0.4,5279,0,0.0,0.16347197,-0.09922161,0.13510728,0.1016464233398437,0.12991546,0.382583822693692,0.005226368630422418,0.005226368630422418,65.39706248444112
2024-05-16,3423,0.3912994885394962,0.39,0.003705525142097789,0.38,0.4,0.39,0.4,5279,0,0.0,0.25151452,0.19845578,0.21213217,0.2974281311035156,0.15451543,0.38781019132411443,0.0034892972153817703,0.0034892972153817703,48.39432412247946
2024-05-17,3424,0.38418071604470544,0.38,0.005631743658447799,0.37,0.4,0.38,0.39,5279,0,0.0,0.31624702,0.26919022,0.27147526,0.0707168579101562,0.16597785,0.3912994885394962,-0.007118772494790759,0.007118772494790759,79.96016928055762
2024-05-18,3425,0.38796741807160445,0.39,0.007791690240749352,0.38,0.4,0.38,0.4,5279,0,0.0,0.24015917,0.19697456,0.20559075,0.0720043182373046,0.13739528,0.38418071604470544,0.0037867020268990137,0.0037867020268990137,51.38162808065721
2024-05-19,3426,0.38647092252320514,0.39,0.006556807102550402,0.38,0.4,0.38,0.4,5279,0,0.0,0.1756565,-0.06493755,0.15122557,0.2620906829833984,0.16321252,0.38796741807160445,-0.0014964955483993125,0.0014964955483993125,23.898431665421956
2024-05-20,3427,0.38487024057586666,0.38,0.005002104402658868,0.38,0.4,0.38,0.39,5279,0,0.0,0.1733807,0.01846586,0.13851082,0.0835227966308593,0.17239444,0.38647092252320514,-0.0016006819473384781,0.0016006819473384781,25.34229524520787
2024-05-21,3428,0.38149649554839926,0.38,0.0036512507404482756,0.37,0.39,0.38,0.39,5279,0,0.0,0.1659133,0.00080073666,0.13461667,0.0177078247070312,0.16591123,0.38487024057586666,-0.003373745027467401,0.003373745027467401,47.27408513816281
2024-05-22,3429,0.3800909263118015,0.38,0.0065162793993015986,0.37,0.4,0.37,0.39,5279,0,0.0,0.14806496,0.026190463,0.11022538,0.0253334045410156,0.14573045,0.38149649554839926,-0.0014055692365977368,0.0014055692365977368,22.803086880756783
2024-05-23,3430,0.3805190376965334,0.38,0.007122156022224311,0.37,0.4,0.37,0.39,5279,0,0.0,0.17991132,0.1301207,0.13867939,0.1040630340576171,0.1242443,0.3800909263118015,0.0004281113847318663,0.0004281113847318663,7.766990291262135
2024-05-24,3431,0.38661299488539497,0.39,0.005748408751394837,0.38,0.4,0.38,0.4,5279,0,0.0,0.21671696,0.17521738,0.17899494,0.0449714660644531,0.12753382,0.3805190376965334,0.006093957188861576,0.006093957188861576,72.11849639034105
2024-05-25,3432,0.39109301003978025,0.39,0.0032451555708478924,0.38,0.4,0.39,0.4,5279,0,0.0,0.30154952,0.27848497,0.27848497,0.1032085418701171,0.11566303,0.38661299488539497,0.004480015154385286,0.004480015154385286,58.65073437888972
2024-05-26,3433,0.3844800151543853,0.38,0.005258025763594974,0.38,0.4,0.38,0.39,5279,0,0.0,0.30286163,0.2876952,0.2876952,0.0092697143554687,0.09463904,0.39109301003978025,-0.006612994885394963,0.006612994885394963,76.25093353248693
2024-05-27,3434,0.38200416745595756,0.38,0.005926171854272081,0.37,0.4,0.37,0.39,5279,0,0.0,0.36991408,0.3454573,0.3454573,0.0577507019042968,0.13227251,0.3844800151543853,-0.0024758476984277356,0.0024758476984277356,36.494896689071446
2024-05-28,3435,0.37964197764728164,0.38,0.0070854302744009145,0.37,0.4,0.37,0.39,5279,0,0.0,0.42788672,0.3819269,0.3829519,0.036651611328125,0.1929213,0.38200416745595756,-0.0023621898086759185,0.0023621898086759185,35.02613890963405
2024-05-29,3436,0.38379617351771167,0.38,0.004907260466497576,0.37,0.4,0.38,0.39,5279,0,0.0,0.31536752,0.27187657,0.2722486,0.1101799011230468,0.15981218,0.37964197764728164,0.004154195870430033,0.004154195870430033,55.81279561862086
2024-05-30,3437,0.3869217654858876,0.39,0.0049524866777765335,0.38,0.4,0.38,0.39,5279,0,0.0,0.20725839,-0.0856475,0.17658103,0.3575057983398437,0.18873413,0.38379617351771167,0.0031255919681759115,0.0031255919681759115,44.58551157580284
2024-05-31,3438,0.3844118204205342,0.38,0.005670578939219644,0.38,0.4,0.38,0.39,5279,0,0.0,0.17256457,-0.07698293,0.14522669,0.0085277557373046,0.15444158,0.3869217654858876,-0.0025099450653534028,0.0025099450653534028,36.94299228279811
2024-06-01,3439,0.3809869293426785,0.38,0.006817487766322451,0.37,0.4,0.37,0.39,5279,0,0.0,0.28987208,-0.17280933,0.23697199,0.095865249633789,0.23272884,0.3844118204205342,-0.003424891077855652,0.003424891077855652,47.79686333084391
2024-06-02,3440,0.3809793521500284,0.38,0.006754380888198913,0.37,0.4,0.37,0.39,5279,0,0.0,0.18989976,-0.030107,0.14727828,0.1428775787353515,0.18749799,0.3809869293426785,-7.5771926500989295e-06,7.5771926500989295e-06,0.8712969878018421
2024-06-03,3441,0.3842924796362948,0.38,0.0049725979843987115,0.38,0.4,0.38,0.39,5279,0,0.0,0.17078589,0.036318857,0.12575068,0.0663585662841796,0.16687961,0.3809793521500284,0.0033131274862663873,0.0033131274862663873,46.52725914861837
2024-06-04,3442,0.38506724758476985,0.39,0.0049995477557817835,0.38,0.39,0.38,0.39,5279,0,0.0,0.21275163,-0.17008275,0.18293563,0.2064018249511718,0.1278087,0.3842924796362948,0.0007747679484750303,0.0007747679484750303,12.870301219815783
2024-06-05,3443,0.38293047925743506,0.38,0.005552714298791911,0.37,0.4,0.38,0.39,5279,0,0.0,0.1593779,-0.10967766,0.13775873,0.0604438781738281,0.11563783,0.38506724758476985,-0.0021367683273347815,0.0021367683273347815,32.287776947971125
2024-06-06,3444,0.3796703921197197,0.38,0.007956912788688071,0.37,0.4,0.37,0.39,5279,0,0.0,0.13219406,-0.025483407,0.10770811,0.0841350555419921,0.12971447,0.38293047925743506,-0.0032600871377153617,0.0032600871377153617,46.128951954194676
2024-06-07,3445,0.38244175033150213,0.38,0.004561171818202971,0.37,0.4,0.38,0.39,5279,0,0.0,0.60912627,0.39459923,0.43365923,0.4201679229736328,0.46403286,0.3796703921197197,0.0027713582117824265,0.0027713582117824265,39.80582524271845
2024-06-08,3446,0.3862492896381891,0.39,0.004845323659278514,0.38,0.4,0.38,0.39,5279,0,0.0,0.82376134,0.72078043,0.7312709,0.3260765075683594,0.39882207,0.38244175033150213,0.00380753930668698,0.00380753930668698,51.60567587752054
2024-06-09,3447,0.3929380564500853,0.39,0.004555039933630107,0.39,0.4,0.39,0.4,5279,0,0.0,0.79709363,0.75715184,0.7571942,0.0364589691162109,0.24915564,0.3862492896381891,0.006688766811896174,0.006688766811896174,76.87328852377397
2024-06-10,3448,0.40456715286986183,0.41000000000000003,0.007006964093355678,0.38,0.41000000000000003,0.39,0.41000000000000003,5279,0,0.5756772115931048,1.0081596,0.9866778,0.9866778,0.2294845581054687,0.20701589,0.3929380564500853,0.011629096419776552,0.011629096419776552,96.21608165297486
2024-06-11,3449,0.40521689713960984,0.41000000000000003,0.006797571699836975,0.39,0.41000000000000003,0.39,0.41000000000000003,5279,0,0.6279598408789544,0.71444994,0.56419504,0.5849361,0.4224281311035156,0.4383157,0.40456715286986183,0.0006497442697480094,0.0006497442697480094,10.928553647000248
2024-06-12,3450,0.407194544421292,0.41000000000000003,0.005225565603271318,0.38,0.41000000000000003,0.4,0.41000000000000003,5279,0,0.7548778177685168,0.6834825,0.5005935,0.5482737,0.0636463165283203,0.46535408,0.40521689713960984,0.001977647281682149,0.001977647281682149,30.047298979337818
2024-06-13,3451,0.4086247395340027,0.41000000000000003,0.0039511990170642145,0.39,0.41000000000000003,0.4,0.41000000000000003,5279,0,0.8812275052093199,0.6341903,0.49842402,0.50475806,0.0021286010742187,0.39213657,0.407194544421292,0.001430195112710697,0.001430195112710697,23.12671147622604
2024-06-14,3452,0.4097385868535708,0.41000000000000003,0.0015955546468756389,0.4,0.41000000000000003,0.41000000000000003,0.41000000000000003,5279,0,0.9738586853570752,0.37477565,0.33159134,0.33159134,0.1668128967285156,0.1746517,0.4086247395340027,0.0011138473195680954,0.0011138473195680954,18.272342544187204
2024-06-15,3453,0.4100000000000001,0.41000000000000003,5.551115123125783e-17,0.41000000000000003,0.41000000000000003,0.41000000000000003,0.41000000000000003,5279,0,1.0,0.33533975,0.31896183,0.31896183,0.0127620697021484,0.1035199,0.4097385868535708,0.00026141314642930125,0.00026141314642930125,4.95394573064476
2024-06-16,3454,0.4100000000000001,0.41000000000000003,5.551115123125783e-17,0.41000000000000003,0.41000000000000003,0.41000000000000003,0.41000000000000003,5279,0,1.0,0.50717974,0.47659844,0.47659844,0.1577491760253906,0.17345227,0.4100000000000001,0.0,0.0,0.5227781926811054
2024-06-17,3455,0.4100000000000001,0.41000000000000003,5.551115123125783e-17,0.41000000000000003,0.41000000000000003,0.41000000000000003,0.41000000000000003,5279,0,1.0,0.44715694,0.4217227,0.4217227,0.0549602508544921,0.14865838,0.4100000000000001,0.0,0.0,0.5227781926811054
2024-06-18,3456,0.4100000000000001,0.41000000000000003,5.551115123125783e-17,0.41000000000000003,0.41000000000000003,0.41000000000000003,0.41000000000000003,5279,0,1.0,0.7350231,0.7302823,0.7302823,0.3086299896240234,0.08335833,0.4100000000000001,0.0,0.0,0.5227781926811054
2024-06-19,3457,0.4100000000000001,0.41000000000000003,5.551115123125783e-17,0.41000000000000003,0.41000000000000003,0.41000000000000003,0.41000000000000003,5279,0,1.0,0.52252144,0.517552,0.517552,0.2128887176513672,0.071894236,0.4100000000000001,0.0,0.0,0.5227781926811054
2024-06-20,3458,0.4100000000000001,0.41000000000000003,5.551115123125783e-17,0.41000000000000003,0.41000000000000003,0.41000000000000003,0.41000000000000003,5279,0,1.0,0.6021271,0.59374213,0.59374213,0.076395034790039,0.1001426,0.4100000000000001,0.0,0.0,0.5227781926811054
2024-06-21,3459,0.40999431710551243,0.41000000000000003,0.00023832047664052388,0.4,0.41000000000000003,0.41000000000000003,0.41000000000000003,5279,0,0.9994317105512408,0.49423575,0.47419435,0.47419435,0.1196155548095703,0.13931337,0.4100000000000001,-5.682894487657464e-06,5.682894487657464e-06,0.7717201891959173
2024-06-22,3460,0.4099829513165373,0.41000000000000003,0.0004125483935491166,0.4,0.41000000000000003,0.41000000000000003,0.41000000000000003,5279,0,0.9982951316537223,0.53905326,0.507144,0.507144,0.0329608917236328,0.18271,0.40999431710551243,-1.1365788975148394e-05,1.1365788975148394e-05,0.9459795867562858
2024-06-23,3461,0.4098996021973859,0.41000000000000003,0.0009969444856016661,0.4,0.41000000000000003,0.41000000000000003,0.41000000000000003,5279,0,0.9899602197385868,0.41430354,0.35974854,0.36207613,0.1473598480224609,0.20549582,0.4099829513165373,-8.334911915136578e-05,8.334911915136578e-05,2.4645257654966395
2024-06-24,3462,0.4050407274104944,0.41000000000000003,0.006966026446738974,0.39,0.41000000000000003,0.39,0.41000000000000003,5279,0,0.6217086569426028,0.21881673,-0.14349724,0.1837115,0.5033340454101562,0.16519453,0.4098996021973859,-0.004858874786891509,0.004858874786891509,61.88698033358227
2024-06-25,3463,0.3946088274294375,0.4,0.009054226449673543,0.38,0.41000000000000003,0.38,0.41000000000000003,5279,0,0.08581170676264444,0.24690904,-0.032510012,0.21398489,0.1110210418701171,0.2447596,0.4050407274104944,-0.010431899981056925,0.010431899981056925,93.82623848643266
2024-06-26,3464,0.38456715286986176,0.39,0.008234877755703477,0.37,0.4,0.37,0.4,5279,0,0.0,0.24892694,0.10021161,0.20612387,0.132761001586914,0.22786494,0.3946088274294375,-0.01004167455957572,0.01004167455957572,92.65621110281305
2024-06-27,3465,0.38378101913241147,0.38,0.006419254667209474,0.37,0.4,0.37,0.39,5279,0,0.0,0.33472404,0.2631958,0.2801728,0.162994384765625,0.20680366,0.38456715286986176,-0.0007861337374502897,0.0007861337374502897,13.119243216330595
2024-06-28,3466,0.3903731767380186,0.39,0.005607021445615311,0.38,0.4,0.38,0.4,5279,0,0.0,0.3258907,0.22968084,0.25997642,0.0333690643310546,0.23119642,0.38378101913241147,0.006592157605607107,0.006592157605607107,76.07667413492656
2024-06-29,3467,0.40234135252888803,0.4,0.005194837710770877,0.39,0.41000000000000003,0.4,0.41000000000000003,5279,0,0.2794089789732904,0.20963036,0.050097745,0.160267,0.1797542572021484,0.20355618,0.3903731767380186,0.01196817579086945,0.01196817579086945,96.56460044809559
2024-06-30,3468,0.40191324114415605,0.4,0.005564825130709055,0.39,0.41000000000000003,0.39,0.41000000000000003,5279,0,0.268800909263118,0.37137005,0.281598,0.28171793,0.2314891815185547,0.24211217,0.40234135252888803,-0.0004281113847319773,0.0004281113847319773,7.816778690565099
2024-07-01,3469,0.3898200416745596,0.39,0.007893602949857107,0.37,0.41000000000000003,0.38,0.4,5279,0,0.017806402727789356,0.32686234,0.1914309,0.23436657,0.0901832580566406,0.26493979,0.40191324114415605,-0.012093199469596472,0.012093199469596472,96.66417724670153
2024-07-02,3470,0.3827183178632316,0.38,0.005524097593876904,0.37,0.4,0.37,0.39,5279,0,0.0,0.30061188,0.15728444,0.20955725,0.0341262817382812,0.25618178,0.3898200416745596,-0.0071017238113279535,0.0071017238113279535,79.68633308439134
2024-07-03,3471,0.3843853002462588,0.38,0.00590991761507028,0.37,0.4,0.38,0.39,5279,0,0.0,0.37270236,0.19949062,0.28561765,0.0421905517578125,0.3148186,0.3827183178632316,0.001666982383027149,0.001666982383027149,26.089121234752305
2024-07-04,3472,0.3902386815684788,0.39,0.008261441935263394,0.38,0.4,0.38,0.4,5279,0,0.0,0.36246178,0.086817026,0.29018533,0.1126632690429687,0.351911,0.3843853002462588,0.005853381322220019,0.005853381322220019,69.97759522031367
2024-07-05,3473,0.394578518658837,0.39,0.007212799393646927,0.38,0.41000000000000003,0.38,0.41000000000000003,5279,0,0.06232240954726274,0.37273395,0.05148627,0.29996017,0.0353717803955078,0.36916095,0.3902386815684788,0.0043398370903581784,0.0043398370903581784,57.40602439631566
2024-07-06,3474,0.3941068384163668,0.39,0.004988407533876201,0.38,0.4,0.39,0.4,5279,0,0.0,0.711354,0.6463126,0.65200293,0.5949630737304688,0.29716262,0.394578518658837,-0.0004716802424701849,0.0004716802424701849,8.46402788150361
2024-07-07,3475,0.3859253646523963,0.39,0.005191075181563171,0.38,0.4,0.38,0.39,5279,0,0.0,0.7962359,0.7184983,0.7267158,0.0722465515136718,0.34315068,0.3941068384163668,-0.008181473763970493,0.008181473763970493,85.48668160318645
2024-07-08,3476,0.3877533623792385,0.39,0.004654269383336459,0.38,0.4,0.38,0.39,5279,0,0.0,0.7031796,0.61813956,0.62254536,0.1004676818847656,0.3352081,0.3859253646523963,0.0018279977268422232,0.0018279977268422232,28.05576300721932
2024-07-09,3477,0.39292100776662253,0.39,0.004547283946880372,0.39,0.4,0.39,0.4,5279,0,0.0,0.41886094,0.28475818,0.34187505,0.3335094451904297,0.30717674,0.3877533623792385,0.005167645387384012,0.005167645387384012,64.70002489419964
2024-07-10,3478,0.3909641977647283,0.39,0.0073706851833134366,0.38,0.41000000000000003,0.38,0.4,5279,0,0.00018942981625307822,0.29853365,0.03529963,0.23763177,0.2493133544921875,0.29643926,0.39292100776662253,-0.001956810001894238,0.001956810001894238,29.74856858352004
2024-07-11,3479,0.3896874408031824,0.39,0.008450565802597001,0.37,0.41000000000000003,0.38,0.4,5279,0,0.0013260087137715476,0.3804611,0.21969861,0.28595886,0.1843376159667968,0.31061783,0.3909641977647283,-0.0012767569615458885,0.0012767569615458885,20.88623350759273
2024-07-12,3480,0.39486645197954157,0.39,0.006100764792727266,0.38,0.41000000000000003,0.39,0.4,5279,0,0.025194165561659404,0.46250308,0.39212024,0.39220652,0.1724720001220703,0.24525754,0.3896874408031824,0.005179011176359161,0.005179011176359161,64.79960169280558
2024-07-13,3481,0.4037848077287366,0.4,0.0050076573601971555,0.39,0.41000000000000003,0.4,0.41000000000000003,5279,0,0.3862473953400265,0.41008452,0.3971761,0.3971761,0.0051956176757812,0.102083266,0.39486645197954157,0.008918355749195028,0.008918355749195028,89.32038834951457
2024-07-14,3482,0.3975165751089222,0.4,0.008181293718137611,0.38,0.41000000000000003,0.39,0.41000000000000003,5279,0,0.21462398181473763,0.5774702,0.5506501,0.5506501,0.1531105041503906,0.1739435,0.4037848077287366,-0.006268232619814407,0.006268232619814407,73.7864077669903
2024-07-15,3483,0.3953229778367115,0.39,0.009888795609738217,0.38,0.41000000000000003,0.38,0.41000000000000003,5279,0,0.21140367493843532,0.70998627,0.6650437,0.6650437,0.1146583557128906,0.24859063,0.3975165751089222,-0.00219359727221069,0.00219359727221069,33.13417973612148
2024-07-16,3484,0.3998825535139231,0.4,0.00793665944895471,0.38,0.41000000000000003,0.39,0.41000000000000003,5279,0,0.30763402159499903,0.7563069,0.7115171,0.7115171,0.046365737915039,0.25640517,0.3953229778367115,0.0045595756772116025,0.0045595756772116025,59.098829972616386
2024-07-17,3485,0.40705436635726466,0.41000000000000003,0.004570912027144159,0.39,0.41000000000000003,0.4,0.41000000000000003,5279,0,0.7060049251752226,1.0196782,1.0037035,1.0037035,0.292337417602539,0.17978889,0.3998825535139231,0.007171812843341563,0.007171812843341563,80.15932287776948
2024-07-18,3486,0.4099318052661489,0.41000000000000003,0.0008229804473898876,0.4,0.41000000000000003,0.41000000000000003,0.41000000000000003,5279,0,0.9931805266148892,0.97235996,0.9074155,0.9074155,0.0965461730957031,0.34939888,0.40705436635726466,0.0028774389088842556,0.0028774389088842556,41.399054020413246
2024-07-19,3487,0.40988255351392316,0.41000000000000003,0.0010773445055678678,0.4,0.41000000000000003,0.41000000000000003,0.41000000000000003,5279,0,0.9882553513923091,0.68750757,0.54777133,0.56041974,0.3595294952392578,0.4154678,0.4099318052661489,-4.9251752225754064e-05,4.9251752225754064e-05,1.7425939756036841
2024-07-20,3488,0.4098958136010608,0.41000000000000003,0.0010153862238911928,0.4,0.41000000000000003,0.41000000000000003,0.41000000000000003,5279,0,0.9895813601060807,0.5907736,0.45820418,0.4762767,0.0895099639892578,0.37290993,0.40988255351392316,1.3260087137645371e-05,1.3260087137645371e-05,1.0206621857107294
2024-07-21,3489,0.40999431710551243,0.41000000000000003,0.00023832047664052388,0.4,0.41000000000000003,0.41000000000000003,0.41000000000000003,5279,0,0.9994317105512408,0.51789063,0.3864371,0.41826588,0.0719051361083984,0.34478548,0.4098958136010608,9.850350445161915e-05,9.850350445161915e-05,2.7383619616629327
2024-07-22,3490,0.4030952831975752,0.4,0.004622991877838534,0.4,0.41000000000000003,0.4,0.41000000000000003,5279,0,0.3095283197575298,0.8602846,0.85502845,0.85502845,0.468597412109375,0.09493903,0.40999431710551243,-0.006899033907937224,0.006899033907937224,78.4167289021658
2024-07-23,3491,0.3941693502557303,0.39,0.004934359833412563,0.38,0.4,0.39,0.4,5279,0,0.0,0.81324583,0.7514655,0.7514655,0.1034889221191406,0.31091624,0.4030952831975752,-0.008925932941844905,0.008925932941844905,89.37017674881751
2024-07-24,3492,0.3856772115931047,0.38,0.00663150688801048,0.38,0.4,0.38,0.4,5279,0,0.0,0.7665768,0.6820582,0.6820582,0.0694503784179687,0.34991133,0.3941693502557303,-0.008492138662625603,0.008492138662625603,87.05501618122977
2024-07-25,3493,0.38659026330744456,0.38,0.007578905375666973,0.38,0.4,0.38,0.4,5279,0,0.0,0.6978302,0.63380367,0.63380367,0.0482349395751953,0.29199424,0.3856772115931047,0.0009130517143398631,0.0009130517143398631,15.03609658949465
2024-07-26,3494,0.3958117067626445,0.39,0.006802727750952835,0.39,0.41000000000000003,0.39,0.41000000000000003,5279,0,0.1096798636105323,0.74310917,0.71972036,0.71972036,0.086038589477539,0.18497267,0.38659026330744456,0.00922144345519993,0.00922144345519993,90.44062733383122
2024-07-27,3495,0.4008922144345521,0.4,0.0047218055872756265,0.39,0.41000000000000003,0.39,0.41000000000000003,5279,0,0.16006819473385112,0.7959151,0.7842746,0.7842746,0.0644912719726562,0.13562778,0.3958117067626445,0.005080507671907597,0.005080507671907597,64.00298730395818
2024-07-28,3496,0.401017238113279,0.4,0.007058833634875107,0.39,0.41000000000000003,0.39,0.41000000000000003,5279,0,0.30517143398370905,0.93429,0.9132901,0.9132901,0.1290855407714843,0.19697109,0.4008922144345521,0.0001250236787269099,0.0001250236787269099,3.1615633557381133
2024-07-29,3497,0.40456525857169917,0.4,0.005308752265817629,0.39,0.41000000000000003,0.4,0.41000000000000003,5279,0,0.4733851108164425,0.5895474,0.57412523,0.57412523,0.3391952514648437,0.13396522,0.401017238113279,0.0035480204584201758,0.0035480204584201758,48.94199651481205
2024-07-30,3498,0.39638567910589134,0.4,0.005135754298863993,0.38,0.4,0.39,0.4,5279,0,0.0,0.26705778,0.23350753,0.23375769,0.3405647277832031,0.12959248,0.40456525857169917,-0.008179579465807829,0.008179579465807829,85.46178740353497
2024-07-31,3499,0.3923015722674749,0.39,0.005144914506892384,0.38,0.4,0.39,0.4,5279,0,0.0,0.30827156,0.28674462,0.28674462,0.0533046722412109,0.11317619,0.39638567910589134,-0.004084106838416424,0.004084106838416424,54.76723923325865
2024-08-01,3500,0.38997537412388716,0.39,0.005199137269349597,0.38,0.4,0.38,0.4,5279,0,0.0,0.4132001,0.365205,0.3681599,0.0782184600830078,0.1932868,0.3923015722674749,-0.0023261981435877543,0.0023261981435877543,34.55314911625591
2024-08-02,3501,0.38348361432089406,0.38,0.005117233929698666,0.38,0.4,0.38,0.39,5279,0,0.0,0.43696272,0.36692217,0.37914938,0.0017642974853515,0.23728517,0.38997537412388716,-0.006491759802993102,0.006491759802993102,75.32984814538213
2024-08-03,3502,0.3825478310286039,0.38,0.005447082611122753,0.37,0.4,0.38,0.39,5279,0,0.0,0.34694692,0.28547528,0.3026396,0.0814628601074218,0.19716993,0.38348361432089406,-0.0009357832922901599,0.0009357832922901599,15.285038586009458
2024-08-04,3503,0.3867910589126729,0.39,0.005348979468688023,0.38,0.4,0.38,0.39,5279,0,0.0,0.41251212,0.19432516,0.36864364,0.0909671783447265,0.36387366,0.3825478310286039,0.004243227884069001,0.004243227884069001,56.63430420711975
2024-08-05,3504,0.38998484561469987,0.39,0.003902553980581651,0.38,0.4,0.38,0.4,5279,0,0.0,0.3903334,0.12866716,0.33205524,0.0659008026123046,0.36851698,0.3867910589126729,0.0031937867020269683,0.0031937867020269683,45.40702016430172
2024-08-06,3505,0.38291153627580976,0.38,0.004849500229898797,0.38,0.4,0.38,0.39,5279,0,0.0,0.44215992,-0.39555925,0.4161835,0.5240859985351562,0.19758275,0.38998484561469987,-0.00707330933889011,0.00707330933889011,79.43739108787653
2024-08-07,3506,0.37901875355180903,0.38,0.006422002683672637,0.37,0.4,0.37,0.39,5279,0,0.0,0.33539018,-0.21772249,0.28617057,0.1778068542480468,0.2551148,0.38291153627580976,-0.0038927827240007318,0.0038927827240007318,52.501867064973865
2024-08-08,3507,0.3771869672286418,0.38,0.006469162183540344,0.37,0.39,0.37,0.39,5279,0,0.0,0.3773521,-0.2629171,0.32281205,0.0453090667724609,0.2706824,0.37901875355180903,-0.0018317863231672171,0.0018317863231672171,28.130445606173758
2024-08-09,3508,0.38518658836900926,0.38,0.00631603153105596,0.38,0.4,0.38,0.4,5279,0,0.0,0.35251272,-0.202942,0.28662696,0.0600547790527343,0.28823528,0.3771869672286418,0.007999621140367452,0.007999621140367452,84.51580781677869
2024-08-10,3509,0.391477552566774,0.39,0.006060175135324215,0.38,0.4,0.38,0.4,5279,0,0.0,0.26846626,0.15029562,0.2107216,0.3532695770263672,0.2224529,0.38518658836900926,0.006290964197764759,0.006290964197764759,73.93577296489919
2024-08-11,3510,0.3907747679484752,0.39,0.003352476419280695,0.38,0.4,0.39,0.4,5279,0,0.0,0.14046596,0.018080529,0.10863893,0.1321544647216797,0.13929749,0.391477552566774,-0.0007027846182988129,0.0007027846182988129,11.824744834453572
2024-08-12,3511,0.38182231483235457,0.38,0.004274829552699304,0.37,0.4,0.38,0.39,5279,0,0.0,0.20286144,-0.10839052,0.16015515,0.126617431640625,0.17147647,0.3907747679484752,-0.00895245311612064,0.00895245311612064,89.54443614637789
2024-08-13,3512,0.384739534002652,0.38,0.006313416427336958,0.38,0.4,0.38,0.4,5279,0,0.0,0.2129248,0.08543642,0.16356714,0.1939430236816406,0.19503213,0.38182231483235457,0.0029172191702974137,0.0029172191702974137,41.722678615882494
2024-08-14,3513,0.3866319378670203,0.39,0.007182251905054619,0.38,0.4,0.38,0.4,5279,0,0.0,0.5040943,0.44102997,0.44476956,0.3555145263671875,0.24413785,0.384739534002652,0.0018924038643683416,0.0018924038643683416,28.827483196415237
2024-08-15,3514,0.38877817768516765,0.39,0.005142766583105516,0.38,0.4,0.38,0.4,5279,0,0.0,0.4893548,0.4354812,0.43836778,0.0055732727050781,0.22321498,0.3866319378670203,0.002146239818147322,0.002146239818147322,32.511824744834456
2024-08-16,3515,0.38209888236408407,0.38,0.004072286392504561,0.38,0.39,0.38,0.39,5279,0,0.0,0.18745817,0.08534478,0.14361522,0.3505134582519531,0.16690367,0.38877817768516765,-0.006679295321083578,0.006679295321083578,76.74881752551656
2024-08-17,3516,0.3814055692365978,0.38,0.0038970137892569328,0.37,0.39,0.38,0.39,5279,0,0.0,0.22658598,0.057014324,0.13490486,0.027933120727539,0.21929564,0.38209888236408407,-0.0006933131274862725,0.0006933131274862725,11.725168035847648
2024-08-18,3517,0.37762265580602383,0.38,0.007376749237788904,0.37,0.4,0.37,0.39,5279,0,0.0,0.24523103,0.12411693,0.17004175,0.0670433044433593,0.21150234,0.3814055692365978,-0.0037829134305739642,0.0037829134305739642,51.33183968135424
2024-08-19,3518,0.3859462019321841,0.38,0.007226069930154837,0.38,0.4,0.38,0.4,5279,0,0.0,0.17958684,-0.03218122,0.13878907,0.1563167572021484,0.17667992,0.37762265580602383,0.008323546126160264,0.008323546126160264,86.20861339307942
2024-08-20,3519,0.3871471869672286,0.39,0.00802105388951338,0.38,0.41000000000000003,0.38,0.4,5279,0,0.01401780640272779,0.15953621,-0.040473256,0.13827896,0.0080318450927734,0.15431699,0.3859462019321841,0.0012009850350445106,0.0012009850350445106,19.64152352501867
2024-08-21,3520,0.3972759992422807,0.4,0.006569442960519319,0.38,0.41000000000000003,0.39,0.41000000000000003,5279,0,0.09452547831028604,0.20695198,-0.154344,0.18667598,0.114053726196289,0.13786615,0.3871471869672286,0.01012881227505208,0.01012881227505208,92.93004729897933
2024-08-22,3521,0.39647660541769275,0.4,0.004824341198489994,0.38,0.41000000000000003,0.39,0.4,5279,0,0.00018942981625307822,0.19182038,0.10075044,0.15004474,0.2552032470703125,0.16323106,0.3972759992422807,-0.0007993938245879351,0.0007993938245879351,13.243714214588001
2024-08-23,3522,0.3853116120477364,0.39,0.005001655308141243,0.38,0.4,0.38,0.39,5279,0,0.0,0.23255183,0.18107176,0.18953396,0.0802936553955078,0.14592245,0.39647660541769275,-0.011164993369956355,0.011164993369956355,95.44436146377893
2024-08-24,3523,0.38230725516196246,0.38,0.0042487895856617,0.37,0.39,0.38,0.39,5279,0,0.0,0.25125107,0.15501916,0.20511034,0.0261421203613281,0.19772767,0.3853116120477364,-0.00300435688577394,0.00300435688577394,42.94249439880508
2024-08-25,3524,0.3874332259897708,0.39,0.00603896252801229,0.38,0.4,0.38,0.4,5279,0,0.0,0.6461397,0.54537356,0.5509317,0.3904762268066406,0.34650454,0.38230725516196246,0.005125970827808357,0.005125970827808357,64.3764002987304
2024-08-26,3525,0.39652964576624367,0.4,0.006228932827906827,0.38,0.41000000000000003,0.39,0.41000000000000003,5279,0,0.05550293616215192,0.9450305,0.8946663,0.8946663,0.3492946624755859,0.30439046,0.3874332259897708,0.009096419776472853,0.009096419776472853,90.29126213592234
2024-08-27,3526,0.39544989581360107,0.4,0.005002490333464721,0.39,0.41000000000000003,0.39,0.4,5279,0,0.0011365788975184693,0.9467505,0.90782934,0.90782934,0.0130290985107421,0.26867193,0.39652964576624367,-0.0010797499526425947,0.0010797499526425947,17.77445855115758
2024-08-28,3527,0.39551430195112713,0.4,0.00500006952409876,0.39,0.41000000000000003,0.39,0.4,5279,0,0.0013260087137715476,0.8056412,0.7426365,0.7426365,0.16510009765625,0.31233,0.39544989581360107,6.440613752606295e-05,6.440613752606295e-05,2.0662185710729397
2024-08-29,3528,0.3897916272021216,0.39,0.003833304120676293,0.38,0.4,0.38,0.4,5279,0,0.0,0.6286232,0.5049644,0.52436453,0.2376346588134765,0.37440568,0.39551430195112713,-0.005722674749005507,0.005722674749005507,68.93203883495146
2024-08-30,3529,0.38448948664519794,0.38,0.005030672476252856,0.38,0.4,0.38,0.39,5279,0,0.0,0.24252576,-0.07927185,0.20094877,0.5842456817626953,0.22920485,0.3897916272021216,-0.005302140556923685,0.005302140556923685,66.06920587503112
2024-08-31,3530,0.3776870619435499,0.38,0.005830513732321477,0.37,0.39,0.37,0.39,5279,0,0.0,0.24407767,0.059019946,0.18981203,0.138254165649414,0.23683445,0.38448948664519794,-0.006802424701648047,0.006802424701648047,77.54543191436395
2024-09-01,3531,0.3765618488350067,0.38,0.006624984945393093,0.37,0.39,0.37,0.39,5279,0,0.0,0.3463398,0.28955773,0.30664387,0.230508804321289,0.19001976,0.3776870619435499,-0.0011252131085431882,0.0011252131085431882,18.396813542444608
2024-09-02,3532,0.38355180905474523,0.38,0.005017559245401995,0.38,0.4,0.38,0.39,5279,0,0.0,0.33212763,0.29932913,0.30031845,0.0097980499267578,0.14391251,0.3765618488350067,0.0069899602197385224,0.0069899602197385224,78.91461289519542
2024-09-03,3533,0.3921310854328472,0.39,0.004095037143467455,0.39,0.4,0.39,0.4,5279,0,0.0,0.20431487,0.07075825,0.15711313,0.22857666015625,0.19167103,0.38355180905474523,0.008579276378101963,0.008579276378101963,87.52800597460791
2024-09-04,3534,0.38306308012881224,0.38,0.005411115007253929,0.37,0.4,0.38,0.39,5279,0,0.0,0.20643531,0.10527087,0.14853199,0.0345096588134765,0.17757711,0.3921310854328472,-0.009068005304034954,0.009068005304034954,90.16679113766493
2024-09-05,3535,0.3827202121613942,0.38,0.009542854095361267,0.37,0.4,0.37,0.4,5279,0,0.0,0.21536565,0.13276036,0.16329241,0.0274429321289062,0.16957891,0.38306308012881224,-0.00034286796741805903,0.00034286796741805903,6.671645506596962
2024-09-06,3536,0.3911915135442319,0.39,0.006310242980441184,0.38,0.4,0.38,0.4,5279,0,0.0,0.17479774,-0.011284627,0.1470837,0.1441593170166015,0.17443311,0.3827202121613942,0.008471301382837693,0.008471301382837693,86.98033358227532
2024-09-07,3537,0.3886266338321653,0.39,0.003717202864578004,0.38,0.4,0.38,0.39,5279,0,0.0,0.3147631,0.23259704,0.24749553,0.2440013885498047,0.21207222,0.3911915135442319,-0.0025648797120665923,0.0025648797120665923,37.51555887478217
2024-09-08,3538,0.3851297594241334,0.39,0.005002104402658869,0.38,0.4,0.38,0.39,5279,0,0.0,0.31552827,0.19256285,0.23673369,0.0400276184082031,0.24995475,0.3886266338321653,-0.0034968744080318692,0.0034968744080318692,48.493900921085384
2024-09-09,3539,0.38225610911157415,0.38,0.00484715699655598,0.37,0.39,0.38,0.39,5279,0,0.0,0.48766232,0.45364606,0.45424792,0.2611732482910156,0.1789423,0.3851297594241334,-0.0028736503125592616,0.0028736503125592616,41.3243714214588
2024-09-10,3540,0.382030687630233,0.38,0.004193443059232053,0.37,0.39,0.38,0.39,5279,0,0.0,0.47381726,0.39635378,0.4022187,0.0572395324707031,0.2596281,0.38225610911157415,-0.00022542148134113704,0.00022542148134113704,4.456061737615135
2024-09-11,3541,0.3757927637810191,0.37,0.006456423994211941,0.37,0.39,0.37,0.39,5279,0,0.0,0.2813349,0.015753882,0.22167177,0.3807449340820312,0.28089347,0.382030687630233,-0.0062379238492139,0.0062379238492139,73.56235997012696
2024-09-12,3542,0.3826046599734798,0.38,0.004906512355041874,0.37,0.4,0.38,0.39,5279,0,0.0,0.4403323,-0.28590268,0.37504032,0.3015575408935547,0.3348909,0.3757927637810191,0.006811896192460698,0.006811896192460698,77.66990291262135
2024-09-13,3543,0.3897897329039591,0.39,0.00456616868731731,0.38,0.4,0.38,0.4,5279,0,0.0,0.40742064,0.009793326,0.33557948,0.2955055236816406,0.4073028,0.3826046599734798,0.007185072930479264,0.007185072930479264,80.23400547672392
2024-09-14,3544,0.38421860200795604,0.38,0.004938564283071521,0.38,0.39,0.38,0.39,5279,0,0.0,0.122923,0.04701171,0.096775495,0.0372467041015625,0.11357808,0.3897897329039591,-0.005571130896003029,0.005571130896003029,68.01095344784666
2024-09-15,3545,0.37570941466186775,0.38,0.006007481634779709,0.37,0.39,0.37,0.39,5279,0,0.0,0.22407398,0.17461552,0.18705162,0.1276168823242187,0.14042273,0.38421860200795604,-0.008509187346088298,0.008509187346088298,87.1545929798357
2024-09-16,3546,0.37646902822504263,0.38,0.00718576983659344,0.37,0.39,0.37,0.39,5279,0,0.0,0.1763025,0.018587923,0.14313775,0.1560344696044922,0.1753198,0.37570941466186775,0.0007596135631748879,0.0007596135631748879,12.720936021906896
2024-09-17,3547,0.38693123697670007,0.39,0.007544601722997414,0.38,0.4,0.38,0.4,5279,0,0.0,0.2227443,0.017790461,0.16053459,0.0007591247558593,0.22203286,0.37646902822504263,0.010462208751657431,0.010462208751657431,93.92581528503858
2024-09-18,3548,0.39305550293616226,0.39,0.004606401108102292,0.39,0.4,0.39,0.4,5279,0,0.0,0.13374563,0.07441193,0.098637864,0.0566616058349609,0.111134134,0.38693123697670007,0.006124265959462194,0.006124265959462194,72.39233258650735
2024-09-19,3549,0.3816006819473385,0.38,0.003666692893719043,0.38,0.39,0.38,0.39,5279,0,0.0,0.17418551,0.14665416,0.14983146,0.0722904205322265,0.09398465,0.39305550293616226,-0.011454820988823777,0.011454820988823777,95.86756285785411
2024-09-20,3550,0.37340215949990535,0.37,0.005325139998474515,0.37,0.39,0.37,0.38,5279,0,0.0,0.2773949,0.25491464,0.25529355,0.1082210540771484,0.10938903,0.3816006819473385,-0.008198522447433132,0.008198522447433132,85.61115260144386
2024-09-21,3551,0.3834608827429437,0.38,0.005009361803695325,0.38,0.4,0.38,0.39,5279,0,0.0,0.3030216,0.27170628,0.2717151,0.0168666839599609,0.13415696,0.37340215949990535,0.010058723243038359,0.010058723243038359,92.73089370176749
2024-09-22,3552,0.39030687630233,0.39,0.003074587724268643,0.38,0.4,0.39,0.4,5279,0,0.0,0.19509774,0.08034622,0.13786498,0.1914215087890625,0.17778513,0.3834608827429437,0.00684599355938631,0.00684599355938631,78.01842170774209
2024-09-23,3553,0.3798143587800719,0.38,0.004494067390826758,0.37,0.39,0.37,0.39,5279,0,0.0,0.19938257,0.11094722,0.14366078,0.0305233001708984,0.1656626,0.39030687630233,-0.010492517522258105,0.010492517522258105,93.97560368434155
2024-09-24,3554,0.3872078045084297,0.39,0.004796345740207293,0.38,0.4,0.38,0.39,5279,0,0.0,0.14687945,0.06451913,0.108590096,0.0464229583740234,0.1319505,0.3798143587800719,0.0073934457283577615,0.0073934457283577615,81.22977346278317
2024-09-25,3555,0.40118961924606933,0.4,0.0032374370279705466,0.4,0.41000000000000003,0.4,0.41000000000000003,5279,0,0.11896192460693313,0.11322578,-0.03406818,0.09473831,0.0985622406005859,0.10797891,0.3872078045084297,0.013981814737639653,0.013981814737639653,98.58103061986557
2024-09-26,3556,0.4057416177306308,0.41000000000000003,0.0049446944437057045,0.4,0.41000000000000003,0.4,0.41000000000000003,5279,0,0.5741617730630801,0.37083644,0.2961674,0.32102466,0.3302268981933594,0.22317043,0.40118961924606933,0.004551998484561448,0.004551998484561448,59.02414737366194
2024-09-27,3557,0.398090547452169,0.4,0.007362462689295734,0.38,0.41000000000000003,0.39,0.41000000000000003,5279,0,0.16594051903769652,0.6340649,0.5623654,0.56860054,0.2662010192871094,0.29288805,0.4057416177306308,-0.007651070278461791,0.007651070278461791,82.52427184466019
2024-09-28,3558,0.40196438719454436,0.4,0.005552097108827311,0.39,0.41000000000000003,0.39,0.41000000000000003,5279,0,0.2716423565069142,0.4776108,0.3985794,0.40834492,0.1637229919433593,0.26314846,0.398090547452169,0.0038738397423753734,0.0038738397423753734,52.25292506845904
2024-09-29,3559,0.4054290585338133,0.41000000000000003,0.004981556862524213,0.4,0.41000000000000003,0.4,0.41000000000000003,5279,0,0.5429058533813222,0.18953416,0.09925587,0.16082574,0.2993640899658203,0.16146667,0.40196438719454436,0.003464671339268921,0.003464671339268921,48.17027632561613
2024-09-30,3560,0.4059253646523963,0.41000000000000003,0.004913623943699349,0.4,0.41000000000000003,0.4,0.41000000000000003,5279,0,0.5925364652396287,0.19896138,-0.09432474,0.17268093,0.1936168670654297,0.17518133,0.4054290585338133,0.0004963061185830342,0.0004963061185830342,8.837440876275828
2024-10-01,3561,0.4043796173517712,0.4,0.004995607974914782,0.39,0.41000000000000003,0.4,0.41000000000000003,5279,0,0.4396666035233946,0.26600656,-0.2164869,0.2335027,0.1221466064453125,0.15457357,0.4059253646523963,-0.0015457473006251221,0.0015457473006251221,24.446104057754543
2024-10-02,3562,0.3974862663383216,0.4,0.007984436868693929,0.39,0.41000000000000003,0.39,0.41000000000000003,5279,0,0.2246637620761508,0.23704454,0.03693483,0.18595749,0.2534751892089844,0.23414947,0.4043796173517712,-0.006893351013449567,0.006893351013449567,78.39183470251432
2024-10-03,3563,0.3910702784618299,0.39,0.008852016600501838,0.38,0.41000000000000003,0.38,0.4,5279,0,0.041106270126917976,0.34164274,0.07451847,0.25756866,0.037567138671875,0.33341673,0.3974862663383216,-0.006415987876491724,0.006415987876491724,74.8319641523525
2024-10-04,3564,0.3946069331312749,0.4,0.00600813028505071,0.38,0.41000000000000003,0.38,0.4,5279,0,0.0017048683462777042,0.34330854,0.031873073,0.2780867,0.0425930023193359,0.3418261,0.3910702784618299,0.003536654669444972,0.003536654669444972,48.817525516554646
2024-10-05,3565,0.39768137904906226,0.4,0.005457304351274925,0.39,0.41000000000000003,0.39,0.41000000000000003,5279,0,0.059859821935972723,0.22984622,0.19972785,0.19978204,0.1677532196044922,0.113745086,0.3946069331312749,0.003074445917787383,0.003074445917787383,43.863579785909884
2024-10-06,3566,0.392491002083728,0.39,0.007891374227240193,0.38,0.41000000000000003,0.38,0.41000000000000003,5279,0,0.0757719265012313,0.48679867,0.38777322,0.39031982,0.1881179809570312,0.2942861,0.39768137904906226,-0.0051903769653342535,0.0051903769653342535,64.94896689071446
2024-10-07,3567,0.39057965523773447,0.39,0.007319544078082542,0.38,0.41000000000000003,0.38,0.4,5279,0,0.04716802424701648,0.52164334,0.39595512,0.40714994,0.0082607269287109,0.33960435,0.392491002083728,-0.0019113468459935334,0.0019113468459935334,29.101319392581527
2024-10-08,3568,0.39491570373176743,0.39,0.0070842825819430405,0.38,0.41000000000000003,0.39,0.41000000000000003,5279,0,0.10172381132790301,0.50011295,0.42043856,0.42152315,0.0242996215820312,0.27082014,0.39057965523773447,0.0043360484940329624,0.0043360484940329624,57.33134179736121
2024-10-09,3569,0.39330555029361625,0.39,0.004819495111192022,0.39,0.41000000000000003,0.39,0.4,5279,0,0.005493464671339269,0.9315,0.8298562,0.8376187,0.4095134735107422,0.42311707,0.39491570373176743,-0.001610153438151185,0.001610153438151185,25.44187204381379
2024-10-10,3570,0.38947527940897897,0.39,0.005608401066591904,0.38,0.4,0.38,0.4,5279,0,0.0,1.0683135,0.9936577,0.99368805,0.1637802124023437,0.3923515,0.39330555029361625,-0.003830270884637277,0.003830270884637277,51.879512073686826
2024-10-11,3571,0.3844970638378481,0.38,0.005172524651375049,0.38,0.4,0.38,0.39,5279,0,0.0,0.61231863,0.5156509,0.51620054,0.4779853820800781,0.33020884,0.38947527940897897,-0.004978215571130873,0.004978215571130873,62.758277321384114
2024-10-12,3572,0.3862322409547263,0.39,0.004976917216512272,0.38,0.4,0.38,0.39,5279,0,0.0,0.42407975,0.23605444,0.32098323,0.2796459197998047,0.3523093,0.3844970638378481,0.001735177116878206,0.001735177116878206,26.786158824993777
2024-10-13,3573,0.39111953021405577,0.39,0.00510328214210081,0.38,0.4,0.38,0.4,5279,0,0.0,0.25320622,0.013613892,0.19837369,0.2224063873291015,0.2528397,0.3862322409547263,0.004887289259329464,0.004887289259329464,62.18571072940004
2024-10-14,3574,0.38707520363705245,0.39,0.006084601878987615,0.38,0.4,0.38,0.4,5279,0,0.0,0.26384637,-0.20540494,0.2290062,0.2189979553222656,0.16560158,0.39111953021405577,-0.004044326577003321,0.004044326577003321,54.443614637789395
2024-10-15,3575,0.3761943549914757,0.37,0.006942578214700749,0.37,0.4,0.37,0.39,5279,0,0.0,0.19316633,-0.07357163,0.16197449,0.1317825317382812,0.17860699,0.38707520363705245,-0.010880848645576757,0.010880848645576757,94.92158327109783
2024-10-16,3576,0.38013638946770223,0.38,0.0076321693765630545,0.37,0.4,0.37,0.39,5279,0,0.0,0.22115725,-0.14822562,0.19255969,0.0746364593505859,0.16413318,0.3761943549914757,0.003942034476226541,0.003942034476226541,53.19890465521534
2024-10-17,3577,0.39452737260844856,0.39,0.006176598447059894,0.38,0.41000000000000003,0.38,0.4,5279,0,0.011176359158931616,0.23145016,-0.17174032,0.21202064,0.0235424041748046,0.15515906,0.38013638946770223,0.014390983140746327,0.014390983140746327,98.75529001742595
2024-10-18,3578,0.4079579465807918,0.41000000000000003,0.004031197343864728,0.4,0.41000000000000003,0.4,0.41000000000000003,5279,0,0.7957946580791817,0.18070975,-0.14511062,0.15820068,0.0266475677490234,0.10769832,0.39452737260844856,0.013430573972343263,0.013430573972343263,98.13293502613891
2024-10-19,3579,0.4100000000000001,0.41000000000000003,5.551115123125783e-17,0.41000000000000003,0.41000000000000003,0.41000000000000003,0.41000000000000003,5279,0,1.0,1.2923019,1.2797654,1.2797654,1.4248886108398438,0.17955787,0.4079579465807918,0.0020420534192082673,0.0020420534192082673,31.06796116504854
2024-10-20,3580,0.4093161583633264,0.41000000000000003,0.002524039814006049,0.4,0.41000000000000003,0.4,0.41000000000000003,5279,0,0.9316158363326388,0.66840637,0.64181525,0.64181525,0.6378917694091797,0.18665531,0.4100000000000001,-0.0006838416366736766,0.0006838416366736766,11.550908638287279
2024-10-21,3581,0.3998617162341353,0.4,0.006243755021347902,0.39,0.41000000000000003,0.39,0.41000000000000003,5279,0,0.1881038075393067,0.5551572,0.482928,0.48332462,0.1589870452880859,0.27382514,0.4093161583633264,-0.00945444212919111,0.00945444212919111,91.18745332337565
2024-10-22,3582,0.39310096609206296,0.39,0.004666104354706537,0.38,0.4,0.39,0.4,5279,0,0.0,0.4413218,0.3019061,0.3290297,0.1809635162353515,0.32189712,0.3998617162341353,-0.006760750142072336,0.006760750142072336,77.27159571819766
2024-10-23,3583,0.38943171055124076,0.39,0.005702997215562423,0.38,0.4,0.38,0.4,5279,0,0.0,0.25571308,0.12897734,0.18644159,0.1730422973632812,0.22080307,0.39310096609206296,-0.0036692555408222027,0.0036692555408222027,50.13691809808315
2024-10-24,3584,0.3835101344951696,0.38,0.007288824139822521,0.37,0.4,0.37,0.39,5279,0,0.0,0.20833758,0.10405821,0.15076083,0.0248394012451171,0.18048958,0.38943171055124076,-0.005921576056071187,0.005921576056071187,70.67463281055514
2024-10-25,3585,0.38415419587043004,0.39,0.007066357795573985,0.37,0.4,0.37,0.39,5279,0,0.0,0.18707897,0.070820816,0.1472773,0.033294677734375,0.17315604,0.3835101344951696,0.0006440613752604629,0.0006440613752604629,10.878765247697286
2024-10-26,3586,0.39138473195681006,0.39,0.005287305498162522,0.38,0.4,0.38,0.4,5279,0,0.0,0.14952669,-0.008073723,0.12303208,0.0787887573242187,0.14930862,0.38415419587043004,0.007230536086380024,0.007230536086380024,80.53273587254169
2024-10-27,3587,0.4039515059670392,0.4,0.004888830152791736,0.4,0.41000000000000003,0.4,0.41000000000000003,5279,0,0.3951505967039212,0.16849564,-0.12355778,0.12831697,0.1155376434326171,0.11456091,0.39138473195681006,0.012566774010229154,0.012566774010229154,97.33632063729151
2024-10-28,3588,0.40994695965144917,0.41000000000000003,0.0007263540506765438,0.4,0.41000000000000003,0.41000000000000003,0.41000000000000003,5279,0,0.9946959651449138,0.1637298,-0.106527865,0.13614784,0.0169754028320312,0.12433539,0.4039515059670392,0.005995453684409957,0.005995453684409957,71.34677620114513
2024-10-29,3589,0.4095662057207805,0.41000000000000003,0.002037097276889813,0.4,0.41000000000000003,0.41000000000000003,0.41000000000000003,5279,0,0.9566205720780451,0.24441722,-0.22395162,0.22489873,0.1173171997070312,0.097905874,0.40994695965144917,-0.0003807539306686647,0.0003807539306686647,7.119741100323624
2024-10-30,3590,0.4046505019890131,0.4,0.005504138795956573,0.39,0.41000000000000003,0.4,0.41000000000000003,5279,0,0.49213866262549727,0.21849535,-0.19435483,0.19457845,0.0295467376708984,0.09983206,0.4095662057207805,-0.004915703731767418,0.004915703731767418,62.3848643266119
2024-10-31,3591,0.40315590073877633,0.4,0.006728894778965488,0.39,0.41000000000000003,0.39,0.41000000000000003,5279,0,0.43398370903580225,0.09832519,-0.045258775,0.08218424,0.149118423461914,0.08728977,0.4046505019890131,-0.00149460125023676,0.00149460125023676,23.848643266118994
2024-11-01,3592,0.39722674749005493,0.4,0.005903812941356189,0.39,0.41000000000000003,0.39,0.41000000000000003,5279,0,0.07406705815495358,0.25857624,-0.18270977,0.23543076,0.1375389099121093,0.18297191,0.40315590073877633,-0.005929153248721397,0.005929153248721397,70.82399800846403
2024-11-02,3593,0.38845235840121234,0.39,0.007381773452396212,0.38,0.4,0.38,0.4,5279,0,0.0,0.44937208,-0.35545176,0.40061104,0.1726837158203125,0.27493668,0.39722674749005493,-0.008774389088842593,0.008774389088842593,88.6233507592731
2024-11-03,3594,0.3787137715476416,0.38,0.007553139507858488,0.37,0.4,0.37,0.39,5279,0,0.0,0.51864773,-0.35771236,0.4440271,0.0022716522216796,0.375549,0.38845235840121234,-0.009738586853570763,0.009738586853570763,91.9093851132686
2024-11-04,3595,0.38224284902443645,0.38,0.006277727546378284,0.37,0.4,0.37,0.39,5279,0,0.0,0.24919721,-0.13223544,0.1837883,0.2254581451416015,0.21121834,0.3787137715476416,0.003529077476794873,0.003529077476794873,48.717948717948715
2024-11-05,3596,0.3808164425080507,0.38,0.003599086748002071,0.37,0.39,0.38,0.39,5279,0,0.0,0.2278664,-0.17996903,0.19888848,0.0476531982421875,0.13976482,0.38224284902443645,-0.0014264065163857587,0.0014264065163857587,23.052028877271596
2024-11-06,3597,0.38082780829702595,0.38,0.0027555065584452024,0.38,0.39,0.38,0.39,5279,0,0.0,0.3819641,-0.32090196,0.3523124,0.1409835815429687,0.20716709,0.3808164425080507,1.1365788975259417e-05,1.1365788975259417e-05,0.9708737864077669
2024-11-07,3598,0.3861526804319,0.39,0.0050861295392912115,0.38,0.4,0.38,0.39,5279,0,0.0,0.4852573,-0.44460252,0.4592736,0.1236324310302734,0.19443206,0.38082780829702595,0.005324872134874037,0.005324872134874037,66.44261886980334
2024-11-08,3599,0.387755256677401,0.39,0.008583077307632818,0.37,0.4,0.37,0.4,5279,0,0.0,0.5640413,-0.40894493,0.473054,0.0356388092041015,0.38846898,0.3861526804319,0.0016025762455010306,0.0016025762455010306,25.36718944485935
2024-11-09,3600,0.37950369388141697,0.38,0.008463058107036429,0.37,0.4,0.37,0.39,5279,0,0.0,0.49867117,-0.37185612,0.4361306,0.0371475219726562,0.33225843,0.387755256677401,-0.008251562795984047,0.008251562795984047,85.88498879761016
2024-11-10,3601,0.3814188293237355,0.38,0.004126090144863839,0.37,0.39,0.38,0.39,5279,0,0.0,0.31830615,-0.22445202,0.2637269,0.1473121643066406,0.22569881,0.37950369388141697,0.0019151354423185274,0.0019151354423185274,29.15110779188449
2024-11-11,3602,0.38659215760560717,0.39,0.005312598288314393,0.38,0.4,0.38,0.39,5279,0,0.0,0.19399883,0.07513042,0.15950288,0.299591064453125,0.17886037,0.3814188293237355,0.00517332828187167,0.00517332828187167,64.74981329350261
2024-11-12,3603,0.38193597272210644,0.38,0.006105940371447834,0.37,0.4,0.37,0.39,5279,0,0.0,0.19597805,0.083839335,0.1548256,0.0087509155273437,0.17713945,0.38659215760560717,-0.004656184883500725,0.004656184883500725,60.044809559372666
2024-11-13,3604,0.38300625118393633,0.38,0.007109017585480745,0.37,0.4,0.37,0.39,5279,0,0.0,0.24513455,0.038646545,0.19464247,0.0452423095703125,0.24206889,0.38193597272210644,0.0010702784618298877,0.0010702784618298877,17.50062235499129
2024-11-14,3605,0.38925364652396294,0.39,0.005689099977465008,0.38,0.4,0.38,0.4,5279,0,0.0,0.24483411,-0.054877423,0.1977262,0.0935802459716796,0.23860464,0.38300625118393633,0.006247395340026607,0.006247395340026607,73.61214836942992
2024-11-15,3606,0.40276756961545757,0.4,0.004828284724513966,0.39,0.41000000000000003,0.4,0.41000000000000003,5279,0,0.2932373555597651,0.23002504,-0.19062567,0.20408073,0.1356925964355468,0.12873761,0.38925364652396294,0.013513923091494628,0.013513923091494628,98.28230022404779
2024-11-16,3607,0.4063799962114038,0.41000000000000003,0.005250347999902883,0.39,0.41000000000000003,0.4,0.41000000000000003,5279,0,0.6603523394582307,0.34557873,0.26735926,0.30771506,0.4579315185546875,0.21896017,0.40276756961545757,0.0036124265959462387,0.0036124265959462387,49.51456310679612
2024-11-17,3608,0.4061129001704868,0.41000000000000003,0.0056987037787704,0.39,0.41000000000000003,0.4,0.41000000000000003,5279,0,0.6548588747868914,0.28649092,0.20423558,0.23698461,0.0630302429199218,0.20091036,0.4063799962114038,-0.0002670960409170142,0.0002670960409170142,5.078416728902166
2024-11-18,3609,0.39958325440424314,0.4,0.0027555299988919653,0.39,0.41000000000000003,0.39,0.4,5279,0,0.017995832544042432,0.18535021,0.14883105,0.16371097,0.0554847717285156,0.11047185,0.4061129001704868,-0.0065296457662436524,0.0065296457662436524,75.50410754294249
2024-11-19,3610,0.39012881227505225,0.39,0.0028378015381941442,0.38,0.4,0.39,0.39,5279,0,0.0,0.19135949,0.075880125,0.1542793,0.0728740692138671,0.17567192,0.39958325440424314,-0.009454442129190888,0.009454442129190888,91.16255912372418
2024-11-20,3611,0.388090547452169,0.39,0.004232151232787166,0.38,0.4,0.38,0.39,5279,0,0.0,0.20217116,0.078980334,0.16240512,0.0030536651611328,0.18610571,0.39012881227505225,-0.0020382648228832734,0.0020382648228832734,30.96838436644262
2024-11-21,3612,0.38739723432468265,0.39,0.0062443457980907715,0.38,0.4,0.38,0.4,5279,0,0.0,0.3687139,-0.3303416,0.3336814,0.409271240234375,0.16378103,0.388090547452169,-0.000693313127486328,0.000693313127486328,11.75006223549913
2024-11-22,3613,0.3786531540064406,0.38,0.006888882425840839,0.37,0.4,0.37,0.39,5279,0,0.0,0.33769935,-0.32279927,0.32611015,0.0074729919433593,0.09920479,0.38739723432468265,-0.008744080318242031,0.008744080318242031,88.44909136171272
2024-11-23,3614,0.3762758098124645,0.38,0.006711414180466854,0.37,0.39,0.37,0.39,5279,0,0.0,0.32780382,-0.2956786,0.31447366,0.0271739959716796,0.14152558,0.3786531540064406,-0.0023773441939761164,0.0023773441939761164,35.25018670649739
2024-11-24,3615,0.38219549157037314,0.38,0.004175861608597326,0.38,0.4,0.38,0.39,5279,0,0.0,0.2048171,-0.15930277,0.18064289,0.1364250183105468,0.12873538,0.3762758098124645,0.005919681757908635,0.005919681757908635,70.64973861090365
2024-11-25,3616,0.3833244932752415,0.38,0.0047349755009707135,0.38,0.4,0.38,0.39,5279,0,0.0,0.18322761,-0.14262491,0.15818436,0.0166797637939453,0.11502405,0.38219549157037314,0.0011290017048683487,0.0011290017048683487,18.496390341050535
2024-11-26,3617,0.3804678916461451,0.38,0.005403658748623078,0.37,0.39,0.37,0.39,5279,0,0.0,0.16193922,-0.13051337,0.1404038,0.0119915008544921,0.09586763,0.3833244932752415,-0.0028566016290964003,0.0028566016290964003,41.07542942494399
2024-11-27,3618,0.3791892403864368,0.38,0.007017013784372651,0.37,0.4,0.37,0.39,5279,0,0.0,0.1536306,-0.11051781,0.12576106,0.0198822021484375,0.10671527,0.3804678916461451,-0.0012786512597082744,0.0012786512597082744,20.911127707244212
2024-11-28,3619,0.3806611100587232,0.38,0.006545811370951916,0.37,0.4,0.37,0.39,5279,0,0.0,0.15109925,-0.07229937,0.11796594,0.0376358032226562,0.13267976,0.3791892403864368,0.0014718696722864077,0.0014718696722864077,23.773960667164552
2024-11-29,3620,0.3847849971585527,0.38,0.005889861317007208,0.38,0.4,0.38,0.39,5279,0,0.0,0.27437118,-0.20896882,0.21851115,0.1358699798583984,0.17779687,0.3806611100587232,0.004123887099829471,0.004123887099829471,55.439382623848644
2024-11-30,3621,0.3909641977647282,0.39,0.0038535472443418477,0.38,0.4,0.39,0.4,5279,0,0.0,0.28350335,-0.22496209,0.23714742,0.0163345336914062,0.17252904,0.3847849971585527,0.0061792006061754945,0.0061792006061754945,73.1142643764003
2024-12-01,3622,0.38842583822693694,0.39,0.0057841897319707535,0.38,0.4,0.38,0.4,5279,0,0.0,0.25586933,-0.18072893,0.20300964,0.0446395874023437,0.18112502,0.3909641977647282,-0.002538359537791246,0.002538359537791246,37.266616878267364
2024-12-02,3623,0.3897821557113089,0.39,0.006669894576901757,0.38,0.4,0.38,0.4,5279,0,0.0,0.23478658,0.11442194,0.20037413,0.2950725555419922,0.20501772,0.38842583822693694,0.0013563174843719827,0.0013563174843719827,22.155837689818274
2024-12-03,3624,0.3932847130138284,0.39,0.005856189604599494,0.38,0.4,0.38,0.4,5279,0,0.0,0.18136674,0.03162023,0.13683741,0.0828533172607421,0.17858922,0.3897821557113089,0.003502557302519471,0.003502557302519471,48.51879512073687
2024-12-04,3625,0.3915021784428869,0.39,0.004687380230415985,0.38,0.41000000000000003,0.39,0.4,5279,0,0.0005682894487592347,0.29254228,-0.2639983,0.26687992,0.2955684661865234,0.12604004,0.3932847130138284,-0.0017825345709415186,0.0017825345709415186,27.408513816280806
2024-12-05,3626,0.38431710551240766,0.38,0.005746312807962507,0.38,0.4,0.38,0.39,5279,0,0.0,0.21277043,-0.19429377,0.19573997,0.0696659088134765,0.086724974,0.3915021784428869,-0.007185072930479208,0.007185072930479208,80.20911127707244
2024-12-06,3627,0.385478310286039,0.39,0.0058420075481953465,0.38,0.4,0.38,0.39,5279,0,0.0,0.166238,-0.13495222,0.14276055,0.0593852996826171,0.09707179,0.38431710551240766,0.0011612047736313524,0.0011612047736313524,18.96938013442868
2024-12-07,3628,0.38172949422239055,0.38,0.0061136195153320225,0.37,0.4,0.37,0.39,5279,0,0.0,0.20588152,-0.16332449,0.17753388,0.028451919555664,0.12534824,0.385478310286039,-0.0037488160636484635,0.0037488160636484635,50.98332088623351
2024-12-08,3629,0.3796249289638189,0.38,0.008171042333656422,0.37,0.4,0.37,0.39,5279,0,0.0,0.23100273,-0.14647822,0.18290684,0.0169620513916015,0.17862348,0.38172949422239055,-0.0021045652585716668,0.0021045652585716668,31.86457555389594
2024-12-09,3630,0.3844800151543853,0.38,0.005680574130068511,0.38,0.4,0.38,0.39,5279,0,0.0,0.18456839,-0.049242422,0.15559033,0.0971279144287109,0.17787804,0.3796249289638189,0.0048550861905664044,0.0048550861905664044,61.78740353497635
2024-12-10,3631,0.3927713582117826,0.39,0.005593325206462052,0.38,0.4,0.38,0.4,5279,0,0.0,0.34900814,0.31682068,0.31979838,0.3661327362060547,0.14639257,0.3844800151543853,0.008291343057397316,0.008291343057397316,86.03435399551904
2024-12-11,3632,0.38985982193597274,0.39,0.00788840844094214,0.38,0.4,0.38,0.4,5279,0,0.0,0.59413606,0.55239743,0.55239743,0.2355613708496093,0.21875848,0.3927713582117826,-0.0029115362758098673,0.0029115362758098673,41.62310181727658
2024-12-12,3633,0.3944648607690851,0.39,0.006477016233001578,0.38,0.41000000000000003,0.39,0.41000000000000003,5279,0,0.07823451411252132,0.44071123,0.33540273,0.37832895,0.217020034790039,0.28588614,0.38985982193597274,0.004605038833112363,0.004605038833112363,59.59671396564601
2024-12-13,3634,0.3960200795605229,0.4,0.005956237950115054,0.38,0.41000000000000003,0.39,0.4,5279,0,0.013638946770221634,0.23817241,0.17459887,0.20769988,0.1606903076171875,0.16199183,0.3944648607690851,0.0015552187914377735,0.0015552187914377735,24.645257654966393
2024-12-14,3635,0.38658079181663196,0.39,0.005131040783387102,0.38,0.4,0.38,0.39,5279,0,0.0,0.22380178,0.17224918,0.18439832,0.002481460571289,0.14288928,0.3960200795605229,-0.009439287743890912,0.009439287743890912,91.11277072442121
2024-12-15,3636,0.3834286796741807,0.38,0.0048610333642071495,0.38,0.4,0.38,0.39,5279,0,0.0,0.22379036,0.16977271,0.17911899,0.0025463104248046,0.14580585,0.38658079181663196,-0.0031521121424512577,0.0031521121424512577,44.909136171272095
2024-12-16,3637,0.3815135442318621,0.38,0.007606125854766632,0.37,0.4,0.37,0.39,5279,0,0.0,0.18290152,0.086538605,0.14232527,0.0831527709960937,0.16113369,0.3834286796741807,-0.001915135442318583,0.001915135442318583,29.176001991535973
2024-12-17,3638,0.37891456715286986,0.38,0.009540300158000498,0.37,0.4,0.37,0.4,5279,0,0.0,0.2921936,0.15945858,0.23492455,0.0729541778564453,0.24484691,0.3815135442318621,-0.0025989770789922595,0.0025989770789922595,37.98854866816032
2024-12-18,3639,0.3786039022542148,0.38,0.007301204591383297,0.37,0.4,0.37,0.39,5279,0,0.0,0.43471536,0.40159518,0.40434727,0.2421150207519531,0.16642752,0.37891456715286986,-0.0003106648986550553,0.0003106648986550553,5.924819517052527
2024-12-19,3640,0.3864652396287176,0.39,0.00502393157947284,0.38,0.4,0.38,0.39,5279,0,0.0,0.3976848,0.38621587,0.38621587,0.0153789520263671,0.094819516,0.3786039022542148,0.007861337374502786,0.007861337374502786,83.86855862584018
2024-12-20,3641,0.39153817010797504,0.39,0.004956909580587481,0.38,0.4,0.38,0.4,5279,0,0.0,0.4379618,0.41233188,0.4138342,0.0261268615722656,0.14762399,0.3864652396287176,0.0050729304792574426,0.0050729304792574426,63.87851630570077
2024-12-21,3642,0.39053798067815865,0.39,0.008431354075952918,0.38,0.41000000000000003,0.38,0.4,5279,0,0.004546315590073877,0.5330379,0.49960652,0.49963003,0.0872211456298828,0.18580231,0.39153817010797504,-0.0010001894298163894,0.0010001894298163894,16.430171769977594
2024-12-22,3643,0.39560143966660355,0.4,0.005381195976547042,0.39,0.41000000000000003,0.39,0.4,5279,0,0.021594999052850918,0.29396176,0.22679755,0.23810081,0.2727565765380859,0.18701956,0.39053798067815865,0.005063458988444902,0.005063458988444902,63.803833706746325
2024-12-23,3644,0.3910172381132791,0.39,0.007072238832300363,0.38,0.4,0.38,0.4,5279,0,0.0,0.22105965,-0.018463098,0.18112786,0.2453365325927734,0.22028708,0.39560143966660355,-0.004584201553324452,0.004584201553324452,59.297983569828226
2024-12-24,3645,0.39280356128054555,0.39,0.007081204267843034,0.38,0.41000000000000003,0.38,0.4,5279,0,0.019700700890320135,0.20931002,-0.09370078,0.16860461,0.0751094818115234,0.1871657,0.3910172381132791,0.001786323167266457,0.001786323167266457,27.458302215583767
2024-12-25,3646,0.4006516385679106,0.4,0.004254597890090498,0.39,0.41000000000000003,0.39,0.41000000000000003,5279,0,0.1252131085432847,0.40947223,-0.37831166,0.37831166,0.2845211029052734,0.15667844,0.39280356128054555,0.00784807728736503,0.00784807728736503,83.69429922827982
2024-12-26,3647,0.40317484372040163,0.4,0.004654976321641447,0.4,0.41000000000000003,0.4,0.41000000000000003,5279,0,0.3174843720401591,0.18018241,-0.118725285,0.1587342,0.2594509124755859,0.13553652,0.4006516385679106,0.002523205152491048,0.002523205152491048,37.06746328105551
2024-12-27,3648,0.39369767001326006,0.39,0.006071829333022996,0.38,0.41000000000000003,0.38,0.4,5279,0,0.01610153438151165,0.17379294,-0.032368623,0.14493437,0.0863208770751953,0.17075229,0.40317484372040163,-0.009477173707141573,0.009477173707141573,91.21234752302713
2024-12-28,3649,0.38736124265959465,0.39,0.00638391184248398,0.38,0.4,0.38,0.4,5279,0,0.0,0.18810903,0.050112512,0.15284052,0.0824813842773437,0.18131097,0.39369767001326006,-0.006336427353665408,0.006336427353665408,74.25939756036843
2024-12-29,3650,0.39348740291721923,0.39,0.004960478628891949,0.38,0.4,0.39,0.4,5279,0,0.0,0.21320337,0.14539276,0.17073552,0.0952205657958984,0.15593775,0.38736124265959465,0.00612616025762458,0.00612616025762458,72.41722678615884
2024-12-30,3651,0.3905682894487593,0.39,0.003390791594395183,0.38,0.4,0.39,0.4,5279,0,0.0,0.24425852,0.109067254,0.20528471,0.0362548828125,0.21855566,0.39348740291721923,-0.0029191134684599107,0.0029191134684599107,41.74757281553398
2024-12-31,3652,0.38080697101723804,0.38,0.005326297553395728,0.37,0.4,0.37,0.39,5279,0,0.0,0.3077333,0.18119968,0.24421483,0.0721645355224609,0.24872968,0.3905682894487593,-0.009761318431521282,0.009761318431521282,91.98406771222305
2025-01-01,3653,0.3832335669634401,0.38,0.0062755899602454975,0.37,0.4,0.37,0.39,5279,0,0.0,0.44736746,0.39472753,0.39654994,0.2135791778564453,0.21054243,0.38080697101723804,0.002426595946202037,0.002426595946202037,35.8974358974359
2025-01-02,3654,0.3962114036749384,0.4,0.00509110172959984,0.39,0.41000000000000003,0.39,0.4,5279,0,0.01193407842394393,0.48815954,0.4471002,0.4471002,0.05230712890625,0.19596039,0.3832335669634401,0.012977836711498325,0.012977836711498325,97.65994523276078
2025-01-03,3655,0.3936673612426596,0.39,0.007690251433081883,0.38,0.41000000000000003,0.38,0.41000000000000003,5279,0,0.08751657510892215,0.27115518,-0.2153447,0.23122637,0.6624870300292969,0.16477835,0.3962114036749384,-0.0025440424322787925,0.0025440424322787925,37.316405277570325
2025-01-04,3656,0.38630043568857736,0.38,0.008356603968815945,0.37,0.4,0.38,0.4,5279,0,0.0,0.19586866,-0.09653534,0.15342158,0.118875503540039,0.1704275,0.3936673612426596,-0.007366925554082249,0.007366925554082249,81.10530246452576
2025-01-05,3657,0.3889808675885585,0.39,0.005606214376361912,0.38,0.4,0.38,0.4,5279,0,0.0,0.2127316,-0.019486789,0.16572879,0.0770378112792968,0.2118372,0.38630043568857736,0.0026804318999811283,0.0026804318999811283,38.90963405526512
2025-01-06,3658,0.3981057018374692,0.4,0.004278986004918499,0.39,0.41000000000000003,0.39,0.4,5279,0,0.014775525667740102,0.21935782,0.08741002,0.16034436,0.1069011688232421,0.20118983,0.3889808675885585,0.009124834248910696,0.009124834248910696,90.34105053522529
2025-01-07,3659,0.40258192839552953,0.4,0.006113597798285347,0.39,0.41000000000000003,0.39,0.41000000000000003,5279,0,0.34930858117067626,0.09803425,0.0058650766,0.07807802,0.0815467834472656,0.09785859,0.3981057018374692,0.004476226558060348,0.004476226558060348,58.60094597958676
2025-01-08,3660,0.3927315779503694,0.39,0.007352910051133203,0.38,0.41000000000000003,0.38,0.4,5279,0,0.026141314642924796,0.31442532,-0.23127341,0.2721122,0.237152099609375,0.21301624,0.40258192839552953,-0.009850350445160139,0.009850350445160139,92.20811550908638
2025-01-09,3661,0.385506724758477,0.39,0.0069231090940792845,0.37,0.4,0.37,0.4,5279,0,0.0,0.36434755,-0.27268156,0.32437226,0.041421890258789,0.24164826,0.3927315779503694,-0.007224853191892366,0.007224853191892366,80.50784167289021
2025-01-10,3662,0.3892422807349877,0.39,0.0062826208441485645,0.38,0.4,0.38,0.4,5279,0,0.0,0.40929258,-0.32778502,0.34576872,0.0552425384521484,0.24510677,0.385506724758477,0.0037355559765106516,0.0037355559765106516,50.8588498879761
2025-01-11,3663,0.39301951127107415,0.39,0.006857809360230798,0.37,0.41000000000000003,0.38,0.4,5279,0,0.004925175222580034,0.17976537,-0.10758795,0.14504564,0.2203540802001953,0.1440153,0.3892422807349877,0.0037772305360864733,0.0037772305360864733,51.23226288274832
2025-01-12,3664,0.39103996969122945,0.39,0.006357871953914592,0.37,0.41000000000000003,0.38,0.4,5279,0,0.017995832544042432,0.17768884,0.118281454,0.15073301,0.2258243560791015,0.13260028,0.39301951127107415,-0.0019795415798447014,0.0019795415798447014,30.0721931789893
2025-01-13,3665,0.38785376018185264,0.39,0.006405255449891545,0.38,0.4,0.38,0.4,5279,0,0.0,0.3564219,0.26583916,0.27762625,0.1475467681884765,0.23741536,0.39103996969122945,-0.003186209509376814,0.003186209509376814,45.307443365695796
2025-01-14,3666,0.38364652396287174,0.38,0.007436087644281891,0.37,0.4,0.37,0.4,5279,0,0.0,0.4526914,0.35282138,0.36582506,0.0870513916015625,0.2836308,0.38785376018185264,-0.004207236218980892,0.004207236218980892,56.260891212347516
2025-01-15,3667,0.38453116120477354,0.38,0.006609484537098788,0.37,0.4,0.38,0.4,5279,0,0.0,0.4063699,0.34038407,0.34347954,0.0124759674072265,0.2219817,0.38364652396287174,0.0008846372419017978,0.0008846372419017978,14.538212596465025
2025-01-16,3668,0.3858685357075204,0.39,0.00541851001324121,0.38,0.4,0.38,0.39,5279,0,0.0,0.4511009,0.42788073,0.42788073,0.0875072479248046,0.14286458,0.38453116120477354,0.0013373745027468464,0.0013373745027468464,21.931789892954942
2025-01-17,3669,0.3888331123318811,0.39,0.0044600895230462925,0.38,0.4,0.38,0.39,5279,0,0.0,0.45279038,0.43112487,0.43112487,0.0032024383544921,0.1383846,0.3858685357075204,0.0029645766243607263,0.0029645766243607263,42.394822006472495
2025-01-18,3670,0.38599734798257246,0.39,0.00532917148708222,0.38,0.4,0.38,0.39,5279,0,0.0,0.36525077,0.3409214,0.3409214,0.0900859832763671,0.13107556,0.3888331123318811,-0.002835764349308656,0.002835764349308656,40.75180482947473
2025-01-19,3671,0.38686493654101156,0.39,0.008067891263286086,0.37,0.4,0.38,0.4,5279,0,0.0,0.23529716,0.20965742,0.20972498,0.1313934326171875,0.10681073,0.38599734798257246,0.000867588558439103,0.000867588558439103,14.239482200647249
2025-01-20,3672,0.38680242470164805,0.39,0.006796154169200119,0.38,0.4,0.38,0.4,5279,0,0.0,0.27601257,0.25795376,0.25795376,0.0483226776123046,0.09819726,0.38686493654101156,-6.251183936351046e-05,6.251183936351046e-05,2.0164301717699775
2025-01-21,3673,0.4025269937488162,0.4,0.00476955011852984,0.39,0.41000000000000003,0.4,0.41000000000000003,5279,0,0.2720212161394203,0.26073414,0.2520281,0.2520281,0.005929946899414,0.06681418,0.38680242470164805,0.015724569047168124,0.015724569047168124,99.45232760766741
2025-01-22,3674,0.406434930858117,0.41000000000000003,0.00533949529733513,0.39,0.41000000000000003,0.4,0.41000000000000003,5279,0,0.6713392688009092,0.21857108,0.18020326,0.18309478,0.0718250274658203,0.12369318,0.4025269937488162,0.003907937109300819,0.003907937109300819,52.72591486183719
2025-01-23,3675,0.4065485887478689,0.41000000000000003,0.005118695087498602,0.39,0.41000000000000003,0.4,0.41000000000000003,5279,0,0.6728547073309339,0.2570031,0.24928883,0.24928883,0.0691356658935546,0.062495463,0.406434930858117,0.00011365788975192803,0.00011365788975192803,3.037092357480707
2025-01-24,3676,0.40501989013070666,0.41000000000000003,0.006163967048716411,0.39,0.41000000000000003,0.39,0.41000000000000003,5279,0,0.5669634400454632,0.1533104,0.11172164,0.12549374,0.1375293731689453,0.10498697,0.4065485887478689,-0.0015286986171622607,0.0015286986171622607,24.22205626089121
2025-01-25,3677,0.3997158552756204,0.4,0.007031089228857929,0.39,0.41000000000000003,0.39,0.41000000000000003,5279,0,0.23337753362379238,0.33771402,0.29639772,0.30697417,0.1846523284912109,0.16186129,0.40501989013070666,-0.005304034855086237,0.005304034855086237,66.14388847398556
2025-01-26,3678,0.387169918545179,0.39,0.006332914991325895,0.38,0.4,0.38,0.4,5279,0,0.0,0.25074884,0.21463138,0.21731836,0.0818099975585937,0.12964669,0.3997158552756204,-0.01254593673044141,0.01254593673044141,97.26163803833707
2025-01-27,3679,0.3819833301761697,0.38,0.005535100981778145,0.37,0.4,0.37,0.39,5279,0,0.0,0.25512645,0.22476472,0.22508387,0.0101337432861328,0.12070776,0.387169918545179,-0.005186588369009315,0.005186588369009315,64.92407269106299
2025-01-28,3680,0.3808808486455768,0.38,0.005373069132925082,0.37,0.4,0.37,0.39,5279,0,0.0,0.26413825,0.21512887,0.22734223,0.0096149444580078,0.15326063,0.3819833301761697,-0.0011024815305928914,0.0011024815305928914,18.12297734627832
2025-01-29,3681,0.3779446864936541,0.38,0.0070341338698079875,0.37,0.4,0.37,0.39,5279,0,0.0,0.17210546,-0.055601873,0.13732168,0.2707977294921875,0.16287637,0.3808808486455768,-0.0029361621519227166,0.0029361621519227166,42.02140901170027
2025-01-30,3682,0.3818942981625308,0.38,0.007511524496425994,0.37,0.4,0.37,0.39,5279,0,0.0,0.20558952,-0.089800745,0.16888392,0.0340995788574218,0.18494004,0.3779446864936541,0.003949611668876696,0.003949611668876696,53.47274085138163
2025-01-31,3683,0.38388899412767563,0.38,0.005028031869597246,0.38,0.4,0.38,0.39,5279,0,0.0,0.1725282,-0.10648695,0.1465861,0.0166244506835937,0.13574447,0.3818942981625308,0.0019946959651448437,0.0019946959651448437,30.39581777445855
2025-02-01,3684,0.38249100208372794,0.38,0.004324919589558018,0.38,0.39,0.38,0.39,5279,0,0.0,0.15622571,-0.055762947,0.128834,0.0503768920898437,0.14593521,0.38388899412767563,-0.0013979920439476934,0.0013979920439476934,22.70351008215086
2025-02-02,3685,0.383815116499337,0.38,0.00490028536777333,0.37,0.4,0.38,0.39,5279,0,0.0,0.15908225,-0.08077056,0.13207915,0.0246639251708984,0.13705224,0.38249100208372794,0.0013241144156090345,0.0013241144156090345,21.608165297485684
2025-02-03,3686,0.3872286417882175,0.39,0.0056573067944920095,0.38,0.4,0.38,0.4,5279,0,0.0,0.27741548,-0.25356305,0.25356305,0.1728668212890625,0.112540156,0.383815116499337,0.0034135252888805034,0.0034135252888805034,47.672392332586504
2025-02-04,3687,0.382830081454821,0.38,0.006619564690062376,0.37,0.4,0.37,0.39,5279,0,0.0,0.2320095,-0.19557692,0.19829503,0.057830810546875,0.1248122,0.3872286417882175,-0.004398560333396473,0.004398560333396473,57.80433159073935
2025-02-05,3688,0.3814908126539117,0.38,0.006366457975927942,0.37,0.4,0.37,0.39,5279,0,0.0,0.16860306,-0.13740581,0.14858648,0.0582351684570312,0.0977069,0.382830081454821,-0.001339268800909288,0.001339268800909288,21.956684092606423
2025-02-06,3689,0.38246827050577753,0.38,0.0045385352064699356,0.38,0.4,0.38,0.39,5279,0,0.0,0.13820277,-0.069541216,0.11725767,0.0679264068603515,0.11943216,0.3814908126539117,0.000977457851865815,0.000977457851865815,16.13144137415982
2025-02-07,3690,0.3829342678537601,0.38,0.00466429755780633,0.38,0.4,0.38,0.39,5279,0,0.0,0.11745146,-0.015325984,0.09676734,0.0542201995849609,0.11644735,0.38246827050577753,0.00046599734798258297,0.00046599734798258297,8.414239482200648
2025-02-08,3691,0.37970827808297025,0.38,0.008048333206831002,0.37,0.4,0.37,0.39,5279,0,0.0,0.1386514,0.03872372,0.10800182,0.053985595703125,0.13313428,0.3829342678537601,-0.003225989770789861,0.003225989770789861,45.730644759770975
2025-02-09,3692,0.37987497632127293,0.38,0.006841887141536214,0.37,0.39,0.37,0.39,5279,0,0.0,0.14080286,0.023495361,0.11061106,0.0148525238037109,0.1388288,0.37970827808297025,0.00016669823830267605,0.00016669823830267605,3.7341299477221805
2025-02-10,3693,0.3861962492896382,0.39,0.005574083634164641,0.38,0.4,0.38,0.39,5279,0,0.0,0.14106911,0.063670404,0.11644493,0.0397281646728515,0.12588316,0.37987497632127293,0.006321272968365266,0.006321272968365266,74.1598207617625
2025-02-11,3694,0.39047357454063275,0.39,0.0037696523915275158,0.38,0.4,0.39,0.4,5279,0,0.0,0.1519754,0.066452116,0.11813451,0.0029125213623046,0.13667707,0.3861962492896382,0.004277325250994557,0.004277325250994557,56.90814040328603
2025-02-12,3695,0.38182420913051707,0.38,0.005417462907283624,0.37,0.4,0.37,0.39,5279,0,0.0,0.09023552,0.028648218,0.07352727,0.0377006530761718,0.08556703,0.39047357454063275,-0.008649365410115684,0.008649365410115684,87.9512073686831
2025-02-13,3696,0.3741163099071794,0.37,0.005946222751926787,0.37,0.39,0.37,0.39,5279,0,0.0,0.100843444,0.0135797905,0.08265229,0.0150985717773437,0.0999249,0.38182420913051707,-0.007707899223337644,0.007707899223337644,82.84789644012946
2025-02-14,3697,0.37601439666603526,0.37,0.006822831780229057,0.37,0.4,0.37,0.39,5279,0,0.0,0.13571627,-0.07772996,0.111168385,0.0913887023925781,0.11125205,0.3741163099071794,0.0018980867588558326,0.0018980867588558326,28.902165795369676
2025-02-15,3698,0.3855275620382648,0.39,0.0052065817942841056,0.38,0.4,0.38,0.39,5279,0,0.0,0.19754668,-0.12048742,0.16951594,0.0427818298339843,0.15654874,0.37601439666603526,0.00951316537222957,0.00951316537222957,91.31192432163306
2025-02-16,3699,0.3933870051146051,0.39,0.00505773352528002,0.38,0.4,0.39,0.4,5279,0,0.0,0.3098076,0.21202695,0.2585217,0.3325042724609375,0.2258871,0.3855275620382648,0.007859443076340289,0.007859443076340289,83.81877022653723
2025-02-17,3700,0.3897329039590831,0.39,0.006218284098421454,0.38,0.4,0.38,0.4,5279,0,0.0,0.23328489,-0.08416945,0.17757018,0.2961711883544922,0.21757153,0.3933870051146051,-0.003654101155522005,0.003654101155522005,49.98755290017426
2025-02-18,3701,0.38174654290585336,0.38,0.006630691387180324,0.37,0.4,0.37,0.39,5279,0,0.0,0.47255218,-0.45815232,0.4603821,0.3740711212158203,0.11576726,0.3897329039590831,-0.007986361053229751,0.007986361053229751,84.41623101817277
2025-02-19,3702,0.37623034665656374,0.38,0.0068428064759323524,0.37,0.39,0.37,0.39,5279,0,0.0,0.36337116,-0.35646734,0.35646734,0.1017475128173828,0.070495866,0.38174654290585336,-0.005516196249289618,0.005516196249289618,67.53796365446851
2025-02-20,3703,0.3835252888804698,0.38,0.005413291681573169,0.37,0.4,0.38,0.39,5279,0,0.0,0.28712183,-0.2688569,0.26981378,0.0876636505126953,0.100771174,0.37623034665656374,0.007294942223906031,0.007294942223906031,80.73188946975355
2025-02-21,3704,0.39436256866830843,0.39,0.005035017434169441,0.38,0.4,0.39,0.4,5279,0,0.0,0.30954343,-0.29315054,0.29315054,0.0242900848388671,0.09939801,0.3835252888804698,0.01083727978783866,0.01083727978783866,94.84690067214339
2025-02-22,3705,0.39076908505398755,0.39,0.0062570666953157,0.38,0.41000000000000003,0.38,0.4,5279,0,0.007008903201363895,0.10611697,-0.041613612,0.08517839,0.2514972686767578,0.09761729,0.39436256866830843,-0.0035934836143208804,0.0035934836143208804,49.31540950958427
2025-02-23,3706,0.38062132979731006,0.38,0.006218872678738438,0.37,0.4,0.37,0.39,5279,0,0.0,0.2162748,0.16188991,0.17935297,0.2035484313964843,0.14341015,0.39076908505398755,-0.010147755256677493,0.010147755256677493,93.00472989793379
2025-02-24,3707,0.38805266148891837,0.39,0.0058031965655246645,0.38,0.4,0.38,0.4,5279,0,0.0,0.21006188,0.17776443,0.17987712,0.0159282684326171,0.11191851,0.38062132979731006,0.007431331691608312,0.007431331691608312,81.40403286034355
2025-02-25,3708,0.3831236976700132,0.38,0.004679341317134617,0.38,0.4,0.38,0.39,5279,0,0.0,0.1892276,-0.15738237,0.1671518,0.3351688385009765,0.105061166,0.38805266148891837,-0.004928963818905174,0.004928963818905174,62.50933532486931
2025-02-26,3709,0.3773290395908316,0.38,0.00579597972624705,0.37,0.39,0.37,0.39,5279,0,0.0,0.1311187,-0.06785344,0.11148702,0.0894718170166015,0.1121963,0.3831236976700132,-0.005794658079181614,0.005794658079181614,69.62907642519292
2025-02-27,3710,0.37748626633832166,0.38,0.006872623380696084,0.37,0.39,0.37,0.39,5279,0,0.0,0.124442644,-0.059278514,0.10404486,0.0085792541503906,0.10941682,0.3773290395908316,0.00015722674749008014,0.00015722674749008014,3.634553149116256
2025-02-28,3711,0.3792574351202879,0.38,0.007698735829481384,0.37,0.4,0.37,0.39,5279,0,0.0,0.124472946,-0.07239283,0.1005129,0.0131263732910156,0.1012561,0.37748626633832166,0.0017711687819662592,0.0017711687819662592,27.2840428180234
2025-03-01,3712,0.382555408221254,0.38,0.0050424893479948645,0.37,0.4,0.38,0.39,5279,0,0.0,0.14904068,-0.06371051,0.11798561,0.0086727142333984,0.13473707,0.3792574351202879,0.0032979731009660784,0.0032979731009660784,46.40278815036097
2025-03-02,3713,0.38451979541579845,0.38,0.005203887711663215,0.38,0.4,0.38,0.39,5279,0,0.0,0.1370453,-0.08262072,0.113204606,0.0189418792724609,0.109339945,0.382555408221254,0.001964387194544448,0.001964387194544448,29.873039581777444
2025-03-03,3714,0.383754498958136,0.38,0.005400880262101609,0.38,0.4,0.38,0.39,5279,0,0.0,0.12156697,-0.03832738,0.09703272,0.0443191528320312,0.11536695,0.38451979541579845,-0.0007652964576624344,0.0007652964576624344,12.77072442120986
2025-03-04,3715,0.37771737071415046,0.38,0.0076877191780984,0.37,0.4,0.37,0.39,5279,0,0.0,0.14840089,0.1069222,0.12119967,0.1452293395996093,0.10291005,0.383754498958136,-0.006037128243985557,0.006037128243985557,71.72018919591736
2025-03-05,3716,0.38483046031445345,0.38,0.006155515393814299,0.38,0.4,0.38,0.4,5279,0,0.0,0.40581417,0.36546522,0.36546546,0.2585945129394531,0.17640856,0.37771737071415046,0.007113089600302991,0.007113089600302991,79.8854866816032
2025-03-06,3717,0.3921443455199849,0.39,0.004424141368086438,0.38,0.4,0.39,0.4,5279,0,0.0,0.4542766,0.38116184,0.3877812,0.0156993865966796,0.24715145,0.38483046031445345,0.007313885205531445,0.007313885205531445,80.88125466766243
2025-03-07,3718,0.38313506345898846,0.38,0.004744159223984362,0.38,0.4,0.38,0.39,5279,0,0.0,0.10683177,0.013832562,0.07780319,0.3673133850097656,0.105932355,0.3921443455199849,-0.009009282060996437,0.009009282060996437,89.86806074184715
2025-03-08,3719,0.37566584580412954,0.38,0.0057680517432461284,0.37,0.39,0.37,0.38,5279,0,0.0,0.0867974,-0.009787848,0.06714955,0.0236701965332031,0.08624378,0.38313506345898846,-0.007469217654858917,0.007469217654858917,81.57829225790391
2025-03-09,3720,0.37929342678537603,0.38,0.0067575735669877235,0.37,0.39,0.37,0.39,5279,0,0.0,0.14306489,0.09346539,0.11270539,0.1032447814941406,0.108313285,0.37566584580412954,0.003627580981246492,0.003627580981246492,49.663928304705
2025-03-10,3721,0.3846751278651259,0.38,0.0062743044281990045,0.38,0.4,0.38,0.4,5279,0,0.0,0.13313498,0.082878016,0.10637681,0.0105953216552734,0.10419295,0.37929342678537603,0.00538170107974989,0.00538170107974989,66.66666666666666
2025-03-11,3722,0.381909452547831,0.38,0.003935276662338053,0.38,0.4,0.38,0.39,5279,0,0.0,0.17212771,-0.11002084,0.14591675,0.1928329467773437,0.132376,0.3846751278651259,-0.0027656753172949355,0.0027656753172949355,39.75603684341548
2025-03-12,3723,0.38202879333207046,0.38,0.004021433940331622,0.38,0.39,0.38,0.39,5279,0,0.0,0.25874397,-0.22948368,0.23462112,0.1195144653320312,0.11952311,0.381909452547831,0.00011934078423947447,0.00011934078423947447,3.0868807567836694
2025-03-13,3724,0.3833150217844289,0.38,0.005204423468130818,0.37,0.4,0.38,0.39,5279,0,0.0,0.18331406,-0.13161863,0.15483625,0.0979690551757812,0.12759519,0.38202879333207046,0.0012862284523584289,0.0012862284523584289,21.010704505850136
2025-03-14,3725,0.38143777230536086,0.38,0.006005416955522907,0.37,0.4,0.37,0.39,5279,0,0.0,0.1277827,-0.062280618,0.099379696,0.0692691802978515,0.111577556,0.3833150217844289,-0.0018772494790680327,0.0018772494790680327,28.653223798854867
2025-03-15,3726,0.37984277325251,0.38,0.00587437956322282,0.37,0.4,0.37,0.39,5279,0,0.0,0.13991727,-0.04733642,0.112746686,0.0150012969970703,0.1316666,0.38143777230536086,-0.0015949990528508762,0.0015949990528508762,25.24271844660194
2025-03-16,3727,0.38531540064406133,0.38,0.005658894196293253,0.38,0.4,0.38,0.39,5279,0,0.0,0.15099335,-0.063981235,0.12660429,0.0166549682617187,0.1367675,0.37984277325251,0.005472627391551355,0.005472627391551355,67.26412745830221
2025-03-17,3728,0.38561469975374124,0.39,0.005393763795006523,0.37,0.4,0.38,0.39,5279,0,0.0,0.33634052,-0.31478179,0.31497765,0.2508449554443359,0.118479215,0.38531540064406133,0.0002992991096799069,0.0002992991096799069,5.7505601194921585
2025-03-18,3729,0.3788994127675696,0.38,0.007019384145012771,0.37,0.4,0.37,0.39,5279,0,0.0,0.319293,-0.30370542,0.30479607,0.0111083984375,0.09854687,0.38561469975374124,-0.006715286986171631,0.006715286986171631,77.04754792133433
2025-03-19,3730,0.38393256298541384,0.38,0.005640623237065287,0.37,0.4,0.38,0.39,5279,0,0.0,0.38765603,-0.37610185,0.37610292,0.0724430084228515,0.09393683,0.3788994127675696,0.005033150217844229,0.005033150217844229,63.330843913368184
2025-03-20,3731,0.38415609016859253,0.38,0.005027211079810542,0.37,0.4,0.38,0.39,5279,0,0.0,0.26305923,-0.23985597,0.24204816,0.1362743377685547,0.10802453,0.38393256298541384,0.00022352718317869558,0.00022352718317869558,4.431167537963654
2025-03-21,3732,0.3776075014207236,0.38,0.005062270749184106,0.37,0.39,0.37,0.38,5279,0,0.0,0.28034496,-0.2429566,0.25266024,0.003143310546875,0.1398769,0.38415609016859253,-0.006548588747868955,0.006548588747868955,75.67836694050285
2025-03-22,3733,0.38345141125213106,0.38,0.00475414270820448,0.38,0.39,0.38,0.39,5279,0,0.0,0.22818916,-0.20249496,0.2039155,0.0405006408691406,0.105195254,0.3776075014207236,0.005843909831407479,0.005843909831407479,69.9278068210107
2025-03-23,3734,0.3898768706194355,0.39,0.007802981807040598,0.38,0.41000000000000003,0.38,0.4,5279,0,0.004925175222580034,0.14975375,0.08132045,0.106866606,0.2837467193603515,0.1257504,0.38345141125213106,0.006425459367304431,0.006425459367304431,74.9564351506099
2025-03-24,3735,0.3906383784807728,0.39,0.009186958237185438,0.38,0.41000000000000003,0.38,0.41000000000000003,5279,0,0.08202311043758287,0.42358112,0.33642277,0.33667412,0.2551288604736328,0.25737268,0.3898768706194355,0.0007615078613373294,0.0007615078613373294,12.745830221558377
2025-03-25,3736,0.39625876112900177,0.4,0.008020745646807369,0.38,0.41000000000000003,0.38,0.41000000000000003,5279,0,0.1540064406137526,0.42219368,0.31178862,0.32505202,0.0245094299316406,0.2846673,0.3906383784807728,0.00562038264822895,0.00562038264822895,68.43415484192184
2025-03-26,3737,0.39875165751089225,0.4,0.005253083832496582,0.38,0.41000000000000003,0.39,0.41000000000000003,5279,0,0.08297025951884826,0.1173736,-0.0815403,0.10020491,0.39349365234375,0.084425956,0.39625876112900177,0.002492896381890486,0.002492896381890486,36.74383868558626
2025-03-27,3738,0.3849630611858306,0.38,0.005115965244680313,0.38,0.4,0.38,0.39,5279,0,0.0,0.31522137,-0.22039637,0.28554386,0.1388111114501953,0.22536659,0.39875165751089225,-0.01378859632506163,0.01378859632506163,98.43166542195668
2025-03-28,3739,0.38029172191702976,0.38,0.003534549210624873,0.37,0.39,0.38,0.39,5279,0,0.0,0.35683724,-0.24618872,0.32436812,0.0257682800292968,0.2583105,0.3849630611858306,-0.004671339268800867,0.004671339268800867,60.094597958675635
2025-03-29,3740,0.382309149460125,0.38,0.004223161765615403,0.38,0.4,0.38,0.39,5279,0,0.0,0.3708399,-0.34647757,0.3475047,0.1002254486083984,0.13219573,0.38029172191702976,0.0020174275430952515,0.0020174275430952515,30.694548170276327
2025-03-30,3741,0.3818185262360295,0.38,0.0038670397742548448,0.38,0.4,0.38,0.39,5279,0,0.0,0.29481345,-0.24621809,0.250024,0.1001701354980468,0.16214667,0.382309149460125,-0.0004906232240954878,0.0004906232240954878,8.762758277321383
2025-03-31,3742,0.3813468459935594,0.38,0.0034138637648897054,0.38,0.39,0.38,0.39,5279,0,0.0,0.27759486,-0.24821803,0.24862497,0.002054214477539,0.124284916,0.3818185262360295,-0.0004716802424701294,0.0004716802424701294,8.439133681852129
2025-04-01,3743,0.38195870430005674,0.38,0.003968692538545561,0.38,0.39,0.38,0.39,5279,0,0.0,0.26143932,-0.23662579,0.23833908,0.0117778778076171,0.111169346,0.3813468459935594,0.0006118583064973482,0.0006118583064973482,10.380881254667662
2025-04-02,3744,0.3809945065353287,0.38,0.006547057294218241,0.37,0.4,0.37,0.39,5279,0,0.0,0.22714692,-0.18334834,0.19655018,0.0530738830566406,0.13408643,0.38195870430005674,-0.0009641977647280586,0.0009641977647280586,15.832710978342046
2025-04-03,3745,0.382894487592347,0.38,0.005160287939768281,0.37,0.4,0.38,0.39,5279,0,0.0,0.124564216,-0.057505697,0.10329336,0.1259670257568359,0.110495806,0.3809945065353287,0.0018999810570183295,0.0018999810570183295,28.95195419467264
2025-04-04,3746,0.38588747868914564,0.39,0.006426425989797129,0.38,0.4,0.38,0.4,5279,0,0.0,0.15198189,0.049349125,0.1263166,0.1067428588867187,0.14374684,0.382894487592347,0.002992991096798625,0.002992991096798625,42.693552402290265
2025-04-05,3747,0.38294373934457276,0.38,0.004764868963856581,0.38,0.4,0.38,0.39,5279,0,0.0,0.15306619,-0.0312784,0.12149554,0.0805797576904296,0.14983633,0.38588747868914564,-0.002943739344572871,0.002943739344572871,42.09609161065472
2025-04-06,3748,0.37924417503315017,0.38,0.005036037178628944,0.37,0.39,0.37,0.39,5279,0,0.0,0.11042934,0.021540103,0.089269966,0.0529289245605468,0.108308196,0.38294373934457276,-0.0036995643114225985,0.0036995643114225985,50.48543689320388
2025-04-07,3749,0.3806308012881227,0.38,0.005484646494535725,0.37,0.4,0.37,0.39,5279,0,0.0,0.20008352,0.1546436,0.16892046,0.1330127716064453,0.12695943,0.37924417503315017,0.001386626254972545,0.001386626254972545,22.628827483196414
2025-04-08,3750,0.38659973479825727,0.39,0.0051436135818906685,0.38,0.4,0.38,0.39,5279,0,0.0,0.15964253,0.082249,0.1295257,0.0723686218261718,0.1368242,0.3806308012881227,0.005968933510134555,0.005968933510134555,71.17251680358476
2025-04-09,3751,0.3891721917029741,0.39,0.00333977498331735,0.38,0.4,0.38,0.39,5279,0,0.0,0.37189573,-0.32018608,0.33888566,0.4024295806884765,0.18917574,0.38659973479825727,0.0025724569047168577,0.0025724569047168577,37.6151356733881
2025-04-10,3752,0.38703163477931435,0.39,0.006188699638758044,0.38,0.4,0.38,0.4,5279,0,0.0,0.34706175,-0.32008854,0.3210692,8.0108642578125e-05,0.13414666,0.3891721917029741,-0.0021405569236597755,0.0021405569236597755,32.362459546925564
2025-04-11,3753,0.3824228073498769,0.38,0.0043678268447722435,0.38,0.4,0.38,0.39,5279,0,0.0,0.3201627,-0.29551956,0.29744464,0.024566650390625,0.12317831,0.38703163477931435,-0.004608827429437468,0.004608827429437468,59.67139656460044
2025-04-12,3754,0.38042621708656943,0.38,0.005982563087972905,0.37,0.39,0.37,0.39,5279,0,0.0,0.17439452,-0.13825661,0.1567619,0.1572132110595703,0.10629451,0.3824228073498769,-0.0019965902633074517,0.0019965902633074517,30.445606173761515
2025-04-13,3755,0.38158363326387573,0.38,0.0057140423153943885,0.37,0.4,0.37,0.39,5279,0,0.0,0.20517072,-0.16938858,0.17627865,0.0311355590820312,0.11576941,0.38042621708656943,0.001157416177306303,0.001157416177306303,18.919591735125714
2025-04-14,3756,0.38312938056450085,0.38,0.004868076498584281,0.37,0.4,0.38,0.39,5279,0,0.0,0.32036686,-0.27517077,0.28952977,0.1057987213134765,0.16406088,0.38158363326387573,0.0015457473006251221,0.0015457473006251221,24.446104057754543
2025-04-15,3757,0.3824095472627391,0.38,0.004294310010819001,0.38,0.4,0.38,0.39,5279,0,0.0,0.2520587,-0.20081745,0.223001,0.0744380950927734,0.15233478,0.38312938056450085,-0.0007198333017617298,0.0007198333017617298,12.123475230271346
2025-04-16,3758,0.38200037885963245,0.38,0.005132751794279413,0.37,0.4,0.38,0.39,5279,0,0.0,0.1709922,-0.12706934,0.1513545,0.0737667083740234,0.11441889,0.3824095472627391,-0.00040916840310667446,0.00040916840310667446,7.493154095095843
2025-04-17,3759,0.38132600871377154,0.38,0.006353809253171407,0.37,0.4,0.37,0.39,5279,0,0.0,0.25742665,-0.2289816,0.23342593,0.1019973754882812,0.117626585,0.38200037885963245,-0.0006743701458609141,0.0006743701458609141,11.476226039332836
2025-04-18,3760,0.38323356696343996,0.38,0.005374813255240923,0.38,0.4,0.38,0.39,5279,0,0.0,0.32427233,-0.2930221,0.29885456,0.06390380859375,0.13889152,0.38132600871377154,0.0019075582496684285,0.0019075582496684285,29.05153099327857
2025-04-19,3761,0.38411062701269183,0.38,0.005149763047726962,0.38,0.4,0.38,0.39,5279,0,0.0,0.17742307,-0.06891719,0.12494492,0.2239055633544922,0.16349119,0.38323356696343996,0.0008770600492518654,0.0008770600492518654,14.413741598207618
2025-04-20,3762,0.3841068384163667,0.38,0.005056298751314436,0.38,0.4,0.38,0.39,5279,0,0.0,0.07587543,-0.007952768,0.062753834,0.0610332489013671,0.07545744,0.38411062701269183,-3.788596325104976e-06,3.788596325104976e-06,0.7219317898929549
2025-04-21,3763,0.37994317105512404,0.38,0.005967375966587246,0.37,0.4,0.37,0.39,5279,0,0.0,0.18445532,-0.16484627,0.16524056,0.1568126678466797,0.082761995,0.3841068384163667,-0.0041636673612426844,0.0041636673612426844,55.86258401792382
2025-04-22,3764,0.37766433036559954,0.38,0.007504512671657537,0.37,0.4,0.37,0.39,5279,0,0.0,0.27962667,-0.25955114,0.25967333,0.0947132110595703,0.10404064,0.37994317105512404,-0.0022788406895244973,0.0022788406895244973,34.08015932287777
2025-04-23,3765,0.38562038264822884,0.38,0.006591240331328591,0.38,0.4,0.38,0.4,5279,0,0.0,0.25701958,-0.24281089,0.24281996,0.0167522430419921,0.08427248,0.37766433036559954,0.0079560522826293,0.0079560522826293,84.29176001991536
2025-04-24,3766,0.3955824966849782,0.4,0.004965953847146531,0.39,0.4,0.39,0.4,5279,0,0.0,0.20761967,-0.19203316,0.19587533,0.0507564544677734,0.07892562,0.38562038264822884,0.009962114036749348,0.009962114036749348,92.35748070699526
2025-04-25,3767,0.3852453116120477,0.39,0.004993978595568326,0.38,0.39,0.38,0.39,5279,0,0.0,0.26991877,-0.23877846,0.24229448,0.0467128753662109,0.12586136,0.3955824966849782,-0.010337185072930466,0.010337185072930466,93.57729648991786
2025-04-26,3768,0.3852491002083728,0.38,0.0061773902467509335,0.38,0.4,0.38,0.4,5279,0,0.0,0.23410319,-0.2055155,0.21376167,0.0330829620361328,0.11210557,0.3852453116120477,3.7885963250494648e-06,3.7885963250494648e-06,0.6721433905899925
2025-04-27,3769,0.3856563743133169,0.38,0.0070998168777608416,0.38,0.4,0.38,0.4,5279,0,0.0,0.20886327,-0.16729026,0.18424267,0.0383872985839843,0.12505142,0.3852491002083728,0.000407274104944122,0.000407274104944122,7.4184714961413984
2025-04-28,3770,0.3921254025383596,0.39,0.004861268841068379,0.38,0.4,0.39,0.4,5279,0,0.0,0.12559415,-0.01857856,0.103303716,0.1487312316894531,0.1242124,0.3856563743133169,0.0064690282250426945,0.0064690282250426945,75.20537714712472
2025-04-29,3771,0.3907482477741998,0.39,0.004658125017444464,0.38,0.41000000000000003,0.38,0.4,5279,0,0.0022731577950369387,0.17080608,-0.13659573,0.15104987,0.1180381774902343,0.10254919,0.3921254025383596,-0.0013771547641597826,0.0013771547641597826,22.404779686333086
2025-04-30,3772,0.38267096040916837,0.38,0.005055843824519929,0.38,0.4,0.38,0.39,5279,0,0.0,0.24379006,-0.2184459,0.21970193,0.0818710327148437,0.108236946,0.3907482477741998,-0.008077287365031438,0.008077287365031438,84.88922081155091
2025-05-01,3773,0.3759007387762834,0.37,0.0067943011665848796,0.37,0.39,0.37,0.39,5279,0,0.0,0.10795033,-0.06108512,0.09296887,0.1573467254638672,0.08900484,0.38267096040916837,-0.006770221632884987,0.006770221632884987,77.34627831715211
2025-05-02,3774,0.3782345141125213,0.38,0.0066170901524292254,0.37,0.4,0.37,0.39,5279,0,0.0,0.09296388,-0.01768431,0.07805669,0.043466567993164,0.091266334,0.3759007387762834,0.0023337753362379088,0.0023337753362379088,34.727408513816286
2025-05-03,3775,0.38392309149460124,0.38,0.005688990226954904,0.38,0.4,0.38,0.39,5279,0,0.0,0.23080404,-0.18868202,0.19192402,0.1710472106933593,0.1329269,0.3782345141125213,0.005688577382079951,0.005688577382079951,68.78267363704256
2025-05-04,3776,0.38895813601060814,0.39,0.00437557125452633,0.38,0.4,0.38,0.39,5279,0,0.0,0.29524687,-0.23010747,0.25345466,0.0414352416992187,0.18498994,0.38392309149460124,0.005035044516006892,0.005035044516006892,63.380632312671146
2025-05-05,3777,0.3835309717749574,0.38,0.004779325901633845,0.38,0.39,0.38,0.39,5279,0,0.0,0.3177187,-0.25883391,0.27058172,0.0285282135009765,0.18425559,0.38895813601060814,-0.005427164235650761,0.005427164235650761,67.0400796614389
2025-05-06,3778,0.3799128622845236,0.38,0.005417935818904533,0.37,0.39,0.37,0.39,5279,0,0.0,0.2449112,-0.2072047,0.21512866,0.0513820648193359,0.13056667,0.3835309717749574,-0.003618109490433785,0.003618109490433785,49.5394573064476
2025-05-07,3779,0.3806042811138473,0.38,0.006548409836443141,0.37,0.4,0.37,0.39,5279,0,0.0,0.13751154,-0.02970872,0.113308884,0.1777400970458984,0.13426404,0.3799128622845236,0.00069141882932372,0.00069141882932372,11.675379636544685
2025-05-08,3780,0.38695396855465053,0.39,0.005823374497629698,0.38,0.4,0.38,0.4,5279,0,0.0,0.15465629,0.09101298,0.12522578,0.1205425262451171,0.12504107,0.3806042811138473,0.00634968744080322,0.00634968744080322,74.33408015932288
2025-05-09,3781,0.40101344951695395,0.4,0.003957484919552062,0.39,0.41000000000000003,0.4,0.41000000000000003,5279,0,0.13411630990717938,0.21996078,0.16918702,0.1754827,0.0780601501464843,0.1405647,0.38695396855465053,0.014059480962303417,0.014059480962303417,98.63081901916854
2025-05-10,3782,0.40918355749194923,0.41000000000000003,0.0027382196244193887,0.4,0.41000000000000003,0.4,0.41000000000000003,5279,0,0.9183557491949232,0.8748371,0.84929913,0.84929913,0.6802463531494141,0.20983489,0.40101344951695395,0.008170107974995289,0.008170107974995289,85.36221060492906
2025-05-11,3783,0.4099659026330745,0.41000000000000003,0.0005829331340936845,0.4,0.41000000000000003,0.41000000000000003,0.41000000000000003,5279,0,0.9965902633074446,0.5900955,0.5171254,0.5176506,0.3322639465332031,0.28424123,0.40918355749194923,0.0007823451411252402,0.0007823451411252402,13.01966641772467
2025-05-12,3784,0.4100000000000001,0.41000000000000003,5.551115123125783e-17,0.41000000000000003,0.41000000000000003,0.41000000000000003,0.41000000000000003,5279,0,1.0,0.41999868,0.33849475,0.3553198,0.1785793304443359,0.2486365,0.4099659026330745,3.4097366925611716e-05,3.4097366925611716e-05,1.5185461787403536
2025-05-13,3785,0.4074445917787461,0.41000000000000003,0.004361647743145659,0.4,0.41000000000000003,0.4,0.41000000000000003,5279,0,0.7444591778745975,0.30453542,0.28981128,0.28981128,0.0486640930175781,0.09354741,0.4100000000000001,-0.0025554082212539964,0.0025554082212539964,37.41598207617625
2025-05-14,3786,0.40375071036181104,0.4,0.00542450528560078,0.39,0.41000000000000003,0.4,0.41000000000000003,5279,0,0.40500094714908125,0.12592402,-0.0015893561,0.10862867,0.2914352416992187,0.12591398,0.4074445917787461,-0.003693881416935052,0.003693881416935052,50.43564849390092
2025-05-15,3787,0.39690661110058734,0.4,0.007588400027588569,0.38,0.41000000000000003,0.39,0.41000000000000003,5279,0,0.179200606175412,0.1391448,0.028682297,0.10811595,0.0302543640136718,0.13615656,0.40375071036181104,-0.006844099261223702,0.006844099261223702,77.96863330843914
2025-05-16,3788,0.39276378101913245,0.39,0.009553157673984854,0.38,0.41000000000000003,0.38,0.41000000000000003,5279,0,0.12767569615457472,0.17281294,0.10577574,0.1253438,0.0770988464355468,0.13665919,0.39690661110058734,-0.004142830081454885,0.004142830081454885,55.663430420711975
2025-05-17,3789,0.3966944497063838,0.39,0.007712613043427179,0.38,0.41000000000000003,0.39,0.41000000000000003,5279,0,0.18526236029551052,0.18401423,0.13073324,0.13632664,0.0250263214111328,0.12949868,0.39276378101913245,0.0039306686872513374,0.0039306686872513374,53.07443365695793
2025-05-18,3790,0.3978651259708278,0.4,0.00413450612253664,0.39,0.41000000000000003,0.39,0.4,5279,0,0.0015154385300246258,0.22346584,0.18546714,0.18546714,0.05474853515625,0.12465554,0.3966944497063838,0.0011706762644440039,0.0011706762644440039,19.21832213094349
2025-05-19,3791,0.3890244364462967,0.39,0.0030675864619809957,0.38,0.4,0.38,0.39,5279,0,0.0,0.20657188,0.11912084,0.14797786,0.0664577484130859,0.16876647,0.3978651259708278,-0.008840689524531098,0.008840689524531098,89.07144635299974
2025-05-20,3792,0.3817143398370903,0.38,0.0037688774580594436,0.38,0.39,0.38,0.39,5279,0,0.0,0.22873439,0.14198232,0.16993704,0.0228862762451171,0.17933348,0.3890244364462967,-0.007310096609206396,0.007310096609206396,80.83146626835948
2025-05-21,3793,0.3823299867399128,0.38,0.004227414007517939,0.38,0.39,0.38,0.39,5279,0,0.0,0.22419716,0.13489452,0.16388565,0.0071315765380859,0.17907485,0.3817143398370903,0.0006156469028225087,0.0006156469028225087,10.505352252925068
2025-05-22,3794,0.3877723053608638,0.39,0.006423258655893828,0.38,0.4,0.38,0.4,5279,0,0.0,0.36838105,0.24370398,0.28435826,0.1088428497314453,0.27624875,0.3823299867399128,0.005442318620951014,0.005442318620951014,67.08986806074184
2025-05-23,3795,0.38841447243796184,0.39,0.005306108706141481,0.38,0.4,0.38,0.4,5279,0,0.0,0.5350875,0.4289385,0.43064597,0.1852893829345703,0.3198921,0.3877723053608638,0.0006421670770980215,0.0006421670770980215,10.804082648742842
2025-05-24,3796,0.39725326766433033,0.4,0.005935378167070062,0.38,0.41000000000000003,0.39,0.4,5279,0,0.031445349498010984,0.36445832,0.28215274,0.2879748,0.1469497680664062,0.23069414,0.38841447243796184,0.00883879522636849,0.00883879522636849,89.04655215334827
2025-05-25,3797,0.38247963629475273,0.38,0.004619271607522806,0.38,0.4,0.38,0.39,5279,0,0.0,0.453466,0.39339244,0.39918536,0.1113491058349609,0.2255528,0.39725326766433033,-0.0147736313695776,0.0147736313695776,98.95444361463778
2025-05-26,3798,0.3735518090547452,0.37,0.005420446725311243,0.37,0.39,0.37,0.38,5279,0,0.0,0.46250317,0.40117016,0.40483242,0.0078010559082031,0.2301573,0.38247963629475273,-0.008927827240007513,0.008927827240007513,89.44485934777197
2025-05-27,3799,0.3797063837848077,0.38,0.0043095970135390155,0.37,0.39,0.37,0.39,5279,0,0.0,0.42807657,0.3780185,0.37814993,0.0231151580810546,0.20087586,0.3735518090547452,0.006154574730062479,0.006154574730062479,72.79063978093104
2025-05-28,3800,0.39038833112331883,0.39,0.0024038203317601156,0.38,0.4,0.39,0.39,5279,0,0.0,0.30493182,0.23470359,0.24052069,0.1433372497558593,0.194672,0.3797063837848077,0.010681947338511133,0.010681947338511133,94.59795867562858
2025-05-29,3801,0.3955806023868157,0.4,0.006002390344155293,0.38,0.41000000000000003,0.39,0.4,5279,0,0.026330744459177876,0.29570693,0.08393945,0.24806067,0.1507511138916015,0.28354287,0.39038833112331883,0.0051922712634968615,0.0051922712634968615,65.02364948966891
2025-05-30,3802,0.3880734987687063,0.39,0.006308773398938624,0.38,0.41000000000000003,0.38,0.4,5279,0,0.00018942981625307822,0.28023532,0.12426538,0.20674188,0.0403003692626953,0.25117764,0.3955806023868157,-0.007507103618109412,0.007507103618109412,81.85212845407021
2025-05-31,3803,0.38904906232240954,0.39,0.007916335254893646,0.38,0.41000000000000003,0.38,0.4,5279,0,0.007956052282629286,0.19328004,-0.012810068,0.16098334,0.1370582580566406,0.1928551,0.3880734987687063,0.0009755635537032625,0.0009755635537032625,16.08165297485686
2025-06-01,3804,0.3971206667929532,0.4,0.007082900647227638,0.38,0.41000000000000003,0.39,0.41000000000000003,5279,0,0.14491380943360485,0.22728096,0.16318314,0.19088441,0.1759986877441406,0.15820178,0.38904906232240954,0.00807160447054367,0.00807160447054367,84.86432661189943
2025-06-02,3805,0.40611100587232435,0.41000000000000003,0.0050543353889942735,0.39,0.41000000000000003,0.4,0.41000000000000003,5279,0,0.6200037885963251,0.4313911,0.42065203,0.42065203,0.2575359344482422,0.095651664,0.3971206667929532,0.008990339079371135,0.008990339079371135,89.74358974358975
2025-06-03,3806,0.4092119719643872,0.41000000000000003,0.0026943073639093757,0.4,0.41000000000000003,0.4,0.41000000000000003,5279,0,0.9211971964387194,0.649904,0.64384156,0.64384156,0.2230758666992187,0.08856654,0.40611100587232435,0.00310096609206284,0.00310096609206284,44.21209858103062
2025-06-04,3807,0.40417882174654296,0.4,0.004932105663512208,0.4,0.41000000000000003,0.4,0.41000000000000003,5279,0,0.41788217465429056,0.3491255,0.31698897,0.31698897,0.3267993927001953,0.1463099,0.4092119719643872,-0.005033150217844229,0.005033150217844229,63.330843913368184
2025-06-05,3808,0.39021405569236606,0.39,0.0014473206570160978,0.39,0.4,0.39,0.39,5279,0,0.0,0.16914529,-0.020577474,0.14311703,0.3376235961914062,0.16788876,0.40417882174654296,-0.013964766054176903,0.013964766054176903,98.55613642021409
2025-06-06,3809,0.38080886531540065,0.38,0.0027266077927615975,0.38,0.39,0.38,0.39,5279,0,0.0,0.19107302,0.104113236,0.13620201,0.1246147155761718,0.16021657,0.39021405569236606,-0.009405190376965411,0.009405190376965411,91.03808812546677
2025-06-07,3810,0.3800151543853002,0.38,0.003251146581058435,0.37,0.39,0.37,0.39,5279,0,0.0,0.21730238,0.1272526,0.15657327,0.0231819152832031,0.17614543,0.38080886531540065,-0.0007937109301004441,0.0007937109301004441,13.169031615633559
2025-06-08,3811,0.3836503125591968,0.38,0.005082357842545258,0.38,0.4,0.38,0.39,5279,0,0.0,0.22267844,0.15000628,0.16811505,0.0228824615478515,0.16457136,0.3800151543853002,0.003635158173896591,0.003635158173896591,49.813293502613895
2025-06-09,3812,0.3866830839174086,0.38,0.0075462933146695135,0.38,0.4,0.38,0.4,5279,0,0.0,0.285145,0.21287918,0.2247444,0.0628070831298828,0.18971124,0.3836503125591968,0.0030327713582117832,0.0030327713582117832,43.390589992531744
2025-06-10,3813,0.3816253078234515,0.38,0.008698773506538167,0.37,0.4,0.37,0.4,5279,0,0.0,0.5036305,0.4091516,0.41927168,0.1963272094726562,0.29366502,0.3866830839174086,-0.005057776093957078,0.005057776093957078,63.72915110779188
2025-06-11,3814,0.385446107217276,0.39,0.005756379093304207,0.38,0.4,0.38,0.39,5279,0,0.0,0.57747054,0.47803456,0.48286068,0.0688838958740234,0.3239679,0.3816253078234515,0.0038207993938245144,0.0038207993938245144,51.73014687577795
2025-06-12,3815,0.39523773441939763,0.4,0.005143823565778511,0.38,0.41000000000000003,0.39,0.4,5279,0,0.0005682894487592347,0.69349253,0.63892823,0.63892823,0.1607017517089843,0.269634,0.385446107217276,0.009791627202121622,0.009791627202121622,92.05875031117749
2025-06-13,3816,0.3949479068005304,0.39,0.008612390295258817,0.38,0.41000000000000003,0.38,0.41000000000000003,5279,0,0.14870240575866642,0.50071627,0.45926297,0.45926297,0.1795387268066406,0.19948424,0.39523773441939763,-0.0002898276188672555,0.0002898276188672555,5.551406522280309
2025-06-14,3817,0.3900795605228263,0.39,0.007615581386860774,0.38,0.41000000000000003,0.38,0.4,5279,0,0.008145482098882365,0.56723887,0.5535078,0.5535078,0.0943050384521484,0.124057084,0.3949479068005304,-0.004868346277704105,0.004868346277704105,62.01145133183969
2025-06-15,3818,0.38701079749952644,0.39,0.005481726424772225,0.38,0.4,0.38,0.39,5279,0,0.0,0.4143743,0.39768615,0.39780614,0.1557292938232422,0.11641458,0.3900795605228263,-0.0030687630232998364,0.0030687630232998364,43.73910878765248
2025-06-16,3819,0.3856355370335291,0.39,0.005157911276020143,0.38,0.4,0.38,0.39,5279,0,0.0,0.29326242,0.2652113,0.2654144,0.1326217651367187,0.12516354,0.38701079749952644,-0.001375260465997341,0.001375260465997341,22.3798854866816
2025-06-17,3820,0.3907596135631749,0.39,0.005662309120407173,0.38,0.4,0.38,0.4,5279,0,0.0,0.35000694,0.31070685,0.31076482,0.0455551147460937,0.16113971,0.3856355370335291,0.005124076529645805,0.005124076529645805,64.32661189942743
2025-06-18,3821,0.40395529456336426,0.4,0.004958884742477373,0.39,0.41000000000000003,0.4,0.41000000000000003,5279,0,0.3989391930289828,0.5655974,0.538194,0.538194,0.2274837493896484,0.1739217,0.3907596135631749,0.013195681000189363,0.013195681000189363,97.8839930296241
2025-06-19,3822,0.40941276756961553,0.41000000000000003,0.0023510598411248702,0.4,0.41000000000000003,0.4,0.41000000000000003,5279,0,0.9412767569615458,0.6221245,0.60073984,0.60073984,0.0624885559082031,0.16171041,0.40395529456336426,0.005457473006251268,0.005457473006251268,67.16455065969629
2025-06-20,3823,0.4094184504641032,0.41000000000000003,0.002340362257486553,0.4,0.41000000000000003,0.4,0.41000000000000003,5279,0,0.941845046410305,0.980113,0.9554384,0.9554384,0.3546390533447265,0.2185405,0.40941276756961553,5.682894487657464e-06,5.682894487657464e-06,0.7717201891959173
2025-06-21,3824,0.40882553513923103,0.41000000000000003,0.0034081545865438444,0.39,0.41000000000000003,0.4,0.41000000000000003,5279,0,0.888804697859443,0.89532393,0.85504985,0.85504985,0.1000480651855468,0.26550958,0.4094184504641032,-0.0005929153248721564,0.0005929153248721564,10.082150858849888
2025-06-22,3825,0.4071831786323168,0.41000000000000003,0.005334321426833905,0.39,0.41000000000000003,0.4,0.41000000000000003,5279,0,0.7594241333585906,0.55791134,0.5001688,0.5001688,0.3551692962646484,0.24717662,0.40882553513923103,-0.0016423565069142443,0.0016423565069142443,25.765496639283047
2025-06-23,3826,0.40456525857169917,0.41000000000000003,0.006027298957137119,0.39,0.41000000000000003,0.39,0.41000000000000003,5279,0,0.5141125213108543,0.4903433,0.44647428,0.44647428,0.0537490844726562,0.20272428,0.4071831786323168,-0.002617920060617618,0.002617920060617618,38.16280806572069
2025-06-24,3827,0.4005474521689714,0.4,0.00789586830928566,0.38,0.41000000000000003,0.39,0.41000000000000003,5279,0,0.33282818715665846,0.3678468,0.32597953,0.32825083,0.1204776763916015,0.17043748,0.40456525857169917,-0.004017806402727753,0.004017806402727753,54.144884241971624
2025-06-25,3828,0.40171623413525287,0.4,0.006898870586502847,0.39,0.41000000000000003,0.39,0.41000000000000003,5279,0,0.3385110816442508,0.45713976,0.40269107,0.40269107,0.076761245727539,0.2163734,0.4005474521689714,0.0011687819662814514,0.0011687819662814514,19.168533731640526
2025-06-26,3829,0.40817957946580796,0.41000000000000003,0.003873490972025688,0.39,0.41000000000000003,0.4,0.41000000000000003,5279,0,0.8185262360295511,0.51298845,0.466456,0.46646053,0.0638008117675781,0.21348596,0.40171623413525287,0.0064633453305550925,0.0064633453305550925,75.08090614886731
2025-06-27,3830,0.409471490812654,0.41000000000000003,0.002237357797124025,0.4,0.41000000000000003,0.4,0.41000000000000003,5279,0,0.9471490812653912,0.61653805,0.5829241,0.5829241,0.1165065765380859,0.20079261,0.40817957946580796,0.0012919113468460308,0.0012919113468460308,21.085387104804582
2025-06-28,3831,0.4094449706383785,0.41000000000000003,0.002378861412463951,0.39,0.41000000000000003,0.4,0.41000000000000003,5279,0,0.9465807918166319,0.28280145,0.1376096,0.21184717,0.4453811645507812,0.2470633,0.409471490812654,-2.6520174275512787e-05,2.6520174275512787e-05,1.344286781179985
2025-06-29,3832,0.39551051335480214,0.4,0.005208281079142867,0.38,0.41000000000000003,0.39,0.4,5279,0,0.007956052282629286,0.45797175,0.40102497,0.40102497,0.2633609771728515,0.22117075,0.4094449706383785,-0.01393445728357634,0.01393445728357634,98.5312422205626
2025-06-30,3833,0.39012881227505214,0.39,0.0011607334210825798,0.38,0.4,0.39,0.39,5279,0,0.0,0.43146712,0.39147046,0.39295068,0.0094356536865234,0.18142398,0.39551051335480214,-0.005381701079750001,0.005381701079750001,66.69156086631814
2025-07-01,3834,0.38690092820609967,0.39,0.006260421286386742,0.38,0.4,0.38,0.4,5279,0,0.0,0.4466952,0.41570637,0.41570637,0.0241756439208984,0.1634774,0.39012881227505214,-0.003227884068952469,0.003227884068952469,45.75553895942245
2025-07-02,3835,0.38121045652585717,0.38,0.004790855697475308,0.37,0.39,0.37,0.39,5279,0,0.0,0.39357984,0.36170092,0.36170092,0.0539569854736328,0.1551703,0.38690092820609967,-0.005690471680242504,0.005690471680242504,68.80756783669405
2025-07-03,3836,0.37567721159310474,0.37,0.006761629826843432,0.37,0.39,0.37,0.39,5279,0,0.0,0.38162094,0.35359946,0.35359946,0.0081520080566406,0.14353275,0.38121045652585717,-0.005533244932752424,0.005533244932752424,67.6624346527259
2025-07-04,3837,0.3793483614320894,0.38,0.006648686478247922,0.37,0.39,0.37,0.39,5279,0,0.0,0.36909583,0.33856112,0.33856112,0.0148963928222656,0.14699794,0.37567721159310474,0.003671149838984644,0.003671149838984644,50.18670649738611
2025-07-05,3838,0.38821935972722105,0.39,0.007056479068439056,0.38,0.4,0.38,0.4,5279,0,0.0,0.36355922,0.33066863,0.33078435,0.0080509185791015,0.1511082,0.3793483614320894,0.00887099829513166,0.00887099829513166,89.19591735125717
2025-07-06,3839,0.39022731577950376,0.39,0.006007623197028591,0.38,0.4,0.38,0.4,5279,0,0.0,0.34033057,0.27917877,0.28817832,0.0515632629394531,0.19463918,0.38821935972722105,0.002007956052282711,0.002007956052282711,30.61986557132188
2025-07-07,3840,0.3946505019890131,0.39,0.005070635298641559,0.39,0.41000000000000003,0.39,0.4,5279,0,0.004167455957567721,0.28222534,0.21427974,0.23022158,0.0647296905517578,0.18367167,0.39022731577950376,0.004423186209509322,0.004423186209509322,58.12795618620862
2025-07-08,3841,0.3975715097556355,0.4,0.004840058955116475,0.39,0.41000000000000003,0.39,0.4,5279,0,0.025194165561659404,0.1849296,0.08261535,0.14527722,0.1317825317382812,0.16544992,0.3946505019890131,0.0029210077666224077,0.0029210077666224077,41.79736121483694
2025-07-09,3842,0.38933320704678925,0.39,0.004349150995149859,0.38,0.4,0.38,0.4,5279,0,0.0,0.23443301,0.18204747,0.18662374,0.0994148254394531,0.14770818,0.3975715097556355,-0.008238302708846235,0.008238302708846235,85.78541199900424
2025-07-10,3843,0.38587421860200793,0.39,0.005214484343580995,0.38,0.4,0.38,0.39,5279,0,0.0,0.3055392,0.2663062,0.2686319,0.0843181610107421,0.1497838,0.38933320704678925,-0.003458988444781319,0.003458988444781319,48.145382125964645
2025-07-11,3844,0.3822106459556734,0.38,0.004149639022300493,0.38,0.39,0.38,0.39,5279,0,0.0,0.47012347,0.3808405,0.38085744,0.1145820617675781,0.27563828,0.38587421860200793,-0.0036635726463345453,0.0036635726463345453,50.062235499128704
2025-07-12,3845,0.3849005493464671,0.38,0.005036761777175697,0.38,0.4,0.38,0.39,5279,0,0.0,0.33348733,0.2590851,0.28010097,0.1217555999755859,0.20997316,0.3822106459556734,0.002689903390793724,0.002689903390793724,39.009210853871046
2025-07-13,3846,0.3849441182042053,0.38,0.005483939852011628,0.37,0.4,0.38,0.39,5279,0,0.0,0.31567478,0.13512093,0.26172593,0.1239490509033203,0.28529444,0.3849005493464671,4.356885773820762e-05,4.356885773820762e-05,1.6679113766492406
2025-07-14,3847,0.39396666035233946,0.39,0.006187971335143383,0.38,0.41000000000000003,0.38,0.4,5279,0,0.01193407842394393,0.33367375,0.15094872,0.271285,0.0157146453857421,0.29757792,0.3849441182042053,0.009022542148134138,0.009022542148134138,89.91784914115011
2025-07-15,3848,0.3952301572267475,0.39,0.007789319032900538,0.38,0.41000000000000003,0.38,0.41000000000000003,5279,0,0.1271074067058155,0.24048878,0.024281913,0.19676234,0.1265621185302734,0.23926003,0.39396666035233946,0.001263496874408021,0.001263496874408021,20.711974110032365
2025-07-16,3849,0.3890964197764728,0.39,0.006971784695476386,0.38,0.41000000000000003,0.38,0.4,5279,0,0.018564121992801667,0.22632962,-0.0071646078,0.1724363,0.0314903259277343,0.22621633,0.3952301572267475,-0.006133737450274679,0.006133737450274679,72.51680358476476
2025-07-17,3850,0.38405379806781587,0.38,0.006771354724823128,0.37,0.4,0.38,0.4,5279,0,0.0,0.3501994,0.27943903,0.28377798,0.286447525024414,0.21107724,0.3890964197764728,-0.005042621708656936,0.005042621708656936,63.52999751058004
2025-07-18,3851,0.3873044137147187,0.39,0.006565302942004803,0.37,0.4,0.38,0.4,5279,0,0.0,0.4608269,0.41782588,0.41782588,0.1384220123291015,0.19437706,0.38405379806781587,0.0032506156469028213,0.0032506156469028213,45.9546925566343
2025-07-19,3852,0.3865713203258193,0.39,0.006377956477643301,0.38,0.4,0.38,0.4,5279,0,0.0,0.39516115,0.33541986,0.3365721,0.0821723937988281,0.20891596,0.3873044137147187,-0.0007330933888993751,0.0007330933888993751,12.223052028877271
2025-07-20,3853,0.3855086190566395,0.39,0.005816694751778793,0.38,0.4,0.38,0.39,5279,0,0.0,0.41529948,0.3449814,0.3481,0.0095386505126953,0.23121823,0.3865713203258193,-0.0010627012691797888,0.0010627012691797888,17.425939756036843
2025-07-21,3854,0.3811953021405569,0.38,0.0032441137770351535,0.38,0.39,0.38,0.39,5279,0,0.0,0.28216493,0.21465263,0.23258853,0.130380630493164,0.18314269,0.3855086190566395,-0.00431331691608261,0.00431331691608261,57.256659198406766
2025-07-22,3855,0.3848797120666793,0.38,0.005388815164849631,0.37,0.4,0.38,0.39,5279,0,0.0,0.45965287,0.4314652,0.4314652,0.2168731689453125,0.1584909,0.3811953021405569,0.0036844099261224006,0.0036844099261224006,50.38586009459796
2025-07-23,3856,0.38587990149649554,0.39,0.009171885370832345,0.37,0.4,0.37,0.4,5279,0,0.0,0.63466585,0.61303306,0.61303306,0.1813335418701172,0.16428953,0.3848797120666793,0.0010001894298162228,0.0010001894298162228,16.405277570326113
2025-07-24,3857,0.39587990149649555,0.4,0.0058212278760904,0.38,0.41000000000000003,0.39,0.4,5279,0,0.03864368251562796,0.65348095,0.6100018,0.6100018,0.0029678344726562,0.23438285,0.38587990149649554,0.010000000000000009,0.010000000000000009,92.53174010455564
2025-07-25,3858,0.40368819852244753,0.41000000000000003,0.007921890594462442,0.39,0.41000000000000003,0.39,0.41000000000000003,5279,0,0.5662057207804508,0.73918444,0.6254036,0.6254036,0.0154323577880859,0.39403674,0.39587990149649555,0.007808297025951982,0.007808297025951982,83.44535723176499
2025-07-26,3859,0.40280545557870806,0.4,0.00674476079890072,0.39,0.41000000000000003,0.39,0.41000000000000003,5279,0,0.4070846751278651,0.55266494,0.4437822,0.44635442,0.181497573852539,0.32938758,0.40368819852244753,-0.0008827429437394674,0.0008827429437394674,14.513318396813544
2025-07-27,3860,0.3971187724947907,0.4,0.005530684346442337,0.38,0.41000000000000003,0.39,0.4,5279,0,0.0382648228831218,0.3242526,0.27877292,0.2792131,0.1651325225830078,0.16560577,0.40280545557870806,-0.005686683083917343,0.005686683083917343,68.73288523773961
2025-07-28,3861,0.3943417313885206,0.39,0.0060447205743802196,0.38,0.41000000000000003,0.39,0.4,5279,0,0.017806402727789356,0.22077401,0.17842436,0.1839216,0.1003150939941406,0.1300228,0.3971187724947907,-0.0027770411062701394,0.0027770411062701394,39.88050784167289
2025-07-29,3862,0.3955900738776283,0.4,0.005279405240672763,0.38,0.41000000000000003,0.39,0.4,5279,0,0.007387762833870051,0.18885443,0.1548621,0.16206498,0.0235252380371093,0.10809109,0.3943417313885206,0.0012483424891077122,0.0012483424891077122,20.43813791386607
2025-07-30,3863,0.3939439287743891,0.39,0.005975377318682797,0.38,0.41000000000000003,0.38,0.4,5279,0,0.006819473385110817,0.29044563,0.25091618,0.25091618,0.0959758758544921,0.14628631,0.3955900738776283,-0.0016461451032391827,0.0016461451032391827,25.790390838934528
2025-07-31,3864,0.38529266906611104,0.38,0.005619810882035989,0.38,0.4,0.38,0.39,5279,0,0.0,0.15155797,-0.033037245,0.12135677,0.2838802337646484,0.14791341,0.3939439287743891,-0.00865125970827807,0.00865125970827807,87.97610156833457
2025-08-01,3865,0.3766319378670203,0.38,0.006559155031939826,0.37,0.4,0.37,0.39,5279,0,0.0,0.272444,0.04540739,0.19970128,0.0783309936523437,0.2686332,0.38529266906611104,-0.008660731199090721,0.008660731199090721,88.02588996763754
2025-08-02,3866,0.38060238681568476,0.38,0.00581465983324429,0.37,0.4,0.37,0.39,5279,0,0.0,0.61030966,0.5658012,0.57106256,0.5205078125,0.22879748,0.3766319378670203,0.00397044894866444,0.00397044894866444,53.647000248942
2025-08-03,3867,0.38333396476605414,0.38,0.004887873666767403,0.38,0.4,0.38,0.39,5279,0,0.0,0.40646905,0.35694367,0.36231732,0.2089786529541015,0.19444185,0.38060238681568476,0.0027315779503693793,0.0027315779503693793,39.45730644759771
2025-08-04,3868,0.3816518279977268,0.38,0.0037641205979219547,0.37,0.4,0.38,0.39,5279,0,0.0,0.33040717,0.26793972,0.27700067,0.0889530181884765,0.19333206,0.38333396476605414,-0.001682136768327347,0.001682136768327347,26.288274831964152
2025-08-05,3869,0.3817313885205531,0.38,0.00379866251280369,0.38,0.4,0.38,0.39,5279,0,0.0,0.21716031,-0.06795223,0.18595394,0.3358440399169922,0.20625485,0.3816518279977268,7.956052282631632e-05,7.956052282631632e-05,2.389843166542196
2025-08-06,3870,0.3847243796173518,0.38,0.005397163637086357,0.38,0.4,0.38,0.39,5279,0,0.0,0.38244683,-0.34565905,0.35434696,0.2776355743408203,0.1636622,0.3817313885205531,0.0029929910967986806,0.0029929910967986806,42.74334080159323
2025-08-07,3871,0.3841219928016669,0.38,0.005524325593163174,0.37,0.4,0.38,0.39,5279,0,0.0,0.2709463,-0.1670385,0.23511857,0.1783447265625,0.21333101,0.3847243796173518,-0.0006023868156848633,0.0006023868156848633,10.231516056758776
2025-08-08,3872,0.38454063269558625,0.38,0.005917617067477581,0.38,0.4,0.38,0.4,5279,0,0.0,0.57437736,0.52519584,0.5308033,0.6923408508300781,0.23254679,0.3841219928016669,0.0004186398939193259,0.0004186398939193259,7.667413492656211
2025-08-09,3873,0.38278272400075775,0.38,0.004602431974234061,0.38,0.4,0.38,0.39,5279,0,0.0,0.429455,0.36051717,0.36902714,0.1646633148193359,0.23336466,0.38454063269558625,-0.0017579086948285028,0.0017579086948285028,27.03510082150859
2025-08-10,3874,0.3818393635158173,0.38,0.004037140047778222,0.37,0.4,0.38,0.39,5279,0,0.0,0.24398321,0.1402873,0.18995753,0.2201557159423828,0.19961797,0.38278272400075775,-0.0009433604849404253,0.0009433604849404253,15.53398058252427
2025-08-11,3875,0.3828149270695207,0.38,0.005018816341959276,0.37,0.4,0.38,0.39,5279,0,0.0,0.14196204,-0.012106232,0.108338155,0.1524372100830078,0.14144492,0.3818393635158173,0.0009755635537033736,0.0009755635537033736,16.10654717450834
2025-08-12,3876,0.3831577950369388,0.38,0.008126900747950907,0.37,0.4,0.37,0.4,5279,0,0.0,0.24696718,-0.17582913,0.21453473,0.1639137268066406,0.173427,0.3828149270695207,0.00034286796741811454,0.00034286796741811454,6.696539706248444
2025-08-13,3877,0.3878461829892025,0.39,0.007270008357409823,0.38,0.4,0.38,0.4,5279,0,0.0,0.3305944,-0.28324938,0.30062285,0.1073246002197265,0.1704772,0.3831577950369388,0.004688387952263673,0.004688387952263673,60.268857356236
2025-08-14,3878,0.38942981625307826,0.39,0.003459607719029869,0.38,0.4,0.38,0.39,5279,0,0.0,0.5002261,-0.47306305,0.47435224,0.1899147033691406,0.16259277,0.3878461829892025,0.0015836332638757833,0.0015836332638757833,25.118247448344537
2025-08-15,3879,0.378833112331881,0.38,0.005327180710443867,0.37,0.39,0.37,0.39,5279,0,0.0,0.4320556,-0.39347717,0.3984447,0.0798854827880859,0.178459,0.38942981625307826,-0.01059670392119727,0.01059670392119727,94.27433408015932
2025-08-16,3880,0.3829702595188482,0.38,0.005320319762598358,0.37,0.4,0.38,0.39,5279,0,0.0,0.45587042,-0.41349328,0.42458445,0.0199565887451171,0.19193974,0.378833112331881,0.004137147186967227,0.004137147186967227,55.6385362210605
2025-08-17,3881,0.39394582307255166,0.39,0.004887607902198736,0.39,0.4,0.39,0.4,5279,0,0.0,0.15191612,-0.016658476,0.12045493,0.3968257904052734,0.15100005,0.3829702595188482,0.010975563553703438,0.010975563553703438,95.02116006970375
2025-08-18,3882,0.38839552945633643,0.39,0.004071489739358575,0.38,0.4,0.38,0.39,5279,0,0.0,0.14452395,0.041845217,0.11388785,0.0580158233642578,0.13833322,0.39394582307255166,-0.005550293616215229,0.005550293616215229,67.78690565098331
2025-08-19,3883,0.38014964955483993,0.38,0.00410096521268285,0.37,0.39,0.37,0.39,5279,0,0.0,0.15737581,0.07062836,0.1249961,0.0291366577148437,0.14063714,0.38839552945633643,-0.0082458799014965,0.0082458799014965,85.86009459795868
2025-08-20,3884,0.3819473385110816,0.38,0.004321371186426067,0.37,0.39,0.38,0.39,5279,0,0.0,0.22279155,0.14103138,0.19173916,0.0703792572021484,0.17247096,0.38014964955483993,0.001797688956241661,0.001797688956241661,27.657455812795618
2025-08-21,3885,0.38146429247963626,0.38,0.0035353602829759174,0.38,0.39,0.38,0.39,5279,0,0.0,0.22935231,0.17133814,0.19338219,0.0303535461425781,0.15246595,0.3819473385110816,-0.0004830460314453333,0.0004830460314453333,8.613393079412496
2025-08-22,3886,0.3803542337563932,0.38,0.0028486339625933763,0.37,0.39,0.38,0.39,5279,0,0.0,0.27985844,0.19336756,0.23161998,0.0219898223876953,0.20231077,0.38146429247963626,-0.0011100587232430459,0.0011100587232430459,18.19765994523276
2025-08-23,3887,0.3831956810001894,0.38,0.0046630926376089316,0.38,0.39,0.38,0.39,5279,0,0.0,0.32388628,0.27919137,0.28822514,0.0860195159912109,0.1641781,0.3803542337563932,0.0028414472437962024,0.0028414472437962024,40.90117002738362
2025-08-24,3888,0.40001894298162527,0.4,0.00043482292913348274,0.4,0.41000000000000003,0.4,0.4,5279,0,0.0018942981625307824,0.4072644,0.3987211,0.3987211,0.1191844940185546,0.08298071,0.3831956810001894,0.016823261981435855,0.016823261981435855,99.67637540453075
2025-08-25,3889,0.4100000000000001,0.41000000000000003,5.551115123125783e-17,0.41000000000000003,0.41000000000000003,0.41000000000000003,0.41000000000000003,5279,0,1.0,0.368706,0.36144325,0.36144325,0.0370197296142578,0.07281938,0.40001894298162527,0.009981057018374817,0.009981057018374817,92.48195170525267
2025-08-26,3890,0.4100000000000001,0.41000000000000003,5.551115123125783e-17,0.41000000000000003,0.41000000000000003,0.41000000000000003,0.41000000000000003,5279,0,1.0,0.10223627,0.074374035,0.07776848,0.2870960235595703,0.0701482,0.4100000000000001,0.0,0.0,0.5227781926811054
2025-08-27,3891,0.4100000000000001,0.41000000000000003,5.551115123125783e-17,0.41000000000000003,0.41000000000000003,0.41000000000000003,0.41000000000000003,5279,0,1.0,0.2234245,0.102387615,0.17621776,0.0279922485351562,0.19858302,0.4100000000000001,0.0,0.0,0.5227781926811054
2025-08-28,3892,0.4042602765675318,0.4,0.005615824460515352,0.39,0.41000000000000003,0.4,0.41000000000000003,5279,0,0.4614510323924986,0.42794207,-0.40771854,0.40776175,0.5100440979003906,0.1299994,0.4100000000000001,-0.005739723432468313,0.005739723432468313,69.08140403286033
2025-08-29,3893,0.39438908884258383,0.39,0.009002165674875755,0.38,0.41000000000000003,0.38,0.41000000000000003,5279,0,0.14642924796362947,0.38276103,-0.36294222,0.36294222,0.0446548461914062,0.12156863,0.4042602765675318,-0.009871187724947939,0.009871187724947939,92.25790390838935
2025-08-30,3894,0.3906251183936352,0.39,0.006565235167581267,0.38,0.4,0.38,0.4,5279,0,0.0,0.29589298,-0.1785706,0.24110237,0.184427261352539,0.23593481,0.39438908884258383,-0.0037639704489486614,0.0037639704489486614,51.1326860841424
2025-08-31,3895,0.38253457094146615,0.38,0.005801663490915913,0.37,0.39,0.37,0.39,5279,0,0.0,0.45616904,0.30663818,0.36700463,0.4852542877197265,0.33773276,0.3906251183936352,-0.008090547452169028,0.008090547452169028,84.96390341050535
2025-09-01,3896,0.38288501610153436,0.38,0.005174748983823544,0.37,0.39,0.38,0.39,5279,0,0.0,0.42520443,0.2667479,0.3287547,0.0399913787841796,0.3311261,0.38253457094146615,0.00035044516006821347,0.00035044516006821347,6.796116504854369
2025-09-02,3897,0.3845671528698617,0.38,0.004996417438018321,0.38,0.4,0.38,0.39,5279,0,0.0,0.2495014,-0.10473126,0.1977627,0.3714447021484375,0.22645631,0.38288501610153436,0.001682136768327347,0.001682136768327347,26.288274831964152
2025-09-03,3898,0.3838321651827998,0.38,0.005315848883885816,0.38,0.4,0.38,0.39,5279,0,0.0,0.23958313,-0.058070153,0.2049687,0.0466670989990234,0.23243907,0.3845671528698617,-0.0007349876870619276,0.0007349876870619276,12.272840428180235
2025-09-04,3899,0.38273157795036933,0.38,0.004679754632486936,0.38,0.4,0.38,0.39,5279,0,0.0,0.3149045,0.17470303,0.25317833,0.2327728271484375,0.2619993,0.3838321651827998,-0.00110058723243045,0.00110058723243045,18.073188946975353
2025-09-05,3900,0.38330365599545363,0.38,0.005539372230937271,0.37,0.4,0.38,0.39,5279,0,0.0,0.4120398,0.27553102,0.32961816,0.1007862091064453,0.30636466,0.38273157795036933,0.000572078045084301,0.000572078045084301,9.758526263380633
2025-09-06,3901,0.3824247016480393,0.38,0.004497138045209333,0.38,0.4,0.38,0.39,5279,0,0.0,0.4678761,0.2940143,0.3852535,0.0185260772705078,0.36395547,0.38330365599545363,-0.0008789543474143069,0.0008789543474143069,14.438635797859098
2025-09-07,3902,0.38643303655995453,0.39,0.005909176812808048,0.38,0.4,0.38,0.4,5279,0,0.0,0.3652113,0.20047192,0.30252293,0.0935630798339843,0.3052713,0.3824247016480393,0.004008334911915212,0.004008334911915212,54.0453074433657
2025-09-08,3903,0.38265391172570556,0.38,0.004821470747710645,0.38,0.4,0.38,0.39,5279,0,0.0,0.25724965,-0.1346774,0.21358563,0.3352470397949219,0.21917893,0.38643303655995453,-0.0037791248342489703,0.0037791248342489703,51.30694548170276
2025-09-09,3904,0.3760844856980489,0.37,0.006905942920312576,0.37,0.39,0.37,0.39,5279,0,0.0,0.38200065,-0.32550183,0.33787075,0.1907329559326172,0.19993354,0.38265391172570556,-0.006569426027656644,0.006569426027656644,75.9024147373662
2025-09-10,3905,0.3822409547262739,0.38,0.004215036038996102,0.38,0.4,0.38,0.39,5279,0,0.0,0.4174233,-0.38370022,0.38419557,0.0582599639892578,0.16436675,0.3760844856980489,0.006156469028224976,0.006156469028224976,72.81553398058253
2025-09-11,3906,0.3946902822504262,0.4,0.007351080237306792,0.38,0.41000000000000003,0.38,0.4,5279,0,0.00018942981625307822,0.36110902,-0.33781517,0.3388315,0.0459556579589843,0.12759598,0.3822409547262739,0.012449327524152287,0.012449327524152287,97.11227284042818
2025-09-12,3907,0.3928547073309339,0.39,0.005972081927941826,0.38,0.41000000000000003,0.38,0.4,5279,0,0.008145482098882365,0.43997517,-0.3908229,0.40838316,0.0530719757080078,0.20207752,0.3946902822504262,-0.0018355749194922666,0.0018355749194922666,28.155339805825243
2025-09-13,3908,0.3948361432089411,0.39,0.005422712296659852,0.39,0.41000000000000003,0.39,0.4,5279,0,0.022163288501610152,0.33035666,-0.2555981,0.29792178,0.1353092193603515,0.20929681,0.3928547073309339,0.0019814358780071983,0.0019814358780071983,30.196664177246703
2025-09-14,3909,0.4003390793710931,0.4,0.006477452228299945,0.39,0.41000000000000003,0.39,0.41000000000000003,5279,0,0.2273157795036939,0.314509,-0.23841846,0.28106898,0.0171833038330078,0.20511639,0.3948361432089411,0.005502936162151972,0.005502936162151972,67.4134926562111
2025-09-15,3910,0.40742186020079574,0.41000000000000003,0.004374310593430959,0.4,0.41000000000000003,0.4,0.41000000000000003,5279,0,0.7421860200795605,0.34022918,-0.25943372,0.29628846,0.0208263397216796,0.22011375,0.4003390793710931,0.007082780829702651,0.007082780829702651,79.462285287528
2025-09-16,3911,0.40992043947717377,0.41000000000000003,0.0008884117015610144,0.4,0.41000000000000003,0.41000000000000003,0.41000000000000003,5279,0,0.9920439477173707,0.48006043,-0.4106577,0.4420345,0.1513900756835937,0.24863411,0.40742186020079574,0.0024985792763780323,0.0024985792763780323,36.8185212845407
2025-09-17,3912,0.4100000000000001,0.41000000000000003,5.551115123125783e-17,0.41000000000000003,0.41000000000000003,0.41000000000000003,0.41000000000000003,5279,0,1.0,0.24338081,0.1737364,0.18751353,0.5843448638916016,0.17044063,0.40992043947717377,7.956052282631632e-05,7.956052282631632e-05,2.389843166542196
2025-09-18,3913,0.40976889562417124,0.41000000000000003,0.0015025426868346737,0.4,0.41000000000000003,0.41000000000000003,0.41000000000000003,5279,0,0.9768895624171244,0.34561944,0.24753281,0.2740771,0.0738162994384765,0.24120584,0.4100000000000001,-0.00023110437582885002,0.00023110437582885002,4.580532735872541
2025-09-19,3914,0.4091759802992992,0.41000000000000003,0.0027497615423643065,0.4,0.41000000000000003,0.4,0.41000000000000003,5279,0,0.917598029929911,0.37677503,0.28230616,0.30939117,0.0347747802734375,0.2495248,0.40976889562417124,-0.0005929153248720453,0.0005929153248720453,10.057256659198407
2025-09-20,3915,0.4045879901496496,0.4,0.004982995874292317,0.4,0.41000000000000003,0.4,0.41000000000000003,5279,0,0.4587990149649555,0.387815,-0.3378579,0.35280806,0.6202468872070312,0.19040117,0.4091759802992992,-0.004587990149649612,0.004587990149649612,59.397560368434156
2025-09-21,3916,0.39311612047736316,0.39,0.004631522205948013,0.39,0.4,0.39,0.4,5279,0,0.0,0.27931458,-0.15647787,0.24513127,0.1814479827880859,0.23136836,0.4045879901496496,-0.011471869672286417,0.011471869672286417,95.91735125715708
2025-09-22,3917,0.38815495358969504,0.39,0.005464401108800606,0.38,0.4,0.38,0.4,5279,0,0.0,0.33181652,-0.16789033,0.29350126,0.0114154815673828,0.28620788,0.39311612047736316,-0.0049611668876681225,0.0049611668876681225,62.68359472242967
2025-09-23,3918,0.39335101344951706,0.39,0.004720258823022957,0.39,0.4,0.39,0.4,5279,0,0.0,0.43007216,-0.31653467,0.37864733,0.148651123046875,0.29114917,0.38815495358969504,0.005196059859822022,0.005196059859822022,65.09833208862335
2025-09-24,3919,0.4030952831975753,0.4,0.004622991877838534,0.4,0.41000000000000003,0.4,0.41000000000000003,5279,0,0.3095283197575298,0.34622613,-0.26105973,0.31252658,0.0555133819580078,0.22742134,0.39335101344951706,0.009744269748058254,0.009744269748058254,91.93427931292008
2025-09-25,3920,0.4003883311233189,0.4,0.0072529582078724505,0.38,0.41000000000000003,0.39,0.41000000000000003,5279,0,0.2525099450653533,0.45886853,-0.36350232,0.396467,0.1024837493896484,0.28004754,0.4030952831975753,-0.002706952074256419,0.002706952074256419,39.183470251431416
2025-09-26,3921,0.38900359916650884,0.39,0.005086092146599842,0.38,0.4,0.38,0.4,5279,0,0.0,0.53595054,-0.39528355,0.4788693,0.0317001342773437,0.3619298,0.4003883311233189,-0.011384731956810057,0.011384731956810057,95.79288025889967
2025-09-27,3922,0.3862947527940898,0.39,0.005029282780996585,0.38,0.4,0.38,0.39,5279,0,0.0,0.4916774,-0.30621517,0.4462278,0.089019775390625,0.3846804,0.38900359916650884,-0.002708846372419027,0.002708846372419027,39.23325865073438
2025-09-28,3923,0.3798692934267854,0.38,0.005383736681902712,0.37,0.39,0.37,0.39,5279,0,0.0,0.2553014,-0.14671524,0.2120027,0.1594390869140625,0.20893385,0.3862947527940898,-0.006425459367304431,0.006425459367304431,74.9564351506099
2025-09-29,3924,0.3760087137715477,0.37,0.0068347695262868675,0.37,0.39,0.37,0.39,5279,0,0.0,0.19432397,0.052416746,0.15799089,0.1990871429443359,0.18712124,0.3798692934267854,-0.0038605796552376725,0.0038605796552376725,52.07866567089868
2025-09-30,3925,0.38104186398939194,0.38,0.004925467372977944,0.37,0.39,0.37,0.39,5279,0,0.0,0.25254604,0.06722479,0.20882611,0.0148639678955078,0.24343461,0.3760087137715477,0.005033150217844229,0.005033150217844229,63.330843913368184
2025-10-01,3926,0.3895624171244554,0.39,0.005911662383964107,0.38,0.4,0.38,0.4,5279,0,0.0,0.31411293,-0.10404261,0.2730188,0.1711940765380859,0.29638174,0.38104186398939194,0.008520553135063447,0.008520553135063447,87.17948717948718
2025-10-02,3927,0.385999242280735,0.39,0.006153679989576719,0.38,0.4,0.38,0.4,5279,0,0.0,0.44313976,-0.34211814,0.38491952,0.2381534576416015,0.28165284,0.3895624171244554,-0.0035631748437203736,0.0035631748437203736,49.066467513069455
2025-10-03,3928,0.39447812085622275,0.39,0.005438478229741221,0.39,0.41000000000000003,0.39,0.4,5279,0,0.024247016480394012,0.4401784,-0.36306348,0.37172908,0.0208797454833984,0.24888003,0.385999242280735,0.008478878575487736,0.008478878575487736,87.03012198157829
2025-10-04,3929,0.4040803182420913,0.4,0.005264548034706103,0.39,0.41000000000000003,0.4,0.41000000000000003,5279,0,0.42583822693691986,0.34786394,-0.27135164,0.3041933,0.0916671752929687,0.21766303,0.39447812085622275,0.009602197385868538,0.009602197385868538,91.6604431167538
2025-10-05,3930,0.4087630232998674,0.41000000000000003,0.003292363230971803,0.4,0.41000000000000003,0.4,0.41000000000000003,5279,0,0.87630232998674,0.38424692,0.3424767,0.34354085,0.6138343811035156,0.17422846,0.4040803182420913,0.0046827050577761264,0.0046827050577761264,60.19417475728155
2025-10-06,3931,0.40883879522636873,0.41000000000000003,0.003203693370160358,0.4,0.41000000000000003,0.4,0.41000000000000003,5279,0,0.8838795226368631,0.60268074,0.5698585,0.5698585,0.22747802734375,0.19617856,0.4087630232998674,7.577192650132236e-05,7.577192650132236e-05,2.315160567587752
2025-10-07,3932,0.3920723621898087,0.39,0.0053150124540334125,0.38,0.4,0.38,0.4,5279,0,0.0,0.26875332,0.1421699,0.18978007,0.427764892578125,0.22807063,0.40883879522636873,-0.016766433036560058,0.016766433036560058,99.6016928055763
2025-10-08,3933,0.37774578518658836,0.38,0.006795456118104113,0.37,0.4,0.37,0.39,5279,0,0.0,0.23523043,-0.010191955,0.19466065,0.152383804321289,0.2350096,0.3920723621898087,-0.01432657700322032,0.01432657700322032,98.73039581777446
2025-10-09,3934,0.3745614699753741,0.37,0.006303551454398089,0.37,0.39,0.37,0.39,5279,0,0.0,0.25528842,-0.10317089,0.21851596,0.0928840637207031,0.23351207,0.37774578518658836,-0.0031843152112142614,0.0031843152112142614,45.207866567089866
2025-10-10,3935,0.38345709414661866,0.38,0.005355482765138938,0.37,0.4,0.38,0.39,5279,0,0.0,0.26118222,-0.13624103,0.21458264,0.0331535339355468,0.22283322,0.3745614699753741,0.008895624171244565,0.008895624171244565,89.24570575056012
2025-10-11,3936,0.3836427353665467,0.38,0.004831900509223052,0.38,0.4,0.38,0.39,5279,0,0.0,0.22945422,-0.17021878,0.20038342,0.0338973999023437,0.15386617,0.38345709414661866,0.0001856412199280344,0.0001856412199280344,3.9332835449340307
2025-10-12,3937,0.38046410304982,0.38,0.003545577661852937,0.37,0.39,0.38,0.39,5279,0,0.0,0.17476316,-0.08262409,0.1380416,0.0875072479248046,0.153998,0.3836427353665467,-0.003178632316726715,0.003178632316726715,45.10828976848394
2025-10-13,3938,0.38310096609206284,0.38,0.005507699841462901,0.37,0.4,0.38,0.39,5279,0,0.0,0.14686687,0.013739476,0.10653295,0.0964336395263671,0.14622295,0.38046410304982,0.002636863042242865,0.002636863042242865,38.38685586258402
2025-10-14,3939,0.3852699374881607,0.39,0.005262395753815986,0.38,0.4,0.38,0.39,5279,0,0.0,0.37001023,0.3282319,0.32831934,0.3144245147705078,0.17079493,0.38310096609206284,0.0021689713960978407,0.0021689713960978407,32.78566094100075
2025-10-15,3940,0.38183557491949227,0.38,0.0054693220265949445,0.37,0.4,0.37,0.39,5279,0,0.0,0.5271494,0.42010334,0.42990726,0.09197998046875,0.31843287,0.3852699374881607,-0.0034343625686684143,0.0034343625686684143,47.87154592979836
2025-10-16,3941,0.3908997916272022,0.39,0.005990236258766283,0.38,0.4,0.38,0.4,5279,0,0.0,0.43586677,0.34530765,0.36017185,0.0748271942138671,0.2659743,0.38183557491949227,0.009064216707709905,0.009064216707709905,90.09210853871048
2025-10-17,3942,0.40278840689524537,0.4,0.005333269902614813,0.39,0.41000000000000003,0.4,0.41000000000000003,5279,0,0.3205152491002084,0.3011014,0.26721993,0.26761585,0.0781841278076171,0.13876407,0.3908997916272022,0.01188861526804319,0.01188861526804319,96.46502364948967
2025-10-18,3943,0.40661678348172,0.41000000000000003,0.0057572237003969354,0.39,0.41000000000000003,0.39,0.41000000000000003,5279,0,0.7154764159878765,0.17145695,0.045584697,0.13371973,0.2215766906738281,0.16528626,0.40278840689524537,0.0038283765864746133,0.0038283765864746133,51.7799352750809
2025-10-19,3944,0.40259518848266723,0.4,0.007473460244722575,0.38,0.41000000000000003,0.39,0.41000000000000003,5279,0,0.4421291911346846,0.28582758,-0.0732803,0.2507344,0.1188697814941406,0.27627417,0.40661678348172,-0.004021594999052747,0.004021594999052747,54.194672641274586
2025-10-20,3945,0.4015646902822504,0.4,0.00494094042317023,0.39,0.41000000000000003,0.39,0.41000000000000003,5279,0,0.2125402538359538,0.2006073,-0.011066863,0.14283492,0.0621871948242187,0.20030192,0.40259518848266723,-0.0010304982004168406,0.0010304982004168406,16.97784416231018
2025-10-21,3946,0.3867096040916841,0.39,0.004742783934089137,0.38,0.4,0.38,0.39,5279,0,0.0,0.16306533,0.0477012,0.11896146,0.0587196350097656,0.15593222,0.4015646902822504,-0.014855086190566302,0.014855086190566302,99.02912621359224
2025-10-22,3947,0.3774673233566963,0.38,0.005309837704666836,0.37,0.39,0.37,0.38,5279,0,0.0,0.16570573,0.054887492,0.12070286,0.0071659088134765,0.15635155,0.3867096040916841,-0.009242280734987784,0.009242280734987784,90.49041573313417
2025-10-23,3948,0.3766717181284334,0.38,0.0071519392071337905,0.37,0.39,0.37,0.39,5279,0,0.0,0.137635,-0.0076647624,0.10931267,0.0625,0.13742162,0.3774673233566963,-0.0007956052282628856,0.0007956052282628856,13.193925815285038
2025-10-24,3949,0.37767948475089985,0.38,0.007844792098004002,0.37,0.4,0.37,0.39,5279,0,0.0,0.1378051,0.030269263,0.112687625,0.0380420684814453,0.13443972,0.3766717181284334,0.0010077666224664328,0.0010077666224664328,16.554642768235002
2025-10-25,3950,0.380310664898655,0.38,0.004967988253473062,0.37,0.39,0.37,0.39,5279,0,0.0,0.15491766,-0.067865066,0.1225769,0.0982875823974609,0.13926196,0.37767948475089985,0.002631180147755152,0.002631180147755152,38.312173263629575
2025-10-26,3951,0.3803125591968175,0.38,0.003209673450801306,0.37,0.39,0.38,0.39,5279,0,0.0,0.1472513,-0.069259256,0.1196239,0.0013027191162109,0.12994629,0.380310664898655,1.8942981624969768e-06,1.8942981624969768e-06,0.597460791635549
2025-10-27,3952,0.3814093578329229,0.38,0.005534756079319032,0.37,0.39,0.37,0.39,5279,0,0.0,0.14623351,0.082905896,0.12141372,0.1521587371826172,0.12046106,0.3803125591968175,0.0010967986361054005,0.0010967986361054005,17.99850634802091
2025-10-28,3953,0.3840916840310666,0.39,0.007029012279509155,0.37,0.4,0.37,0.39,5279,0,0.0,0.26704013,0.24379143,0.24486105,0.1608715057373047,0.108977914,0.3814093578329229,0.002682326198143681,0.002682326198143681,38.93452825491661
2025-10-29,3954,0.38986929342678533,0.39,0.005967802294724798,0.38,0.4,0.38,0.4,5279,0,0.0,0.19966687,0.1336282,0.17110832,0.1102409362792968,0.14835843,0.3840916840310666,0.005777609395718752,0.005777609395718752,69.45481702763257
2025-10-30,3955,0.386398939193029,0.39,0.007249560987152057,0.37,0.4,0.38,0.4,5279,0,0.0,0.17884876,0.037554506,0.14455867,0.095977783203125,0.17486146,0.38986929342678533,-0.0034703542337563564,0.0034703542337563564,48.22006472491909
2025-10-31,3956,0.3867910589126729,0.39,0.004712627034583996,0.38,0.4,0.38,0.39,5279,0,0.0,0.21530202,-0.074794285,0.1784877,0.1123332977294921,0.20189352,0.386398939193029,0.0003921197196439241,0.0003921197196439241,7.2442120985810305
2025-11-01,3957,0.38020647849971584,0.38,0.006444936872980668,0.37,0.4,0.37,0.39,5279,0,0.0,0.24247688,0.11048046,0.1881238,0.1851387023925781,0.21584511,0.3867910589126729,-0.006584580412957064,0.006584580412957064,76.0268857356236
2025-11-02,3958,0.37645955673423,0.37,0.007499815181946581,0.37,0.39,0.37,0.39,5279,0,0.0,0.21075496,0.08982403,0.16043597,0.0205516815185546,0.19065498,0.38020647849971584,-0.0037469217654858555,0.0037469217654858555,50.933532486930545
2025-11-03,3959,0.3775923470354234,0.38,0.007333408785398411,0.37,0.4,0.37,0.39,5279,0,0.0,0.16706526,-0.010508959,0.13013624,0.1003322601318359,0.16673435,0.37645955673423,0.0011327903011933982,0.0011327903011933982,18.521284540702016
2025-11-04,3960,0.38909263118014786,0.39,0.005207454245798904,0.38,0.41000000000000003,0.38,0.4,5279,0,0.00018942981625307822,0.24379207,-0.16444811,0.20201355,0.1540145874023437,0.17997631,0.3775923470354234,0.011500284144724482,0.011500284144724482,96.06671645506597
2025-11-05,3961,0.3920079560522826,0.39,0.00676389445537189,0.38,0.41000000000000003,0.38,0.41000000000000003,5279,0,0.050956620572078046,0.32486305,-0.2573736,0.28643176,0.0929069519042968,0.1982294,0.38909263118014786,0.0029153248721347502,0.0029153248721347502,41.67289021657954
2025-11-06,3962,0.39598977078992237,0.4,0.005515712245283524,0.39,0.41000000000000003,0.39,0.4,5279,0,0.03201363894677022,0.23067513,-0.0705853,0.19540699,0.1867923736572265,0.21961056,0.3920079560522826,0.003981814737639755,0.003981814737639755,53.746577047547916
2025-11-07,3963,0.38742186020079555,0.39,0.008072548452459135,0.38,0.41000000000000003,0.38,0.4,5279,0,0.003978026141314643,0.3327334,0.28360724,0.28915963,0.3542251586914062,0.17400672,0.39598977078992237,-0.008567910589126815,0.008567910589126815,87.45332337565347
2025-11-08,3964,0.37816631937867023,0.38,0.007584217713297728,0.37,0.4,0.37,0.39,5279,0,0.0,0.43956366,0.30461165,0.34583175,0.0209903717041015,0.3169036,0.38742186020079555,-0.009255540822125319,0.009255540822125319,90.54020413243714
2025-11-09,3965,0.37890320136389466,0.38,0.006938551713849546,0.37,0.4,0.37,0.39,5279,0,0.0,0.58462405,0.45704573,0.48765132,0.1524410247802734,0.36454707,0.37816631937867023,0.0007368819852244246,0.0007368819852244246,12.372417226786158
2025-11-10,3966,0.3900814548209889,0.39,0.004721149699503821,0.38,0.4,0.38,0.4,5279,0,0.0,0.6974754,0.58434707,0.59475434,0.1272087097167968,0.3808025,0.37890320136389466,0.011178253457094223,0.011178253457094223,95.51904406273339
2025-11-11,3967,0.4006876302329986,0.4,0.004391434218778904,0.39,0.41000000000000003,0.39,0.41000000000000003,5279,0,0.133169160825914,0.6431655,0.5434518,0.5477507,0.0408496856689453,0.34398082,0.3900814548209889,0.0106061754120097,0.0106061754120097,94.32412247946228
2025-11-12,3968,0.39824019700700897,0.4,0.00851050886645223,0.38,0.41000000000000003,0.39,0.41000000000000003,5279,0,0.24758476984277325,0.63493407,0.56731206,0.56995994,0.0238800048828125,0.28512806,0.4006876302329986,-0.0024474332259896148,0.0024474332259896148,36.14637789395071
2025-11-13,3969,0.3983102860390225,0.4,0.006254799278295034,0.38,0.41000000000000003,0.39,0.41000000000000003,5279,0,0.12407652964576624,0.54950404,0.43396512,0.4681101,0.1333694458007812,0.33708844,0.39824019700700897,7.008903201355388e-05,7.008903201355388e-05,2.165795369678865
2025-11-14,3970,0.39159689335101355,0.39,0.004660031232460614,0.38,0.41000000000000003,0.39,0.4,5279,0,0.0030308770600492516,0.7184373,0.70408374,0.70408374,0.2702178955078125,0.14289612,0.3983102860390225,-0.006713392688008968,0.006713392688008968,77.02265372168284
2025-11-15,3971,0.3864974426974806,0.39,0.006736140247083615,0.38,0.4,0.38,0.4,5279,0,0.0,0.60409385,0.5851335,0.5851335,0.1189861297607421,0.1501584,0.39159689335101355,-0.005099450653532955,0.005099450653532955,64.05277570326115
2025-11-16,3972,0.3761451032392499,0.37,0.007519033761710567,0.37,0.4,0.37,0.39,5279,0,0.0,0.3298837,0.28948304,0.28949568,0.2956275939941406,0.1581857,0.3864974426974806,-0.01035233945823072,0.01035233945823072,93.6519790888723
2025-11-17,3973,0.3773063080128813,0.38,0.007909984434208253,0.37,0.4,0.37,0.39,5279,0,0.0,0.23433565,0.18402831,0.18832067,0.1054801940917968,0.14507471,0.3761451032392499,0.001161204773631408,0.001161204773631408,18.99427433408016
2025-11-18,3974,0.38307444591778744,0.38,0.004992924388425461,0.37,0.4,0.38,0.39,5279,0,0.0,0.11535414,-0.027345322,0.095765926,0.2113780975341797,0.11206606,0.3773063080128813,0.0057681379049061565,0.0057681379049061565,69.4050286283296
2025-11-19,3975,0.38376207615078617,0.38,0.0049869153977003,0.38,0.4,0.38,0.39,5279,0,0.0,0.15145725,-0.06560061,0.12133982,0.0383338928222656,0.13651304,0.38307444591778744,0.000687630232998726,0.000687630232998726,11.57580283793876
2025-11-20,3976,0.3771168781966282,0.38,0.007443910185813466,0.37,0.4,0.37,0.39,5279,0,0.0,0.24666482,-0.0390799,0.2112375,0.0265731811523437,0.24354948,0.38376207615078617,-0.0066451979541579664,0.0066451979541579664,76.52476972865323
2025-11-21,3977,0.37928016669823833,0.38,0.008187338547630887,0.37,0.4,0.37,0.39,5279,0,0.0,0.22798935,0.14831978,0.19102068,0.1873359680175781,0.17314874,0.3771168781966282,0.0021632885016101278,0.0021632885016101278,32.66118994274334
2025-11-22,3978,0.384553892782724,0.38,0.005596192815638165,0.38,0.4,0.38,0.39,5279,0,0.0,0.30467463,0.2817185,0.28215283,0.1335334777832031,0.11602404,0.37928016669823833,0.005273726084485675,0.005273726084485675,65.84515807816778
2025-11-23,3979,0.3879712066679296,0.39,0.0060710515457610215,0.38,0.4,0.38,0.4,5279,0,0.0,0.26168957,-0.14484593,0.22420762,0.42669677734375,0.21794805,0.384553892782724,0.0034173138852056084,0.0034173138852056084,47.722180731889466
2025-11-24,3980,0.3826955862852813,0.38,0.004559426539125755,0.37,0.4,0.38,0.39,5279,0,0.0,0.24937215,-0.16765347,0.21175377,0.0227470397949218,0.18460418,0.3879712066679296,-0.005275620382648338,0.005275620382648338,65.89494647747075
2025-11-25,3981,0.379047168024247,0.38,0.005413517056253605,0.37,0.39,0.37,0.39,5279,0,0.0,0.17009184,-0.00461527,0.12646034,0.1630458831787109,0.17002916,0.3826955862852813,-0.003648418261034292,0.003648418261034292,49.937764500871296
2025-11-26,3982,0.380706573214624,0.38,0.0060160875742127674,0.37,0.4,0.37,0.39,5279,0,0.0,0.15628225,0.012857769,0.12339935,0.0176353454589843,0.1557523,0.379047168024247,0.0016594051903769946,0.0016594051903769946,25.964650236494897
2025-11-27,3983,0.3839799204394772,0.38,0.006075889821410043,0.37,0.4,0.38,0.39,5279,0,0.0,0.21385542,-0.041164313,0.17331387,0.0540351867675781,0.20985647,0.380706573214624,0.003273347224853229,0.003273347224853229,46.17874035349763
2025-11-28,3984,0.3879655237734419,0.39,0.005559264563806044,0.38,0.4,0.38,0.4,5279,0,0.0,0.23856552,-0.18085854,0.19478789,0.1397972106933593,0.15557604,0.3839799204394772,0.0039856033339646935,0.0039856033339646935,53.7714712471994
2025-11-29,3985,0.3882932373555598,0.39,0.004441151237887115,0.38,0.4,0.38,0.39,5279,0,0.0,0.18344262,-0.12749992,0.14216542,0.0532779693603515,0.13189004,0.3879655237734419,0.0003277135821179167,0.0003277135821179167,6.1986557132188205
2025-11-30,3986,0.38620761507861334,0.39,0.006721201591829189,0.38,0.4,0.38,0.4,5279,0,0.0,0.16983822,-0.043097243,0.13072512,0.0844364166259765,0.16427922,0.3882932373555598,-0.002085622276946475,0.002085622276946475,31.64052775703261
2025-12-01,3987,0.3771187724947907,0.38,0.007473848194079338,0.37,0.39,0.37,0.39,5279,0,0.0,0.23100883,0.114588104,0.20209816,0.1576404571533203,0.2005857,0.38620761507861334,-0.009088842583822643,0.009088842583822643,90.19168533731641
2025-12-02,3988,0.37524531161204777,0.37,0.006376715217257244,0.37,0.39,0.37,0.39,5279,0,0.0,0.18889813,0.013072214,0.15153268,0.1013946533203125,0.18844508,0.3771187724947907,-0.0018734608827429278,0.0018734608827429278,28.603435399551902
2025-12-03,3989,0.38284144724379615,0.38,0.004514259181962807,0.38,0.4,0.38,0.39,5279,0,0.0,0.19054312,0.00931502,0.14417075,0.0037784576416015,0.19031544,0.37524531161204777,0.00759613563174838,0.00759613563174838,82.20064724919094
2025-12-04,3990,0.397105512407653,0.4,0.004535065324912029,0.39,0.4,0.39,0.4,5279,0,0.0,0.21252379,0.13563935,0.16331428,0.1263675689697265,0.16361026,0.38284144724379615,0.014264065163856865,0.014264065163856865,98.6806074184715
2025-12-05,3991,0.3909566205720781,0.39,0.005088142694627156,0.38,0.4,0.38,0.4,5279,0,0.0,0.1980074,-0.050243624,0.14195964,0.1859779357910156,0.19152689,0.397105512407653,-0.006148891835574932,0.006148891835574932,72.71595718197659
2025-12-06,3992,0.37562985413904154,0.37,0.006232848942960503,0.37,0.39,0.37,0.39,5279,0,0.0,0.16814272,-0.09628247,0.13917455,0.0460319519042968,0.13784643,0.3909566205720781,-0.015326766433036543,0.015326766433036543,99.17849141150113
2025-12-07,3993,0.37278840689524534,0.37,0.004810377635804783,0.37,0.39,0.37,0.38,5279,0,0.0,0.16423264,-0.03934138,0.13226338,0.0569477081298828,0.15945113,0.37562985413904154,-0.0028414472437962024,0.0028414472437962024,40.90117002738362
2025-12-08,3994,0.38230725516196246,0.38,0.004212971070067108,0.38,0.39,0.38,0.39,5279,0,0.0,0.17791338,0.072276734,0.13548906,0.1115951538085937,0.16257104,0.37278840689524534,0.009518848266717117,0.009518848266717117,91.43639531989047
2025-12-09,3995,0.39494790680053043,0.39,0.005007300492787536,0.39,0.41000000000000003,0.39,0.4,5279,0,0.00037885963250615644,0.29792595,0.21188638,0.24693455,0.1396541595458984,0.20943709,0.38230725516196246,0.012640651638567979,0.012640651638567979,97.38610903659448
2025-12-10,3996,0.3852131085432848,0.39,0.008693114036500482,0.37,0.4,0.37,0.4,5279,0,0.0,0.32941455,0.28900892,0.2892812,0.0770111083984375,0.15807544,0.39494790680053043,-0.009734798257245658,0.009734798257245658,91.88449091361713
2025-12-11,3997,0.37946580791816636,0.38,0.007224036124065893,0.37,0.4,0.37,0.39,5279,0,0.0,0.24947505,-0.047825594,0.21262994,0.3367042541503906,0.24484776,0.3852131085432848,-0.005747300625118412,0.005747300625118412,69.20587503111774
2025-12-12,3998,0.3835934836143209,0.38,0.005368264527215515,0.37,0.4,0.38,0.39,5279,0,0.0,0.31413883,-0.19219615,0.26196218,0.1442890167236328,0.24848339,0.37946580791816636,0.00412767569615452,0.00412767569615452,55.51406522280309
2025-12-13,3999,0.3923906042811139,0.39,0.0042650971832138415,0.39,0.4,0.39,0.4,5279,0,0.0,0.36494344,-0.2928489,0.31555715,0.1007537841796875,0.21776792,0.3835934836143209,0.008797120666793001,0.008797120666793001,88.7478217575305
2025-12-14,4000,0.3866622466376208,0.39,0.005082922645931866,0.38,0.4,0.38,0.39,5279,0,0.0,0.24360716,-0.1970998,0.21963982,0.0957660675048828,0.14316471,0.3923906042811139,-0.005728357643493109,0.005728357643493109,69.03161563355738
2025-12-15,4001,0.3823716612994885,0.38,0.005047732016387541,0.37,0.4,0.38,0.39,5279,0,0.0,0.1810968,-0.13562782,0.1540584,0.0614185333251953,0.12000461,0.3866622466376208,-0.004290585338132258,0.004290585338132258,57.0823998008464
2025-12-16,4002,0.37942223906042805,0.38,0.006908294773684099,0.37,0.4,0.37,0.39,5279,0,0.0,0.1259137,-0.0727139,0.100813836,0.0630111694335937,0.102795824,0.3823716612994885,-0.002949422239060473,0.002949422239060473,42.19566840926065
2025-12-17,4003,0.378401212350824,0.38,0.006863845560208908,0.37,0.39,0.37,0.39,5279,0,0.0,0.12099505,-0.03624606,0.09368572,0.0363330841064453,0.11543838,0.37942223906042805,-0.0010210267096040226,0.0010210267096040226,16.728902165795372
2025-12-18,4004,0.38230914946012495,0.38,0.004420403108861625,0.38,0.4,0.38,0.39,5279,0,0.0,0.22101052,-0.18632013,0.1936896,0.1499538421630859,0.11887187,0.378401212350824,0.00390793710930093,0.00390793710930093,52.75080906148867
2025-12-19,4005,0.3869899602197386,0.39,0.007035084699210834,0.38,0.4,0.38,0.4,5279,0,0.0,0.18118513,-0.116369694,0.14604631,0.0699920654296875,0.13887466,0.38230914946012495,0.0046808107596136295,0.0046808107596136295,60.16928055763007
2025-12-20,4006,0.38480394014017805,0.38,0.008786711777107846,0.37,0.4,0.37,0.4,5279,0,0.0,0.18517217,0.0017828612,0.14078012,0.1179981231689453,0.18516366,0.3869899602197386,-0.0021860200795605356,0.0021860200795605356,33.00970873786408
2025-12-21,4007,0.3772892593294185,0.37,0.008565508141511037,0.37,0.4,0.37,0.39,5279,0,0.0,0.21258576,-0.15628396,0.17207563,0.1580276489257812,0.14411122,0.38480394014017805,-0.007514680810759566,0.007514680810759566,81.87702265372168
2025-12-22,4008,0.3796703921197197,0.38,0.007112157019820422,0.37,0.4,0.37,0.39,5279,0,0.0,0.31731355,-0.22803418,0.25373194,0.071725845336914,0.22065438,0.3772892593294185,0.0023811327903012214,0.0023811327903012214,35.34976350510331
2025-12-23,4009,0.3848664519795416,0.38,0.005292734830527687,0.38,0.4,0.38,0.39,5279,0,0.0,0.36052185,-0.17399955,0.30505455,0.0539436340332031,0.3157537,0.3796703921197197,0.005196059859821911,0.005196059859821911,65.07343788897188
2025-12-24,4010,0.38842394392877444,0.39,0.006362289649689891,0.38,0.4,0.38,0.4,5279,0,0.0,0.2909753,0.24685855,0.25301877,0.4209499359130859,0.15403737,0.3848664519795416,0.003557491949232827,0.003557491949232827,49.04157331341798
2025-12-25,4011,0.38018564121992804,0.38,0.009383517565132235,0.37,0.4,0.37,0.4,5279,0,0.0,0.31259927,0.22593634,0.27675092,0.0209808349609375,0.21603552,0.38842394392877444,-0.008238302708846401,0.008238302708846401,85.81030619865572
2025-12-26,4012,0.380710361810949,0.38,0.008451147101360804,0.37,0.4,0.37,0.4,5279,0,0.0,0.2802685,0.11191394,0.24723685,0.1139259338378906,0.25695434,0.38018564121992804,0.0005247205910209884,0.0005247205910209884,9.036594473487677
2025-12-27,4013,0.38896950179958323,0.39,0.006372804173565601,0.37,0.4,0.38,0.4,5279,0,0.0,0.24119608,-0.08145027,0.20484918,0.1933631896972656,0.22702752,0.380710361810949,0.008259139988634201,0.008259139988634201,85.93477719691312
2025-12-28,4014,0.39495169539685543,0.4,0.008190785788723152,0.38,0.41000000000000003,0.38,0.4,5279,0,0.03258192839552946,0.2749274,-0.19660318,0.2339147,0.1152420043945312,0.19217768,0.38896950179958323,0.005982193597272201,0.005982193597272201,71.22230520288772
2025-12-29,4015,0.39297025951884823,0.4,0.008035089869263061,0.37,0.4,0.38,0.4,5279,0,0.0,0.35393044,-0.29542848,0.31067124,0.0987739562988281,0.19490731,0.39495169539685543,-0.0019814358780071983,0.0019814358780071983,30.196664177246703
2025-12-30,4016,0.39430952831975763,0.39,0.005370497990815504,0.38,0.41000000000000003,0.39,0.4,5279,0,0.0032203068763023298,0.40488908,-0.36374885,0.37352437,0.0682182312011718,0.17782548,0.39297025951884823,0.001339268800909399,0.001339268800909399,21.981578292257904
2025-12-31,4017,0.3945519984845615,0.39,0.005289774622346074,0.38,0.4,0.39,0.4,5279,0,0.0,0.33667782,-0.2911434,0.3130506,0.0724525451660156,0.1690782,0.39430952831975763,0.0002424701648038874,0.0002424701648038874,4.729897933781428
