date,N_valid,mean_analysis_error,median_analysis_error,std_analysis_error,P05_analysis_error,P25_analysis_error,P50_analysis_error,P75_analysis_error,P90_analysis_error,P95_analysis_error,P99_analysis_error,min_analysis_error,max_analysis_error
2015-01-01,5279,0.38174086001136576,0.38,0.00479354985291435,0.38,0.38,0.38,0.38,0.39,0.39,0.39,0.37,0.4
2015-01-02,5279,0.38040727410494407,0.38,0.0048704442952317165,0.37,0.38,0.38,0.38,0.39,0.39,0.39,0.37,0.4
2015-01-03,5279,0.37423375639325634,0.37,0.0056055128165483975,0.37,0.37,0.37,0.38,0.38,0.38,0.39,0.37,0.39
2015-01-04,5279,0.3749441182042053,0.37,0.005760229621033505,0.37,0.37,0.37,0.38,0.38,0.38,0.39,0.37,0.39
2015-01-05,5279,0.3732316726652775,0.37,0.005437266682548163,0.37,0.37,0.37,0.38,0.38,0.38,0.39,0.37,0.39
2015-01-06,5279,0.3696362947527941,0.37,0.007938741665524282,0.36,0.36,0.37,0.37,0.38,0.38,0.39,0.36,0.39
2015-01-07,5279,0.3754574730062512,0.37,0.0067856277404634395,0.37,0.37,0.37,0.38,0.39,0.39,0.39,0.37,0.39
2015-01-08,5279,0.3850369388141694,0.38,0.006008262873446718,0.38,0.38,0.38,0.39,0.39,0.4,0.4,0.38,0.4
2015-01-09,5279,0.392862284523584,0.39,0.005016564357029477,0.39,0.39,0.39,0.4,0.4,0.4,0.4,0.38,0.4
2015-01-10,5279,0.40190376965334335,0.4,0.0075531471091770525,0.39,0.4,0.4,0.41000000000000003,0.41000000000000003,0.41000000000000003,0.41000000000000003,0.38,0.41000000000000003
2015-01-11,5279,0.3987554461072173,0.4,0.006230455798052852,0.39,0.39,0.4,0.4,0.41000000000000003,0.41000000000000003,0.41000000000000003,0.38,0.41000000000000003
2015-01-12,5279,0.3839723432468271,0.38,0.004893252660312777,0.38,0.38,0.38,0.39,0.39,0.39,0.39,0.38,0.39
2015-01-13,5279,0.3738738397423754,0.37,0.005249594780786345,0.37,0.37,0.37,0.38,0.38,0.38,0.39,0.37,0.39
2015-01-14,5279,0.379232809244175,0.38,0.004877605528940192,0.37,0.38,0.38,0.38,0.38,0.39,0.39,0.37,0.39
2015-01-15,5279,0.3777741996590263,0.38,0.00636912848729999,0.37,0.37,0.38,0.38,0.39,0.39,0.39,0.37,0.39
2015-01-16,5279,0.3747073309338891,0.37,0.006593820350187245,0.37,0.37,0.37,0.38,0.38,0.39,0.39,0.36,0.39
2015-01-17,5279,0.3781530592915325,0.38,0.007584746660767312,0.37,0.37,0.38,0.38,0.39,0.39,0.39,0.37,0.4
2015-01-18,5279,0.3816878196628149,0.38,0.005554352266217726,0.37,0.38,0.38,0.38,0.39,0.39,0.39,0.37,0.4
2015-01-19,5279,0.3818261034286796,0.38,0.004659181041387136,0.38,0.38,0.38,0.38,0.39,0.39,0.39,0.37,0.39
2015-01-20,5279,0.378893729873082,0.38,0.00465395404034685,0.37,0.38,0.38,0.38,0.38,0.39,0.39,0.37,0.39
2015-01-21,5279,0.37301572267474903,0.37,0.004904654380615768,0.37,0.37,0.37,0.38,0.38,0.38,0.39,0.37,0.39
2015-01-22,5279,0.37140178064027285,0.37,0.004473127510133547,0.37,0.37,0.37,0.37,0.38,0.38,0.38,0.36,0.39
2015-01-23,5279,0.381973858685357,0.38,0.003994512064515898,0.38,0.38,0.38,0.38,0.39,0.39,0.39,0.38,0.4
2015-01-24,5279,0.38382837658647473,0.38,0.004891869405747084,0.38,0.38,0.38,0.39,0.39,0.39,0.39,0.38,0.4
2015-01-25,5279,0.37376207615078616,0.37,0.005652786950848712,0.37,0.37,0.37,0.38,0.38,0.38,0.39,0.37,0.39
2015-01-26,5279,0.37251752225800344,0.37,0.004776539584448787,0.37,0.37,0.37,0.37,0.38,0.38,0.39,0.36,0.39
2015-01-27,5279,0.3721822314832355,0.37,0.004305546789050679,0.37,0.37,0.37,0.37,0.38,0.38,0.38,0.37,0.39
2015-01-28,5279,0.3783140746353476,0.38,0.004881533959039427,0.37,0.38,0.38,0.38,0.38,0.38,0.39,0.37,0.39
2015-01-29,5279,0.38219359727221064,0.38,0.004215230136625635,0.38,0.38,0.38,0.38,0.39,0.39,0.39,0.38,0.4
2015-01-30,5279,0.38122750520932,0.38,0.0077789814758971055,0.37,0.38,0.38,0.39,0.39,0.4,0.4,0.37,0.4
2015-01-31,5279,0.37778177685167647,0.38,0.008598785877692161,0.37,0.37,0.38,0.38,0.39,0.39,0.4,0.37,0.4
2015-02-01,5279,0.3864103049820042,0.39,0.006232766038966297,0.38,0.38,0.39,0.39,0.39,0.4,0.4,0.38,0.4
2015-02-02,5279,0.37999242280734985,0.38,0.0049700694789462435,0.37,0.38,0.38,0.38,0.39,0.39,0.39,0.37,0.4
2015-02-03,5279,0.3731483235461262,0.37,0.0059338217937844155,0.37,0.37,0.37,0.38,0.38,0.39,0.39,0.36,0.39
2015-02-04,5279,0.3790282250426217,0.38,0.006073284756863638,0.37,0.38,0.38,0.38,0.39,0.39,0.39,0.37,0.4
2015-02-05,5279,0.3883576434930859,0.39,0.006299056675408652,0.38,0.38,0.39,0.39,0.4,0.4,0.4,0.38,0.4
2015-02-06,5279,0.3903599166508809,0.39,0.004922513014158989,0.38,0.39,0.39,0.39,0.4,0.4,0.4,0.38,0.4
2015-02-07,5279,0.3844307634021595,0.38,0.004971303215348027,0.38,0.38,0.38,0.39,0.39,0.39,0.39,0.38,0.4
2015-02-08,5279,0.3742223906042811,0.37,0.005667809112065734,0.37,0.37,0.37,0.38,0.38,0.38,0.39,0.37,0.39
2015-02-09,5279,0.37192650123129384,0.37,0.0042845264148219575,0.37,0.37,0.37,0.37,0.38,0.38,0.39,0.37,0.39
2015-02-10,5279,0.37209319946959657,0.37,0.004442176447362009,0.37,0.37,0.37,0.37,0.38,0.38,0.39,0.37,0.39
2015-02-11,5279,0.373904148512976,0.37,0.005291923226881277,0.37,0.37,0.37,0.38,0.38,0.38,0.39,0.37,0.39
2015-02-12,5279,0.3735593862473954,0.37,0.005019740014268001,0.37,0.37,0.37,0.38,0.38,0.38,0.39,0.37,0.39
2015-02-13,5279,0.3733131274862664,0.37,0.0047469275068107025,0.37,0.37,0.37,0.38,0.38,0.38,0.38,0.37,0.39
2015-02-14,5279,0.37451790111763594,0.37,0.0053861682624749396,0.37,0.37,0.37,0.38,0.38,0.38,0.39,0.37,0.39
2015-02-15,5279,0.3821594999052851,0.38,0.006360718700788221,0.37,0.38,0.38,0.39,0.39,0.39,0.39,0.37,0.39
2015-02-16,5279,0.3822958893729873,0.38,0.004312429574484879,0.38,0.38,0.38,0.38,0.39,0.39,0.39,0.38,0.4
2015-02-17,5279,0.37778935404432656,0.38,0.00674406647360169,0.37,0.37,0.38,0.38,0.39,0.39,0.39,0.37,0.4
2015-02-18,5279,0.37343057397234325,0.37,0.005244040725389558,0.37,0.37,0.37,0.38,0.38,0.38,0.39,0.37,0.39
2015-02-19,5279,0.38060049251752226,0.38,0.006375810846879893,0.37,0.38,0.38,0.38,0.39,0.39,0.4,0.37,0.4
2015-02-20,5279,0.3856393256298542,0.39,0.005295175671761767,0.38,0.38,0.39,0.39,0.39,0.39,0.4,0.38,0.4
2015-02-21,5279,0.3769103996969123,0.38,0.005531233861552745,0.37,0.37,0.38,0.38,0.38,0.38,0.39,0.37,0.39
2015-02-22,5279,0.37428869103996976,0.37,0.005392424419192646,0.37,0.37,0.37,0.38,0.38,0.38,0.39,0.37,0.39
2015-02-23,5279,0.3748853949611669,0.37,0.00548648072300516,0.37,0.37,0.37,0.38,0.38,0.38,0.39,0.37,0.39
2015-02-24,5279,0.376648986550483,0.38,0.005986987406037071,0.37,0.37,0.38,0.38,0.38,0.39,0.39,0.37,0.39
2015-02-25,5279,0.3748172002273158,0.37,0.0056479833142431745,0.37,0.37,0.37,0.38,0.38,0.38,0.39,0.37,0.39
2015-02-26,5279,0.37706952074256483,0.38,0.005487513351441292,0.37,0.37,0.38,0.38,0.38,0.38,0.39,0.37,0.39
2015-02-27,5279,0.37880280356128054,0.38,0.0052052714640862955,0.37,0.38,0.38,0.38,0.38,0.39,0.39,0.37,0.39
2015-02-28,5279,0.37546126160257626,0.37,0.0066014146594721825,0.37,0.37,0.37,0.38,0.38,0.39,0.39,0.37,0.39
2015-03-01,5279,0.3730990717939004,0.37,0.005158947071238453,0.37,0.37,0.37,0.38,0.38,0.38,0.39,0.37,0.39
2015-03-02,5279,0.37391362000378864,0.37,0.005841640224115075,0.37,0.37,0.37,0.38,0.38,0.39,0.39,0.37,0.39
2015-03-03,5279,0.37770411062701265,0.38,0.005522068570344375,0.37,0.37,0.38,0.38,0.38,0.39,0.39,0.37,0.39
2015-03-04,5279,0.3790698996021974,0.38,0.005603107259182774,0.37,0.38,0.38,0.38,0.39,0.39,0.39,0.37,0.39
2015-03-05,5279,0.37662814927069516,0.38,0.005276608249972134,0.37,0.37,0.38,0.38,0.38,0.38,0.39,0.37,0.39
2015-03-06,5279,0.3726330744459178,0.37,0.004916431103047232,0.37,0.37,0.37,0.37,0.38,0.38,0.39,0.37,0.39
2015-03-07,5279,0.37581928395529457,0.37,0.0064236904792823075,0.37,0.37,0.37,0.38,0.38,0.39,0.39,0.37,0.39
2015-03-08,5279,0.3825421481341163,0.38,0.004457378974620272,0.38,0.38,0.38,0.38,0.39,0.39,0.39,0.38,0.4
2015-03-09,5279,0.374214813411631,0.37,0.005137259782581382,0.37,0.37,0.37,0.38,0.38,0.38,0.38220000000000254,0.37,0.39
2015-03-10,5279,0.3717503315021785,0.37,0.003799954559500181,0.37,0.37,0.37,0.37,0.38,0.38,0.38,0.37,0.38
2015-03-11,5279,0.37117446486076916,0.37,0.0035390367056297423,0.37,0.37,0.37,0.37,0.38,0.38,0.38,0.36,0.38
2015-03-12,5279,0.37510134495169545,0.37,0.006082727969522481,0.37,0.37,0.37,0.38,0.38,0.39,0.39,0.37,0.39
2015-03-13,5279,0.3809547262739155,0.38,0.006586136104110298,0.37,0.38,0.38,0.38,0.39,0.39,0.4,0.37,0.4
2015-03-14,5279,0.38811896192460693,0.39,0.005241312495887886,0.38,0.39,0.39,0.39,0.39,0.4,0.4,0.38,0.4
2015-03-15,5279,0.3850520931994696,0.38,0.005261861808273074,0.38,0.38,0.38,0.39,0.39,0.39,0.4,0.38,0.4
2015-03-16,5279,0.37798636105322975,0.38,0.006673380407332161,0.37,0.37,0.38,0.38,0.39,0.39,0.39,0.37,0.4
2015-03-17,5279,0.37245879901496504,0.37,0.00530710205472943,0.37,0.37,0.37,0.37,0.38,0.38,0.39,0.36,0.39
2015-03-18,5279,0.37440424322788407,0.37,0.006019815497435654,0.37,0.37,0.37,0.38,0.38,0.39,0.39,0.37,0.4
2015-03-19,5279,0.3786114794468649,0.38,0.006533202308295794,0.37,0.37,0.38,0.38,0.39,0.39,0.4,0.37,0.4
2015-03-20,5279,0.37439666603523397,0.37,0.006953603463086254,0.37,0.37,0.37,0.38,0.39,0.39,0.39,0.37,0.4
2015-03-21,5279,0.37471301382837663,0.37,0.006880852358658881,0.37,0.37,0.37,0.38,0.39,0.39,0.39,0.37,0.4
2015-03-22,5279,0.37770789922333775,0.38,0.006740748686826126,0.37,0.37,0.38,0.38,0.39,0.39,0.39,0.37,0.4
2015-03-23,5279,0.379168403106649,0.38,0.005450865263019079,0.37,0.38,0.38,0.38,0.39,0.39,0.39,0.37,0.39
2015-03-24,5279,0.37608259139988626,0.38,0.005280321384982931,0.37,0.37,0.38,0.38,0.38,0.38,0.39,0.37,0.39
2015-03-25,5279,0.3761545747300625,0.38,0.005243418682597577,0.37,0.37,0.38,0.38,0.38,0.38,0.39,0.37,0.39
2015-03-26,5279,0.37329039590831603,0.37,0.005531870893385509,0.37,0.37,0.37,0.38,0.38,0.38,0.39,0.37,0.39
2015-03-27,5279,0.3799336995643114,0.38,0.006159415268328573,0.37,0.38,0.38,0.38,0.39,0.39,0.4,0.37,0.4
2015-03-28,5279,0.3880659215760561,0.39,0.004837833535695572,0.38,0.39,0.39,0.39,0.39,0.39,0.4,0.38,0.4
2015-03-29,5279,0.3995358969501799,0.4,0.0021216528424436902,0.4,0.4,0.4,0.4,0.4,0.4,0.4,0.39,0.41000000000000003
2015-03-30,5279,0.3850975563553703,0.38,0.005599582536549519,0.38,0.38,0.38,0.39,0.39,0.39,0.4,0.38,0.4
2015-03-31,5279,0.38133926880090924,0.38,0.0063495359855638605,0.37,0.38,0.38,0.39,0.39,0.39,0.39,0.37,0.4
2015-04-01,5279,0.3793369956431142,0.38,0.003865504663365505,0.37,0.38,0.38,0.38,0.38,0.38,0.39,0.37,0.39
2015-04-02,5279,0.38299677969312373,0.38,0.00458116889037268,0.38,0.38,0.38,0.39,0.39,0.39,0.39,0.38,0.39
2015-04-03,5279,0.3806516385679105,0.38,0.003220693512775923,0.38,0.38,0.38,0.38,0.38,0.39,0.39,0.37,0.39
2015-04-04,5279,0.38002273157795036,0.38,0.004916373442819077,0.37,0.38,0.38,0.38,0.39,0.39,0.39,0.37,0.39
2015-04-05,5279,0.3751562795984088,0.37,0.006367629667554818,0.37,0.37,0.37,0.38,0.38,0.39,0.39,0.37,0.39
2015-04-06,5279,0.38028793332070465,0.38,0.006027064383816526,0.37,0.38,0.38,0.38,0.39,0.39,0.39,0.37,0.4
2015-04-07,5279,0.380399696912294,0.38,0.005689054563717617,0.37,0.38,0.38,0.38,0.39,0.39,0.39,0.37,0.4
2015-04-08,5279,0.3803409736692555,0.38,0.005535985830579263,0.37,0.38,0.38,0.38,0.39,0.39,0.39,0.37,0.4
2015-04-09,5279,0.37603902254214816,0.38,0.0057949420002114845,0.37,0.37,0.38,0.38,0.38,0.38,0.39,0.37,0.39
2015-04-10,5279,0.377937109301004,0.38,0.005502502836612802,0.37,0.37,0.38,0.38,0.38,0.39,0.39,0.37,0.39
2015-04-11,5279,0.38091305171433976,0.38,0.004885487141150054,0.37,0.38,0.38,0.38,0.39,0.39,0.39,0.37,0.39
2015-04-12,5279,0.37763212729683654,0.38,0.006027681161113689,0.37,0.37,0.38,0.38,0.38,0.39,0.39,0.37,0.4
2015-04-13,5279,0.37676643303655993,0.38,0.006082451287461765,0.37,0.37,0.38,0.38,0.38,0.39,0.39,0.37,0.39
2015-04-14,5279,0.3774048115173328,0.38,0.0057088200701695575,0.37,0.37,0.38,0.38,0.38,0.39,0.39,0.37,0.39
2015-04-15,5279,0.38075582496684973,0.38,0.0026432892932829657,0.38,0.38,0.38,0.38,0.38,0.39,0.39,0.38,0.39
2015-04-16,5279,0.378986550483046,0.38,0.005050944202190525,0.37,0.38,0.38,0.38,0.38,0.39,0.39,0.37,0.39
2015-04-17,5279,0.3767361242659595,0.38,0.006299096551981426,0.37,0.37,0.38,0.38,0.38,0.39,0.39,0.37,0.39
2015-04-18,5279,0.37803182420913056,0.38,0.006638597031744695,0.37,0.37,0.38,0.38,0.39,0.39,0.39,0.37,0.4
2015-04-19,5279,0.3818261034286796,0.38,0.003863467426362115,0.38,0.38,0.38,0.38,0.39,0.39,0.39,0.38,0.39
2015-04-20,5279,0.38883879522636866,0.39,0.004691300439931375,0.38,0.39,0.39,0.39,0.39,0.4,0.4,0.38,0.4
2015-04-21,5279,0.3806838416366736,0.38,0.0050687886364003875,0.37,0.38,0.38,0.38,0.39,0.39,0.39,0.37,0.39
2015-04-22,5279,0.3802064784997158,0.38,0.005762143644649132,0.37,0.38,0.38,0.38,0.39,0.39,0.39,0.37,0.39
2015-04-23,5279,0.38152680431899977,0.38,0.003826457906178945,0.38,0.38,0.38,0.38,0.39,0.39,0.39,0.37,0.39
2015-04-24,5279,0.3781379049062322,0.38,0.004977608609071232,0.37,0.38,0.38,0.38,0.38,0.38,0.39,0.37,0.39
2015-04-25,5279,0.3728888046978595,0.37,0.004886391220755237,0.37,0.37,0.37,0.38,0.38,0.38,0.39,0.37,0.39
2015-04-26,5279,0.3729986739912862,0.37,0.005117135055104584,0.37,0.37,0.37,0.38,0.38,0.38,0.39,0.37,0.39
2015-04-27,5279,0.3751051335480205,0.37,0.006536021552777257,0.37,0.37,0.37,0.38,0.38,0.39,0.39,0.37,0.39
2015-04-28,5279,0.3825970827808297,0.38,0.00589890835102716,0.37,0.38,0.38,0.39,0.39,0.39,0.4,0.37,0.4
2015-04-29,5279,0.393472248531919,0.39,0.004780732712464611,0.39,0.39,0.39,0.4,0.4,0.4,0.4,0.39,0.41000000000000003
2015-04-30,5279,0.4089695017995833,0.41000000000000003,0.0030402393759546833,0.4,0.41000000000000003,0.41000000000000003,0.41000000000000003,0.41000000000000003,0.41000000000000003,0.41000000000000003,0.4,0.41000000000000003
2015-05-01,5279,0.4010342867967418,0.4,0.003214642400100033,0.4,0.4,0.4,0.4,0.41000000000000003,0.41000000000000003,0.41000000000000003,0.39,0.41000000000000003
2015-05-02,5279,0.4010342867967418,0.4,0.003214642400100033,0.4,0.4,0.4,0.4,0.41000000000000003,0.41000000000000003,0.41000000000000003,0.39,0.41000000000000003
2015-05-03,5279,0.38330933888994123,0.38,0.007394978528921768,0.37,0.38,0.38,0.39,0.39,0.4,0.4,0.37,0.4
2015-05-04,5279,0.3796381890509566,0.38,0.006514136362498032,0.37,0.38,0.38,0.38,0.39,0.39,0.39,0.37,0.4
2015-05-05,5279,0.3763553703352908,0.38,0.006293288433321727,0.37,0.37,0.38,0.38,0.38,0.39,0.39,0.37,0.39
2015-05-06,5279,0.37667361242659597,0.38,0.005852072945481752,0.37,0.37,0.38,0.38,0.38,0.39,0.39,0.37,0.39
2015-05-07,5279,0.3793028982761887,0.38,0.00519435968559703,0.37,0.38,0.38,0.38,0.39,0.39,0.39,0.37,0.39
2015-05-08,5279,0.3815552187914377,0.38,0.004315894704053362,0.38,0.38,0.38,0.38,0.39,0.39,0.39,0.37,0.39
2015-05-09,5279,0.38876302329986745,0.39,0.004295897375174231,0.38,0.39,0.39,0.39,0.39,0.39,0.4,0.38,0.4
2015-05-10,5279,0.382309149460125,0.38,0.00428549866224042,0.38,0.38,0.38,0.38,0.39,0.39,0.39,0.38,0.4
2015-05-11,5279,0.37333964766054184,0.37,0.0054712046798425125,0.37,0.37,0.37,0.38,0.38,0.38,0.39,0.37,0.39
2015-05-12,5279,0.3717332828187157,0.37,0.004129933196983468,0.37,0.37,0.37,0.37,0.38,0.38,0.39,0.37,0.39
2015-05-13,5279,0.37999810570183745,0.38,0.003633628297511187,0.37,0.38,0.38,0.38,0.38,0.39,0.39,0.37,0.39
2015-05-14,5279,0.3851373366167835,0.38,0.005342510570812976,0.38,0.38,0.38,0.39,0.39,0.39,0.4,0.38,0.4
2015-05-15,5279,0.3834741428300814,0.38,0.005962632589906706,0.38,0.38,0.38,0.39,0.39,0.39,0.4,0.37,0.4
2015-05-16,5279,0.37919871187724946,0.38,0.006032533996739331,0.37,0.38,0.38,0.38,0.39,0.39,0.39,0.37,0.4
2015-05-17,5279,0.37803182420913056,0.38,0.0060504079027383076,0.37,0.37,0.38,0.38,0.39,0.39,0.39,0.37,0.39
2015-05-18,5279,0.383172949422239,0.38,0.004722917272360794,0.38,0.38,0.38,0.39,0.39,0.39,0.39,0.38,0.4
2015-05-19,5279,0.38330365599545363,0.38,0.004771423099401297,0.38,0.38,0.38,0.39,0.39,0.39,0.39,0.38,0.4
2015-05-20,5279,0.3748569804887289,0.37,0.0055030519054868115,0.37,0.37,0.37,0.38,0.38,0.38,0.39,0.37,0.39
2015-05-21,5279,0.37157984466755073,0.37,0.0037648259796015295,0.37,0.37,0.37,0.37,0.38,0.38,0.38,0.37,0.39
2015-05-22,5279,0.3802216328850161,0.38,0.004409445198289829,0.37,0.38,0.38,0.38,0.39,0.39,0.39,0.37,0.39
2015-05-23,5279,0.3890092820609964,0.39,0.005663389524083494,0.38,0.39,0.39,0.39,0.4,0.4,0.4,0.38,0.4
2015-05-24,5279,0.3926179200606176,0.39,0.005064844620049515,0.39,0.39,0.39,0.4,0.4,0.4,0.4,0.38,0.41000000000000003
2015-05-25,5279,0.3844686493654101,0.38,0.0056527767941064655,0.38,0.38,0.38,0.39,0.39,0.39,0.4,0.38,0.4
2015-05-26,5279,0.38093578329229016,0.38,0.005269354594951452,0.37,0.38,0.38,0.38,0.39,0.39,0.39,0.37,0.39
2015-05-27,5279,0.3808808486455768,0.38,0.004916504089708046,0.37,0.38,0.38,0.38,0.39,0.39,0.39,0.37,0.39
2015-05-28,5279,0.3825345709414662,0.38,0.0043499033963223955,0.38,0.38,0.38,0.39,0.39,0.39,0.39,0.38,0.39
2015-05-29,5279,0.3807463534760371,0.38,0.00431869654605061,0.37,0.38,0.38,0.38,0.39,0.39,0.39,0.37,0.39
2015-05-30,5279,0.3817200227315779,0.38,0.0038286413666458008,0.38,0.38,0.38,0.38,0.39,0.39,0.39,0.38,0.4
2015-05-31,5279,0.3889391930289828,0.39,0.004640096399225928,0.38,0.39,0.39,0.39,0.39,0.4,0.4,0.38,0.4
2015-06-01,5279,0.3975809812464482,0.4,0.005124129401650729,0.39,0.39,0.4,0.4,0.4,0.4,0.41000000000000003,0.39,0.41000000000000003
2015-06-02,5279,0.39648418261034285,0.4,0.005449077655050249,0.39,0.39,0.4,0.4,0.4,0.4,0.41000000000000003,0.39,0.41000000000000003
2015-06-03,5279,0.3865277514680811,0.39,0.007566760198366822,0.38,0.38,0.39,0.39,0.4,0.4,0.4,0.37,0.41000000000000003
2015-06-04,5279,0.38577760939571887,0.39,0.00755585269264635,0.37,0.38,0.39,0.39,0.3919999999999982,0.4,0.4,0.37,0.4
2015-06-05,5279,0.3889638189050957,0.39,0.005135631325711955,0.38,0.39,0.39,0.39,0.39,0.4,0.4,0.38,0.4
2015-06-06,5279,0.3863553703352908,0.39,0.005220599130873803,0.38,0.38,0.39,0.39,0.39,0.39,0.4,0.38,0.4
2015-06-07,5279,0.3808675885584391,0.38,0.0039032251517207408,0.38,0.38,0.38,0.38,0.38,0.39,0.4,0.37,0.4
2015-06-08,5279,0.387723053608638,0.39,0.004966855561856891,0.38,0.38,0.39,0.39,0.39,0.39,0.4,0.38,0.41000000000000003
2015-06-09,5279,0.39852813032771356,0.4,0.005132522480602671,0.39,0.4,0.4,0.4,0.4,0.41000000000000003,0.41000000000000003,0.39,0.41000000000000003
2015-06-10,5279,0.4056128054555788,0.41000000000000003,0.006002344909454,0.39,0.4,0.41000000000000003,0.41000000000000003,0.41000000000000003,0.41000000000000003,0.41000000000000003,0.39,0.41000000000000003
2015-06-11,5279,0.40960598598219367,0.41000000000000003,0.0019454801802732638,0.41000000000000003,0.41000000000000003,0.41000000000000003,0.41000000000000003,0.41000000000000003,0.41000000000000003,0.41000000000000003,0.4,0.41000000000000003
2015-06-12,5279,0.4100000000000001,0.41000000000000003,5.551115123125783e-17,0.41000000000000003,0.41000000000000003,0.41000000000000003,0.41000000000000003,0.41000000000000003,0.41000000000000003,0.41000000000000003,0.41000000000000003,0.41000000000000003
2015-06-13,5279,0.4100000000000001,0.41000000000000003,5.551115123125783e-17,0.41000000000000003,0.41000000000000003,0.41000000000000003,0.41000000000000003,0.41000000000000003,0.41000000000000003,0.41000000000000003,0.41000000000000003,0.41000000000000003
2015-06-14,5279,0.4069350255730252,0.41000000000000003,0.00461038783962245,0.4,0.4,0.41000000000000003,0.41000000000000003,0.41000000000000003,0.41000000000000003,0.41000000000000003,0.4,0.41000000000000003
2015-06-15,5279,0.39539496116688766,0.4,0.008490453571521875,0.38,0.39,0.4,0.4,0.41000000000000003,0.41000000000000003,0.41000000000000003,0.38,0.41000000000000003
2015-06-16,5279,0.386491759802993,0.39,0.008544673192140867,0.37,0.38,0.39,0.39,0.4,0.4,0.4,0.37,0.41000000000000003
2015-06-17,5279,0.38203068763023296,0.38,0.006583875735570969,0.37,0.38,0.38,0.39,0.39,0.39,0.4,0.37,0.4
2015-06-18,5279,0.3852358401212351,0.39,0.006022647461801991,0.38,0.38,0.39,0.39,0.39,0.39,0.4,0.37,0.4
2015-06-19,5279,0.39423565069141886,0.39,0.006377213213386052,0.38,0.39,0.39,0.4,0.4,0.4,0.41000000000000003,0.38,0.41000000000000003
2015-06-20,5279,0.4028850161015344,0.4,0.005579866738498654,0.39,0.4,0.4,0.41000000000000003,0.41000000000000003,0.41000000000000003,0.41000000000000003,0.39,0.41000000000000003
2015-06-21,5279,0.4006781587421861,0.4,0.006960666582802365,0.39,0.4,0.4,0.41000000000000003,0.41000000000000003,0.41000000000000003,0.41000000000000003,0.38,0.41000000000000003
2015-06-22,5279,0.39078802803561274,0.39,0.008738609107880919,0.38,0.38,0.39,0.4,0.4,0.41000000000000003,0.41000000000000003,0.38,0.41000000000000003
2015-06-23,5279,0.38379049062322407,0.38,0.01159436507541674,0.37,0.37,0.38,0.39,0.4,0.4,0.41000000000000003,0.37,0.41000000000000003
2015-06-24,5279,0.3832127296836523,0.38,0.01139046856443168,0.37,0.37,0.38,0.39,0.4,0.4,0.41000000000000003,0.37,0.41000000000000003
2015-06-25,5279,0.3923375639325631,0.39,0.008539429303337816,0.38,0.39,0.39,0.4,0.4,0.41000000000000003,0.41000000000000003,0.38,0.41000000000000003
2015-06-26,5279,0.3952585716991855,0.39,0.005584292668971782,0.39,0.39,0.39,0.4,0.4,0.4,0.41000000000000003,0.39,0.41000000000000003
2015-06-27,5279,0.3824398560333396,0.38,0.004555952878186976,0.38,0.38,0.38,0.38,0.39,0.39,0.4,0.38,0.4
2015-06-28,5279,0.3761053229778367,0.38,0.006507102512444992,0.37,0.37,0.38,0.38,0.38,0.39,0.39,0.37,0.4
2015-06-29,5279,0.37716612994885396,0.38,0.007222878660094314,0.37,0.37,0.38,0.38,0.39,0.39,0.4,0.37,0.4
2015-06-30,5279,0.38759234703542333,0.39,0.006855457460439703,0.38,0.38,0.39,0.39,0.4,0.4,0.4,0.37,0.4
2015-07-01,5279,0.3982818715665845,0.4,0.006248569832337396,0.39,0.4,0.4,0.4,0.4,0.41000000000000003,0.41000000000000003,0.38,0.41000000000000003
2015-07-02,5279,0.4067096040916841,0.41000000000000003,0.004726780679537773,0.4,0.4,0.41000000000000003,0.41000000000000003,0.41000000000000003,0.41000000000000003,0.41000000000000003,0.39,0.41000000000000003
2015-07-03,5279,0.40478689145671526,0.41000000000000003,0.005795911004313256,0.4,0.4,0.41000000000000003,0.41000000000000003,0.41000000000000003,0.41000000000000003,0.41000000000000003,0.39,0.41000000000000003
2015-07-04,5279,0.3991721917029741,0.4,0.0053744513897216115,0.39,0.4,0.4,0.4,0.41000000000000003,0.41000000000000003,0.41000000000000003,0.39,0.41000000000000003
2015-07-05,5279,0.39331691608259145,0.39,0.007112081338463611,0.38,0.39,0.39,0.4,0.4,0.4,0.41000000000000003,0.38,0.41000000000000003
2015-07-06,5279,0.38885205531350636,0.39,0.009027787030197208,0.37,0.38,0.39,0.4,0.4,0.4,0.4,0.37,0.4
2015-07-07,5279,0.3916063648418261,0.39,0.008475117923613468,0.38,0.38,0.39,0.4,0.4,0.4,0.4,0.37,0.41000000000000003
2015-07-08,5279,0.400363705247206,0.4,0.008194704950530459,0.39,0.39,0.4,0.41000000000000003,0.41000000000000003,0.41000000000000003,0.41000000000000003,0.38,0.41000000000000003
2015-07-09,5279,0.40749384353097184,0.41000000000000003,0.004333675627343406,0.4,0.4,0.41000000000000003,0.41000000000000003,0.41000000000000003,0.41000000000000003,0.41000000000000003,0.4,0.41000000000000003
2015-07-10,5279,0.4096950179958327,0.41000000000000003,0.0017195365709424637,0.41000000000000003,0.41000000000000003,0.41000000000000003,0.41000000000000003,0.41000000000000003,0.41000000000000003,0.41000000000000003,0.4,0.41000000000000003
2015-07-11,5279,0.40459177874597463,0.4,0.004983307677412864,0.4,0.4,0.4,0.41000000000000003,0.41000000000000003,0.41000000000000003,0.41000000000000003,0.4,0.41000000000000003
2015-07-12,5279,0.3979655237734421,0.4,0.007014580724493588,0.39,0.39,0.4,0.4,0.41000000000000003,0.41000000000000003,0.41000000000000003,0.39,0.41000000000000003
2015-07-13,5279,0.391784428869104,0.39,0.00851094567362154,0.38,0.39,0.39,0.4,0.4,0.41000000000000003,0.41000000000000003,0.38,0.41000000000000003
2015-07-14,5279,0.3915078613373745,0.39,0.008070036109590622,0.38,0.39,0.39,0.4,0.4,0.4,0.41000000000000003,0.38,0.41000000000000003
2015-07-15,5279,0.3939950748247774,0.39,0.0049172711139876145,0.39,0.39,0.39,0.4,0.4,0.4,0.4,0.38,0.41000000000000003
2015-07-16,5279,0.39896192460693314,0.4,0.0064777197941103095,0.39,0.39,0.4,0.4,0.41000000000000003,0.41000000000000003,0.41000000000000003,0.39,0.41000000000000003
2015-07-17,5279,0.39953021405569233,0.4,0.007249444666637485,0.39,0.39,0.4,0.4,0.41000000000000003,0.41000000000000003,0.41000000000000003,0.39,0.41000000000000003
2015-07-18,5279,0.39729683652206854,0.4,0.006611078333262413,0.39,0.39,0.4,0.4,0.41000000000000003,0.41000000000000003,0.41000000000000003,0.39,0.41000000000000003
2015-07-19,5279,0.3959992422807351,0.4,0.006341664382136215,0.39,0.39,0.4,0.4,0.4,0.41000000000000003,0.41000000000000003,0.39,0.41000000000000003
2015-07-20,5279,0.39485129759424137,0.39,0.006235546175556525,0.39,0.39,0.39,0.4,0.4,0.41000000000000003,0.41000000000000003,0.39,0.41000000000000003
2015-07-21,5279,0.3926501231293806,0.39,0.005751446731032017,0.38,0.39,0.39,0.4,0.4,0.4,0.41000000000000003,0.38,0.41000000000000003
2015-07-22,5279,0.3842242849024436,0.38,0.0055600945825164776,0.38,0.38,0.38,0.39,0.39,0.39,0.4,0.38,0.4
2015-07-23,5279,0.38028414472437955,0.38,0.0035565355934974287,0.38,0.38,0.38,0.38,0.38,0.39,0.39,0.37,0.39
2015-07-24,5279,0.3733339647660542,0.37,0.005195955924450158,0.37,0.37,0.37,0.38,0.38,0.38,0.39,0.37,0.39
2015-07-25,5279,0.3820212161394203,0.38,0.0040158245369973766,0.38,0.38,0.38,0.38,0.39,0.39,0.39,0.38,0.39
2015-07-26,5279,0.39028793332070477,0.39,0.0038724291828996734,0.38,0.39,0.39,0.39,0.39,0.4,0.4,0.38,0.4
2015-07-27,5279,0.3916404622087517,0.39,0.0038289234662551856,0.39,0.39,0.39,0.39,0.4,0.4,0.4,0.38,0.4
2015-07-28,5279,0.3856942602765675,0.39,0.005128220250843304,0.38,0.38,0.39,0.39,0.39,0.39,0.39,0.38,0.4
2015-07-29,5279,0.3831577950369388,0.38,0.006567001446659084,0.37,0.38,0.38,0.39,0.39,0.39,0.4,0.37,0.4
2015-07-30,5279,0.3811687819662814,0.38,0.003212750905082763,0.38,0.38,0.38,0.38,0.39,0.39,0.39,0.38,0.39
2015-07-31,5279,0.3815760560712256,0.38,0.0036437079977145567,0.38,0.38,0.38,0.38,0.39,0.39,0.39,0.38,0.39
2015-08-01,5279,0.37506914188293244,0.37,0.006357264069002106,0.37,0.37,0.37,0.38,0.38,0.39,0.39,0.37,0.39
2015-08-02,5279,0.3774408031824209,0.38,0.006356898858565491,0.37,0.37,0.38,0.38,0.39,0.39,0.39,0.37,0.39
2015-08-03,5279,0.39080507671907566,0.39,0.002720775379769218,0.39,0.39,0.39,0.39,0.39,0.4,0.4,0.39,0.4
2015-08-04,5279,0.40078613373745026,0.4,0.004536429232949849,0.39,0.4,0.4,0.4,0.41000000000000003,0.41000000000000003,0.41000000000000003,0.39,0.41000000000000003
2015-08-05,5279,0.39657132032581927,0.4,0.00619719057603324,0.39,0.39,0.4,0.4,0.4,0.41000000000000003,0.41000000000000003,0.39,0.41000000000000003
2015-08-06,5279,0.3880431899981058,0.39,0.004701471733567362,0.38,0.39,0.39,0.39,0.39,0.39,0.4,0.38,0.4
2015-08-07,5279,0.37964576624360674,0.38,0.005751657607594197,0.37,0.38,0.38,0.38,0.39,0.39,0.39,0.37,0.39
2015-08-08,5279,0.37979731009660916,0.38,0.00437586073698653,0.37,0.38,0.38,0.38,0.38,0.39,0.39,0.37,0.39
2015-08-09,5279,0.38304034855086183,0.38,0.004624616954667132,0.38,0.38,0.38,0.39,0.39,0.39,0.39,0.38,0.4
2015-08-10,5279,0.38206857359348356,0.38,0.004092396961736972,0.38,0.38,0.38,0.38,0.39,0.39,0.39,0.38,0.4
2015-08-11,5279,0.382555408221254,0.38,0.004506894028686336,0.38,0.38,0.38,0.38,0.39,0.39,0.39,0.38,0.4
2015-08-12,5279,0.38981625307823453,0.39,0.0049800086324744775,0.38,0.39,0.39,0.39,0.4,0.4,0.4,0.38,0.4
2015-08-13,5279,0.38716044705436636,0.39,0.005646918391186255,0.38,0.38,0.39,0.39,0.39,0.4,0.4,0.38,0.4
2015-08-14,5279,0.3829456336427353,0.38,0.004693593043438001,0.38,0.38,0.38,0.39,0.39,0.39,0.39,0.38,0.4
2015-08-15,5279,0.3898333017616973,0.39,0.004460967200862459,0.38,0.39,0.39,0.39,0.39,0.4,0.4,0.38,0.4
2015-08-16,5279,0.389935593862474,0.39,0.005071530429428285,0.38,0.39,0.39,0.39,0.4,0.4,0.4,0.38,0.4
2015-08-17,5279,0.3875544610721728,0.39,0.004934273293464749,0.38,0.38,0.39,0.39,0.39,0.39,0.4,0.38,0.4
2015-08-18,5279,0.38235082401970066,0.38,0.004550786303425992,0.38,0.38,0.38,0.38,0.39,0.39,0.39,0.37,0.4
2015-08-19,5279,0.3826823261981436,0.38,0.005787456323629045,0.37,0.38,0.38,0.39,0.39,0.39,0.4,0.37,0.4
2015-08-20,5279,0.38245501041863983,0.38,0.005372699135275176,0.38,0.38,0.38,0.39,0.39,0.39,0.39,0.37,0.4
2015-08-21,5279,0.382095093767759,0.38,0.0040695847186030774,0.38,0.38,0.38,0.38,0.39,0.39,0.39,0.38,0.39
2015-08-22,5279,0.38084106838416365,0.38,0.0036013104152006377,0.38,0.38,0.38,0.38,0.39,0.39,0.39,0.37,0.39
2015-08-23,5279,0.3844629664709225,0.38,0.0051396948678812,0.38,0.38,0.38,0.39,0.39,0.39,0.39,0.38,0.4
2015-08-24,5279,0.392765675317295,0.39,0.004473007177755808,0.39,0.39,0.39,0.4,0.4,0.4,0.4,0.39,0.4
2015-08-25,5279,0.3992081833680621,0.4,0.003890191143586997,0.39,0.4,0.4,0.4,0.4,0.4,0.41000000000000003,0.39,0.41000000000000003
2015-08-26,5279,0.3974900549346468,0.4,0.005499198789289903,0.39,0.39,0.4,0.4,0.4,0.41000000000000003,0.41000000000000003,0.39,0.41000000000000003
2015-08-27,5279,0.40081454820988827,0.4,0.005028756908067801,0.39,0.4,0.4,0.4,0.41000000000000003,0.41000000000000003,0.41000000000000003,0.39,0.41000000000000003
2015-08-28,5279,0.4042905853381322,0.4,0.0051703000560231905,0.4,0.4,0.4,0.41000000000000003,0.41000000000000003,0.41000000000000003,0.41000000000000003,0.39,0.41000000000000003
2015-08-29,5279,0.400367493843531,0.4,0.006619113660127092,0.39,0.4,0.4,0.4,0.41000000000000003,0.41000000000000003,0.41000000000000003,0.39,0.41000000000000003
2015-08-30,5279,0.39702784618298925,0.4,0.006329149805696473,0.39,0.39,0.4,0.4,0.4,0.41000000000000003,0.41000000000000003,0.38,0.41000000000000003
2015-08-31,5279,0.3988274294373934,0.4,0.005735236005247776,0.39,0.4,0.4,0.4,0.41000000000000003,0.41000000000000003,0.41000000000000003,0.39,0.41000000000000003
2015-09-01,5279,0.39110248153059296,0.39,0.003131988151419266,0.39,0.39,0.39,0.39,0.4,0.4,0.4,0.39,0.4
2015-09-02,5279,0.38920439477173707,0.39,0.004780827285746938,0.38,0.39,0.39,0.39,0.39,0.4,0.4,0.38,0.4
2015-09-03,5279,0.3866338321651828,0.39,0.0066447654050665154,0.38,0.38,0.39,0.39,0.39,0.4,0.4,0.37,0.4
2015-09-04,5279,0.3843379427921956,0.39,0.006630180498139502,0.37,0.38,0.39,0.39,0.39,0.39,0.4,0.37,0.4
2015-09-05,5279,0.3826652775146808,0.38,0.006856850171415547,0.37,0.38,0.38,0.39,0.39,0.39,0.4,0.37,0.4
2015-09-06,5279,0.3923584012123509,0.39,0.006339183255491249,0.38,0.39,0.39,0.4,0.4,0.4,0.4,0.38,0.4
2015-09-07,5279,0.40353097177495745,0.4,0.006086804768760787,0.39,0.4,0.4,0.41000000000000003,0.41000000000000003,0.41000000000000003,0.41000000000000003,0.39,0.41000000000000003
2015-09-08,5279,0.4094184504641031,0.41000000000000003,0.002340362257486553,0.4,0.41000000000000003,0.41000000000000003,0.41000000000000003,0.41000000000000003,0.41000000000000003,0.41000000000000003,0.4,0.41000000000000003
2015-09-09,5279,0.4033888994127675,0.4,0.006290206375815366,0.39,0.4,0.4,0.41000000000000003,0.41000000000000003,0.41000000000000003,0.41000000000000003,0.39,0.41000000000000003
2015-09-10,5279,0.3898977078992234,0.39,0.003742638471566084,0.38,0.39,0.39,0.39,0.39,0.4,0.4,0.38,0.4
2015-09-11,5279,0.3814983898465618,0.38,0.004357741418405923,0.38,0.38,0.38,0.38,0.39,0.39,0.39,0.37,0.39
2015-09-12,5279,0.38280356128054555,0.38,0.004495947387918589,0.38,0.38,0.38,0.39,0.39,0.39,0.39,0.37,0.39
2015-09-13,5279,0.3913108543284714,0.39,0.00337493766079332,0.39,0.39,0.39,0.39,0.4,0.4,0.4,0.39,0.4
2015-09-14,5279,0.3903940140178065,0.39,0.0059768520269540834,0.38,0.39,0.39,0.39,0.4,0.4,0.4,0.38,0.4
2015-09-15,5279,0.3836673612426596,0.38,0.005614365493474673,0.38,0.38,0.38,0.39,0.39,0.39,0.4,0.37,0.4
2015-09-16,5279,0.38981435878007215,0.39,0.00307197463370347,0.38,0.39,0.39,0.39,0.39,0.39,0.4,0.38,0.4
2015-09-17,5279,0.39862852813032773,0.4,0.005971938922331488,0.39,0.39,0.4,0.4,0.41000000000000003,0.41000000000000003,0.41000000000000003,0.39,0.41000000000000003
2015-09-18,5279,0.39969691229399507,0.4,0.009641372494929384,0.38,0.39,0.4,0.41000000000000003,0.41000000000000003,0.41000000000000003,0.41000000000000003,0.38,0.41000000000000003
2015-09-19,5279,0.40247205910210276,0.4,0.007381566365959948,0.39,0.4,0.4,0.41000000000000003,0.41000000000000003,0.41000000000000003,0.41000000000000003,0.39,0.41000000000000003
2015-09-20,5279,0.40593104754688386,0.41000000000000003,0.004912550301568582,0.4,0.4,0.41000000000000003,0.41000000000000003,0.41000000000000003,0.41000000000000003,0.41000000000000003,0.4,0.41000000000000003
2015-09-21,5279,0.40181852623602954,0.4,0.0070709626376108435,0.39,0.4,0.4,0.41000000000000003,0.41000000000000003,0.41000000000000003,0.41000000000000003,0.39,0.41000000000000003
2015-09-22,5279,0.3986133737450274,0.4,0.005917438787040485,0.39,0.39,0.4,0.4,0.41000000000000003,0.41000000000000003,0.41000000000000003,0.39,0.41000000000000003
2015-09-23,5279,0.39485129759424137,0.39,0.0051176399266206025,0.39,0.39,0.39,0.4,0.4,0.4,0.4,0.39,0.41000000000000003
2015-09-24,5279,0.39168971396097757,0.39,0.00732344440388168,0.38,0.39,0.39,0.4,0.4,0.41000000000000003,0.41000000000000003,0.38,0.41000000000000003
2015-09-25,5279,0.3915968933510134,0.39,0.007319698503440986,0.38,0.39,0.39,0.39,0.4,0.41000000000000003,0.41000000000000003,0.38,0.41000000000000003
2015-09-26,5279,0.39920060617541203,0.4,0.006259322398599364,0.39,0.4,0.4,0.4,0.41000000000000003,0.41000000000000003,0.41000000000000003,0.39,0.41000000000000003
2015-09-27,5279,0.40312559196817577,0.4,0.006612537709408117,0.39,0.4,0.4,0.41000000000000003,0.41000000000000003,0.41000000000000003,0.41000000000000003,0.39,0.41000000000000003
2015-09-28,5279,0.405110816442508,0.41000000000000003,0.006556184275942248,0.39,0.4,0.41000000000000003,0.41000000000000003,0.41000000000000003,0.41000000000000003,0.41000000000000003,0.39,0.41000000000000003
2015-09-29,5279,0.40699564311422615,0.41000000000000003,0.004584474731159686,0.4,0.4,0.41000000000000003,0.41000000000000003,0.41000000000000003,0.41000000000000003,0.41000000000000003,0.4,0.41000000000000003
2015-09-30,5279,0.40211782534570945,0.4,0.004085715269345745,0.4,0.4,0.4,0.4,0.41000000000000003,0.41000000000000003,0.41000000000000003,0.4,0.41000000000000003
2015-10-01,5279,0.3851127107406706,0.39,0.005013864790951188,0.38,0.38,0.39,0.39,0.39,0.39,0.39,0.38,0.4
2015-10-02,5279,0.3772513733661678,0.38,0.0052448556334977695,0.37,0.37,0.38,0.38,0.38,0.38,0.39,0.37,0.39
2015-10-03,5279,0.3729020647849972,0.37,0.004762603889936143,0.37,0.37,0.37,0.38,0.38,0.38,0.39,0.37,0.39
2015-10-04,5279,0.3738946770221633,0.37,0.005486822120090924,0.37,0.37,0.37,0.38,0.38,0.38,0.39,0.37,0.39
2015-10-05,5279,0.38045273726084483,0.38,0.005000813685384355,0.37,0.38,0.38,0.38,0.39,0.39,0.39,0.37,0.39
2015-10-06,5279,0.38952074256487973,0.39,0.0035059411240365144,0.38,0.39,0.39,0.39,0.39,0.39,0.4,0.38,0.4
2015-10-07,5279,0.3884390983140746,0.39,0.007153476352550317,0.38,0.38,0.39,0.39,0.4,0.4,0.4,0.38,0.4
2015-10-08,5279,0.3809945065353287,0.38,0.0075620667361845605,0.37,0.38,0.38,0.39,0.39,0.39,0.4,0.37,0.4
2015-10-09,5279,0.3758041295699943,0.38,0.005783252269684297,0.37,0.37,0.38,0.38,0.38,0.38,0.39,0.37,0.39
2015-10-10,5279,0.37363136957757154,0.37,0.004960282586060724,0.37,0.37,0.37,0.38,0.38,0.38,0.38,0.37,0.39
2015-10-11,5279,0.37894866451979536,0.38,0.005571439089338626,0.37,0.38,0.38,0.38,0.39,0.39,0.39,0.37,0.39
2015-10-12,5279,0.38175412009850346,0.38,0.004320833899362422,0.38,0.38,0.38,0.38,0.39,0.39,0.39,0.37,0.39
2015-10-13,5279,0.3815552187914377,0.38,0.005448820823412681,0.37,0.38,0.38,0.38,0.39,0.39,0.39,0.37,0.4
2015-10-14,5279,0.38244175033150213,0.38,0.005678542881484206,0.37,0.38,0.38,0.39,0.39,0.39,0.4,0.37,0.4
2015-10-15,5279,0.3946296647092252,0.39,0.005076624359790823,0.39,0.39,0.39,0.4,0.4,0.4,0.4,0.39,0.41000000000000003
2015-10-16,5279,0.40957378291343066,0.41000000000000003,0.0020200271930868995,0.41000000000000003,0.41000000000000003,0.41000000000000003,0.41000000000000003,0.41000000000000003,0.41000000000000003,0.41000000000000003,0.4,0.41000000000000003
2015-10-17,5279,0.4100000000000001,0.41000000000000003,5.551115123125783e-17,0.41000000000000003,0.41000000000000003,0.41000000000000003,0.41000000000000003,0.41000000000000003,0.41000000000000003,0.41000000000000003,0.41000000000000003,0.41000000000000003
2015-10-18,5279,0.4100000000000001,0.41000000000000003,5.551115123125783e-17,0.41000000000000003,0.41000000000000003,0.41000000000000003,0.41000000000000003,0.41000000000000003,0.41000000000000003,0.41000000000000003,0.41000000000000003,0.41000000000000003
2015-10-19,5279,0.4095662057207805,0.41000000000000003,0.002037097276889813,0.41000000000000003,0.41000000000000003,0.41000000000000003,0.41000000000000003,0.41000000000000003,0.41000000000000003,0.41000000000000003,0.4,0.41000000000000003
2015-10-20,5279,0.3969880659215761,0.4,0.004895386916451589,0.39,0.39,0.4,0.4,0.4,0.4,0.41000000000000003,0.39,0.41000000000000003
2015-10-21,5279,0.38446107217276,0.38,0.006895998306057484,0.38,0.38,0.38,0.39,0.39,0.4,0.4,0.37,0.4
2015-10-22,5279,0.377783671149839,0.38,0.008265679245614612,0.37,0.37,0.38,0.38,0.39,0.39,0.4,0.37,0.4
2015-10-23,5279,0.3845046410304982,0.38,0.006272217737198001,0.38,0.38,0.38,0.39,0.39,0.4,0.4,0.38,0.4
2015-10-24,5279,0.3929115362758099,0.39,0.004794501954768594,0.39,0.39,0.39,0.4,0.4,0.4,0.4,0.38,0.41000000000000003
2015-10-25,5279,0.39358022352718325,0.39,0.005185218315755788,0.39,0.39,0.39,0.4,0.4,0.4,0.4,0.38,0.4
2015-10-26,5279,0.39263686304224293,0.39,0.0056963457652335426,0.39,0.39,0.39,0.4,0.4,0.4,0.41000000000000003,0.38,0.41000000000000003
2015-10-27,5279,0.39363705247205916,0.39,0.007277267833075433,0.38,0.39,0.39,0.4,0.4,0.4,0.4,0.38,0.41000000000000003
2015-10-28,5279,0.38328660731199093,0.38,0.007868946488337861,0.37,0.38,0.38,0.39,0.39,0.39,0.4,0.37,0.4
2015-10-29,5279,0.3795737829134306,0.38,0.006516056371278893,0.37,0.38,0.38,0.38,0.39,0.39,0.39,0.37,0.39
2015-10-30,5279,0.3817749573782913,0.38,0.0038208768742479227,0.38,0.38,0.38,0.38,0.39,0.39,0.39,0.38,0.39
2015-10-31,5279,0.38790869482856605,0.39,0.004337355437280911,0.38,0.39,0.39,0.39,0.39,0.39,0.4,0.38,0.4
2015-11-01,5279,0.3818431521121424,0.38,0.003935599442516572,0.38,0.38,0.38,0.38,0.39,0.39,0.39,0.38,0.4
2015-11-02,5279,0.3763174843720402,0.38,0.00627723309063733,0.37,0.37,0.38,0.38,0.38,0.39,0.39,0.37,0.39
2015-11-03,5279,0.37530403485508623,0.37,0.006094647564612874,0.37,0.37,0.37,0.38,0.38,0.39,0.39,0.37,0.39
2015-11-04,5279,0.3807690850539875,0.38,0.004611801055481287,0.37,0.38,0.38,0.38,0.39,0.39,0.39,0.37,0.39
2015-11-05,5279,0.39120856222769473,0.39,0.0032596011441181237,0.39,0.39,0.39,0.39,0.4,0.4,0.4,0.39,0.4
2015-11-06,5279,0.39875165751089214,0.4,0.005205993875234485,0.39,0.4,0.4,0.4,0.4,0.41000000000000003,0.41000000000000003,0.39,0.41000000000000003
2015-11-07,5279,0.3919965902633074,0.39,0.008294128207647787,0.38,0.39,0.39,0.4,0.4,0.41000000000000003,0.41000000000000003,0.38,0.41000000000000003
2015-11-08,5279,0.39107217275999245,0.39,0.008377930196273994,0.38,0.38,0.39,0.4,0.4,0.4,0.41000000000000003,0.38,0.41000000000000003
2015-11-09,5279,0.3890964197764728,0.39,0.005204474489679917,0.38,0.39,0.39,0.39,0.39,0.4,0.4,0.38,0.4
2015-11-10,5279,0.3823565069141883,0.38,0.0042707446756706765,0.38,0.38,0.38,0.38,0.39,0.39,0.39,0.37,0.4
2015-11-11,5279,0.3769767001326009,0.38,0.0057468891593382655,0.37,0.37,0.38,0.38,0.38,0.39,0.39,0.37,0.39
2015-11-12,5279,0.3808675885584391,0.38,0.005091071421783339,0.37,0.38,0.38,0.38,0.39,0.39,0.39,0.37,0.4
2015-11-13,5279,0.3909016859253647,0.39,0.005609438758157886,0.38,0.39,0.39,0.39,0.4,0.4,0.4,0.38,0.4
2015-11-14,5279,0.40320704678916464,0.4,0.005287790728991218,0.4,0.4,0.4,0.41000000000000003,0.41000000000000003,0.41000000000000003,0.41000000000000003,0.39,0.41000000000000003
2015-11-15,5279,0.39581928395529453,0.4,0.005904326514029192,0.39,0.39,0.4,0.4,0.4,0.4,0.4,0.38,0.41000000000000003
2015-11-16,5279,0.39137715476415985,0.39,0.006424523319253215,0.38,0.39,0.39,0.4,0.4,0.4,0.4,0.38,0.4
2015-11-17,5279,0.38939571888615276,0.39,0.004196633638747204,0.38,0.39,0.39,0.39,0.39,0.4,0.4,0.38,0.4
2015-11-18,5279,0.3857226747490055,0.39,0.0051867564869761615,0.38,0.38,0.39,0.39,0.39,0.39,0.4,0.38,0.4
2015-11-19,5279,0.3838852055313507,0.38,0.005027193235066009,0.38,0.38,0.38,0.39,0.39,0.39,0.39,0.38,0.4
2015-11-20,5279,0.3822996779693124,0.38,0.005659430628545225,0.37,0.38,0.38,0.39,0.39,0.39,0.39,0.37,0.39
2015-11-21,5279,0.3812767569615457,0.38,0.0036047015793102947,0.38,0.38,0.38,0.38,0.39,0.39,0.39,0.37,0.39
2015-11-22,5279,0.38197954157984465,0.38,0.00474414107093903,0.38,0.38,0.38,0.38,0.39,0.39,0.39,0.37,0.4
2015-11-23,5279,0.39321841257813983,0.39,0.00516848483770621,0.39,0.39,0.39,0.4,0.4,0.4,0.4,0.38,0.41000000000000003
2015-11-24,5279,0.4039874976321274,0.4,0.00538643407714084,0.4,0.4,0.4,0.41000000000000003,0.41000000000000003,0.41000000000000003,0.41000000000000003,0.39,0.41000000000000003
2015-11-25,5279,0.39786323167266524,0.4,0.004856283744851266,0.39,0.4,0.4,0.4,0.4,0.4,0.41000000000000003,0.39,0.41000000000000003
2015-11-26,5279,0.3862511839363516,0.39,0.005357302273462958,0.38,0.38,0.39,0.39,0.39,0.39,0.4,0.38,0.4
2015-11-27,5279,0.3799905285091873,0.38,0.004449193869602503,0.37,0.38,0.38,0.38,0.38,0.39,0.39,0.37,0.39
2015-11-28,5279,0.3813260087137715,0.38,0.004402507056762714,0.38,0.38,0.38,0.38,0.39,0.39,0.39,0.37,0.4
2015-11-29,5279,0.38288122750520925,0.38,0.004986751336204696,0.38,0.38,0.38,0.39,0.39,0.39,0.4,0.38,0.4
2015-11-30,5279,0.38356506914188293,0.38,0.006317743661205264,0.38,0.38,0.38,0.39,0.39,0.4,0.4,0.37,0.4
2015-12-01,5279,0.37779314264065167,0.38,0.007692593936420656,0.37,0.37,0.38,0.38,0.39,0.39,0.39,0.37,0.4
2015-12-02,5279,0.379785944307634,0.38,0.008124552731567088,0.37,0.37,0.38,0.39,0.39,0.39,0.4,0.37,0.4
2015-12-03,5279,0.386952074256488,0.39,0.006923647604557274,0.38,0.38,0.39,0.39,0.4,0.4,0.4,0.38,0.4
2015-12-04,5279,0.3956128054555787,0.4,0.005674650837164888,0.39,0.39,0.4,0.4,0.4,0.4,0.41000000000000003,0.39,0.41000000000000003
2015-12-05,5279,0.385167645387384,0.38,0.006130898856329629,0.38,0.38,0.38,0.39,0.39,0.4,0.4,0.38,0.4
2015-12-06,5279,0.37878196628149274,0.38,0.007171062790135374,0.37,0.37,0.38,0.38,0.39,0.39,0.39,0.37,0.4
2015-12-07,5279,0.3846656563743133,0.38,0.005900367506488391,0.38,0.38,0.38,0.39,0.39,0.39,0.4,0.38,0.4
2015-12-08,5279,0.3923375639325631,0.39,0.006501700435805733,0.38,0.39,0.39,0.4,0.4,0.41000000000000003,0.41000000000000003,0.38,0.41000000000000003
2015-12-09,5279,0.3902386815684789,0.39,0.00554133858091783,0.38,0.39,0.39,0.39,0.4,0.4,0.4,0.38,0.4
2015-12-10,5279,0.38053419208183364,0.38,0.005808290094232477,0.37,0.38,0.38,0.38,0.39,0.39,0.39,0.37,0.4
2015-12-11,5279,0.37690282250426216,0.38,0.005550934278720727,0.37,0.37,0.38,0.38,0.38,0.38,0.39,0.37,0.39
2015-12-12,5279,0.3778859632506157,0.38,0.00588143492131276,0.37,0.37,0.38,0.38,0.38,0.39,0.39,0.37,0.39
2015-12-13,5279,0.3847262739155143,0.38,0.005138348625526122,0.38,0.38,0.38,0.39,0.39,0.39,0.39,0.38,0.4
2015-12-14,5279,0.3820136389467702,0.38,0.004066482413432985,0.38,0.38,0.38,0.38,0.39,0.39,0.39,0.37,0.4
2015-12-15,5279,0.3753911725705626,0.37,0.005760372898968863,0.37,0.37,0.37,0.38,0.38,0.38,0.39,0.37,0.39
2015-12-16,5279,0.374614510323925,0.37,0.005790274889332166,0.37,0.37,0.37,0.38,0.38,0.38,0.39,0.37,0.39
2015-12-17,5279,0.381723811327903,0.38,0.0051112517334079835,0.37,0.38,0.38,0.38,0.39,0.39,0.39,0.37,0.4
2015-12-18,5279,0.3897007008903202,0.39,0.005246835927741947,0.38,0.39,0.39,0.39,0.4,0.4,0.4,0.38,0.4
2015-12-19,5279,0.3964330365599546,0.4,0.0056469012338608345,0.39,0.39,0.4,0.4,0.4,0.4,0.41000000000000003,0.38,0.41000000000000003
2015-12-20,5279,0.39017616972911534,0.39,0.006716404502384594,0.38,0.39,0.39,0.39,0.4,0.4,0.4,0.38,0.4
2015-12-21,5279,0.3795169539685546,0.38,0.00581439631536956,0.37,0.38,0.38,0.38,0.39,0.39,0.39,0.37,0.39
2015-12-22,5279,0.37697859443076337,0.38,0.0055993088965933056,0.37,0.37,0.38,0.38,0.38,0.39,0.39,0.37,0.39
2015-12-23,5279,0.37912293995074825,0.38,0.004422282776345475,0.37,0.38,0.38,0.38,0.38,0.39,0.39,0.37,0.39
2015-12-24,5279,0.38697291153627583,0.39,0.005091084108798248,0.38,0.38,0.39,0.39,0.39,0.39,0.4,0.38,0.4
2015-12-25,5279,0.39200227315779507,0.39,0.006472228880354466,0.38,0.39,0.39,0.4,0.4,0.4,0.4,0.38,0.4
2015-12-26,5279,0.3888804697859443,0.39,0.005755707059063219,0.38,0.39,0.39,0.39,0.4,0.4,0.4,0.38,0.4
2015-12-27,5279,0.3843530971774957,0.38,0.0053192425341204745,0.38,0.38,0.38,0.39,0.39,0.39,0.4,0.38,0.4
2015-12-28,5279,0.38929721538170114,0.39,0.005024898586944399,0.38,0.39,0.39,0.39,0.39,0.4,0.4,0.38,0.4
2015-12-29,5279,0.3914908126539118,0.39,0.006212857879710038,0.38,0.39,0.39,0.4,0.4,0.4,0.4,0.38,0.4
2015-12-30,5279,0.38256487971206665,0.38,0.004371278433884782,0.38,0.38,0.38,0.39,0.39,0.39,0.39,0.38,0.4
2015-12-31,5279,0.37675317294942223,0.38,0.00536504836490554,0.37,0.37,0.38,0.38,0.38,0.38,0.39,0.37,0.39
2019-07-23,5279,0.39172570562606557,0.39,0.006987917775516733,0.38,0.39,0.39,0.4,0.4,0.4,0.41000000000000003,0.38,0.41000000000000003
2019-07-24,5279,0.39557681379049064,0.4,0.005394436351596144,0.39,0.39,0.4,0.4,0.4,0.4,0.41000000000000003,0.38,0.41000000000000003
2019-07-27,5279,0.38094146618677777,0.38,0.005839634276313687,0.37,0.38,0.38,0.38,0.39,0.39,0.39,0.37,0.39
2019-07-28,5279,0.3827353665466944,0.38,0.004998603841174307,0.38,0.38,0.38,0.39,0.39,0.39,0.39,0.37,0.4
2019-07-30,5279,0.3939818147376397,0.39,0.008370813344443397,0.38,0.39,0.39,0.4,0.41000000000000003,0.41000000000000003,0.41000000000000003,0.38,0.41000000000000003
2019-07-31,5279,0.39516006819473387,0.39,0.0066811071762174455,0.39,0.39,0.39,0.4,0.4,0.41000000000000003,0.41000000000000003,0.38,0.41000000000000003
2019-08-01,5279,0.3997196438719454,0.4,0.004281819540950027,0.39,0.4,0.4,0.4,0.4,0.41000000000000003,0.41000000000000003,0.39,0.41000000000000003
2019-08-02,5279,0.3951809054745217,0.39,0.006449745039635941,0.39,0.39,0.39,0.4,0.4,0.41000000000000003,0.41000000000000003,0.38,0.41000000000000003
2019-08-03,5279,0.39749573782913433,0.4,0.006263362742453969,0.39,0.39,0.4,0.4,0.4,0.41000000000000003,0.41000000000000003,0.38,0.41000000000000003
2019-08-05,5279,0.3996590263307445,0.4,0.0050040000554839375,0.39,0.4,0.4,0.4,0.41000000000000003,0.41000000000000003,0.41000000000000003,0.39,0.41000000000000003
2019-08-06,5279,0.38904527372608455,0.39,0.0068206835237875005,0.38,0.38,0.39,0.39,0.4,0.4,0.4,0.37,0.4
2019-08-09,5279,0.3924625876112901,0.39,0.005704512144706008,0.38,0.39,0.39,0.4,0.4,0.4,0.4,0.38,0.4
2019-08-10,5279,0.3906251183936352,0.39,0.004860959544660844,0.38,0.39,0.39,0.39,0.4,0.4,0.4,0.38,0.4
2019-08-11,5279,0.3844648607690851,0.38,0.0055646033048086544,0.38,0.38,0.38,0.39,0.39,0.39,0.39,0.37,0.4
2019-08-12,5279,0.38142640651638565,0.38,0.005700738544517605,0.37,0.38,0.38,0.38,0.39,0.39,0.39,0.37,0.4
2019-08-13,5279,0.3875355180905474,0.39,0.005550523771902568,0.38,0.38,0.39,0.39,0.39,0.4,0.4,0.38,0.4
2019-08-14,5279,0.39738018564122,0.4,0.005121519464469756,0.39,0.39,0.4,0.4,0.4,0.4,0.41000000000000003,0.38,0.41000000000000003
2019-08-17,5279,0.3891589316158363,0.39,0.006635957095411141,0.38,0.38,0.39,0.39,0.4,0.4,0.4,0.38,0.4
2019-08-18,5279,0.3845804129569994,0.38,0.005594858928445056,0.38,0.38,0.38,0.39,0.39,0.39,0.4,0.37,0.4
2019-08-20,5279,0.394364462966471,0.4,0.008056473023455624,0.38,0.39,0.4,0.4,0.4,0.41000000000000003,0.41000000000000003,0.38,0.41000000000000003
2019-08-21,5279,0.3979446864936541,0.4,0.005186425088730476,0.39,0.39,0.4,0.4,0.4,0.41000000000000003,0.41000000000000003,0.39,0.41000000000000003
2019-08-22,5279,0.38950558817957953,0.39,0.005359046170441543,0.38,0.39,0.39,0.39,0.4,0.4,0.4,0.38,0.4
2019-08-23,5279,0.37945823072551615,0.38,0.0059937856919324295,0.37,0.38,0.38,0.38,0.39,0.39,0.39,0.37,0.39
2019-08-25,5279,0.3834722485319189,0.38,0.004990114956948635,0.38,0.38,0.38,0.39,0.39,0.39,0.4,0.38,0.4
2019-08-26,5279,0.3835215002841447,0.38,0.005212573679482787,0.38,0.38,0.38,0.39,0.39,0.39,0.39,0.37,0.39
2019-08-29,5279,0.382151922712635,0.38,0.0051341938586159175,0.38,0.38,0.38,0.39,0.39,0.39,0.39,0.37,0.4
2019-08-30,5279,0.3842413335859064,0.38,0.005163302925832724,0.38,0.38,0.38,0.39,0.39,0.39,0.4,0.38,0.4
2019-09-03,5279,0.3834173138852055,0.38,0.006129740454193952,0.38,0.38,0.38,0.39,0.39,0.39,0.4,0.37,0.4
2019-09-04,5279,0.38292858495927257,0.38,0.0053291735071137715,0.38,0.38,0.38,0.39,0.39,0.39,0.39,0.37,0.39
2019-09-05,5279,0.3813620003788596,0.38,0.0041588831903736434,0.38,0.38,0.38,0.38,0.39,0.39,0.39,0.37,0.39
2019-09-06,5279,0.3812331881038075,0.38,0.003362089478428702,0.38,0.38,0.38,0.38,0.39,0.39,0.39,0.37,0.39
2019-09-07,5279,0.3904792574351204,0.39,0.004844376360703414,0.38,0.39,0.39,0.39,0.4,0.4,0.4,0.38,0.4
2019-09-08,5279,0.3939628717560144,0.4,0.007192542111901696,0.38,0.39,0.4,0.4,0.4,0.4,0.4,0.38,0.41000000000000003
2019-09-09,5279,0.3896495548399319,0.39,0.0054369881733035055,0.38,0.39,0.39,0.39,0.4,0.4,0.4,0.38,0.4
2019-09-11,5279,0.4033036559954537,0.4,0.0072330857681200305,0.39,0.4,0.4,0.41000000000000003,0.41000000000000003,0.41000000000000003,0.41000000000000003,0.39,0.41000000000000003
2019-09-12,5279,0.4032297783671151,0.41000000000000003,0.008390365563818104,0.39,0.4,0.41000000000000003,0.41000000000000003,0.41000000000000003,0.41000000000000003,0.41000000000000003,0.38,0.41000000000000003
2019-09-14,5279,0.39936730441371465,0.4,0.004824771841935113,0.39,0.4,0.4,0.4,0.4,0.41000000000000003,0.41000000000000003,0.39,0.41000000000000003
2019-09-15,5279,0.3917654858874787,0.39,0.006778302294133903,0.38,0.39,0.39,0.4,0.4,0.4,0.4,0.38,0.4
2019-09-16,5279,0.38302898276188674,0.38,0.006122240371900334,0.37,0.38,0.38,0.39,0.39,0.39,0.4,0.37,0.4
2019-09-17,5279,0.38277514680810754,0.38,0.005415910751750537,0.38,0.38,0.38,0.39,0.39,0.39,0.4,0.37,0.4
2019-09-19,5279,0.38689713960977457,0.39,0.00645521894594628,0.38,0.38,0.39,0.39,0.4,0.4,0.4,0.38,0.4
2019-09-20,5279,0.3821898086758856,0.38,0.005930803418797136,0.37,0.38,0.38,0.39,0.39,0.39,0.4,0.37,0.4
2019-09-23,5279,0.3848759234703542,0.38,0.006477462199894875,0.38,0.38,0.38,0.39,0.39,0.4,0.4,0.37,0.4
2019-09-24,5279,0.3920572078045084,0.39,0.004788750536388492,0.39,0.39,0.39,0.39,0.4,0.4,0.4,0.38,0.41000000000000003
2019-09-25,5279,0.3971130896003031,0.4,0.006231674942672986,0.39,0.39,0.4,0.4,0.4,0.41000000000000003,0.41000000000000003,0.38,0.41000000000000003
2019-09-26,5279,0.3959007387762834,0.4,0.007410410639981356,0.38,0.39,0.4,0.4,0.4,0.41000000000000003,0.41000000000000003,0.38,0.41000000000000003
2019-09-27,5279,0.3906630043568858,0.39,0.007594569958147399,0.38,0.38,0.39,0.4,0.4,0.4,0.4,0.38,0.41000000000000003
2019-09-28,5279,0.3873309338889942,0.39,0.006951416640682392,0.38,0.38,0.39,0.39,0.4,0.4,0.4,0.38,0.41000000000000003
2019-09-29,5279,0.3829096419776472,0.38,0.005129648898899225,0.38,0.38,0.38,0.39,0.39,0.39,0.4,0.38,0.4
2019-10-01,5279,0.38473574540632693,0.38,0.005741253671355522,0.38,0.38,0.38,0.39,0.39,0.39,0.4,0.37,0.4
2019-10-02,5279,0.38327524152301573,0.38,0.00630522315206679,0.38,0.38,0.38,0.39,0.39,0.4,0.4,0.37,0.4
2019-10-05,5279,0.3996760750142072,0.4,0.005304626113772126,0.39,0.4,0.4,0.4,0.41000000000000003,0.41000000000000003,0.41000000000000003,0.39,0.41000000000000003
2019-10-06,5279,0.4084315211214246,0.41000000000000003,0.004286858266294936,0.4,0.41000000000000003,0.41000000000000003,0.41000000000000003,0.41000000000000003,0.41000000000000003,0.41000000000000003,0.39,0.41000000000000003
2019-10-09,5279,0.4063553703352909,0.41000000000000003,0.0048127924590837924,0.4,0.4,0.41000000000000003,0.41000000000000003,0.41000000000000003,0.41000000000000003,0.41000000000000003,0.4,0.41000000000000003
2019-10-10,5279,0.39499526425459375,0.4,0.005539212223801129,0.39,0.39,0.4,0.4,0.4,0.4,0.4,0.38,0.4
2019-10-11,5279,0.38739723432468276,0.39,0.00451131472265358,0.38,0.38,0.39,0.39,0.39,0.39,0.39,0.38,0.4
2019-10-12,5279,0.3795605228262928,0.38,0.004572673325789121,0.37,0.38,0.38,0.38,0.38,0.39,0.39,0.37,0.39
2019-10-13,5279,0.38013638946770223,0.38,0.0052895297291257306,0.37,0.38,0.38,0.38,0.39,0.39,0.39,0.37,0.39
2019-10-14,5279,0.38567342299677965,0.39,0.006024213647863028,0.38,0.38,0.39,0.39,0.39,0.4,0.4,0.38,0.4
2019-10-17,5279,0.3742943739344573,0.37,0.006264162478744965,0.37,0.37,0.37,0.38,0.38,0.39,0.39,0.37,0.39
2019-10-18,5279,0.38246258761129,0.38,0.004687352670983542,0.38,0.38,0.38,0.38,0.39,0.39,0.4,0.38,0.4
2019-10-20,5279,0.3851581738965713,0.38,0.006174253822641821,0.38,0.38,0.38,0.39,0.39,0.4,0.4,0.38,0.4
2019-10-21,5279,0.3792403864368251,0.38,0.005820676147242329,0.37,0.38,0.38,0.38,0.39,0.39,0.39,0.37,0.39
2019-10-22,5279,0.38026141314642925,0.38,0.00592686451900969,0.37,0.38,0.38,0.38,0.39,0.39,0.39,0.37,0.4
2019-10-23,5279,0.38892972153817007,0.39,0.005853113416963951,0.38,0.39,0.39,0.39,0.4,0.4,0.4,0.38,0.4
2019-10-25,5279,0.38575866641409357,0.39,0.005606543362312498,0.38,0.38,0.39,0.39,0.39,0.39,0.4,0.37,0.4
2019-10-26,5279,0.38306876302329984,0.38,0.004964088483209276,0.38,0.38,0.38,0.39,0.39,0.39,0.39,0.37,0.4
2019-10-29,5279,0.3891551430195113,0.39,0.0037900963122676078,0.38,0.39,0.39,0.39,0.39,0.39,0.4,0.38,0.4
2019-10-30,5279,0.3796173517711688,0.38,0.00394187380806733,0.37,0.38,0.38,0.38,0.38,0.39,0.39,0.37,0.39
2019-10-31,5279,0.378340594809623,0.38,0.0049521982951607766,0.37,0.38,0.38,0.38,0.38,0.39,0.39,0.37,0.39
2019-11-03,5279,0.3807766622466376,0.38,0.005000770631819063,0.37,0.38,0.38,0.38,0.39,0.39,0.39,0.37,0.4
2019-11-04,5279,0.38859253646523967,0.39,0.0071760074920922375,0.38,0.38,0.39,0.39,0.4,0.4,0.4,0.37,0.4
2019-11-05,5279,0.39168781966281496,0.39,0.00830674389220036,0.38,0.38,0.39,0.4,0.4,0.4,0.41000000000000003,0.37,0.41000000000000003
2019-11-06,5279,0.38442697480583443,0.38,0.006062776954811876,0.38,0.38,0.38,0.39,0.39,0.4,0.4,0.37,0.4
2019-11-07,5279,0.3794014017806402,0.38,0.00542053146135254,0.37,0.38,0.38,0.38,0.39,0.39,0.39,0.37,0.39
2019-11-08,5279,0.3778367114983898,0.38,0.006010271647747248,0.37,0.37,0.38,0.38,0.38,0.39,0.39,0.37,0.39
2019-11-09,5279,0.38230725516196246,0.38,0.005202794652576042,0.38,0.38,0.38,0.38,0.39,0.39,0.4,0.37,0.4
2019-11-11,5279,0.38463913620003787,0.38,0.0062085916318718555,0.37900000000000034,0.38,0.38,0.39,0.39,0.39,0.4,0.37,0.4
2019-11-12,5279,0.38514870240575866,0.38,0.007455853130327818,0.37,0.38,0.38,0.39,0.39,0.4,0.4,0.37,0.4
2019-11-14,5279,0.39727789354044335,0.4,0.00662906928678899,0.39,0.39,0.4,0.4,0.41000000000000003,0.41000000000000003,0.41000000000000003,0.39,0.41000000000000003
2019-11-15,5279,0.38923470354233763,0.39,0.0032250970023501436,0.38,0.39,0.39,0.39,0.39,0.39,0.4,0.38,0.4
2019-11-16,5279,0.38084864557681375,0.38,0.004133546106280148,0.38,0.38,0.38,0.38,0.39,0.39,0.39,0.37,0.39
2019-11-17,5279,0.37674749005493463,0.38,0.005345682564159819,0.37,0.37,0.38,0.38,0.38,0.38,0.39,0.37,0.39
2019-11-18,5279,0.37950179958325436,0.38,0.005983334386252816,0.37,0.38,0.38,0.38,0.39,0.39,0.39,0.37,0.39
2019-11-19,5279,0.3804148512975942,0.38,0.006114886013971958,0.37,0.38,0.38,0.38,0.39,0.39,0.39,0.37,0.4
2019-11-20,5279,0.3832051524910021,0.38,0.0053228558182427345,0.38,0.38,0.38,0.39,0.39,0.39,0.4,0.37,0.4
2019-11-23,5279,0.3761034286796742,0.37,0.007507621030952618,0.37,0.37,0.37,0.38,0.39,0.39,0.39,0.37,0.4
2019-11-24,5279,0.3744212919113469,0.37,0.006084071085040689,0.37,0.37,0.37,0.38,0.38,0.39,0.39,0.37,0.39
2019-11-25,5279,0.3731729494222391,0.37,0.005514847567902098,0.37,0.37,0.37,0.38,0.38,0.38,0.39,0.37,0.39
2019-11-26,5279,0.3744307634021596,0.37,0.00611291807442528,0.37,0.37,0.37,0.38,0.38,0.39,0.39,0.37,0.39
2019-11-27,5279,0.38280356128054555,0.38,0.0068056573227430585,0.37,0.38,0.38,0.39,0.39,0.39,0.39,0.37,0.4
2019-11-28,5279,0.38758476984277324,0.39,0.00779430841708099,0.38,0.38,0.39,0.39,0.4,0.4,0.4,0.38,0.4
2019-11-29,5279,0.38415419587043004,0.38,0.007220166089752017,0.37,0.38,0.38,0.39,0.39,0.4,0.4,0.37,0.4
2019-12-01,5279,0.3835044516006819,0.38,0.005261987286936115,0.38,0.38,0.38,0.39,0.39,0.39,0.4,0.37,0.4
2019-12-02,5279,0.37591210456525864,0.38,0.006493373376456723,0.37,0.37,0.38,0.38,0.38,0.39,0.39,0.37,0.39
2019-12-03,5279,0.37788028035612803,0.38,0.006068066541838497,0.37,0.37,0.38,0.38,0.39,0.39,0.39,0.37,0.39
2019-12-05,5279,0.37804129569994316,0.38,0.006126577293612743,0.37,0.37,0.38,0.38,0.39,0.39,0.39,0.37,0.39
2019-12-06,5279,0.38087895434741426,0.38,0.007129384349472269,0.37,0.38,0.38,0.39,0.39,0.39,0.4,0.37,0.4
2019-12-09,5279,0.3821329797310097,0.38,0.00853308469575096,0.37,0.38,0.38,0.39,0.39,0.4,0.4,0.37,0.4
2019-12-10,5279,0.38370145860958516,0.38,0.0076689593702931064,0.37,0.38,0.38,0.39,0.39,0.4,0.4,0.37,0.4
2019-12-11,5279,0.3841901875355181,0.38,0.006927123850542444,0.37,0.38,0.38,0.39,0.39,0.4,0.4,0.37,0.4
2019-12-12,5279,0.381259708278083,0.38,0.008167164980172989,0.37,0.38,0.38,0.39,0.39,0.39,0.4,0.37,0.4
2019-12-13,5279,0.3815059670392119,0.38,0.005486858743803986,0.37,0.38,0.38,0.38,0.39,0.39,0.4,0.37,0.4
2019-12-14,5279,0.37620382648228834,0.37,0.007617547397857245,0.37,0.37,0.37,0.38,0.39,0.39,0.39,0.36,0.4
2019-12-17,5279,0.38930668687251385,0.39,0.0044013136278363355,0.38,0.39,0.39,0.39,0.39,0.4,0.4,0.38,0.4
2019-12-18,5279,0.3940689524531162,0.39,0.004912550301568582,0.39,0.39,0.39,0.4,0.4,0.4,0.4,0.39,0.4
2019-12-20,5279,0.4079636294752795,0.41000000000000003,0.004763968938722251,0.4,0.41000000000000003,0.41000000000000003,0.41000000000000003,0.41000000000000003,0.41000000000000003,0.41000000000000003,0.39,0.41000000000000003
2019-12-21,5279,0.40734040537980687,0.41000000000000003,0.005550902602897567,0.39,0.41000000000000003,0.41000000000000003,0.41000000000000003,0.41000000000000003,0.41000000000000003,0.41000000000000003,0.38,0.41000000000000003
2019-12-22,5279,0.39835006630043573,0.4,0.00553158417326886,0.39,0.4,0.4,0.4,0.4,0.41000000000000003,0.41000000000000003,0.39,0.41000000000000003
2019-12-23,5279,0.3863686304224285,0.39,0.006619107696785076,0.38,0.38,0.39,0.39,0.4,0.4,0.4,0.38,0.4
2019-12-25,5279,0.3849232809244175,0.38,0.007758232662357053,0.37,0.38,0.38,0.39,0.4,0.4,0.4,0.37,0.4
2019-12-26,5279,0.3938473195681,0.39,0.008176877516975342,0.38,0.39,0.39,0.4,0.41000000000000003,0.41000000000000003,0.41000000000000003,0.38,0.41000000000000003
2019-12-29,5279,0.39646902822504265,0.4,0.008095643066333402,0.39,0.39,0.4,0.4,0.41000000000000003,0.41000000000000003,0.41000000000000003,0.38,0.41000000000000003
2019-12-30,5279,0.39424322788406896,0.39,0.007462118710279759,0.38,0.39,0.39,0.4,0.4,0.41000000000000003,0.41000000000000003,0.38,0.41000000000000003
2019-12-31,5279,0.3943284713013828,0.39,0.007982677195532226,0.38,0.39,0.39,0.4,0.41000000000000003,0.41000000000000003,0.41000000000000003,0.38,0.41000000000000003
2020-01-01,5279,0.3806933131274862,0.38,0.007301875425062354,0.37,0.38,0.38,0.38,0.39,0.39,0.4,0.37,0.4
2020-01-02,5279,0.3835347603712825,0.38,0.0072443009388357925,0.37,0.38,0.38,0.39,0.39,0.39,0.4,0.37,0.4
2020-01-03,5279,0.3804243227884069,0.38,0.006715182518422293,0.37,0.38,0.38,0.38,0.39,0.39,0.39,0.37,0.4
2020-01-05,5279,0.3856506914188293,0.39,0.005703740260573866,0.38,0.38,0.39,0.39,0.39,0.39,0.4,0.38,0.4
2020-01-06,5279,0.3873385110816443,0.39,0.005343053918376046,0.38,0.38,0.39,0.39,0.39,0.39,0.4,0.38,0.4
2020-01-09,5279,0.38223148323546124,0.38,0.006257605752747823,0.37,0.38,0.38,0.39,0.39,0.39,0.4,0.37,0.4
2020-01-10,5279,0.3882477741996591,0.39,0.004297426538359262,0.38,0.39,0.39,0.39,0.39,0.39,0.4,0.37,0.4
2020-01-11,5279,0.39859443076340223,0.4,0.007633024085485958,0.39,0.39,0.4,0.4,0.41000000000000003,0.41000000000000003,0.41000000000000003,0.38,0.41000000000000003
2020-01-12,5279,0.3821026709604092,0.38,0.007304441716479156,0.37,0.38,0.38,0.39,0.39,0.4,0.4,0.37,0.4
2020-01-13,5279,0.3752945633642736,0.37,0.006696360884409664,0.37,0.37,0.37,0.38,0.38,0.39,0.39,0.37,0.39
2020-01-14,5279,0.37471869672286423,0.37,0.006203550863013304,0.37,0.37,0.37,0.38,0.38,0.39,0.39,0.37,0.39
2020-01-17,5279,0.38513544231862096,0.39,0.005238725321069683,0.38,0.38,0.39,0.39,0.39,0.39,0.4,0.38,0.4
2020-01-18,5279,0.38388899412767563,0.38,0.005778295649870933,0.38,0.38,0.38,0.39,0.39,0.39,0.4,0.38,0.4
2020-01-20,5279,0.38320515249100207,0.38,0.007442000525580482,0.37,0.38,0.38,0.39,0.39,0.39,0.4,0.37,0.4
2020-01-21,5279,0.385535139230915,0.39,0.009245686078248785,0.37,0.38,0.39,0.39,0.4,0.4,0.4,0.37,0.4
2020-01-22,5279,0.3831312748626634,0.38,0.007615251077372907,0.37,0.38,0.38,0.39,0.39,0.39,0.4,0.37,0.4
2020-01-23,5279,0.38524341731388523,0.38,0.00565575257378852,0.38,0.38,0.38,0.39,0.39,0.39,0.4,0.38,0.4
2020-01-25,5279,0.3804394771737071,0.38,0.004854004405841267,0.37,0.38,0.38,0.38,0.39,0.39,0.39,0.37,0.39
2020-01-26,5279,0.3739193028982762,0.37,0.0053128961510081505,0.37,0.37,0.37,0.38,0.38,0.38,0.39,0.37,0.39
2020-01-29,5279,0.37665466944497067,0.38,0.007263626466485336,0.37,0.37,0.38,0.38,0.39,0.39,0.39,0.37,0.39
2020-01-30,5279,0.38519227126349687,0.38,0.006303852586234349,0.38,0.38,0.38,0.39,0.39,0.4,0.4,0.38,0.4
2020-01-31,5279,0.39150975563553697,0.39,0.0074049799136302425,0.38,0.39,0.39,0.4,0.4,0.4,0.4,0.38,0.4
2020-02-03,5279,0.37997158552756205,0.38,0.007572291462797967,0.37,0.37,0.38,0.39,0.39,0.39,0.39,0.37,0.39
2020-02-04,5279,0.3820591021026709,0.38,0.006218195229493709,0.37,0.38,0.38,0.39,0.39,0.39,0.39,0.37,0.4
2020-02-05,5279,0.37568857738208,0.38,0.006009905651803229,0.37,0.37,0.38,0.38,0.38,0.39,0.39,0.37,0.39
2020-02-06,5279,0.37162151922712633,0.37,0.0058574302868587245,0.36,0.37,0.37,0.37,0.38,0.38,0.39,0.36,0.39
2020-02-07,5279,0.37670013260087143,0.37,0.0076124680869306,0.37,0.37,0.37,0.38,0.39,0.39,0.39,0.37,0.4
2020-02-08,5279,0.38415609016859253,0.38,0.0070262595930097455,0.37,0.38,0.38,0.39,0.39,0.39,0.4,0.37,0.4
2020-02-09,5279,0.38618677779882554,0.39,0.005382505479588691,0.38,0.38,0.39,0.39,0.39,0.39,0.4,0.38,0.4
2020-02-11,5279,0.3742564879712067,0.37,0.0054370759514533904,0.37,0.37,0.37,0.38,0.38,0.38,0.39,0.37,0.39
2020-02-12,5279,0.3757018374692177,0.38,0.005674352360109231,0.37,0.37,0.38,0.38,0.38,0.38,0.39,0.37,0.39
2020-02-14,5279,0.38501041863989394,0.38,0.005763778749859021,0.38,0.38,0.38,0.39,0.39,0.39,0.4,0.37,0.4
2020-02-15,5279,0.3816139420344762,0.38,0.003942406309146188,0.38,0.38,0.38,0.38,0.39,0.39,0.39,0.37,0.39
2020-02-16,5279,0.3752206857359348,0.37,0.005649983632194719,0.37,0.37,0.37,0.38,0.38,0.38,0.39,0.37,0.39
2020-02-17,5279,0.3744307634021596,0.37,0.005285277905203468,0.37,0.37,0.37,0.38,0.38,0.38,0.39,0.37,0.39
2020-02-19,5279,0.37988823640841063,0.38,0.004752524169174454,0.37,0.38,0.38,0.38,0.39,0.39,0.39,0.37,0.39
2020-02-20,5279,0.3723584012123508,0.37,0.004458516350129335,0.37,0.37,0.37,0.37,0.38,0.38,0.38,0.37,0.39
2020-02-23,5279,0.3839420344762266,0.38,0.005755422137746029,0.38,0.38,0.38,0.39,0.39,0.39,0.39,0.37,0.4
2020-02-24,5279,0.3804849403296079,0.38,0.006372275987501133,0.37,0.38,0.38,0.38,0.39,0.39,0.39,0.37,0.4
2020-02-25,5279,0.38470354233756393,0.38,0.006356687173668751,0.37,0.38,0.38,0.39,0.39,0.39,0.4,0.37,0.4
2020-02-26,5279,0.3881435878007199,0.39,0.00905882734149423,0.37,0.38,0.39,0.39,0.4,0.4,0.4,0.37,0.4
2020-02-27,5279,0.3873271452926691,0.39,0.00824177674379705,0.37,0.38,0.39,0.39,0.4,0.4,0.4,0.37,0.4
2020-02-28,5279,0.3895624171244554,0.39,0.00744098691935808,0.38,0.38,0.39,0.39,0.4,0.4,0.41000000000000003,0.38,0.41000000000000003
2020-02-29,5279,0.38666603523394577,0.38,0.007469356735308379,0.38,0.38,0.38,0.39,0.4,0.4,0.4,0.38,0.4
2020-03-01,5279,0.3834608827429437,0.38,0.007389646206182763,0.37,0.38,0.38,0.39,0.39,0.4,0.4,0.37,0.4
2020-03-02,5279,0.37815305929153253,0.38,0.007027296763986741,0.37,0.37,0.38,0.38,0.39,0.39,0.39,0.37,0.4
2020-03-03,5279,0.3799469596514491,0.38,0.004552011491583957,0.37,0.38,0.38,0.38,0.39,0.39,0.39,0.37,0.39
2020-03-05,5279,0.37595188482667175,0.38,0.0063399881433851175,0.37,0.37,0.38,0.38,0.38,0.39,0.39,0.37,0.39
2020-03-06,5279,0.3805607122561091,0.38,0.00757034687910901,0.37,0.38,0.38,0.39,0.39,0.39,0.4,0.37,0.4
2020-03-09,5279,0.38422617920060614,0.38,0.005628081939217283,0.38,0.38,0.38,0.39,0.39,0.39,0.4,0.38,0.4
2020-03-10,5279,0.38396855465050195,0.38,0.005315554561997192,0.38,0.38,0.38,0.39,0.39,0.39,0.4,0.38,0.4
2020-03-11,5279,0.38138094336048495,0.38,0.0049630749230883935,0.37,0.38,0.38,0.38,0.39,0.39,0.39,0.37,0.4
2020-03-13,5279,0.37938245879901494,0.38,0.006270815923923395,0.37,0.38,0.38,0.38,0.39,0.39,0.39,0.37,0.39
2020-03-14,5279,0.37775146808107596,0.38,0.0057643620700236166,0.37,0.37,0.38,0.38,0.38,0.39,0.39,0.37,0.39
2020-03-17,5279,0.38080697101723815,0.38,0.008220791786178298,0.37,0.37,0.38,0.39,0.39,0.39,0.4,0.37,0.4
2020-03-18,5279,0.3836124265959462,0.38,0.005481391911410448,0.38,0.38,0.38,0.39,0.39,0.39,0.39,0.37,0.4
2020-03-20,5279,0.3793066868725137,0.38,0.005447618163449538,0.37,0.38,0.38,0.38,0.39,0.39,0.39,0.37,0.4
2020-03-21,5279,0.37432278840689526,0.37,0.005809274785036784,0.37,0.37,0.37,0.38,0.38,0.38,0.39,0.36,0.39
2020-03-22,5279,0.3786758855843909,0.38,0.005306381912446322,0.37,0.38,0.38,0.38,0.38,0.39,0.39,0.37,0.39
2020-03-23,5279,0.3860939571888615,0.39,0.00556790720886719,0.38,0.38,0.39,0.39,0.39,0.39,0.4,0.38,0.4
2020-03-25,5279,0.3723602955105134,0.37,0.004618228990748255,0.37,0.37,0.37,0.37,0.38,0.38,0.39,0.37,0.39
2020-03-26,5279,0.37321462398181476,0.37,0.005326040190990441,0.37,0.37,0.37,0.38,0.38,0.38,0.39,0.36,0.39
2020-03-29,5279,0.3785849592725895,0.38,0.005382326141841269,0.37,0.38,0.38,0.38,0.38,0.39,0.39,0.37,0.39
2020-03-30,5279,0.38226179200606175,0.38,0.005294762956507486,0.37,0.38,0.38,0.39,0.39,0.39,0.39,0.37,0.39
2020-03-31,5279,0.37775525667740106,0.38,0.007105139446866938,0.37,0.37,0.38,0.38,0.39,0.39,0.4,0.37,0.4
2020-04-01,5279,0.3747338511081645,0.37,0.006903676029315408,0.37,0.37,0.37,0.38,0.39,0.39,0.39,0.37,0.4
2020-04-02,5279,0.3772172759992423,0.38,0.006974933937618938,0.37,0.37,0.38,0.38,0.39,0.39,0.39,0.37,0.39
2020-04-03,5279,0.37780640272778937,0.38,0.0065747648177809925,0.37,0.37,0.38,0.38,0.39,0.39,0.39,0.37,0.39
2020-04-05,5279,0.37595946201932184,0.38,0.0057562294820807875,0.37,0.37,0.38,0.38,0.38,0.38,0.39,0.37,0.39
2020-04-06,5279,0.3746561848835007,0.37,0.0054803542009390525,0.37,0.37,0.37,0.38,0.38,0.38,0.39,0.37,0.39
2020-04-09,5279,0.37416556165940523,0.37,0.006275533923857832,0.37,0.37,0.37,0.38,0.38,0.39,0.39,0.37,0.39
2020-04-10,5279,0.3730422428490245,0.37,0.0052938215200519865,0.37,0.37,0.37,0.38,0.38,0.38,0.39,0.37,0.39
2020-04-11,5279,0.38330933888994123,0.38,0.004705493067781,0.38,0.38,0.38,0.39,0.39,0.39,0.39,0.38,0.39
2020-04-12,5279,0.38256109111574155,0.38,0.004377828382204745,0.38,0.38,0.38,0.39,0.39,0.39,0.39,0.38,0.4
2020-04-13,5279,0.3755048304603145,0.37,0.006829585123943813,0.37,0.37,0.37,0.38,0.39,0.39,0.39,0.37,0.4
2020-04-14,5279,0.3761640462208752,0.38,0.006511416758641783,0.37,0.37,0.38,0.38,0.38,0.39,0.39,0.37,0.39
2020-04-17,5279,0.37977836711498386,0.38,0.004469184538842611,0.37,0.38,0.38,0.38,0.38,0.39,0.39,0.37,0.39
2020-04-18,5279,0.3773631369577572,0.38,0.00655307308806446,0.37,0.37,0.38,0.38,0.39,0.39,0.39,0.37,0.4
2020-04-20,5279,0.37580602386815687,0.38,0.006126552108255978,0.37,0.37,0.38,0.38,0.38,0.39,0.39,0.37,0.39
2020-04-21,5279,0.3798484561469975,0.38,0.004042742953105374,0.37,0.38,0.38,0.38,0.38,0.39,0.39,0.37,0.39
2020-04-22,5279,0.38037696533434356,0.38,0.004746856448450564,0.37,0.38,0.38,0.38,0.39,0.39,0.39,0.37,0.39
2020-04-23,5279,0.3787630232998674,0.38,0.00534511800112432,0.37,0.38,0.38,0.38,0.38,0.39,0.39,0.37,0.39
2020-04-25,5279,0.3833907937109301,0.38,0.005092528812046642,0.38,0.38,0.38,0.39,0.39,0.39,0.4,0.38,0.4
2020-04-26,5279,0.3891759802992991,0.39,0.006038888846475444,0.38,0.39,0.39,0.39,0.4,0.4,0.4,0.38,0.4
2020-04-29,5279,0.3920117446486077,0.39,0.010762159225441074,0.38,0.38,0.39,0.4,0.41000000000000003,0.41000000000000003,0.41000000000000003,0.37,0.41000000000000003
2020-04-30,5279,0.38759045273726084,0.39,0.009633859264592717,0.37,0.38,0.39,0.4,0.4,0.4,0.41000000000000003,0.37,0.41000000000000003
2020-05-03,5279,0.3779011176359159,0.38,0.006023638215638285,0.37,0.37,0.38,0.38,0.38,0.39,0.39,0.37,0.39
2020-05-04,5279,0.37904148512975944,0.38,0.005903016055552358,0.37,0.38,0.38,0.38,0.39,0.39,0.39,0.37,0.4
2020-05-05,5279,0.38559386247395344,0.39,0.005879919194486545,0.38,0.38,0.39,0.39,0.39,0.39,0.4,0.37,0.4
2020-05-06,5279,0.39471680242470164,0.39,0.005490725094368698,0.39,0.39,0.39,0.4,0.4,0.4,0.41000000000000003,0.38,0.41000000000000003
2020-05-07,5279,0.39255351392309157,0.39,0.004912159496018629,0.39,0.39,0.39,0.4,0.4,0.4,0.4,0.38,0.41000000000000003
2020-05-08,5279,0.38304982004167454,0.38,0.007320471071551493,0.37,0.38,0.38,0.39,0.39,0.4,0.4,0.37,0.4
2020-05-09,5279,0.3843530971774957,0.38,0.0077755722578193,0.37,0.38,0.38,0.39,0.4,0.4,0.4,0.37,0.4
2020-05-11,5279,0.3926292858495927,0.39,0.004402239704634307,0.39,0.39,0.39,0.4,0.4,0.4,0.4,0.39,0.4
2020-05-12,5279,0.3909035802235273,0.39,0.0051126710858868715,0.38,0.39,0.39,0.39,0.4,0.4,0.4,0.38,0.4
2020-05-14,5279,0.38732903959083165,0.39,0.0058415566823044225,0.38,0.38,0.39,0.39,0.39,0.4,0.4,0.37,0.4
2020-05-15,5279,0.38227315779503696,0.38,0.004918777811417179,0.38,0.38,0.38,0.39,0.39,0.39,0.39,0.37,0.4
2020-05-16,5279,0.38262549725326767,0.38,0.0044473005634336656,0.38,0.38,0.38,0.39,0.39,0.39,0.39,0.37,0.39
2020-05-17,5279,0.39039780261413154,0.39,0.004646320693413616,0.38,0.39,0.39,0.39,0.4,0.4,0.4,0.38,0.4
2020-05-18,5279,0.39079749952642556,0.39,0.002729953783373928,0.39,0.39,0.39,0.39,0.39,0.4,0.4,0.38,0.4
2020-05-19,5279,0.39179768895624173,0.39,0.0038399484344224903,0.39,0.39,0.39,0.39,0.4,0.4,0.4,0.39,0.4
2020-05-20,5279,0.38618109490433794,0.39,0.005237508674480566,0.38,0.38,0.39,0.39,0.39,0.39,0.4,0.38,0.4
2020-05-23,5279,0.3897764728168214,0.39,0.0037575771255039464,0.38,0.39,0.39,0.39,0.39,0.4,0.4,0.38,0.4
2020-05-24,5279,0.3837431331691608,0.38,0.004839450978110671,0.38,0.38,0.38,0.39,0.39,0.39,0.39,0.38,0.39
2020-05-26,5279,0.39006630043568863,0.39,0.004765316277118617,0.38,0.39,0.39,0.39,0.4,0.4,0.4,0.38,0.4
2020-05-27,5279,0.3922996779693124,0.39,0.004208118454913439,0.39,0.39,0.39,0.39,0.4,0.4,0.4,0.39,0.4
2020-05-28,5279,0.4079522636863043,0.41000000000000003,0.0040353610899806006,0.4,0.41000000000000003,0.41000000000000003,0.41000000000000003,0.41000000000000003,0.41000000000000003,0.41000000000000003,0.4,0.41000000000000003
2020-05-29,5279,0.4066470922523206,0.41000000000000003,0.0047249310127870005,0.4,0.4,0.41000000000000003,0.41000000000000003,0.41000000000000003,0.41000000000000003,0.41000000000000003,0.39,0.41000000000000003
2020-05-31,5279,0.40709035802235277,0.41000000000000003,0.004546239028211812,0.4,0.4,0.41000000000000003,0.41000000000000003,0.41000000000000003,0.41000000000000003,0.41000000000000003,0.39,0.41000000000000003
2020-06-01,5279,0.4099772684220496,0.41000000000000003,0.00047623424369482346,0.41000000000000003,0.41000000000000003,0.41000000000000003,0.41000000000000003,0.41000000000000003,0.41000000000000003,0.41000000000000003,0.4,0.41000000000000003
2020-06-02,5279,0.4100000000000001,0.41000000000000003,5.551115123125783e-17,0.41000000000000003,0.41000000000000003,0.41000000000000003,0.41000000000000003,0.41000000000000003,0.41000000000000003,0.41000000000000003,0.41000000000000003,0.41000000000000003
2020-06-03,5279,0.4100000000000001,0.41000000000000003,5.551115123125783e-17,0.41000000000000003,0.41000000000000003,0.41000000000000003,0.41000000000000003,0.41000000000000003,0.41000000000000003,0.41000000000000003,0.41000000000000003,0.41000000000000003
2020-06-05,5279,0.40999431710551243,0.41000000000000003,0.00023832047664052388,0.41000000000000003,0.41000000000000003,0.41000000000000003,0.41000000000000003,0.41000000000000003,0.41000000000000003,0.41000000000000003,0.4,0.41000000000000003
2020-06-06,5279,0.4090301193407843,0.41000000000000003,0.0029594151616555635,0.4,0.41000000000000003,0.41000000000000003,0.41000000000000003,0.41000000000000003,0.41000000000000003,0.41000000000000003,0.4,0.41000000000000003
2020-06-09,5279,0.3832203068763023,0.38,0.004752937160375212,0.38,0.38,0.38,0.39,0.39,0.39,0.39,0.38,0.4
2020-06-10,5279,0.3798598219359727,0.38,0.004516733809119974,0.37,0.38,0.38,0.38,0.38,0.39,0.39,0.37,0.39
2020-06-11,5279,0.3785413904148513,0.38,0.005501359528097464,0.37,0.38,0.38,0.38,0.38,0.39,0.39,0.37,0.39
2020-06-13,5279,0.3939003599166509,0.39,0.004908551659410025,0.39,0.39,0.39,0.4,0.4,0.4,0.4,0.38,0.41000000000000003
2020-06-14,5279,0.39723053608638,0.4,0.006527230872638382,0.39,0.39,0.4,0.4,0.41000000000000003,0.41000000000000003,0.41000000000000003,0.39,0.41000000000000003
2020-06-17,5279,0.4076794847508999,0.41000000000000003,0.004221416997845097,0.4,0.41000000000000003,0.41000000000000003,0.41000000000000003,0.41000000000000003,0.41000000000000003,0.41000000000000003,0.4,0.41000000000000003
2020-06-18,5279,0.40971585527562043,0.41000000000000003,0.0016615381486452274,0.41000000000000003,0.41000000000000003,0.41000000000000003,0.41000000000000003,0.41000000000000003,0.41000000000000003,0.41000000000000003,0.4,0.41000000000000003
2020-06-20,5279,0.38827050577760946,0.39,0.006885936671191635,0.38,0.38,0.39,0.39,0.4,0.4,0.4,0.38,0.41000000000000003
2020-06-21,5279,0.3846808107596136,0.38,0.005651982607318966,0.38,0.38,0.38,0.39,0.39,0.39,0.4,0.37,0.4
2020-06-22,5279,0.38865694260276573,0.39,0.003677100619048684,0.38,0.39,0.39,0.39,0.39,0.39,0.39,0.38,0.4
2020-06-23,5279,0.39167077097935227,0.39,0.0038749099424817655,0.39,0.39,0.39,0.39,0.4,0.4,0.4,0.38,0.4
2020-06-25,5279,0.3916821367683274,0.39,0.0037405592597784952,0.39,0.39,0.39,0.39,0.4,0.4,0.4,0.39,0.4
2020-06-26,5279,0.3867740102292101,0.39,0.005730603550180085,0.38,0.38,0.39,0.39,0.39,0.4,0.4,0.38,0.4
2020-06-29,5279,0.38700322030687634,0.39,0.005186262495209291,0.38,0.38,0.39,0.39,0.39,0.39,0.4,0.38,0.4
2020-06-30,5279,0.38317294942223906,0.38,0.005240080015004318,0.38,0.38,0.38,0.39,0.39,0.39,0.4,0.37,0.4
2020-07-03,5279,0.38966281492706956,0.39,0.006292121717929345,0.38,0.39,0.39,0.39,0.4,0.4,0.41000000000000003,0.38,0.41000000000000003
2020-07-04,5279,0.39870051146050384,0.4,0.006477341985755234,0.39,0.39,0.4,0.4,0.41000000000000003,0.41000000000000003,0.41000000000000003,0.39,0.41000000000000003
2020-07-05,5279,0.3888634211024815,0.39,0.006949885920270322,0.38,0.38,0.39,0.39,0.4,0.4,0.4,0.38,0.41000000000000003
2020-07-06,5279,0.38271074067058153,0.38,0.0073593305642721115,0.37,0.38,0.38,0.39,0.39,0.39,0.4,0.37,0.4
2020-07-07,5279,0.3829494222390604,0.38,0.006071143159620036,0.37,0.38,0.38,0.39,0.39,0.39,0.39,0.37,0.4
2020-07-08,5279,0.383661678348172,0.38,0.006166223056883295,0.38,0.38,0.38,0.39,0.39,0.39,0.4,0.37,0.4
2020-07-09,5279,0.38318052661488916,0.38,0.006051164030301609,0.38,0.38,0.38,0.39,0.39,0.39,0.4,0.37,0.4
2020-07-11,5279,0.38709982951316535,0.39,0.0066307130341517265,0.38,0.38,0.39,0.39,0.4,0.4,0.4,0.38,0.4
2020-07-12,5279,0.38256487971206665,0.38,0.007407592352115998,0.37,0.38,0.38,0.39,0.39,0.4,0.4,0.37,0.4
2020-07-14,5279,0.38344193976131846,0.38,0.005207567943168238,0.38,0.38,0.38,0.39,0.39,0.39,0.4,0.38,0.4
2020-07-15,5279,0.38053229778367115,0.38,0.006115083770663826,0.37,0.38,0.38,0.38,0.39,0.39,0.39,0.37,0.4
2020-07-16,5279,0.3813790490623224,0.38,0.008123414911772698,0.37,0.38,0.38,0.39,0.39,0.4,0.4,0.37,0.4
2020-07-17,5279,0.3804034855086191,0.38,0.0076140140564884854,0.37,0.37,0.38,0.39,0.39,0.39,0.4,0.37,0.4
2020-07-19,5279,0.38871945444212924,0.39,0.005210905405463169,0.38,0.39,0.39,0.39,0.39,0.4,0.4,0.38,0.4
2020-07-20,5279,0.3838245879901496,0.38,0.007957568478734247,0.37,0.38,0.38,0.39,0.39,0.4,0.4,0.37,0.4
2020-07-23,5279,0.38594809623034665,0.39,0.005502410885044197,0.38,0.38,0.39,0.39,0.39,0.39,0.4,0.38,0.4
2020-07-24,5279,0.38670013260087144,0.39,0.004972291283075324,0.38,0.38,0.39,0.39,0.39,0.39,0.4,0.38,0.4
2020-07-25,5279,0.3895889372987309,0.39,0.004188402472935012,0.38,0.39,0.39,0.39,0.39,0.4,0.4,0.38,0.4
2020-07-26,5279,0.3927296836522069,0.39,0.004454847211851742,0.39,0.39,0.39,0.4,0.4,0.4,0.4,0.39,0.4
2020-07-27,5279,0.38450274673233564,0.38,0.004975212476648328,0.38,0.38,0.38,0.39,0.39,0.39,0.39,0.38,0.39
2020-07-28,5279,0.3813771547641599,0.38,0.0038998663006832354,0.38,0.38,0.38,0.38,0.39,0.39,0.39,0.37,0.39
2020-07-29,5279,0.3785035044516007,0.38,0.007906175577921557,0.37,0.37,0.38,0.38,0.39,0.39,0.4,0.37,0.4
2020-07-31,5279,0.3783746921765486,0.38,0.007705692462088372,0.37,0.37,0.38,0.38,0.39,0.39,0.39,0.37,0.4
2020-08-01,5279,0.38432657700322026,0.38,0.005687794818471843,0.38,0.38,0.38,0.39,0.39,0.39,0.4,0.37,0.4
2020-08-02,5279,0.3881682136768327,0.39,0.006563063829484435,0.38,0.38,0.39,0.39,0.4,0.4,0.4,0.38,0.4
2020-08-04,5279,0.3922125402538359,0.39,0.010456139097475793,0.38,0.38,0.39,0.4,0.41000000000000003,0.41000000000000003,0.41000000000000003,0.37,0.41000000000000003
2020-08-05,5279,0.3970316347793143,0.4,0.01102946609633116,0.38,0.39,0.4,0.41000000000000003,0.41000000000000003,0.41000000000000003,0.41000000000000003,0.38,0.41000000000000003
2020-08-06,5279,0.405474521689714,0.41000000000000003,0.005542826480807217,0.4,0.4,0.41000000000000003,0.41000000000000003,0.41000000000000003,0.41000000000000003,0.41000000000000003,0.39,0.41000000000000003
2020-08-07,5279,0.39885016101534376,0.4,0.005596126128829681,0.39,0.4,0.4,0.4,0.41000000000000003,0.41000000000000003,0.41000000000000003,0.39,0.41000000000000003
2020-08-08,5279,0.38885584390983147,0.39,0.006715743579331657,0.38,0.38,0.39,0.39,0.4,0.4,0.4,0.37,0.4
2020-08-09,5279,0.38221254025383594,0.38,0.006551087791155951,0.37,0.38,0.38,0.39,0.39,0.39,0.4,0.37,0.4
2020-08-10,5279,0.38350066300435687,0.38,0.00658210199089776,0.37,0.38,0.38,0.39,0.39,0.39,0.4,0.37,0.4
2020-08-13,5279,0.3860465997347983,0.39,0.006933676769868428,0.37,0.38,0.39,0.39,0.39,0.4,0.4,0.37,0.4
2020-08-14,5279,0.38548588747868917,0.39,0.005723447527839585,0.38,0.38,0.39,0.39,0.39,0.39,0.4,0.37,0.4
2020-08-15,5279,0.39039969691229404,0.39,0.00524556370020205,0.38,0.39,0.39,0.39,0.4,0.4,0.4,0.38,0.4
2020-08-16,5279,0.39670202689903394,0.4,0.004921861271612553,0.39,0.39,0.4,0.4,0.4,0.4,0.4,0.38,0.41000000000000003
2020-08-17,5279,0.3926179200606176,0.39,0.008477825557947962,0.38,0.39,0.39,0.4,0.4,0.4,0.41000000000000003,0.38,0.41000000000000003
2020-08-18,5279,0.394343625686683,0.4,0.008977890198063151,0.38,0.39,0.4,0.4,0.4,0.41000000000000003,0.41000000000000003,0.38,0.41000000000000003
2020-08-19,5279,0.4006232240954727,0.4,0.007744861145732598,0.39,0.39,0.4,0.41000000000000003,0.41000000000000003,0.41000000000000003,0.41000000000000003,0.38,0.41000000000000003
2020-08-21,5279,0.4100000000000001,0.41000000000000003,5.551115123125783e-17,0.41000000000000003,0.41000000000000003,0.41000000000000003,0.41000000000000003,0.41000000000000003,0.41000000000000003,0.41000000000000003,0.41000000000000003,0.41000000000000003
2020-08-22,5279,0.40948475089979164,0.41000000000000003,0.002210658129792619,0.4,0.41000000000000003,0.41000000000000003,0.41000000000000003,0.41000000000000003,0.41000000000000003,0.41000000000000003,0.4,0.41000000000000003
2020-08-24,5279,0.4068156847887858,0.41000000000000003,0.005806301671306551,0.39,0.4,0.41000000000000003,0.41000000000000003,0.41000000000000003,0.41000000000000003,0.41000000000000003,0.39,0.41000000000000003
2020-08-25,5279,0.4083727978783861,0.41000000000000003,0.0038073102876333433,0.4,0.41000000000000003,0.41000000000000003,0.41000000000000003,0.41000000000000003,0.41000000000000003,0.41000000000000003,0.39,0.41000000000000003
2020-08-26,5279,0.40722485319189244,0.41000000000000003,0.004724741905074092,0.4,0.4,0.41000000000000003,0.41000000000000003,0.41000000000000003,0.41000000000000003,0.41000000000000003,0.39,0.41000000000000003
2020-08-27,5279,0.40450085243417316,0.41000000000000003,0.006684225338612773,0.39,0.4,0.41000000000000003,0.41000000000000003,0.41000000000000003,0.41000000000000003,0.41000000000000003,0.39,0.41000000000000003
2020-08-28,5279,0.40572835764349313,0.41000000000000003,0.00596724126702166,0.39,0.4,0.41000000000000003,0.41000000000000003,0.41000000000000003,0.41000000000000003,0.41000000000000003,0.39,0.41000000000000003
2020-08-29,5279,0.4064690282250426,0.41000000000000003,0.005446230757059326,0.4,0.4,0.41000000000000003,0.41000000000000003,0.41000000000000003,0.41000000000000003,0.41000000000000003,0.39,0.41000000000000003
2020-08-30,5279,0.3986152680431901,0.4,0.006919798848284789,0.39,0.39,0.4,0.4,0.41000000000000003,0.41000000000000003,0.41000000000000003,0.39,0.41000000000000003
2020-09-01,5279,0.3802652017427543,0.38,0.009359368942271955,0.37,0.37,0.38,0.39,0.39,0.4,0.4,0.37,0.4
2020-09-02,5279,0.3861792006061754,0.39,0.008283598871995616,0.37,0.38,0.39,0.39,0.4,0.4,0.4,0.37,0.4
2020-09-03,5279,0.3965656374313317,0.4,0.006615505940890534,0.39,0.39,0.4,0.4,0.4,0.41000000000000003,0.41000000000000003,0.38,0.41000000000000003
2020-09-04,5279,0.3901666982383028,0.39,0.004890413118718694,0.38,0.39,0.39,0.39,0.4,0.4,0.4,0.38,0.4
2020-09-07,5279,0.3775582496684978,0.38,0.008011474038972104,0.37,0.37,0.38,0.38,0.39,0.39,0.4,0.37,0.4
2020-09-08,5279,0.38374502746732336,0.38,0.006016029717154388,0.38,0.38,0.38,0.39,0.39,0.39,0.4,0.37,0.4
2020-09-11,5279,0.37856222769463915,0.38,0.007538338057623805,0.37,0.37,0.38,0.38,0.39,0.39,0.39,0.37,0.4
2020-09-12,5279,0.385502936162152,0.38,0.006589752279058256,0.38,0.38,0.38,0.39,0.39,0.4,0.4,0.38,0.4
2020-09-13,5279,0.39042242849024444,0.39,0.0036507396605995296,0.39,0.39,0.39,0.39,0.39,0.4,0.4,0.38,0.4
2020-09-15,5279,0.38171812843341535,0.38,0.004076289330412218,0.38,0.38,0.38,0.38,0.39,0.39,0.39,0.37,0.4
2020-09-16,5279,0.38269748058344377,0.38,0.00746003910587714,0.37,0.38,0.38,0.39,0.39,0.4,0.4,0.37,0.4
2020-09-19,5279,0.383815116499337,0.38,0.005308507572113007,0.38,0.38,0.38,0.39,0.39,0.39,0.4,0.38,0.4
2020-09-20,5279,0.37890320136389466,0.38,0.00761785641070867,0.37,0.37,0.38,0.38,0.39,0.39,0.39,0.37,0.4
2020-09-21,5279,0.37571699185451796,0.37,0.007228854248306321,0.37,0.37,0.37,0.38,0.39,0.39,0.39,0.37,0.39
2020-09-22,5279,0.3776832733472249,0.38,0.00725899554331657,0.37,0.37,0.38,0.38,0.39,0.39,0.39,0.37,0.4
2020-09-23,5279,0.3849838984656185,0.38,0.0059322057326938885,0.38,0.38,0.38,0.39,0.39,0.4,0.4,0.38,0.4
2020-09-24,5279,0.3897461640462209,0.39,0.006220362345872539,0.38,0.39,0.39,0.39,0.4,0.4,0.4,0.38,0.41000000000000003
2020-09-27,5279,0.38942223906042817,0.39,0.009893712752244542,0.38,0.38,0.39,0.4,0.4,0.41000000000000003,0.41000000000000003,0.37,0.41000000000000003
2020-09-28,5279,0.39400833491191517,0.39,0.008649952431785353,0.38,0.39,0.39,0.4,0.4,0.41000000000000003,0.41000000000000003,0.38,0.41000000000000003
2020-09-30,5279,0.3862284523584012,0.39,0.009069290700206026,0.37,0.38,0.39,0.39,0.4,0.4,0.41000000000000003,0.37,0.41000000000000003
2020-10-01,5279,0.393568857738208,0.39,0.007610556872320921,0.38,0.39,0.39,0.4,0.4,0.41000000000000003,0.41000000000000003,0.37,0.41000000000000003
2020-10-02,5279,0.4056241712445539,0.41000000000000003,0.005364500555973484,0.4,0.4,0.41000000000000003,0.41000000000000003,0.41000000000000003,0.41000000000000003,0.41000000000000003,0.39,0.41000000000000003
2020-10-04,5279,0.4060087137715477,0.41000000000000003,0.00489719271900649,0.4,0.4,0.41000000000000003,0.41000000000000003,0.41000000000000003,0.41000000000000003,0.41000000000000003,0.4,0.41000000000000003
2020-10-05,5279,0.3986076908505399,0.4,0.005150997632999585,0.39,0.4,0.4,0.4,0.4,0.41000000000000003,0.41000000000000003,0.39,0.41000000000000003
2020-10-06,5279,0.3965864747111195,0.4,0.005441108258626545,0.39,0.39,0.4,0.4,0.4,0.4,0.41000000000000003,0.39,0.41000000000000003
2020-10-07,5279,0.4029797310096609,0.4,0.004573676115191625,0.4,0.4,0.4,0.41000000000000003,0.41000000000000003,0.41000000000000003,0.41000000000000003,0.4,0.41000000000000003
2020-10-08,5279,0.4052850918734609,0.41000000000000003,0.005466423310494464,0.4,0.4,0.41000000000000003,0.41000000000000003,0.41000000000000003,0.41000000000000003,0.41000000000000003,0.39,0.41000000000000003
2020-10-09,5279,0.39485129759424137,0.39,0.006610109941621682,0.39,0.39,0.39,0.4,0.4,0.41000000000000003,0.41000000000000003,0.38,0.41000000000000003
2020-10-10,5279,0.3814036749384353,0.38,0.009785527010446186,0.37,0.37,0.38,0.39,0.4,0.4,0.4,0.37,0.4
2020-10-13,5279,0.38933510134495175,0.39,0.006179211059068761,0.38,0.39,0.39,0.39,0.4,0.4,0.4,0.38,0.4
2020-10-14,5279,0.38728357643493083,0.39,0.008040040992094351,0.38,0.38,0.39,0.39,0.4,0.4,0.4,0.38,0.41000000000000003
2020-10-15,5279,0.37711877249479075,0.37,0.008429156428234079,0.37,0.37,0.37,0.38,0.39,0.39,0.4,0.37,0.4
2020-10-16,5279,0.37534570941466194,0.37,0.0071429545458121906,0.37,0.37,0.37,0.38,0.39,0.39,0.39,0.37,0.39
2020-10-17,5279,0.38329229020647854,0.38,0.0051013593716944545,0.38,0.38,0.38,0.39,0.39,0.39,0.4,0.38,0.4
2020-10-18,5279,0.3899526425459368,0.39,0.0052821178712352795,0.38,0.39,0.39,0.39,0.4,0.4,0.4,0.38,0.4
2020-10-19,5279,0.3794449706383785,0.38,0.00903859003737285,0.37,0.37,0.38,0.39,0.39,0.39,0.4,0.37,0.4
2020-10-21,5279,0.37791248342489114,0.38,0.00811682514381621,0.37,0.37,0.38,0.38,0.39,0.39,0.4,0.37,0.4
2020-10-22,5279,0.3879806781587421,0.39,0.007361450317761176,0.38,0.38,0.39,0.39,0.4,0.4,0.4,0.38,0.4
2020-10-24,5279,0.4066849782155712,0.41000000000000003,0.004767508559175327,0.4,0.4,0.41000000000000003,0.41000000000000003,0.41000000000000003,0.41000000000000003,0.41000000000000003,0.39,0.41000000000000003
2020-10-25,5279,0.40926122371661305,0.41000000000000003,0.002644525721179019,0.4,0.41000000000000003,0.41000000000000003,0.41000000000000003,0.41000000000000003,0.41000000000000003,0.41000000000000003,0.39,0.41000000000000003
2020-10-26,5279,0.40953779124834244,0.41000000000000003,0.002099631059606978,0.41000000000000003,0.41000000000000003,0.41000000000000003,0.41000000000000003,0.41000000000000003,0.41000000000000003,0.41000000000000003,0.4,0.41000000000000003
2020-10-27,5279,0.3989297215381701,0.4,0.004107222850030275,0.39,0.4,0.4,0.4,0.4,0.4,0.41000000000000003,0.39,0.41000000000000003
2020-10-28,5279,0.385938624739534,0.38,0.007078753731290357,0.38,0.38,0.38,0.39,0.4,0.4,0.4,0.37,0.4
2020-10-29,5279,0.3764197764728168,0.37,0.007903253031149733,0.37,0.37,0.37,0.38,0.39,0.39,0.39,0.36,0.39
2020-10-30,5279,0.37569994317105515,0.37,0.007915885582211466,0.37,0.37,0.37,0.38,0.39,0.39,0.39,0.36,0.4
2020-11-02,5279,0.39722106459556733,0.4,0.005524798450576025,0.39,0.39,0.4,0.4,0.4,0.41000000000000003,0.41000000000000003,0.39,0.41000000000000003
2020-11-03,5279,0.4062284523584012,0.41000000000000003,0.00484674166870265,0.4,0.4,0.41000000000000003,0.41000000000000003,0.41000000000000003,0.41000000000000003,0.41000000000000003,0.4,0.41000000000000003
2020-11-04,5279,0.409628717560144,0.41000000000000003,0.0018907600980597437,0.41000000000000003,0.41000000000000003,0.41000000000000003,0.41000000000000003,0.41000000000000003,0.41000000000000003,0.41000000000000003,0.4,0.41000000000000003
2020-11-07,5279,0.3800492517522258,0.38,0.00609309594955685,0.37,0.38,0.38,0.38,0.39,0.39,0.39,0.37,0.4
2020-11-08,5279,0.37604849403296076,0.38,0.0066801408788237735,0.37,0.37,0.38,0.38,0.39,0.39,0.39,0.37,0.39
2020-11-10,5279,0.38102670960409174,0.38,0.008575740727734732,0.37,0.37,0.38,0.39,0.39,0.39,0.39,0.37,0.4
2020-11-11,5279,0.38834438340594807,0.39,0.0073079361813656015,0.38,0.38,0.39,0.39,0.4,0.4,0.4,0.38,0.4
2020-11-12,5279,0.39160257624550104,0.39,0.007412330375245725,0.38,0.39,0.39,0.4,0.4,0.4,0.41000000000000003,0.38,0.41000000000000003
2020-11-13,5279,0.3798996021973859,0.38,0.01064901644622396,0.37,0.37,0.38,0.39,0.4,0.4,0.4,0.37,0.4
2020-11-15,5279,0.37585148702405763,0.37,0.007195844576407178,0.37,0.37,0.37,0.38,0.39,0.39,0.39,0.37,0.39
2020-11-16,5279,0.3822106459556734,0.38,0.004195040363084145,0.38,0.38,0.38,0.38,0.39,0.39,0.39,0.38,0.4
2020-11-19,5279,0.40761886720969887,0.41000000000000003,0.004342967630517883,0.4,0.41000000000000003,0.41000000000000003,0.41000000000000003,0.41000000000000003,0.41000000000000003,0.41000000000000003,0.39,0.41000000000000003
2020-11-20,5279,0.400738776283387,0.4,0.005670079001952816,0.39,0.4,0.4,0.4,0.41000000000000003,0.41000000000000003,0.41000000000000003,0.39,0.41000000000000003
2020-11-21,5279,0.38963818905095665,0.39,0.007640939934178798,0.38,0.38,0.39,0.39,0.4,0.4,0.41000000000000003,0.38,0.41000000000000003
2020-11-23,5279,0.3784542526993749,0.38,0.007650574762042407,0.37,0.37,0.38,0.38,0.39,0.39,0.4,0.37,0.4
2020-11-24,5279,0.37807160447054367,0.38,0.00716182304457928,0.37,0.37,0.38,0.38,0.39,0.39,0.39,0.37,0.4
2020-11-27,5279,0.37719643871945446,0.37,0.008266118571809502,0.37,0.37,0.37,0.38,0.39,0.39,0.4,0.37,0.4
2020-11-28,5279,0.3741238870998295,0.37,0.008556808790033876,0.36,0.37,0.37,0.38,0.39,0.39,0.39,0.36,0.4
2020-11-30,5279,0.3927126349687441,0.39,0.0053686782759525455,0.39,0.39,0.39,0.4,0.4,0.4,0.4,0.38,0.41000000000000003
2020-12-01,5279,0.4048418261034287,0.4,0.005139518228585913,0.4,0.4,0.4,0.41000000000000003,0.41000000000000003,0.41000000000000003,0.41000000000000003,0.39,0.41000000000000003
2020-12-02,5279,0.4012142451221823,0.4,0.007953224314511292,0.39,0.4,0.4,0.41000000000000003,0.41000000000000003,0.41000000000000003,0.41000000000000003,0.38,0.41000000000000003
2020-12-04,5279,0.40594620193218417,0.41000000000000003,0.005678924546286334,0.4,0.4,0.41000000000000003,0.41000000000000003,0.41000000000000003,0.41000000000000003,0.41000000000000003,0.39,0.41000000000000003
2020-12-05,5279,0.4076662246637622,0.41000000000000003,0.004452351083206291,0.4,0.41000000000000003,0.41000000000000003,0.41000000000000003,0.41000000000000003,0.41000000000000003,0.41000000000000003,0.39,0.41000000000000003
2020-12-06,5279,0.39585338132222014,0.4,0.004941991923494852,0.39,0.39,0.4,0.4,0.4,0.4,0.4,0.38,0.4
2020-12-07,5279,0.3826179200606175,0.38,0.0051058198774536975,0.38,0.38,0.38,0.39,0.39,0.39,0.39,0.37,0.4
2020-12-08,5279,0.3786285281303277,0.38,0.007314939725185559,0.37,0.37,0.38,0.38,0.39,0.39,0.39,0.37,0.4
2020-12-09,5279,0.3797158552756204,0.38,0.007956285458295681,0.37,0.37,0.38,0.39,0.39,0.39,0.4,0.37,0.4
2020-12-10,5279,0.38367114983898465,0.38,0.005183744758533992,0.38,0.38,0.38,0.39,0.39,0.39,0.4,0.38,0.4
2020-12-13,5279,0.3715893161583633,0.37,0.009634007508245968,0.36,0.36,0.37,0.38,0.39,0.39,0.39,0.36,0.4
2020-12-14,5279,0.3780053040348551,0.38,0.008103982443397294,0.37,0.37,0.38,0.38,0.39,0.39,0.39,0.37,0.4
2020-12-16,5279,0.37882742943739345,0.38,0.007013123144053241,0.37,0.37,0.38,0.38,0.39,0.39,0.39,0.37,0.4
2020-12-17,5279,0.37538738397423754,0.37,0.007411571255644301,0.37,0.37,0.37,0.38,0.39,0.39,0.39,0.36,0.4
2020-12-18,5279,0.3795681000189429,0.38,0.00850008377261896,0.37,0.37,0.38,0.39,0.39,0.39,0.4,0.37,0.4
2020-12-19,5279,0.38239439287743887,0.38,0.006067356877497092,0.37,0.38,0.38,0.39,0.39,0.39,0.4,0.37,0.4
2020-12-21,5279,0.3763743133169161,0.38,0.0108128122112368,0.36,0.37,0.38,0.39,0.39,0.39,0.4,0.36,0.4
2020-12-22,5279,0.3793483614320895,0.38,0.010295486290010345,0.37,0.37,0.38,0.39,0.4,0.4,0.4,0.37,0.4
2020-12-24,5279,0.3813923091494601,0.38,0.00602241389897569,0.37,0.38,0.38,0.38,0.39,0.39,0.39220000000000255,0.37,0.4
2020-12-25,5279,0.38560901685925364,0.39,0.005764478477974797,0.38,0.38,0.39,0.39,0.39,0.39,0.4,0.37,0.4
2020-12-26,5279,0.3892858495927259,0.39,0.007510902008403541,0.38,0.38,0.39,0.39,0.4,0.4,0.4,0.37,0.41000000000000003
2020-12-27,5279,0.38739534002652015,0.39,0.009247967121626096,0.37,0.38,0.39,0.39,0.4,0.4,0.4,0.37,0.41000000000000003
2020-12-28,5279,0.3902007956052283,0.39,0.00812838772434272,0.38,0.38,0.39,0.4,0.4,0.4,0.41000000000000003,0.38,0.41000000000000003
2020-12-29,5279,0.38939571888615265,0.39,0.0057703139155178985,0.38,0.39,0.39,0.39,0.4,0.4,0.4,0.38,0.4
2020-12-30,5279,0.3870941466186778,0.39,0.006560719486751812,0.38,0.38,0.39,0.39,0.4,0.4,0.4,0.38,0.4
2021-01-03,5279,0.388365220685736,0.39,0.0055939487526997685,0.38,0.39,0.39,0.39,0.39,0.4,0.4,0.38,0.41000000000000003
2021-01-04,5279,0.3877666224663762,0.39,0.006533874007294936,0.38,0.38,0.39,0.39,0.4,0.4,0.4,0.38,0.4
2021-01-05,5279,0.3889751846940709,0.39,0.009818930392407428,0.38,0.38,0.39,0.39,0.4,0.41000000000000003,0.41000000000000003,0.37,0.41000000000000003
2021-01-06,5279,0.39199469596514497,0.39,0.009260350531471145,0.38,0.39,0.39,0.4,0.4,0.41000000000000003,0.41000000000000003,0.38,0.41000000000000003
2021-01-07,5279,0.39314642924796367,0.39,0.005731866407713882,0.39,0.39,0.39,0.4,0.4,0.4,0.41000000000000003,0.38,0.41000000000000003
2021-01-08,5279,0.3891968175790871,0.39,0.0041926180749362815,0.38,0.39,0.39,0.39,0.39,0.4,0.4,0.38,0.4
2021-01-09,5279,0.3841390414851298,0.38,0.009412179133187912,0.37,0.38,0.38,0.39,0.4,0.4,0.4,0.37,0.4
2021-01-11,5279,0.38061375260466,0.38,0.00999347619706988,0.37,0.37,0.38,0.39,0.39,0.4,0.4,0.36,0.4
2021-01-12,5279,0.3879503693881417,0.39,0.0077249432616344465,0.38,0.38,0.39,0.39,0.4,0.4,0.4,0.37,0.4
2021-01-14,5279,0.3970789922333776,0.4,0.0074189190561607015,0.39,0.39,0.4,0.4,0.41000000000000003,0.41000000000000003,0.41000000000000003,0.38,0.41000000000000003
2021-01-15,5279,0.4044800151543853,0.41000000000000003,0.006927596783604625,0.39,0.4,0.41000000000000003,0.41000000000000003,0.41000000000000003,0.41000000000000003,0.41000000000000003,0.39,0.41000000000000003
2021-01-16,5279,0.40623981814737636,0.41000000000000003,0.005384626411927395,0.4,0.4,0.41000000000000003,0.41000000000000003,0.41000000000000003,0.41000000000000003,0.41000000000000003,0.39,0.41000000000000003
2021-01-17,5279,0.40245690471680234,0.4,0.004974531571281788,0.4,0.4,0.4,0.41000000000000003,0.41000000000000003,0.41000000000000003,0.41000000000000003,0.39,0.41000000000000003
2021-01-18,5279,0.38567152869861715,0.39,0.005654617405630045,0.38,0.38,0.39,0.39,0.39,0.39,0.4,0.38,0.4
2021-01-19,5279,0.3779617351771169,0.38,0.0068881171926104615,0.37,0.37,0.38,0.38,0.39,0.39,0.4,0.37,0.4
2021-01-20,5279,0.37473006251183943,0.37,0.007298344624909551,0.37,0.37,0.37,0.38,0.39,0.39,0.39,0.36,0.4
2021-01-23,5279,0.3783993180526615,0.38,0.007063351430018335,0.37,0.37,0.38,0.38,0.39,0.39,0.39,0.37,0.39
2021-01-24,5279,0.3776870619435499,0.38,0.008966894410262317,0.36,0.37,0.38,0.38,0.39,0.39,0.39,0.36,0.4
2021-01-25,5279,0.38446107217276,0.38,0.009259797168068441,0.37,0.38,0.38,0.39,0.4,0.4,0.4,0.37,0.4
2021-01-26,5279,0.3874086001136579,0.39,0.004782633576576504,0.38,0.38,0.39,0.39,0.39,0.39,0.4,0.38,0.4
2021-01-27,5279,0.38085432847130135,0.38,0.0034393778042987586,0.38,0.38,0.38,0.38,0.39,0.39,0.39,0.37,0.39
2021-01-28,5279,0.38085432847130135,0.38,0.0032232984778297453,0.38,0.38,0.38,0.38,0.38,0.39,0.39,0.37,0.39
2021-01-29,5279,0.38167645387383975,0.38,0.005965477865467841,0.37,0.38,0.38,0.38,0.39,0.39,0.4,0.37,0.4
2021-01-31,5279,0.3805398749763213,0.38,0.009743454399768323,0.37,0.37,0.38,0.39,0.39,0.4,0.4,0.36,0.4
2021-02-01,5279,0.3847054366357264,0.38,0.007881449634206422,0.37,0.38,0.38,0.39,0.4,0.4,0.4,0.37,0.4
2021-02-02,5279,0.3851505967039212,0.38,0.008159418378900801,0.38,0.38,0.38,0.39,0.4,0.4,0.4,0.37,0.41000000000000003
2021-02-03,5279,0.3787516575108923,0.38,0.009760082997435863,0.37,0.37,0.38,0.39,0.39,0.4,0.4,0.37,0.4
2021-02-05,5279,0.37607690850539877,0.38,0.006549573084259735,0.37,0.37,0.38,0.38,0.38,0.39,0.39,0.37,0.39
2021-02-06,5279,0.3854347414283008,0.39,0.0054738917501721525,0.38,0.38,0.39,0.39,0.39,0.39,0.4,0.38,0.4
2021-02-09,5279,0.3755124076529646,0.37,0.0076183462834446295,0.37,0.37,0.37,0.38,0.39,0.39,0.39,0.36,0.4
2021-02-10,5279,0.38372608448569806,0.38,0.005849147352571735,0.38,0.38,0.38,0.39,0.39,0.39,0.4,0.37,0.4
2021-02-11,5279,0.3820325819283955,0.38,0.005303631624864154,0.38,0.38,0.38,0.38,0.39,0.39,0.4,0.37,0.4
2021-02-12,5279,0.37711308960030315,0.38,0.007493174080232605,0.37,0.37,0.38,0.38,0.39,0.39,0.39,0.37,0.4
2021-02-13,5279,0.3744156090168593,0.37,0.008116551927727299,0.36,0.37,0.37,0.38,0.39,0.39,0.39,0.36,0.39
2021-02-14,5279,0.3706535328660731,0.37,0.007521457737933093,0.36,0.37,0.37,0.38,0.38,0.38,0.39,0.36,0.39
2021-02-17,5279,0.3886702026899035,0.39,0.007705814934226852,0.38,0.38,0.39,0.39,0.4,0.4,0.4,0.38,0.4
2021-02-18,5279,0.38620761507861334,0.39,0.007415323008468121,0.38,0.38,0.39,0.39,0.4,0.4,0.4,0.37,0.4
2021-02-20,5279,0.38564500852434175,0.39,0.005142020634226074,0.38,0.38,0.39,0.39,0.39,0.39,0.39,0.37,0.4
2021-02-21,5279,0.3853135063458988,0.39,0.005054282851833845,0.38,0.38,0.39,0.39,0.39,0.39,0.39,0.37,0.4
2021-02-22,5279,0.37673044137147194,0.37,0.007613103952050892,0.37,0.37,0.37,0.38,0.39,0.39,0.39,0.37,0.4
2021-02-23,5279,0.3711441560901686,0.37,0.008311619972121808,0.36,0.37,0.37,0.38,0.38,0.39,0.39,0.36,0.39
2021-02-25,5279,0.38150407274104947,0.38,0.00804959130286885,0.37,0.38,0.38,0.39,0.39,0.39,0.4,0.37,0.4
2021-02-26,5279,0.38431142261792,0.38,0.005642504062582216,0.38,0.38,0.38,0.39,0.39,0.39,0.4,0.37,0.4
2021-03-03,5279,0.3792631180147755,0.38,0.007656104528785384,0.37,0.37,0.38,0.39,0.39,0.39,0.39,0.37,0.4
2021-03-04,5279,0.3793142640651639,0.38,0.00839358620810122,0.37,0.37,0.38,0.39,0.39,0.39,0.4,0.37,0.4
2021-03-06,5279,0.3832070467891646,0.38,0.007556125762143518,0.37,0.38,0.38,0.39,0.39,0.39,0.4,0.37,0.4
2021-03-07,5279,0.3847565826861148,0.39,0.006253806702084038,0.37,0.38,0.39,0.39,0.39,0.39,0.4,0.37,0.4
2021-03-08,5279,0.3790130706573214,0.38,0.006900341900331806,0.37,0.37,0.38,0.38,0.39,0.39,0.39,0.37,0.4
2021-03-09,5279,0.37510702784618305,0.37,0.007787119907833117,0.37,0.37,0.37,0.38,0.39,0.39,0.4,0.36,0.4
2021-03-11,5279,0.3801970070089032,0.38,0.006660595856840785,0.37,0.38,0.38,0.38,0.39,0.39,0.4,0.37,0.4
2021-03-12,5279,0.38207236218980867,0.38,0.007647375763000117,0.37,0.38,0.38,0.39,0.39,0.39,0.4,0.37,0.4
2021-03-14,5279,0.3762057207804509,0.37,0.008185440565299174,0.37,0.37,0.37,0.38,0.39,0.39,0.4,0.36,0.4
2021-03-15,5279,0.37560522826292864,0.37,0.007720261836885508,0.37,0.37,0.37,0.38,0.39,0.39,0.39,0.36,0.4
2021-03-16,5279,0.3804281113847319,0.38,0.006686672348354039,0.37,0.38,0.38,0.38,0.39,0.39,0.4,0.37,0.4
2021-03-17,5279,0.38263686304224287,0.38,0.0065934187174047495,0.37,0.38,0.38,0.39,0.39,0.39,0.4,0.37,0.4
2021-03-18,5279,0.3745993559386247,0.38,0.008908276233577447,0.36,0.37,0.38,0.38,0.39,0.39,0.39,0.36,0.39
2021-03-19,5279,0.37546126160257626,0.38,0.010955936716960204,0.36,0.37,0.38,0.38,0.39,0.39,0.4,0.36,0.4
2021-03-20,5279,0.3808656942602766,0.38,0.008916949399551037,0.37,0.37,0.38,0.39,0.39,0.39,0.4,0.37,0.4
2021-03-23,5279,0.37949422239060426,0.38,0.007789978234786624,0.37,0.37,0.38,0.39,0.39,0.39,0.4,0.37,0.4
2021-03-24,5279,0.3730138283765865,0.37,0.006990237428607046,0.36,0.37,0.37,0.38,0.38,0.39,0.39,0.36,0.39
2021-03-25,5279,0.37548399318052667,0.37,0.007052134455848068,0.37,0.37,0.37,0.38,0.39,0.39,0.39,0.37,0.39
2021-03-27,5279,0.3847186967228642,0.38,0.005044925366324195,0.38,0.38,0.38,0.39,0.39,0.39,0.39,0.38,0.4
2021-03-28,5279,0.3778878575487782,0.38,0.00654808104312943,0.37,0.37,0.38,0.38,0.39,0.39,0.39,0.37,0.39
2021-03-29,5279,0.3743928774389089,0.37,0.006928711389677312,0.37,0.37,0.37,0.38,0.38,0.39,0.39,0.36,0.39
2021-03-31,5279,0.38392309149460124,0.38,0.008740028552562278,0.37,0.38,0.38,0.39,0.4,0.4,0.4,0.37,0.4
2021-04-03,5279,0.3844042432278841,0.38,0.009737036397622141,0.37,0.38,0.38,0.39,0.4,0.4,0.4,0.37,0.41000000000000003
2021-04-04,5279,0.38659973479825727,0.39,0.009290671806483264,0.37,0.38,0.39,0.39,0.4,0.4,0.4,0.37,0.41000000000000003
2021-04-05,5279,0.38686683083917406,0.39,0.006756352655727114,0.38,0.38,0.39,0.39,0.39,0.4,0.4,0.37,0.4
2021-04-06,5279,0.39092062890699,0.39,0.004076502357922575,0.39,0.39,0.39,0.39,0.4,0.4,0.4,0.38,0.4
2021-04-07,5279,0.395167645387384,0.4,0.005316763472912114,0.39,0.39,0.4,0.4,0.4,0.4,0.4,0.38,0.4
2021-04-08,5279,0.384093578329229,0.39,0.007566561020208871,0.37,0.38,0.39,0.39,0.39,0.39,0.4,0.37,0.4
2021-04-09,5279,0.3783633263875734,0.38,0.006462316487093363,0.37,0.37,0.38,0.38,0.39,0.39,0.39,0.36,0.39
2021-04-11,5279,0.3822409547262739,0.38,0.007814741505992998,0.37,0.38,0.38,0.39,0.39,0.4,0.4,0.37,0.4
2021-04-12,5279,0.3760181852623603,0.37,0.009428671156799757,0.36,0.37,0.37,0.38,0.39,0.39,0.4,0.36,0.4
2021-04-14,5279,0.382983519605986,0.38,0.005921593629508595,0.37,0.38,0.38,0.39,0.39,0.39,0.4,0.37,0.4
2021-04-15,5279,0.3837677590452737,0.38,0.0049310316791731194,0.38,0.38,0.38,0.39,0.39,0.39,0.39,0.37,0.4
2021-04-16,5279,0.37592536465239634,0.37,0.006726528212286669,0.37,0.37,0.37,0.38,0.39,0.39,0.39,0.37,0.39
2021-04-17,5279,0.37602576245501046,0.37,0.007301330899577023,0.37,0.37,0.37,0.38,0.39,0.39,0.39,0.37,0.39
2021-04-18,5279,0.3825686683083917,0.38,0.00838964960214162,0.37,0.38,0.38,0.39,0.39,0.4,0.4,0.37,0.4
2021-04-19,5279,0.39906611100587236,0.4,0.006314602507100854,0.39,0.4,0.4,0.4,0.41000000000000003,0.41000000000000003,0.41000000000000003,0.38,0.41000000000000003
2021-04-20,5279,0.40549346467133934,0.41000000000000003,0.0053745755750995985,0.4,0.4,0.41000000000000003,0.41000000000000003,0.41000000000000003,0.41000000000000003,0.41000000000000003,0.39,0.41000000000000003
2021-04-23,5279,0.38120856222769467,0.38,0.009051319376554722,0.37,0.37,0.38,0.39,0.39,0.4,0.4,0.37,0.4
2021-04-24,5279,0.3876756961545747,0.39,0.00805809545791742,0.38,0.38,0.39,0.39,0.4,0.4,0.4,0.37,0.4
2021-04-25,5279,0.3837848077287365,0.38,0.005086475937758841,0.38,0.38,0.38,0.39,0.39,0.39,0.4,0.38,0.4
2021-04-26,5279,0.3746921765485888,0.37,0.00629325023052478,0.37,0.37,0.37,0.38,0.38,0.39,0.39,0.37,0.39
2021-04-27,5279,0.37067247584769847,0.37,0.00781138602351633,0.36,0.37,0.37,0.38,0.38,0.38,0.39,0.36,0.39
2021-04-28,5279,0.3768554650501989,0.38,0.007114477019480256,0.37,0.37,0.38,0.38,0.39,0.39,0.39,0.37,0.39
2021-04-29,5279,0.3856620572078045,0.39,0.005349343728104414,0.38,0.38,0.39,0.39,0.39,0.39,0.4,0.38,0.4
2021-05-01,5279,0.3923489297215382,0.39,0.006208373734219025,0.38,0.39,0.39,0.4,0.4,0.4,0.41000000000000003,0.38,0.41000000000000003
2021-05-02,5279,0.3874029172191703,0.39,0.0058473023114773304,0.38,0.38,0.39,0.39,0.39,0.4,0.4,0.37,0.4
2021-05-03,5279,0.39112710740670587,0.39,0.006654885401163139,0.38,0.39,0.39,0.4,0.4,0.4,0.4,0.38,0.4
2021-05-05,5279,0.38850161015343815,0.39,0.005161673647792432,0.38,0.39,0.39,0.39,0.39,0.4,0.4,0.37,0.4
2021-05-06,5279,0.3920193218412579,0.39,0.004793007100178213,0.39,0.39,0.39,0.39,0.4,0.4,0.4,0.38,0.4
2021-05-09,5279,0.38444402348929724,0.38,0.005304574702589533,0.38,0.38,0.38,0.39,0.39,0.39,0.4,0.37,0.4
2021-05-10,5279,0.3835044516006819,0.38,0.004915802643065528,0.38,0.38,0.38,0.39,0.39,0.39,0.39,0.38,0.4
2021-05-12,5279,0.3748153059291533,0.37,0.007227986001690749,0.37,0.37,0.37,0.38,0.39,0.39,0.39,0.36,0.39
2021-05-13,5279,0.37651827997726844,0.37,0.007429736360036884,0.37,0.37,0.37,0.38,0.39,0.39,0.39,0.37,0.4
2021-05-14,5279,0.38460882742943736,0.38,0.005714148444839907,0.38,0.38,0.38,0.39,0.39,0.39,0.4,0.38,0.4
2021-05-17,5279,0.3938927827240008,0.39,0.008476517992003569,0.38,0.39,0.39,0.4,0.4,0.41000000000000003,0.41000000000000003,0.37,0.41000000000000003
2021-05-18,5279,0.39456336427353667,0.4,0.008083769536579744,0.38,0.39,0.4,0.4,0.4,0.4,0.41000000000000003,0.37,0.41000000000000003
2021-05-20,5279,0.39404811517332833,0.39,0.007175337393248303,0.38,0.39,0.39,0.4,0.4,0.41000000000000003,0.41000000000000003,0.38,0.41000000000000003
2021-05-21,5279,0.39708088653154006,0.4,0.006335873764025896,0.39,0.39,0.4,0.4,0.4,0.41000000000000003,0.41000000000000003,0.39,0.41000000000000003
2021-05-22,5279,0.40522636863042244,0.41000000000000003,0.005602621796602497,0.4,0.4,0.41000000000000003,0.41000000000000003,0.41000000000000003,0.41000000000000003,0.41000000000000003,0.39,0.41000000000000003
2021-05-23,5279,0.4034173138852055,0.4,0.005640483279089506,0.4,0.4,0.4,0.41000000000000003,0.41000000000000003,0.41000000000000003,0.41000000000000003,0.39,0.41000000000000003
2021-05-25,5279,0.38339458230725515,0.38,0.009495406064193504,0.37,0.38,0.38,0.39,0.4,0.4,0.4,0.37,0.4
2021-05-26,5279,0.38338700511460505,0.38,0.010155453470266694,0.37,0.38,0.38,0.39,0.4,0.4,0.4,0.36,0.41000000000000003
2021-05-29,5279,0.384707330933889,0.38,0.005551986589036198,0.38,0.38,0.38,0.39,0.39,0.39,0.4,0.38,0.4
2021-05-30,5279,0.3838397423754498,0.38,0.00605381595686841,0.38,0.38,0.38,0.39,0.39,0.39,0.4,0.37,0.4
2021-05-31,5279,0.37808865315400647,0.38,0.007628603295554215,0.37,0.37,0.38,0.38,0.39,0.39,0.39,0.37,0.4
2021-06-03,5279,0.38555976510702783,0.39,0.005723318372879085,0.38,0.38,0.39,0.39,0.39,0.39,0.4,0.38,0.4
2021-06-04,5279,0.3792839552945634,0.38,0.0076072037799059244,0.37,0.37,0.38,0.38,0.39,0.39,0.4,0.37,0.4
2021-06-06,5279,0.3841485129759424,0.38,0.0053579499389396715,0.38,0.38,0.38,0.39,0.39,0.39,0.4,0.38,0.4
2021-06-07,5279,0.38345519984845616,0.38,0.004919837695322477,0.38,0.38,0.38,0.39,0.39,0.39,0.39,0.38,0.4
2021-06-08,5279,0.38499336995643113,0.38,0.005799823761431265,0.38,0.38,0.38,0.39,0.39,0.39,0.4,0.38,0.4
2021-06-09,5279,0.39644250805076714,0.4,0.004818947834276358,0.39,0.39,0.4,0.4,0.4,0.4,0.4,0.39,0.41000000000000003
2021-06-11,5279,0.4039666603523395,0.4,0.0064605426939508895,0.39,0.4,0.4,0.41000000000000003,0.41000000000000003,0.41000000000000003,0.41000000000000003,0.38,0.41000000000000003
2021-06-12,5279,0.40264444023489304,0.4,0.008194496075143007,0.39,0.4,0.4,0.41000000000000003,0.41000000000000003,0.41000000000000003,0.41000000000000003,0.38,0.41000000000000003
2021-06-14,5279,0.4096817579086948,0.41000000000000003,0.0017553184566834108,0.41000000000000003,0.41000000000000003,0.41000000000000003,0.41000000000000003,0.41000000000000003,0.41000000000000003,0.41000000000000003,0.4,0.41000000000000003
2021-06-15,5279,0.4099753741238871,0.41000000000000003,0.0004956332589270763,0.41000000000000003,0.41000000000000003,0.41000000000000003,0.41000000000000003,0.41000000000000003,0.41000000000000003,0.41000000000000003,0.4,0.41000000000000003
2021-06-16,5279,0.4099981057018375,0.41000000000000003,0.0001376204681716324,0.41000000000000003,0.41000000000000003,0.41000000000000003,0.41000000000000003,0.41000000000000003,0.41000000000000003,0.41000000000000003,0.4,0.41000000000000003
2021-06-17,5279,0.4099886342110248,0.41000000000000003,0.00033694021516111536,0.41000000000000003,0.41000000000000003,0.41000000000000003,0.41000000000000003,0.41000000000000003,0.41000000000000003,0.41000000000000003,0.4,0.41000000000000003
2021-06-18,5279,0.39948664519795424,0.4,0.0043503686319268774,0.39,0.4,0.4,0.4,0.4,0.41000000000000003,0.41000000000000003,0.39,0.41000000000000003
2021-06-19,5279,0.38405758666414097,0.38,0.00609463932178163,0.38,0.38,0.38,0.39,0.39,0.39,0.4,0.37,0.4
2021-06-20,5279,0.37827050577760946,0.38,0.00783797998481685,0.37,0.37,0.38,0.38,0.39,0.39,0.39,0.37,0.39
2021-06-23,5279,0.38229778367114986,0.38,0.005929878242479303,0.37,0.38,0.38,0.39,0.39,0.39,0.39,0.37,0.4
2021-06-24,5279,0.3785470733093389,0.38,0.008651840172771938,0.37,0.37,0.38,0.38,0.39,0.39,0.4,0.37,0.4
2021-06-25,5279,0.37944875923470356,0.38,0.007837812879595537,0.37,0.37,0.38,0.39,0.39,0.39,0.4,0.37,0.4
2021-06-27,5279,0.39458988444781207,0.4,0.006874612387489068,0.38,0.39,0.4,0.4,0.4,0.4,0.41000000000000003,0.38,0.41000000000000003
2021-06-28,5279,0.39069331312748623,0.39,0.009597531510329103,0.37,0.38,0.39,0.4,0.4,0.4,0.41000000000000003,0.37,0.41000000000000003
2021-06-29,5279,0.39123697670013263,0.39,0.007591364848244714,0.38,0.39,0.39,0.4,0.4,0.4,0.4,0.37,0.41000000000000003
2021-07-01,5279,0.3988691039969691,0.4,0.00528678492830745,0.39,0.4,0.4,0.4,0.4,0.41000000000000003,0.41000000000000003,0.39,0.41000000000000003
2021-07-02,5279,0.3895453684409926,0.39,0.006230236937203007,0.38,0.39,0.39,0.39,0.4,0.4,0.4,0.38,0.4
2021-07-03,5279,0.37603333964766056,0.37,0.007229862355815178,0.37,0.37,0.37,0.38,0.39,0.39,0.39,0.37,0.39
2021-07-05,5279,0.38021973858685365,0.38,0.007900991605723481,0.37,0.37,0.38,0.39,0.39,0.39,0.4,0.37,0.4
2021-07-06,5279,0.38692365978404997,0.39,0.007337818168059741,0.38,0.38,0.39,0.39,0.4,0.4,0.4,0.37,0.4
2021-07-09,5279,0.38814927069520744,0.39,0.004720214730912648,0.38,0.39,0.39,0.39,0.39,0.39,0.4,0.38,0.4
2021-07-10,5279,0.3899621140367495,0.39,0.0022779248493141574,0.39,0.39,0.39,0.39,0.39,0.39,0.4,0.38,0.4
2021-07-11,5279,0.3852453116120477,0.38,0.005645613650247178,0.38,0.38,0.38,0.39,0.39,0.39,0.4,0.38,0.4
2021-07-12,5279,0.3821935972722107,0.38,0.008938744030104383,0.37,0.38,0.38,0.39,0.39,0.4,0.4,0.37,0.4
2021-07-13,5279,0.38417503315021784,0.38,0.010582416957325265,0.37,0.38,0.38,0.39,0.4,0.4,0.4,0.37,0.4
2021-07-14,5279,0.3863648418261034,0.39,0.007274309170271955,0.38,0.38,0.39,0.39,0.4,0.4,0.4,0.37,0.41000000000000003
2021-07-17,5279,0.38163856791058914,0.38,0.010118884043113166,0.37,0.37,0.38,0.39,0.4,0.4,0.4,0.37,0.41000000000000003
2021-07-18,5279,0.3790585338132222,0.38,0.010249962812103317,0.37,0.37,0.38,0.39,0.4,0.4,0.4,0.37,0.4
2021-07-20,5279,0.3883500663004358,0.39,0.0037925230644908427,0.38,0.39,0.39,0.39,0.39,0.39,0.39,0.38,0.4
2021-07-21,5279,0.3816669823830271,0.38,0.0037270623237273936,0.38,0.38,0.38,0.38,0.39,0.39,0.39,0.38,0.39
2021-07-22,5279,0.3788387952263686,0.38,0.007217323232244015,0.37,0.37,0.38,0.38,0.39,0.39,0.39,0.37,0.4
2021-07-23,5279,0.3798029929910968,0.38,0.008623759044793186,0.37,0.37,0.38,0.39,0.39,0.39,0.4,0.37,0.4
2021-07-25,5279,0.38584390983140743,0.38,0.006464606037357446,0.38,0.38,0.38,0.39,0.39,0.4,0.4,0.38,0.41000000000000003
2021-07-26,5279,0.3881094904337943,0.39,0.006806011106451822,0.38,0.38,0.39,0.39,0.4,0.4,0.4,0.38,0.4
2021-07-29,5279,0.37901117635915893,0.38,0.006771209521575509,0.37,0.37,0.38,0.38,0.39,0.39,0.39,0.37,0.4
2021-07-30,5279,0.3900738776283387,0.39,0.004358251101785535,0.38,0.39,0.39,0.39,0.39,0.4,0.4,0.38,0.4
2021-07-31,5279,0.39511460503883317,0.4,0.006430676621424848,0.38,0.39,0.4,0.4,0.4,0.4,0.41000000000000003,0.38,0.41000000000000003
2021-08-01,5279,0.3870714150407274,0.39,0.006775205184399048,0.38,0.38,0.39,0.39,0.4,0.4,0.4,0.37,0.4
2021-08-02,5279,0.3825932941845047,0.38,0.010749500996045195,0.37,0.37,0.38,0.39,0.4,0.4,0.41000000000000003,0.37,0.41000000000000003
2021-08-03,5279,0.38292100776662247,0.38,0.010357852252492476,0.37,0.37,0.38,0.39,0.4,0.4,0.4,0.37,0.41000000000000003
2021-08-04,5279,0.38536465239628714,0.38,0.005729143122013218,0.38,0.38,0.38,0.39,0.39,0.39,0.4,0.37,0.4
2021-08-07,5279,0.3759480962303467,0.37,0.007355732215931339,0.37,0.37,0.37,0.38,0.39,0.39,0.39,0.37,0.4
2021-08-08,5279,0.3789713960977458,0.38,0.006995177090071046,0.37,0.37,0.38,0.38,0.39,0.39,0.39,0.37,0.4
2021-08-10,5279,0.38390793710930105,0.38,0.0066361512202923,0.37,0.38,0.38,0.39,0.39,0.39,0.4,0.37,0.4
2021-08-11,5279,0.3881416935025573,0.39,0.006278109936886573,0.38,0.38,0.39,0.39,0.4,0.4,0.4,0.38,0.4
2021-08-12,5279,0.39178253457094153,0.39,0.00474239502843138,0.39,0.39,0.39,0.39,0.4,0.4,0.4,0.38,0.4
2021-08-13,5279,0.38765296457662435,0.39,0.004989479955871056,0.38,0.38,0.39,0.39,0.39,0.39,0.4,0.38,0.4
2021-08-15,5279,0.3768611479446865,0.38,0.006741080858373365,0.37,0.37,0.38,0.38,0.39,0.39,0.39,0.37,0.4
2021-08-16,5279,0.37769274483803755,0.38,0.008762160463132461,0.37,0.37,0.38,0.38,0.39,0.39,0.4,0.37,0.4
2021-08-19,5279,0.3940632695586286,0.39,0.005010745565754068,0.39,0.39,0.39,0.4,0.4,0.4,0.4,0.39,0.41000000000000003
2021-08-20,5279,0.3902026899033908,0.39,0.0061901901904797595,0.38,0.39,0.39,0.39,0.4,0.4,0.41000000000000003,0.37,0.41000000000000003
2021-08-21,5279,0.3780431899981057,0.38,0.0080216385786178,0.37,0.37,0.38,0.38,0.39,0.39,0.4,0.37,0.4
2021-08-22,5279,0.3800795605228263,0.38,0.009160299052068192,0.37,0.37,0.38,0.39,0.39,0.4,0.4,0.37,0.4
2021-08-23,5279,0.38502936162151924,0.38,0.006591631209210028,0.38,0.38,0.38,0.39,0.39,0.4,0.4,0.37,0.4
2021-08-24,5279,0.3831028603902254,0.38,0.004919799038738265,0.38,0.38,0.38,0.39,0.39,0.39,0.4,0.38,0.4
2021-08-27,5279,0.3793767759045274,0.38,0.007591702341711,0.37,0.37,0.38,0.38,0.39,0.39,0.39,0.37,0.4
2021-08-28,5279,0.39106080697101736,0.39,0.004847738099685404,0.38,0.39,0.39,0.39,0.4,0.4,0.4,0.38,0.4
2021-08-30,5279,0.38769842773252516,0.39,0.0049840795402416324,0.38,0.38,0.39,0.39,0.39,0.39,0.4,0.38,0.4
2021-08-31,5279,0.3847603712824399,0.38,0.005440822691243141,0.38,0.38,0.38,0.39,0.39,0.39,0.4,0.38,0.4
2021-09-01,5279,0.38226368630422425,0.38,0.004736851547271702,0.38,0.38,0.38,0.39,0.39,0.39,0.39,0.37,0.39
2021-09-02,5279,0.3806876302329987,0.38,0.0034874250395881675,0.38,0.38,0.38,0.38,0.38,0.39,0.39,0.37,0.39
2021-09-04,5279,0.3841219928016669,0.38,0.008162321743052918,0.37,0.38,0.38,0.39,0.4,0.4,0.4,0.37,0.4
2021-09-05,5279,0.3914434551998484,0.39,0.009255286487973047,0.38,0.38,0.39,0.4,0.4,0.41000000000000003,0.41000000000000003,0.38,0.41000000000000003
2021-09-06,5279,0.3973896571320327,0.4,0.008526942416522701,0.38,0.39,0.4,0.4,0.41000000000000003,0.41000000000000003,0.41000000000000003,0.38,0.41000000000000003
2021-09-08,5279,0.40238870998295134,0.4,0.005583551722857335,0.39,0.4,0.4,0.41000000000000003,0.41000000000000003,0.41000000000000003,0.41000000000000003,0.39,0.41000000000000003
2021-09-09,5279,0.39828566016290967,0.4,0.007355158502491089,0.39,0.39,0.4,0.4,0.41000000000000003,0.41000000000000003,0.41000000000000003,0.38,0.41000000000000003
2021-09-10,5279,0.4006762644440235,0.4,0.005834195397947793,0.39,0.4,0.4,0.4,0.41000000000000003,0.41000000000000003,0.41000000000000003,0.39,0.41000000000000003
2021-09-13,5279,0.38233188103807536,0.38,0.0047397618883592545,0.38,0.38,0.38,0.38,0.39,0.39,0.39,0.37,0.4
2021-09-14,5279,0.37938435309717755,0.38,0.009351982928106616,0.37,0.37,0.38,0.39,0.39,0.4,0.4,0.37,0.4
2021-09-15,5279,0.3791513544231863,0.38,0.009441679168210221,0.37,0.37,0.38,0.39,0.39,0.4,0.4,0.37,0.4
2021-09-16,5279,0.380185641219928,0.38,0.0054676730247382255,0.37,0.38,0.38,0.38,0.39,0.39,0.39,0.37,0.4
2021-09-17,5279,0.38319757529835197,0.38,0.004724357590577607,0.38,0.38,0.38,0.39,0.39,0.39,0.39,0.38,0.4
2021-09-18,5279,0.3842167077097935,0.38,0.0059982962533365715,0.38,0.38,0.38,0.39,0.39,0.4,0.4,0.38,0.4
2021-09-19,5279,0.3779787838605797,0.38,0.007784919239669287,0.37,0.37,0.38,0.38,0.39,0.39,0.39,0.37,0.4
2021-09-21,5279,0.3861356317484372,0.39,0.007941905083122766,0.37,0.38,0.39,0.39,0.4,0.4,0.4,0.37,0.4
2021-09-22,5279,0.3928206099640083,0.39,0.005346510168900432,0.39,0.39,0.39,0.4,0.4,0.4,0.4,0.38,0.4
2021-09-25,5279,0.3932032581928396,0.39,0.006634062051753305,0.38,0.39,0.39,0.4,0.4,0.4,0.4,0.38,0.4
2021-09-26,5279,0.3895718886152681,0.39,0.006274525183303171,0.38,0.39,0.39,0.39,0.4,0.4,0.4,0.38,0.4
2021-09-27,5279,0.38799204394771736,0.39,0.007392798493622378,0.38,0.38,0.39,0.39,0.4,0.4,0.4,0.38,0.4
2021-09-28,5279,0.3779465807918167,0.38,0.007974919671950666,0.37,0.37,0.38,0.38,0.39,0.39,0.4,0.37,0.4
2021-09-29,5279,0.37588369009282063,0.37,0.007425229816803865,0.37,0.37,0.37,0.38,0.39,0.39,0.39,0.37,0.4
2021-09-30,5279,0.3800511460503883,0.38,0.007840112209379,0.37,0.37,0.38,0.39,0.39,0.39,0.4,0.37,0.4
2021-10-01,5279,0.38592536465239624,0.39,0.005765095961061126,0.38,0.38,0.39,0.39,0.39,0.39,0.4,0.38,0.4
2021-10-02,5279,0.38309907179390035,0.38,0.004624551000395049,0.38,0.38,0.38,0.39,0.39,0.39,0.39,0.38,0.39
2021-10-03,5279,0.3806099640083349,0.38,0.005641897967134763,0.37,0.38,0.38,0.38,0.39,0.39,0.39,0.37,0.39
2021-10-04,5279,0.38122371661299487,0.38,0.006935073434804875,0.37,0.38,0.38,0.39,0.39,0.39,0.4,0.37,0.4
2021-10-07,5279,0.39679484750899796,0.4,0.0073188008298293375,0.38,0.39,0.4,0.4,0.4,0.41000000000000003,0.41000000000000003,0.38,0.41000000000000003
2021-10-08,5279,0.39764538738397426,0.4,0.005557261294371474,0.39,0.39,0.4,0.4,0.4,0.4,0.41000000000000003,0.38,0.41000000000000003
2021-10-10,5279,0.3843663572646334,0.38,0.007476115470545237,0.37,0.38,0.38,0.39,0.39,0.4,0.4,0.37,0.4
2021-10-11,5279,0.3819776472816821,0.38,0.006318462685671066,0.37,0.38,0.38,0.39,0.39,0.39,0.4,0.37,0.4
2021-10-12,5279,0.38073877628338704,0.38,0.007972280691442485,0.37,0.37,0.38,0.39,0.39,0.39,0.4,0.37,0.4
2021-10-13,5279,0.37936162151922714,0.38,0.00946923178212599,0.37,0.37,0.38,0.39,0.39,0.4,0.4,0.37,0.4
2021-10-15,5279,0.3825724569047168,0.38,0.005622223972170274,0.38,0.38,0.38,0.39,0.39,0.39,0.4,0.37,0.4
2021-10-16,5279,0.38967228641788226,0.39,0.004604721287609799,0.38,0.39,0.39,0.39,0.39,0.4,0.4,0.38,0.4
2021-10-19,5279,0.38394961166887664,0.38,0.005308276387035587,0.38,0.38,0.38,0.39,0.39,0.39,0.4,0.38,0.4
2021-10-20,5279,0.39616404622087525,0.4,0.004966680722920783,0.39,0.39,0.4,0.4,0.4,0.4,0.4,0.39,0.41000000000000003
2021-10-21,5279,0.39702026899033904,0.4,0.006793420694435493,0.38,0.39,0.4,0.4,0.4,0.4,0.41000000000000003,0.38,0.41000000000000003
2021-10-22,5279,0.38845993559386255,0.39,0.008488532053940942,0.37,0.38,0.39,0.39,0.4,0.4,0.4,0.37,0.41000000000000003
2021-10-23,5279,0.38433415419587047,0.38,0.008575733195952938,0.37,0.38,0.38,0.39,0.39,0.4,0.4,0.37,0.4
2021-10-24,5279,0.3861451032392499,0.39,0.0057321149393664925,0.38,0.38,0.39,0.39,0.39,0.39,0.4,0.38,0.4
2021-10-27,5279,0.3766830839174086,0.38,0.006603838560020154,0.37,0.37,0.38,0.38,0.39,0.39,0.39,0.37,0.39
2021-10-28,5279,0.37627012691797695,0.37,0.007458400119228288,0.37,0.37,0.37,0.38,0.39,0.39,0.39,0.37,0.4
2021-10-30,5279,0.38646145103239254,0.39,0.0071794035309790906,0.38,0.38,0.39,0.39,0.4,0.4,0.4,0.38,0.4
2021-10-31,5279,0.38469217654858867,0.38,0.006601744057846749,0.38,0.38,0.38,0.39,0.39,0.4,0.4,0.37,0.4
2021-11-01,5279,0.3798863421102482,0.38,0.008429777514398126,0.37,0.37,0.38,0.39,0.39,0.39,0.4,0.37,0.4
2021-11-02,5279,0.375999242280735,0.37,0.007522196704415612,0.37,0.37,0.37,0.38,0.39,0.39,0.39,0.37,0.4
2021-11-04,5279,0.38404243227884066,0.38,0.005769692637332896,0.38,0.38,0.38,0.39,0.39,0.39,0.4,0.37,0.4
2021-11-05,5279,0.3852339458230726,0.38,0.005788566061340762,0.38,0.38,0.38,0.39,0.39,0.39,0.4,0.38,0.4
2021-11-06,5279,0.3789638189050957,0.38,0.00730407522880702,0.37,0.37,0.38,0.38,0.39,0.39,0.39,0.37,0.4
2021-11-07,5279,0.37701458609585153,0.38,0.007689635480243686,0.37,0.37,0.38,0.38,0.39,0.39,0.39,0.37,0.4
2021-11-08,5279,0.379539685546505,0.38,0.009012435220910168,0.37,0.37,0.38,0.39,0.39,0.39,0.4,0.37,0.4
2021-11-09,5279,0.38664709225232047,0.39,0.008428898019070357,0.37,0.38,0.39,0.39,0.4,0.4,0.4,0.37,0.4
2021-11-10,5279,0.3859367304413715,0.39,0.007375189537730539,0.37,0.38,0.39,0.39,0.39,0.4,0.4,0.37,0.4
2021-11-13,5279,0.39371471869672287,0.39,0.006109662217416235,0.39,0.39,0.39,0.4,0.4,0.4,0.41000000000000003,0.38,0.41000000000000003
2021-11-14,5279,0.40755446107217275,0.41000000000000003,0.004758380458551182,0.4,0.41000000000000003,0.41000000000000003,0.41000000000000003,0.41000000000000003,0.41000000000000003,0.41000000000000003,0.39,0.41000000000000003
2021-11-15,5279,0.4100000000000001,0.41000000000000003,5.551115123125783e-17,0.41000000000000003,0.41000000000000003,0.41000000000000003,0.41000000000000003,0.41000000000000003,0.41000000000000003,0.41000000000000003,0.41000000000000003,0.41000000000000003
2021-11-17,5279,0.4100000000000001,0.41000000000000003,5.551115123125783e-17,0.41000000000000003,0.41000000000000003,0.41000000000000003,0.41000000000000003,0.41000000000000003,0.41000000000000003,0.41000000000000003,0.41000000000000003,0.41000000000000003
2021-11-18,5279,0.4100000000000001,0.41000000000000003,5.551115123125783e-17,0.41000000000000003,0.41000000000000003,0.41000000000000003,0.41000000000000003,0.41000000000000003,0.41000000000000003,0.41000000000000003,0.41000000000000003,0.41000000000000003
2021-11-19,5279,0.4036825156279598,0.4,0.006632334191483175,0.39,0.4,0.4,0.41000000000000003,0.41000000000000003,0.41000000000000003,0.41000000000000003,0.39,0.41000000000000003
2021-11-21,5279,0.38399696912293996,0.38,0.009929319750120173,0.37,0.38,0.38,0.39,0.4,0.4,0.4,0.37,0.4
2021-11-22,5279,0.3800530403485509,0.38,0.008289892885800305,0.37,0.37,0.38,0.39,0.39,0.39,0.4,0.37,0.4
2021-11-24,5279,0.3910967986361054,0.39,0.00410022051571684,0.39,0.39,0.39,0.39,0.4,0.4,0.4,0.38,0.4
2021-11-25,5279,0.38568478878575485,0.38,0.007166193292141954,0.38,0.38,0.38,0.39,0.4,0.4,0.4,0.38,0.4
2021-11-26,5279,0.37926880090926307,0.38,0.00700955388817739,0.37,0.37,0.38,0.38,0.39,0.39,0.39,0.37,0.4
2021-11-27,5279,0.38117446486076906,0.38,0.004821463305234093,0.37,0.38,0.38,0.38,0.39,0.39,0.39,0.37,0.39
2021-11-28,5279,0.38291532487213487,0.38,0.005113471842359146,0.38,0.38,0.38,0.39,0.39,0.39,0.4,0.37,0.4
2021-11-29,5279,0.3852491002083728,0.38,0.006277769273231048,0.38,0.38,0.38,0.39,0.39,0.4,0.4,0.37,0.4
2021-11-30,5279,0.38935215002841456,0.39,0.008419125444603817,0.38,0.38,0.39,0.4,0.4,0.4,0.4,0.37,0.41000000000000003
2021-12-01,5279,0.392644440234893,0.39,0.007564631091723696,0.38,0.39,0.39,0.4,0.4,0.4,0.4,0.38,0.41000000000000003
2021-12-02,5279,0.3904470543663573,0.39,0.005647083607207565,0.38,0.39,0.39,0.39,0.4,0.4,0.4,0.38,0.4
2021-12-03,5279,0.38763591589316154,0.39,0.0056294665976804464,0.38,0.38,0.39,0.39,0.39,0.4,0.4,0.38,0.4
2021-12-04,5279,0.3812805455578708,0.38,0.00549058523670145,0.37,0.38,0.38,0.38,0.39,0.39,0.4,0.37,0.4
2021-12-07,5279,0.3888103807539307,0.39,0.00474245177735314,0.38,0.39,0.39,0.39,0.39,0.4,0.4,0.38,0.4
2021-12-08,5279,0.386031445349498,0.39,0.005566229393010451,0.38,0.38,0.39,0.39,0.39,0.39,0.4,0.38,0.4
2021-12-10,5279,0.3836806213297973,0.38,0.005842303601965661,0.38,0.38,0.38,0.39,0.39,0.39,0.4,0.37,0.4
2021-12-11,5279,0.38284144724379615,0.38,0.005480826268989241,0.38,0.38,0.38,0.39,0.39,0.39,0.4,0.37,0.4
2021-12-12,5279,0.3844099261223716,0.38,0.005716960471095741,0.38,0.38,0.38,0.39,0.39,0.39,0.4,0.37,0.4
2021-12-13,5279,0.3867512786512597,0.39,0.006312929882644291,0.38,0.38,0.39,0.39,0.39,0.4,0.4,0.37,0.4
2021-12-15,5279,0.38667929532108347,0.39,0.0062663016724871035,0.38,0.38,0.39,0.39,0.39,0.4,0.4,0.38,0.4
2021-12-16,5279,0.3933207046789165,0.39,0.00638310968238747,0.38,0.39,0.39,0.4,0.4,0.4,0.4,0.38,0.4
2021-12-19,5279,0.3856052282629286,0.38,0.007798384041203056,0.37,0.38,0.38,0.39,0.4,0.4,0.4,0.37,0.4
2021-12-20,5279,0.38865315400644057,0.39,0.008829207297023012,0.38,0.38,0.39,0.4,0.4,0.4,0.41000000000000003,0.38,0.41000000000000003
2021-12-22,5279,0.381970070089032,0.38,0.004163527742749674,0.38,0.38,0.38,0.38,0.39,0.39,0.39,0.38,0.4
2021-12-23,5279,0.38170486834627765,0.38,0.003760599338488134,0.38,0.38,0.38,0.38,0.39,0.39,0.39,0.38,0.39
2021-12-24,5279,0.38617541200985034,0.39,0.0050435040242998875,0.38,0.38,0.39,0.39,0.39,0.39,0.39,0.38,0.4
2021-12-27,5279,0.38596893351013456,0.39,0.006149290407267492,0.38,0.38,0.39,0.39,0.39,0.4,0.4,0.38,0.4
2021-12-28,5279,0.3898920250047358,0.39,0.0038101979354108113,0.38,0.39,0.39,0.39,0.39,0.4,0.4,0.38,0.4
2021-12-30,5279,0.37612805455578713,0.37,0.007453301419484205,0.37,0.37,0.37,0.38,0.39,0.39,0.39,0.37,0.4
2021-12-31,5279,0.379232809244175,0.38,0.007217468409640451,0.37,0.37,0.38,0.38,0.39,0.39,0.39,0.37,0.4
2022-01-01,5279,0.3875525667740103,0.39,0.0045310313262823835,0.38,0.38,0.39,0.39,0.39,0.39,0.4,0.38,0.4
2022-01-02,5279,0.3860579655237734,0.39,0.005035698711924776,0.38,0.38,0.39,0.39,0.39,0.39,0.39,0.38,0.4
2022-01-03,5279,0.389418450464103,0.39,0.006374595625829056,0.38,0.39,0.39,0.39,0.4,0.4,0.4,0.37,0.4
2022-01-04,5279,0.3970354233756393,0.4,0.005699828278101023,0.39,0.39,0.4,0.4,0.4,0.4,0.41000000000000003,0.38,0.41000000000000003
2022-01-07,5279,0.3780507671907558,0.38,0.005584637724804508,0.37,0.37,0.38,0.38,0.38,0.39,0.39,0.37,0.39
2022-01-08,5279,0.3882136768327335,0.39,0.00505426084286109,0.38,0.39,0.39,0.39,0.39,0.4,0.4,0.38,0.4
2022-01-10,5279,0.3839098314074635,0.38,0.005676461598697184,0.38,0.38,0.38,0.39,0.39,0.39,0.4,0.37,0.4
2022-01-11,5279,0.3880318242091305,0.39,0.005384455141993887,0.38,0.38,0.39,0.39,0.39,0.4,0.4,0.38,0.4
2022-01-12,5279,0.38375260465997346,0.38,0.005538973176189587,0.38,0.38,0.38,0.39,0.39,0.39,0.4,0.37,0.4
2022-01-13,5279,0.37577003220306876,0.37,0.007010462496076074,0.37,0.37,0.37,0.38,0.39,0.39,0.39,0.37,0.39
2022-01-15,5279,0.3800170486834628,0.38,0.006755246263294833,0.37,0.38,0.38,0.38,0.39,0.39,0.39,0.37,0.4
2022-01-16,5279,0.3825857169918545,0.38,0.004382821410898538,0.38,0.38,0.38,0.39,0.39,0.39,0.39,0.38,0.4
2022-01-19,5279,0.38999052850918736,0.39,0.005544760542055575,0.38,0.39,0.39,0.39,0.4,0.4,0.4,0.38,0.4
2022-01-20,5279,0.3837563932562985,0.38,0.005724804732623792,0.38,0.38,0.38,0.39,0.39,0.39,0.4,0.38,0.4
2022-01-21,5279,0.3853798067815874,0.38,0.006485057757987957,0.38,0.38,0.38,0.39,0.39,0.4,0.4,0.37,0.4
2022-01-22,5279,0.3802992991096799,0.38,0.008247992602297355,0.37,0.37,0.38,0.39,0.39,0.39,0.4,0.37,0.4
2022-01-23,5279,0.37592915324872134,0.38,0.006461706210586095,0.37,0.37,0.38,0.38,0.38,0.39,0.39,0.37,0.39
2022-01-24,5279,0.380738776283387,0.38,0.004722228863918622,0.37,0.38,0.38,0.38,0.39,0.39,0.39,0.37,0.4
2022-01-27,5279,0.37874976321272974,0.38,0.009158043191964888,0.37,0.37,0.38,0.39,0.39,0.39,0.4,0.37,0.4
2022-01-28,5279,0.3871566584580413,0.39,0.008179894444940331,0.38,0.38,0.39,0.39,0.4,0.4,0.4,0.37,0.4
2022-01-30,5279,0.3897082780829703,0.39,0.0027987612692945384,0.38,0.39,0.39,0.39,0.39,0.39,0.4,0.38,0.4
2022-01-31,5279,0.38402348929721536,0.38,0.0054870922142283745,0.38,0.38,0.38,0.39,0.39,0.39,0.4,0.38,0.4
2022-02-01,5279,0.3785698048872893,0.38,0.007110499413758377,0.37,0.37,0.38,0.38,0.39,0.39,0.39,0.37,0.4
2022-02-02,5279,0.37918545179011176,0.38,0.007341137397886959,0.37,0.37,0.38,0.38,0.39,0.39,0.39,0.37,0.4
2022-02-04,5279,0.384121992801667,0.38,0.006769350220850329,0.37,0.38,0.38,0.39,0.39,0.4,0.4,0.37,0.4
2022-02-05,5279,0.3852377344193977,0.39,0.008609266092131949,0.37,0.38,0.39,0.39,0.4,0.4,0.4,0.37,0.4
2022-02-06,5279,0.38984277325250993,0.39,0.007731641012163628,0.38,0.38,0.39,0.4,0.4,0.4,0.4,0.37,0.41000000000000003
2022-02-07,5279,0.3868478878575488,0.39,0.006089389906667633,0.38,0.38,0.39,0.39,0.39,0.4,0.4,0.38,0.4
2022-02-08,5279,0.3844459177874597,0.38,0.005386278187423736,0.38,0.38,0.38,0.39,0.39,0.39,0.4,0.38,0.4
2022-02-09,5279,0.38845993559386255,0.39,0.0076405722100710855,0.38,0.38,0.39,0.39,0.4,0.4,0.4,0.37,0.4
2022-02-10,5279,0.39115931047546887,0.39,0.009360141074466448,0.38,0.38,0.39,0.4,0.4,0.41000000000000003,0.41000000000000003,0.38,0.41000000000000003
2022-02-13,5279,0.3846599734798257,0.38,0.006828683978002762,0.38,0.38,0.38,0.39,0.4,0.4,0.4,0.37,0.4
2022-02-14,5279,0.3904716802424702,0.39,0.007248015009321219,0.38,0.39,0.39,0.39,0.4,0.4,0.41000000000000003,0.38,0.41000000000000003
2022-02-15,5279,0.3905701837469217,0.39,0.006834494412199462,0.38,0.39,0.39,0.4,0.4,0.4,0.4,0.38,0.41000000000000003
2022-02-16,5279,0.3826899033907938,0.38,0.005760967152883573,0.37,0.38,0.38,0.39,0.39,0.39,0.4,0.37,0.4
2022-02-17,5279,0.3814889183557492,0.38,0.005636207161355534,0.37,0.38,0.38,0.38,0.39,0.39,0.39,0.37,0.39
2022-02-18,5279,0.3809982951316537,0.38,0.004139062725489443,0.38,0.38,0.38,0.38,0.39,0.39,0.39,0.37,0.39
2022-02-19,5279,0.3836768327334722,0.38,0.004984018342794836,0.38,0.38,0.38,0.39,0.39,0.39,0.39,0.38,0.4
2022-02-21,5279,0.38183557491949227,0.38,0.0064337337756184155,0.37,0.38,0.38,0.38,0.39,0.39,0.4,0.37,0.4
2022-02-22,5279,0.38402159499905286,0.38,0.005289883158651587,0.38,0.38,0.38,0.39,0.39,0.39,0.4,0.38,0.4
2022-02-24,5279,0.38249857927637804,0.38,0.0043424131831490635,0.38,0.38,0.38,0.39,0.39,0.39,0.39,0.37,0.39
2022-02-25,5279,0.37675127865125974,0.38,0.00702044788831785,0.37,0.37,0.38,0.38,0.39,0.39,0.39,0.37,0.39
2022-02-26,5279,0.37614131464292483,0.38,0.006341583466541612,0.37,0.37,0.38,0.38,0.38,0.39,0.39,0.37,0.39
2022-02-27,5279,0.3842773252509945,0.38,0.005038551808323961,0.38,0.38,0.38,0.39,0.39,0.39,0.39,0.37,0.4
2022-02-28,5279,0.3883936351581739,0.39,0.0056072441532358745,0.38,0.38,0.39,0.39,0.39,0.4,0.4,0.38,0.4
2022-03-01,5279,0.38543474142830075,0.38,0.006831632358823495,0.38,0.38,0.38,0.39,0.39,0.4,0.4,0.37,0.4
2022-03-03,5279,0.37558817957946583,0.37,0.006080047930629295,0.37,0.37,0.37,0.38,0.38,0.39,0.39,0.37,0.39
2022-03-04,5279,0.3824076529645766,0.38,0.006676271065786572,0.37,0.38,0.38,0.39,0.39,0.39,0.39,0.37,0.4
2022-03-07,5279,0.380217844288691,0.38,0.006503084483416139,0.37,0.38,0.38,0.38,0.39,0.39,0.39,0.37,0.4
2022-03-08,5279,0.3825175222580034,0.38,0.00700772351750078,0.37,0.38,0.38,0.39,0.39,0.39,0.4,0.37,0.4
2022-03-10,5279,0.3824815305929153,0.38,0.004319411053092609,0.38,0.38,0.38,0.38,0.39,0.39,0.39,0.38,0.39
2022-03-11,5279,0.37486834627770416,0.37,0.00544798373166459,0.37,0.37,0.37,0.38,0.38,0.38,0.39,0.37,0.39
2022-03-12,5279,0.3773271452926691,0.38,0.0065659407525076405,0.37,0.37,0.38,0.38,0.39,0.39,0.39,0.37,0.39
2022-03-13,5279,0.38549535896950177,0.39,0.00536028409999403,0.38,0.38,0.39,0.39,0.39,0.39,0.4,0.38,0.4
2022-03-15,5279,0.37827808297025955,0.38,0.007844479216421124,0.37,0.37,0.38,0.38,0.39,0.39,0.39,0.37,0.4
2022-03-16,5279,0.379446864936541,0.38,0.0084595339048904,0.37,0.37,0.38,0.39,0.39,0.39,0.4,0.37,0.4
2022-03-19,5279,0.38270316347793143,0.38,0.004441232035245622,0.38,0.38,0.38,0.39,0.39,0.39,0.39,0.38,0.39
2022-03-20,5279,0.38800909263118016,0.39,0.0040730115286158755,0.38,0.39,0.39,0.39,0.39,0.39,0.39,0.38,0.4
2022-03-22,5279,0.3753400265201743,0.37,0.006457998888885906,0.37,0.37,0.37,0.38,0.38,0.39,0.39,0.37,0.39
2022-03-23,5279,0.38130896003030873,0.38,0.00596216978087966,0.37,0.38,0.38,0.38,0.39,0.39,0.39,0.37,0.4
2022-03-24,5279,0.39127107406705824,0.39,0.004927415813369933,0.38,0.39,0.39,0.39,0.4,0.4,0.4,0.38,0.4
2022-03-27,5279,0.3768668308391741,0.38,0.006033583195365801,0.37,0.37,0.38,0.38,0.38,0.39,0.39,0.37,0.39
2022-03-28,5279,0.38200416745595756,0.38,0.0047795879271300265,0.38,0.38,0.38,0.38,0.39,0.39,0.39,0.37,0.4
2022-03-30,5279,0.38447243796173514,0.38,0.005895884883305904,0.38,0.38,0.38,0.39,0.39,0.4,0.4,0.38,0.4
2022-03-31,5279,0.3788425838226937,0.38,0.00750863854535712,0.37,0.37,0.38,0.38,0.39,0.39,0.4,0.37,0.4
2022-04-01,5279,0.3782401970070089,0.38,0.007044246680028414,0.37,0.37,0.38,0.38,0.39,0.39,0.39,0.37,0.4
2022-04-02,5279,0.3884921386626255,0.39,0.005954894926433582,0.38,0.38,0.39,0.39,0.4,0.4,0.4,0.38,0.4
2022-04-03,5279,0.39456146997537417,0.39,0.004980732016230312,0.39,0.39,0.39,0.4,0.4,0.4,0.4,0.39,0.4
2022-04-04,5279,0.38656942602765676,0.39,0.005546003603415453,0.38,0.38,0.39,0.39,0.39,0.39,0.4,0.38,0.4
2022-04-07,5279,0.3968100018942982,0.4,0.008835175181981547,0.38,0.39,0.4,0.4,0.41000000000000003,0.41000000000000003,0.41000000000000003,0.38,0.41000000000000003
2022-04-08,5279,0.40391172570562606,0.4,0.005148355315146642,0.4,0.4,0.4,0.41000000000000003,0.41000000000000003,0.41000000000000003,0.41000000000000003,0.39,0.41000000000000003
2022-04-10,5279,0.38925743512028793,0.39,0.00818993539667849,0.38,0.38,0.39,0.4,0.4,0.4,0.4,0.37,0.4
2022-04-11,5279,0.39420723621898096,0.4,0.006715292062568171,0.38,0.39,0.4,0.4,0.4,0.4,0.4,0.38,0.41000000000000003
2022-04-12,5279,0.39241333585906424,0.39,0.005102735063191365,0.39,0.39,0.39,0.4,0.4,0.4,0.4,0.38,0.41000000000000003
2022-04-13,5279,0.3934343625686684,0.39,0.004748555510217096,0.39,0.39,0.39,0.4,0.4,0.4,0.4,0.39,0.4
2022-04-15,5279,0.38257056260655425,0.38,0.00660665862124922,0.37,0.38,0.38,0.39,0.39,0.39,0.4,0.37,0.4
2022-04-16,5279,0.387416177306308,0.39,0.006742028309078025,0.38,0.38,0.39,0.39,0.4,0.4,0.4,0.37,0.4
2022-04-19,5279,0.3797063837848077,0.38,0.006165073038226739,0.37,0.38,0.38,0.38,0.39,0.39,0.39,0.37,0.4
2022-04-20,5279,0.37599734798257245,0.38,0.006383642593255894,0.37,0.37,0.38,0.38,0.38,0.39,0.39,0.37,0.39
2022-04-21,5279,0.382127296836522,0.38,0.004771943492057697,0.38,0.38,0.38,0.38,0.39,0.39,0.39,0.37,0.4
2022-04-22,5279,0.3889164614510324,0.39,0.006037110709665889,0.38,0.39,0.39,0.39,0.4,0.4,0.4,0.38,0.4
2022-04-23,5279,0.38747868914567163,0.39,0.0056436677359755485,0.38,0.38,0.39,0.39,0.39,0.4,0.4,0.38,0.4
2022-04-24,5279,0.3826614889183557,0.38,0.004677637827212069,0.38,0.38,0.38,0.39,0.39,0.39,0.39,0.37,0.4
2022-04-27,5279,0.3935593862473954,0.39,0.0047879674200861436,0.39,0.39,0.39,0.4,0.4,0.4,0.4,0.39,0.4
2022-04-28,5279,0.3891854517901118,0.39,0.0058278882646144335,0.38,0.39,0.39,0.39,0.4,0.4,0.4,0.38,0.4
2022-04-30,5279,0.38501610153438154,0.38,0.005358410691534472,0.38,0.38,0.38,0.39,0.39,0.39,0.4,0.37,0.4
2022-05-01,5279,0.3915533244932753,0.39,0.0036378683100265602,0.39,0.39,0.39,0.39,0.4,0.4,0.4,0.38,0.4
2022-05-02,5279,0.3886796741807161,0.39,0.004945187895189921,0.38,0.39,0.39,0.39,0.39,0.4,0.4,0.38,0.4
2022-05-04,5279,0.3818298920250047,0.38,0.006275895292587233,0.37,0.38,0.38,0.39,0.39,0.39,0.39,0.37,0.4
2022-05-05,5279,0.38549535896950177,0.39,0.00583734241337491,0.38,0.38,0.39,0.39,0.39,0.39,0.4,0.38,0.4
2022-05-06,5279,0.3844686493654101,0.38,0.005458423360156619,0.38,0.38,0.38,0.39,0.39,0.39,0.4,0.38,0.4
2022-05-07,5279,0.3805190376965334,0.38,0.005504958874762295,0.37,0.38,0.38,0.38,0.39,0.39,0.39,0.37,0.39
2022-05-08,5279,0.38212350824019703,0.38,0.006147388935404026,0.37,0.38,0.38,0.39,0.39,0.39,0.39,0.37,0.4
2022-05-09,5279,0.38345141125213106,0.38,0.0052321605727989095,0.38,0.38,0.38,0.39,0.39,0.39,0.4,0.37,0.4
2022-05-10,5279,0.3846921765485887,0.38,0.005722555295987865,0.38,0.38,0.38,0.39,0.39,0.39,0.4,0.38,0.4
2022-05-13,5279,0.3808903201363894,0.38,0.004675803254907934,0.37,0.38,0.38,0.38,0.39,0.39,0.39,0.37,0.39
2022-05-14,5279,0.37583822693691993,0.38,0.005943247505207161,0.37,0.37,0.38,0.38,0.38,0.39,0.39,0.37,0.39
2022-05-15,5279,0.38046410304982,0.38,0.004030640072189561,0.37,0.38,0.38,0.38,0.39,0.39,0.39,0.37,0.39
2022-05-16,5279,0.3860352339458231,0.39,0.005010265016761562,0.38,0.38,0.39,0.39,0.39,0.39,0.39,0.37,0.4
2022-05-17,5279,0.38351960598598217,0.38,0.00481925089189358,0.38,0.38,0.38,0.39,0.39,0.39,0.39,0.38,0.4
2022-05-18,5279,0.38259139988634205,0.38,0.005603385196395612,0.37,0.38,0.38,0.39,0.39,0.39,0.39,0.37,0.4
2022-05-19,5279,0.3852509945065354,0.38,0.005810716926084302,0.38,0.38,0.38,0.39,0.39,0.39,0.4,0.37,0.4
2022-05-21,5279,0.3936067437014587,0.39,0.006995352013068771,0.38,0.39,0.39,0.4,0.4,0.4,0.41000000000000003,0.38,0.41000000000000003
2022-05-22,5279,0.3992858495927259,0.4,0.006195153789257153,0.39,0.4,0.4,0.4,0.41000000000000003,0.41000000000000003,0.41000000000000003,0.39,0.41000000000000003
2022-05-24,5279,0.4002784618298921,0.4,0.007453723636064217,0.39,0.39,0.4,0.41000000000000003,0.41000000000000003,0.41000000000000003,0.41000000000000003,0.39,0.41000000000000003
2022-05-25,5279,0.40323356696344004,0.4,0.00467757568910965,0.4,0.4,0.4,0.41000000000000003,0.41000000000000003,0.41000000000000003,0.41000000000000003,0.4,0.41000000000000003
2022-05-26,5279,0.4079693123697671,0.41000000000000003,0.004022832839026338,0.4,0.41000000000000003,0.41000000000000003,0.41000000000000003,0.41000000000000003,0.41000000000000003,0.41000000000000003,0.4,0.41000000000000003
2022-05-27,5279,0.409257435120288,0.41000000000000003,0.0026218783718050085,0.4,0.41000000000000003,0.41000000000000003,0.41000000000000003,0.41000000000000003,0.41000000000000003,0.41000000000000003,0.4,0.41000000000000003
2022-05-28,5279,0.4098882364084107,0.41000000000000003,0.00105125868152811,0.41000000000000003,0.41000000000000003,0.41000000000000003,0.41000000000000003,0.41000000000000003,0.41000000000000003,0.41000000000000003,0.4,0.41000000000000003
2022-05-29,5279,0.4099431710551241,0.41000000000000003,0.0007517046759090467,0.41000000000000003,0.41000000000000003,0.41000000000000003,0.41000000000000003,0.41000000000000003,0.41000000000000003,0.41000000000000003,0.4,0.41000000000000003
2022-05-30,5279,0.40996021973858693,0.41000000000000003,0.0006294602012306788,0.41000000000000003,0.41000000000000003,0.41000000000000003,0.41000000000000003,0.41000000000000003,0.41000000000000003,0.41000000000000003,0.4,0.41000000000000003
2022-06-01,5279,0.4100000000000001,0.41000000000000003,5.551115123125783e-17,0.41000000000000003,0.41000000000000003,0.41000000000000003,0.41000000000000003,0.41000000000000003,0.41000000000000003,0.41000000000000003,0.41000000000000003,0.41000000000000003
2022-06-03,5279,0.4085963250615648,0.41000000000000003,0.00353851347469091,0.4,0.41000000000000003,0.41000000000000003,0.41000000000000003,0.41000000000000003,0.41000000000000003,0.41000000000000003,0.39,0.41000000000000003
2022-06-04,5279,0.4020799393824588,0.4,0.005986064918704905,0.39,0.4,0.4,0.41000000000000003,0.41000000000000003,0.41000000000000003,0.41000000000000003,0.39,0.41000000000000003
2022-06-07,5279,0.3881322220117447,0.39,0.006120958393953055,0.38,0.38,0.39,0.39,0.4,0.4,0.4,0.37,0.41000000000000003
2022-06-08,5279,0.3894260276567532,0.39,0.00387239304359227,0.38,0.39,0.39,0.39,0.39,0.39,0.4,0.38,0.4
2022-06-10,5279,0.38501231293805643,0.38,0.005576691534853403,0.38,0.38,0.38,0.39,0.39,0.39,0.4,0.38,0.4
2022-06-11,5279,0.3818128433415419,0.38,0.005290412241254008,0.37,0.38,0.38,0.38,0.39,0.39,0.39,0.37,0.4
2022-06-12,5279,0.37991854517901114,0.38,0.007425387843298749,0.37,0.37,0.38,0.38,0.39,0.39,0.4,0.37,0.4
2022-06-13,5279,0.38711877249479065,0.39,0.007468777336461553,0.38,0.38,0.39,0.39,0.4,0.4,0.4,0.38,0.4
2022-06-15,5279,0.39475089979162725,0.39,0.008954087530596648,0.38,0.39,0.39,0.4,0.41000000000000003,0.41000000000000003,0.41000000000000003,0.38,0.41000000000000003
2022-06-16,5279,0.39270695207425654,0.39,0.010352909465105182,0.38,0.38,0.39,0.4,0.41000000000000003,0.41000000000000003,0.41000000000000003,0.38,0.41000000000000003
2022-06-19,5279,0.40809244175033155,0.41000000000000003,0.003928969842185947,0.4,0.41000000000000003,0.41000000000000003,0.41000000000000003,0.41000000000000003,0.41000000000000003,0.41000000000000003,0.4,0.41000000000000003
2022-06-20,5279,0.40161962492896386,0.4,0.003684164000030015,0.4,0.4,0.4,0.4,0.41000000000000003,0.41000000000000003,0.41000000000000003,0.4,0.41000000000000003
2022-06-22,5279,0.37827240007577184,0.38,0.0052741526925713595,0.37,0.38,0.38,0.38,0.38,0.39,0.39,0.37,0.39
2022-06-23,5279,0.3813657889751847,0.38,0.0054300326946666215,0.37,0.38,0.38,0.38,0.39,0.39,0.39,0.37,0.39
2022-06-24,5279,0.3854101155521879,0.39,0.005530865361581969,0.38,0.38,0.39,0.39,0.39,0.39,0.4,0.38,0.4
2022-06-27,5279,0.38455199848456145,0.38,0.007494589529365477,0.38,0.38,0.38,0.39,0.4,0.4,0.4,0.37,0.4
2022-06-28,5279,0.38550293616215187,0.39,0.005881955938457889,0.38,0.38,0.39,0.39,0.39,0.39,0.4,0.38,0.4
2022-06-30,5279,0.3820894108732714,0.38,0.0041803851517097056,0.38,0.38,0.38,0.38,0.39,0.39,0.39,0.37,0.39
2022-07-01,5279,0.37916650880848646,0.38,0.007550206253100445,0.37,0.37,0.38,0.38,0.39,0.39,0.39,0.37,0.4
2022-07-02,5279,0.3811138473195681,0.38,0.007414992489045736,0.37,0.38,0.38,0.39,0.39,0.39,0.4,0.37,0.4
2022-07-04,5279,0.38932373555597655,0.39,0.0034678655240403243,0.38,0.39,0.39,0.39,0.39,0.39,0.4,0.38,0.4
2022-07-05,5279,0.3835215002841447,0.38,0.005094955695589218,0.38,0.38,0.38,0.39,0.39,0.39,0.4,0.38,0.4
2022-07-06,5279,0.3833566963440045,0.38,0.00829827704582094,0.37,0.38,0.38,0.39,0.4,0.4,0.4,0.37,0.4
2022-07-07,5279,0.38197575298351955,0.38,0.008540964617769315,0.37,0.38,0.38,0.39,0.39,0.4,0.4,0.37,0.4
2022-07-08,5279,0.38756961545747304,0.39,0.0063687019793931335,0.38,0.38,0.39,0.39,0.4,0.4,0.4,0.38,0.4
2022-07-09,5279,0.3853343436256867,0.39,0.005610737201613515,0.38,0.38,0.39,0.39,0.39,0.39,0.4,0.38,0.4
2022-07-10,5279,0.37585527562038273,0.37,0.006679316273299219,0.37,0.37,0.37,0.38,0.39,0.39,0.39,0.37,0.39
2022-07-13,5279,0.4003826482288312,0.4,0.002271038350195463,0.4,0.4,0.4,0.4,0.4,0.4,0.41000000000000003,0.39,0.41000000000000003
2022-07-14,5279,0.39820799393824585,0.4,0.003903739025304629,0.39,0.4,0.4,0.4,0.4,0.4,0.4,0.39,0.41000000000000003
2022-07-15,5279,0.3853703352907748,0.39,0.005571199492232995,0.38,0.38,0.39,0.39,0.39,0.39,0.4,0.37,0.4
2022-07-16,5279,0.37799014964955485,0.38,0.006817729355402099,0.37,0.37,0.38,0.38,0.39,0.39,0.39,0.37,0.39
2022-07-17,5279,0.37920818336806217,0.38,0.006128790857747327,0.37,0.38,0.38,0.38,0.39,0.39,0.39,0.37,0.39
2022-07-18,5279,0.38983519605985983,0.39,0.005389834548125001,0.38,0.39,0.39,0.39,0.4,0.4,0.4,0.38,0.4
2022-07-19,5279,0.38645008524341734,0.39,0.005454778834671928,0.38,0.38,0.39,0.39,0.39,0.39,0.4,0.38,0.4
2022-07-21,5279,0.37736692555408224,0.38,0.007541013265887521,0.37,0.37,0.38,0.38,0.39,0.39,0.39,0.37,0.39
2022-07-22,5279,0.3864330365599545,0.39,0.007102930067076595,0.38,0.38,0.39,0.39,0.4,0.4,0.4,0.37,0.4
2022-07-24,5279,0.4011441560901687,0.4,0.008176047622732378,0.39,0.4,0.4,0.41000000000000003,0.41000000000000003,0.41000000000000003,0.41000000000000003,0.38,0.41000000000000003
2022-07-25,5279,0.39885773820799386,0.4,0.005868615196575683,0.39,0.4,0.4,0.4,0.4,0.41000000000000003,0.41000000000000003,0.38,0.41000000000000003
2022-07-26,5279,0.39073309338889944,0.39,0.005391702362288571,0.38,0.39,0.39,0.39,0.4,0.4,0.41000000000000003,0.38,0.41000000000000003
2022-07-27,5279,0.39091305171433993,0.39,0.005064447144469124,0.38,0.39,0.39,0.39,0.4,0.4,0.4,0.38,0.41000000000000003
2022-07-28,5279,0.3910001894298163,0.39,0.003142115936341393,0.39,0.39,0.39,0.39,0.4,0.4,0.4,0.38,0.4
2022-07-29,5279,0.3932032581928396,0.39,0.0052972435075238945,0.39,0.39,0.39,0.4,0.4,0.4,0.4,0.38,0.41000000000000003
2022-07-30,5279,0.39412009850350443,0.39,0.004945006484926853,0.39,0.39,0.39,0.4,0.4,0.4,0.4,0.39,0.41000000000000003
2022-08-03,5279,0.3854972532676643,0.38,0.007083376350933242,0.38,0.38,0.38,0.39,0.4,0.4,0.4,0.37,0.4
2022-08-04,5279,0.3793919302898276,0.38,0.006875452713474229,0.37,0.37,0.38,0.38,0.39,0.39,0.39,0.37,0.4
2022-08-05,5279,0.3787346088274295,0.38,0.0065335653528797175,0.37,0.37,0.38,0.38,0.39,0.39,0.39,0.37,0.4
2022-08-06,5279,0.38442697480583443,0.38,0.006168094288702054,0.38,0.38,0.38,0.39,0.39,0.4,0.4,0.37,0.4
2022-08-07,5279,0.39904906232240955,0.4,0.0038935030437383684,0.39,0.4,0.4,0.4,0.4,0.4,0.41000000000000003,0.39,0.41000000000000003
2022-08-08,5279,0.3942489107785566,0.39,0.007515809330434907,0.38,0.39,0.39,0.4,0.4,0.41000000000000003,0.41000000000000003,0.38,0.41000000000000003
2022-08-09,5279,0.39220875165751096,0.39,0.007708040980154279,0.38,0.39,0.39,0.4,0.4,0.41000000000000003,0.41000000000000003,0.38,0.41000000000000003
2022-08-11,5279,0.3843303655995453,0.38,0.006059124026885029,0.38,0.38,0.38,0.39,0.39,0.4,0.4,0.38,0.4
2022-08-12,5279,0.384061375260466,0.38,0.007988959449451476,0.37,0.38,0.38,0.39,0.4,0.4,0.4,0.37,0.4
2022-08-14,5279,0.38112900170486835,0.38,0.005095621917646271,0.37,0.38,0.38,0.38,0.39,0.39,0.39,0.37,0.39
2022-08-15,5279,0.3825061564690282,0.38,0.004530286828950082,0.38,0.38,0.38,0.39,0.39,0.39,0.39,0.37,0.4
2022-08-16,5279,0.38576434930858117,0.39,0.006275406410621126,0.38,0.38,0.39,0.39,0.39,0.4,0.4,0.37,0.4
2022-08-17,5279,0.3865429058533813,0.39,0.005621246731642156,0.38,0.38,0.39,0.39,0.39,0.39,0.4,0.38,0.4
2022-08-18,5279,0.39759234703542334,0.4,0.004332695970200272,0.39,0.4,0.4,0.4,0.4,0.4,0.4,0.39,0.41000000000000003
2022-08-19,5279,0.39480394014017806,0.4,0.005796512757900825,0.39,0.39,0.4,0.4,0.4,0.4,0.4,0.38,0.4
2022-08-20,5279,0.38365978405000944,0.38,0.0057294725649964864,0.38,0.38,0.38,0.39,0.39,0.39,0.4,0.37,0.4
2022-08-23,5279,0.3819265012312938,0.38,0.008666622153338025,0.37,0.38,0.38,0.39,0.39,0.4,0.4,0.37,0.4
2022-08-24,5279,0.38460693313127486,0.38,0.006525038638812709,0.38,0.38,0.38,0.39,0.39,0.4,0.4,0.37,0.4
2022-08-25,5279,0.3929115362758099,0.39,0.004714820222369836,0.39,0.39,0.39,0.4,0.4,0.4,0.4,0.38,0.4
2022-08-26,5279,0.39701269179768905,0.4,0.007449904040461002,0.39,0.39,0.4,0.4,0.41000000000000003,0.41000000000000003,0.41000000000000003,0.39,0.41000000000000003
2022-08-27,5279,0.38801098692934266,0.39,0.008835549640081106,0.38,0.38,0.39,0.39,0.4,0.4,0.41000000000000003,0.38,0.41000000000000003
2022-08-28,5279,0.38455578708088656,0.38,0.009319864950040922,0.37,0.38,0.38,0.39,0.4,0.4,0.4,0.37,0.41000000000000003
2022-08-31,5279,0.39026330744459176,0.39,0.004213788663309687,0.38,0.39,0.39,0.39,0.4,0.4,0.4,0.38,0.4
2022-09-01,5279,0.39017995832544045,0.39,0.004025139780677624,0.38,0.39,0.39,0.39,0.39,0.4,0.4,0.38,0.4
2022-09-02,5279,0.39314453494980117,0.39,0.004642978510341226,0.39,0.39,0.39,0.4,0.4,0.4,0.4,0.39,0.4
2022-09-03,5279,0.39286796741807156,0.39,0.004711389538036958,0.39,0.39,0.39,0.4,0.4,0.4,0.4,0.38,0.41000000000000003
2022-09-05,5279,0.3827391551430195,0.38,0.004463907088629368,0.38,0.38,0.38,0.39,0.39,0.39,0.39,0.38,0.4
2022-09-06,5279,0.3786171623413525,0.38,0.007013980641184218,0.37,0.37,0.38,0.38,0.39,0.39,0.39,0.37,0.39
2022-09-09,5279,0.4020818336806213,0.4,0.004170559728676566,0.4,0.4,0.4,0.4,0.41000000000000003,0.41000000000000003,0.41000000000000003,0.39,0.41000000000000003
2022-09-10,5279,0.3981379049062323,0.4,0.007277619399471104,0.39,0.39,0.4,0.4,0.41000000000000003,0.41000000000000003,0.41000000000000003,0.39,0.41000000000000003
2022-09-11,5279,0.3927315779503694,0.39,0.011844565782604993,0.37,0.38,0.39,0.4,0.41000000000000003,0.41000000000000003,0.41000000000000003,0.37,0.41000000000000003
2022-09-12,5279,0.3948437204015912,0.4,0.012498502045735483,0.37,0.39,0.4,0.41000000000000003,0.41000000000000003,0.41000000000000003,0.41000000000000003,0.37,0.41000000000000003
2022-09-13,5279,0.40074067058154955,0.4,0.009848290180449458,0.38,0.39,0.4,0.41000000000000003,0.41000000000000003,0.41000000000000003,0.41000000000000003,0.38,0.41000000000000003
2022-09-14,5279,0.39898465618488355,0.4,0.007482476303288994,0.39,0.39,0.4,0.4,0.41000000000000003,0.41000000000000003,0.41000000000000003,0.38,0.41000000000000003
2022-09-17,5279,0.3859083159689335,0.39,0.006301444836966588,0.38,0.38,0.39,0.39,0.39,0.4,0.4,0.37,0.4
2022-09-18,5279,0.38719075582496687,0.39,0.006262534827622354,0.38,0.38,0.39,0.39,0.39,0.4,0.4,0.37,0.4
2022-09-20,5279,0.3855237734419397,0.38,0.006633974425341269,0.38,0.38,0.38,0.39,0.39,0.4,0.4,0.38,0.4
2022-09-21,5279,0.3799583254404243,0.38,0.006473031637978077,0.37,0.38,0.38,0.38,0.39,0.39,0.39,0.37,0.4
2022-09-22,5279,0.38191892403864364,0.38,0.004075004767435264,0.38,0.38,0.38,0.38,0.39,0.39,0.39,0.37,0.39
2022-09-23,5279,0.3849119151354423,0.38,0.005177911479802012,0.38,0.38,0.38,0.39,0.39,0.39,0.39,0.38,0.4
2022-09-25,5279,0.38259518848266716,0.38,0.006376545833439285,0.37,0.38,0.38,0.39,0.39,0.39,0.4,0.37,0.4
2022-09-26,5279,0.3836673612426596,0.38,0.008315158531391961,0.37,0.38,0.38,0.39,0.4,0.4,0.4,0.37,0.4
2022-09-29,5279,0.3953798067815874,0.39,0.01022028158116027,0.38,0.39,0.39,0.4,0.41000000000000003,0.41000000000000003,0.41000000000000003,0.38,0.41000000000000003
2022-09-30,5279,0.38815684788785754,0.39,0.01171232927017143,0.37,0.38,0.39,0.4,0.41000000000000003,0.41000000000000003,0.41000000000000003,0.37,0.41000000000000003
2022-10-03,5279,0.391320325819284,0.39,0.005759223460361173,0.38,0.39,0.39,0.39,0.4,0.4,0.4,0.38,0.4
2022-10-04,5279,0.392055313506346,0.39,0.004133586907167123,0.39,0.39,0.39,0.39,0.4,0.4,0.4,0.38,0.4
2022-10-05,5279,0.3798446675506724,0.38,0.00540240219683898,0.37,0.38,0.38,0.38,0.39,0.39,0.39,0.37,0.39
2022-10-06,5279,0.3763004356885774,0.38,0.006909798355706297,0.37,0.37,0.38,0.38,0.39,0.39,0.39,0.37,0.39
2022-10-07,5279,0.38196628149270695,0.38,0.003974487642263802,0.38,0.38,0.38,0.38,0.39,0.39,0.39,0.38,0.39
2022-10-08,5279,0.3907899223337754,0.39,0.0026972664021850533,0.39,0.39,0.39,0.39,0.39,0.4,0.4,0.39,0.4
2022-10-09,5279,0.39099450653532875,0.39,0.0029926613748426675,0.39,0.39,0.39,0.39,0.39,0.4,0.4,0.39,0.4
2022-10-11,5279,0.4054877817768518,0.41000000000000003,0.005070425822299036,0.4,0.4,0.41000000000000003,0.41000000000000003,0.41000000000000003,0.41000000000000003,0.41000000000000003,0.39,0.41000000000000003
2022-10-12,5279,0.39594809623034666,0.4,0.0049092884961063855,0.39,0.39,0.4,0.4,0.4,0.4,0.4,0.39,0.4
2022-10-14,5279,0.39937109301003976,0.4,0.002427662640809341,0.39,0.4,0.4,0.4,0.4,0.4,0.4,0.39,0.4
2022-10-15,5279,0.4073271452926691,0.41000000000000003,0.004493391836777436,0.4,0.4,0.41000000000000003,0.41000000000000003,0.41000000000000003,0.41000000000000003,0.41000000000000003,0.39,0.41000000000000003
2022-10-16,5279,0.39660162909641977,0.4,0.006250337759235248,0.39,0.39,0.4,0.4,0.4,0.4,0.41000000000000003,0.38,0.41000000000000003
2022-10-17,5279,0.396620572078045,0.4,0.00797693927015752,0.38,0.39,0.4,0.4,0.41000000000000003,0.41000000000000003,0.41000000000000003,0.38,0.41000000000000003
2022-10-18,5279,0.3974654290585339,0.4,0.0045914223790261555,0.39,0.39,0.4,0.4,0.4,0.4,0.41000000000000003,0.39,0.41000000000000003
2022-10-19,5279,0.40172381132790297,0.4,0.0037821255595331597,0.4,0.4,0.4,0.4,0.41000000000000003,0.41000000000000003,0.41000000000000003,0.39,0.41000000000000003
2022-10-20,5279,0.4027543095283198,0.4,0.0045262874180627575,0.4,0.4,0.4,0.41000000000000003,0.41000000000000003,0.41000000000000003,0.41000000000000003,0.39,0.41000000000000003
2022-10-23,5279,0.39436256866830843,0.39,0.0049592016794417545,0.39,0.39,0.39,0.4,0.4,0.4,0.4,0.39,0.4
2022-10-24,5279,0.3944875923470354,0.4,0.006892525104111223,0.38,0.39,0.4,0.4,0.4,0.4,0.41000000000000003,0.38,0.41000000000000003
2022-10-25,5279,0.3952415230157227,0.4,0.005702530954146536,0.39,0.39,0.4,0.4,0.4,0.4,0.4,0.38,0.41000000000000003
2022-10-26,5279,0.3972494790680053,0.4,0.005862968183530473,0.39,0.39,0.4,0.4,0.4,0.4,0.41000000000000003,0.37,0.41000000000000003
2022-10-27,5279,0.39333396476605414,0.39,0.00613237537003412,0.38,0.39,0.39,0.4,0.4,0.4,0.4,0.38,0.4
2022-10-28,5279,0.3849895813601061,0.38,0.0057208939821559715,0.38,0.38,0.38,0.39,0.39,0.39,0.4,0.38,0.4
2022-10-29,5279,0.3797783671149839,0.38,0.007712889867787691,0.37,0.37,0.38,0.38,0.39,0.39,0.4,0.37,0.4
2022-10-31,5279,0.38482667171812845,0.38,0.005418923236564154,0.38,0.38,0.38,0.39,0.39,0.39,0.4,0.38,0.4
2022-11-01,5279,0.385785186588369,0.39,0.00499138112218994,0.38,0.38,0.39,0.39,0.39,0.39,0.39,0.38,0.4
2022-11-02,5279,0.39606933131274863,0.4,0.004884314746571451,0.39,0.39,0.4,0.4,0.4,0.4,0.4,0.39,0.4
2022-11-03,5279,0.40101344951695395,0.4,0.003030377397722386,0.4,0.4,0.4,0.4,0.41000000000000003,0.41000000000000003,0.41000000000000003,0.39,0.41000000000000003
2022-11-05,5279,0.38775525667740113,0.39,0.004910639076229904,0.38,0.38,0.39,0.39,0.39,0.39,0.4,0.38,0.4
2022-11-06,5279,0.38479446864936545,0.38,0.005410800003185902,0.38,0.38,0.38,0.39,0.39,0.39,0.4,0.38,0.4
2022-11-09,5279,0.38307634021594994,0.38,0.004859071597899775,0.38,0.38,0.38,0.39,0.39,0.39,0.4,0.38,0.4
2022-11-10,5279,0.382741049441182,0.38,0.004573845579004903,0.38,0.38,0.38,0.39,0.39,0.39,0.39,0.38,0.4
2022-11-11,5279,0.38792006061754125,0.39,0.005654078612770321,0.38,0.38,0.39,0.39,0.39,0.4,0.4,0.38,0.4
2022-11-12,5279,0.38378859632506157,0.38,0.005255871494567975,0.38,0.38,0.38,0.39,0.39,0.39,0.4,0.37,0.4
2022-11-13,5279,0.3760200795605228,0.37,0.006813649088250635,0.37,0.37,0.37,0.38,0.39,0.39,0.39,0.37,0.39
2022-11-14,5279,0.38282439856033335,0.38,0.005992800780788974,0.38,0.38,0.38,0.39,0.39,0.39,0.4,0.37,0.4
2022-11-17,5279,0.3816783481720023,0.38,0.007855122076030086,0.37,0.38,0.38,0.39,0.39,0.39,0.4,0.37,0.4
2022-11-18,5279,0.38793710930100395,0.39,0.00792839617214361,0.38,0.38,0.39,0.39,0.4,0.4,0.4,0.38,0.4
2022-11-20,5279,0.3895624171244554,0.39,0.004358642175433419,0.38,0.39,0.39,0.39,0.39,0.4,0.4,0.38,0.4
2022-11-21,5279,0.3902045842015534,0.39,0.0048812193304913765,0.38,0.39,0.39,0.39,0.4,0.4,0.4,0.38,0.4
2022-11-22,5279,0.38781587421860203,0.39,0.005066652350704785,0.38,0.38,0.39,0.39,0.39,0.39,0.4,0.38,0.4
2022-11-23,5279,0.38618109490433794,0.39,0.00524473727099465,0.38,0.38,0.39,0.39,0.39,0.39,0.4,0.37,0.4
2022-11-25,5279,0.39634021594999047,0.4,0.0048209653774572625,0.39,0.39,0.4,0.4,0.4,0.4,0.4,0.39,0.41000000000000003
2022-11-26,5279,0.3886777798825536,0.39,0.0049771385590970645,0.38,0.39,0.39,0.39,0.39,0.4,0.4,0.38,0.4
2022-11-29,5279,0.38189050956620574,0.38,0.0044371111115186984,0.38,0.38,0.38,0.38,0.39,0.39,0.39,0.37,0.4
2022-11-30,5279,0.38402159499905286,0.38,0.005025442714641304,0.38,0.38,0.38,0.39,0.39,0.39,0.39,0.38,0.4
2022-12-03,5279,0.38261034286796736,0.38,0.006675288479121073,0.37,0.38,0.38,0.39,0.39,0.4,0.4,0.37,0.4
2022-12-04,5279,0.38451221822314835,0.38,0.006891563457484876,0.38,0.38,0.38,0.39,0.4,0.4,0.4,0.38,0.4
2022-12-06,5279,0.38437014586095847,0.38,0.005892269168278614,0.38,0.38,0.38,0.39,0.39,0.4,0.4,0.38,0.4
2022-12-07,5279,0.38254025383595375,0.38,0.005929995032015074,0.38,0.38,0.38,0.39,0.39,0.39,0.4,0.37,0.4
2022-12-08,5279,0.38020268990339073,0.38,0.005739220139768505,0.37,0.38,0.38,0.38,0.39,0.39,0.39,0.37,0.4
2022-12-09,5279,0.3835688577382079,0.38,0.004980787490527283,0.38,0.38,0.38,0.39,0.39,0.39,0.39,0.38,0.4
2022-12-11,5279,0.3852206857359348,0.38,0.006427910541553992,0.38,0.38,0.38,0.39,0.39,0.4,0.4,0.38,0.4
2022-12-12,5279,0.381784428869104,0.38,0.006351911947285296,0.37,0.38,0.38,0.39,0.39,0.39,0.4,0.37,0.4
2022-12-14,5279,0.38672096988065924,0.39,0.0058900063154099834,0.38,0.38,0.39,0.39,0.39,0.4,0.4,0.38,0.4
2022-12-15,5279,0.3817219170297404,0.38,0.003775469777404469,0.38,0.38,0.38,0.38,0.39,0.39,0.39,0.38,0.39
2022-12-16,5279,0.37753741238870997,0.38,0.006055660889070279,0.37,0.37,0.38,0.38,0.38,0.39,0.39,0.37,0.39
2022-12-17,5279,0.37940519037696535,0.38,0.006780909567886035,0.37,0.37,0.38,0.38,0.39,0.39,0.39,0.37,0.39
2022-12-18,5279,0.3923735555976511,0.39,0.006831383907550084,0.38,0.39,0.39,0.4,0.4,0.4,0.4,0.38,0.41000000000000003
2022-12-19,5279,0.39779124834248913,0.4,0.004744783192690477,0.39,0.4,0.4,0.4,0.4,0.4,0.41000000000000003,0.39,0.41000000000000003
2022-12-20,5279,0.38924606933131284,0.39,0.005456944668086344,0.38,0.39,0.39,0.39,0.4,0.4,0.4,0.38,0.41000000000000003
2022-12-23,5279,0.37515438530024625,0.37,0.005356210374661198,0.37,0.37,0.37,0.38,0.38,0.38,0.39,0.37,0.39
2022-12-24,5279,0.38288501610153436,0.38,0.004530655924833755,0.38,0.38,0.38,0.39,0.39,0.39,0.39,0.38,0.39
2022-12-25,5279,0.4000056828944876,0.4,0.00023832047664052385,0.4,0.4,0.4,0.4,0.4,0.4,0.4,0.4,0.41000000000000003
2022-12-26,5279,0.40612616025762466,0.41000000000000003,0.004871525743968419,0.4,0.4,0.41000000000000003,0.41000000000000003,0.41000000000000003,0.41000000000000003,0.41000000000000003,0.4,0.41000000000000003
2022-12-27,5279,0.39793900359916656,0.4,0.008883241703953172,0.38,0.39,0.4,0.41000000000000003,0.41000000000000003,0.41000000000000003,0.41000000000000003,0.38,0.41000000000000003
2022-12-28,5279,0.3969293426785377,0.4,0.004612768889590437,0.39,0.39,0.4,0.4,0.4,0.4,0.4,0.39,0.4
2022-12-29,5279,0.38374502746732336,0.38,0.004839942555674315,0.38,0.38,0.38,0.39,0.39,0.39,0.39,0.38,0.39
2022-12-31,5279,0.37917976889562416,0.38,0.006733477801499549,0.37,0.37,0.38,0.38,0.39,0.39,0.39,0.37,0.4
2023-01-01,5279,0.3836048494032961,0.38,0.005582217386321362,0.38,0.38,0.38,0.39,0.39,0.39,0.4,0.37,0.4
2023-01-02,5279,0.3875393066868725,0.39,0.007086930705708876,0.38,0.38,0.39,0.39,0.4,0.4,0.4,0.38,0.4
2023-01-04,5279,0.38883879522636866,0.39,0.005967357926643193,0.38,0.39,0.39,0.39,0.4,0.4,0.4,0.38,0.4
2023-01-05,5279,0.3799450653532866,0.38,0.0061163200451393555,0.37,0.38,0.38,0.38,0.39,0.39,0.39,0.37,0.4
2023-01-06,5279,0.37483046031445355,0.37,0.007045212443296204,0.37,0.37,0.37,0.38,0.39,0.39,0.39,0.37,0.4
2023-01-07,5279,0.37898465618488353,0.38,0.007449492204642093,0.37,0.37,0.38,0.38,0.39,0.39,0.4,0.37,0.4
2023-01-08,5279,0.3945065353286608,0.39,0.0055309068839327685,0.39,0.39,0.39,0.4,0.4,0.4,0.41000000000000003,0.39,0.41000000000000003
2023-01-09,5279,0.3960257624550104,0.4,0.005135417513107424,0.39,0.39,0.4,0.4,0.4,0.4,0.41000000000000003,0.39,0.41000000000000003
2023-01-10,5279,0.385017995832544,0.38,0.006837120669979762,0.38,0.38,0.38,0.39,0.39,0.4,0.4,0.37,0.4
2023-01-13,5279,0.38266527751468077,0.38,0.004610199481890423,0.38,0.38,0.38,0.39,0.39,0.39,0.39,0.37,0.39
2023-01-14,5279,0.3829588937298731,0.38,0.004626248441535307,0.38,0.38,0.38,0.39,0.39,0.39,0.39,0.38,0.4
2023-01-15,5279,0.38267664330365603,0.38,0.008547462068249983,0.37,0.38,0.38,0.39,0.39,0.4,0.4,0.37,0.4
2023-01-16,5279,0.3816935025573025,0.38,0.008203465915608481,0.37,0.38,0.38,0.39,0.39,0.39,0.4,0.37,0.4
2023-01-17,5279,0.3850805076719076,0.38,0.006386858788972152,0.38,0.38,0.38,0.39,0.39,0.4,0.4,0.38,0.4
2023-01-18,5279,0.38789543474142835,0.39,0.006530246121801463,0.38,0.38,0.39,0.39,0.4,0.4,0.4,0.38,0.41000000000000003
2023-01-19,5279,0.3873271452926691,0.39,0.00728789902945994,0.38,0.38,0.39,0.39,0.4,0.4,0.4,0.38,0.4
2023-01-21,5279,0.3779446864936541,0.38,0.007695175881926814,0.37,0.37,0.38,0.38,0.39,0.39,0.39,0.37,0.4
2023-01-22,5279,0.38254593673044135,0.38,0.004356325684450515,0.38,0.38,0.38,0.39,0.39,0.39,0.39,0.38,0.39
2023-01-24,5279,0.3829456336427354,0.38,0.004777595722293016,0.38,0.38,0.38,0.39,0.39,0.39,0.39,0.37,0.4
2023-01-25,5279,0.3825269937488161,0.38,0.006707284753257418,0.37,0.38,0.38,0.39,0.39,0.39,0.4,0.37,0.4
2023-01-26,5279,0.38464481909452547,0.38,0.007049053301936342,0.37,0.38,0.38,0.39,0.39,0.4,0.4,0.37,0.4
2023-01-27,5279,0.3927126349687441,0.39,0.006545266444799066,0.38,0.39,0.39,0.4,0.4,0.4,0.4,0.38,0.41000000000000003
2023-01-29,5279,0.3819549157037317,0.38,0.004064857544476013,0.38,0.38,0.38,0.38,0.39,0.39,0.39,0.37,0.4
2023-01-30,5279,0.380403485508619,0.38,0.005668772628663485,0.37,0.38,0.38,0.38,0.39,0.39,0.39,0.37,0.4
2023-02-01,5279,0.38223716612994885,0.38,0.004167343159196065,0.38,0.38,0.38,0.38,0.39,0.39,0.39,0.38,0.39
2023-02-02,5279,0.3845974616404622,0.38,0.004983769945442975,0.38,0.38,0.38,0.39,0.39,0.39,0.39,0.38,0.39
2023-02-03,5279,0.3876037128243986,0.39,0.006036872356743072,0.38,0.38,0.39,0.39,0.39,0.4,0.4,0.38,0.4
2023-02-04,5279,0.3863932562985413,0.38,0.007494742741923362,0.38,0.38,0.38,0.39,0.4,0.4,0.4,0.38,0.4
2023-02-07,5279,0.38220875165751084,0.38,0.005341987991608174,0.37,0.38,0.38,0.39,0.39,0.39,0.39,0.37,0.4
2023-02-08,5279,0.3821102481530593,0.38,0.004336915282592904,0.38,0.38,0.38,0.38,0.39,0.39,0.39,0.37,0.4
2023-02-10,5279,0.37582686114794467,0.38,0.005590119132619833,0.37,0.37,0.38,0.38,0.38,0.38,0.39,0.37,0.39
2023-02-11,5279,0.3811176359158931,0.38,0.0031507537381454125,0.38,0.38,0.38,0.38,0.39,0.39,0.39,0.38,0.39
2023-02-12,5279,0.3861659405190377,0.39,0.005919819055047331,0.38,0.38,0.39,0.39,0.39,0.4,0.4,0.38,0.4
2023-02-13,5279,0.3801250236787271,0.38,0.008062051973152623,0.37,0.37,0.38,0.39,0.39,0.39,0.4,0.37,0.4
2023-02-15,5279,0.38504262170865694,0.39,0.0050338014521042395,0.38,0.38,0.39,0.39,0.39,0.39,0.39,0.38,0.4
2023-02-16,5279,0.38186777798825533,0.38,0.0038973305311639063,0.38,0.38,0.38,0.38,0.39,0.39,0.39,0.38,0.39
2023-02-19,5279,0.38299867399128623,0.38,0.008351881758645069,0.37,0.38,0.38,0.39,0.39,0.4,0.4,0.37,0.4
2023-02-20,5279,0.3808126539117257,0.38,0.004443105313878287,0.37,0.38,0.38,0.38,0.39,0.39,0.39,0.37,0.39
2023-02-21,5279,0.38172381132790295,0.38,0.0038070859675514413,0.38,0.38,0.38,0.38,0.39,0.39,0.39,0.38,0.4
2023-02-22,5279,0.3818602007956052,0.38,0.0040533669592824825,0.38,0.38,0.38,0.38,0.39,0.39,0.39,0.37,0.39
2023-02-23,5279,0.3784599355938625,0.38,0.0072721990502166035,0.37,0.37,0.38,0.38,0.39,0.39,0.39,0.37,0.39
2023-02-24,5279,0.3806402727789354,0.38,0.006502886386213297,0.37,0.38,0.38,0.38,0.39,0.39,0.39,0.37,0.4
2023-02-27,5279,0.37656184883500665,0.38,0.006153580857503802,0.37,0.37,0.38,0.38,0.38,0.39,0.39,0.37,0.39
2023-02-28,5279,0.3797234324682705,0.38,0.006930994425670462,0.37,0.37,0.38,0.38,0.39,0.39,0.39,0.37,0.39
2023-03-01,5279,0.38402348929721536,0.38,0.005178040378815337,0.38,0.38,0.38,0.39,0.39,0.39,0.4,0.38,0.4
2023-03-02,5279,0.3852263686304225,0.38,0.005500253821256518,0.38,0.38,0.38,0.39,0.39,0.39,0.4,0.38,0.4
2023-03-04,5279,0.3786361053229778,0.38,0.005344363367159368,0.37,0.38,0.38,0.38,0.38,0.39,0.39,0.37,0.39
2023-03-05,5279,0.37664898655048307,0.38,0.005563877150038188,0.37,0.37,0.38,0.38,0.38,0.38,0.39,0.37,0.39
2023-03-06,5279,0.37975374123887096,0.38,0.004883175138545178,0.37,0.38,0.38,0.38,0.39,0.39,0.39,0.37,0.39
2023-03-07,5279,0.3932051524910021,0.39,0.005854988496329195,0.38,0.39,0.39,0.4,0.4,0.4,0.4,0.38,0.4
2023-03-08,5279,0.3890263307444592,0.39,0.006337052809290185,0.38,0.38,0.39,0.39,0.4,0.4,0.4,0.38,0.4
2023-03-09,5279,0.3775847698427733,0.38,0.006986928171710055,0.37,0.37,0.38,0.38,0.39,0.39,0.39,0.37,0.39
2023-03-10,5279,0.378704300056829,0.38,0.006542116057782021,0.37,0.37,0.38,0.38,0.39,0.39,0.39,0.37,0.39
2023-03-13,5279,0.37992422807349874,0.38,0.004881037748244893,0.37,0.38,0.38,0.38,0.39,0.39,0.39,0.37,0.39
2023-03-14,5279,0.3827940897897329,0.38,0.007011034730637914,0.37,0.38,0.38,0.39,0.39,0.39,0.4,0.37,0.4
2023-03-15,5279,0.3849005493464671,0.38,0.006054666485340177,0.38,0.38,0.38,0.39,0.39,0.4,0.4,0.37,0.4
2023-03-16,5279,0.3864538738397424,0.39,0.00579723886501471,0.38,0.38,0.39,0.39,0.39,0.4,0.4,0.38,0.4
2023-03-17,5279,0.3764519795415799,0.38,0.0059937072642101425,0.37,0.37,0.38,0.38,0.38,0.39,0.39,0.37,0.39
2023-03-18,5279,0.3825970827808297,0.38,0.007893182441434188,0.37,0.38,0.38,0.39,0.39,0.39,0.4,0.37,0.4
2023-03-19,5279,0.39387952263686304,0.4,0.007444272681478858,0.38,0.39,0.4,0.4,0.4,0.4,0.4,0.37,0.41000000000000003
2023-03-21,5279,0.3869615457473007,0.39,0.004713082351525816,0.38,0.38,0.39,0.39,0.39,0.39,0.39,0.38,0.4
2023-03-22,5279,0.38476415987876494,0.38,0.005084647731675287,0.38,0.38,0.38,0.39,0.39,0.39,0.39,0.38,0.4
2023-03-24,5279,0.3816290964197765,0.38,0.006671886472511956,0.37,0.38,0.38,0.39,0.39,0.39,0.4,0.37,0.4
2023-03-25,5279,0.3811403674938435,0.38,0.0060014361431945185,0.37,0.38,0.38,0.38,0.39,0.39,0.39,0.37,0.39
2023-03-26,5279,0.3827865125970828,0.38,0.004483355162947368,0.38,0.38,0.38,0.39,0.39,0.39,0.39,0.38,0.39
2023-03-27,5279,0.3838567910589127,0.38,0.004902453160028516,0.38,0.38,0.38,0.39,0.39,0.39,0.39,0.38,0.4
2023-03-28,5279,0.3816878196628149,0.38,0.004384043610560797,0.38,0.38,0.38,0.38,0.39,0.39,0.39,0.37,0.4
2023-03-29,5279,0.3755086190566395,0.37,0.0063342724708503936,0.37,0.37,0.37,0.38,0.38,0.39,0.39,0.37,0.39
2023-03-30,5279,0.3768137904906233,0.38,0.006487897370100429,0.37,0.37,0.38,0.38,0.39,0.39,0.39,0.37,0.39
2023-04-01,5279,0.3820420534192081,0.38,0.004091829608798493,0.38,0.38,0.38,0.38,0.39,0.39,0.39,0.37,0.39
2023-04-02,5279,0.37584580412957,0.38,0.005836025521967946,0.37,0.37,0.38,0.38,0.38,0.38,0.39,0.37,0.39
2023-04-04,5279,0.390553135063459,0.39,0.005661153081978798,0.38,0.39,0.39,0.39,0.4,0.4,0.4,0.38,0.4
2023-04-05,5279,0.395321083538549,0.4,0.005038791807916945,0.39,0.39,0.4,0.4,0.4,0.4,0.4,0.38,0.4
2023-04-06,5279,0.38261413146429246,0.38,0.004466731770050822,0.38,0.38,0.38,0.39,0.39,0.39,0.39,0.37,0.39
2023-04-07,5279,0.3795264254593673,0.38,0.0061738417508134785,0.37,0.38,0.38,0.38,0.39,0.39,0.39,0.37,0.39
2023-04-08,5279,0.3773214623981815,0.38,0.006927293757921683,0.37,0.37,0.38,0.38,0.39,0.39,0.39,0.37,0.39
2023-04-09,5279,0.3810513354802046,0.38,0.005914480002863689,0.37,0.38,0.38,0.38,0.39,0.39,0.39,0.37,0.4
2023-04-10,5279,0.3817995832544042,0.38,0.004000946068341913,0.38,0.38,0.38,0.38,0.39,0.39,0.39,0.37,0.39
2023-04-13,5279,0.3883273347224853,0.39,0.005406918974591012,0.38,0.39,0.39,0.39,0.39,0.4,0.4,0.38,0.4
2023-04-14,5279,0.38917787459746167,0.39,0.005826824197928397,0.38,0.39,0.39,0.39,0.4,0.4,0.4,0.38,0.4
2023-04-15,5279,0.3804659973479826,0.38,0.005158110938425921,0.37,0.38,0.38,0.38,0.39,0.39,0.39,0.37,0.39
2023-04-16,5279,0.38220117446486074,0.38,0.004278218615425245,0.38,0.38,0.38,0.38,0.39,0.39,0.39,0.37,0.39
2023-04-17,5279,0.38350255730251936,0.38,0.005096859056719584,0.38,0.38,0.38,0.39,0.39,0.39,0.4,0.37,0.4
2023-04-18,5279,0.38019890130706574,0.38,0.006667645919505302,0.37,0.38,0.38,0.38,0.39,0.39,0.39,0.37,0.4
2023-04-19,5279,0.3821424512218223,0.38,0.004431475630180179,0.38,0.38,0.38,0.38,0.39,0.39,0.39,0.37,0.4
2023-04-21,5279,0.37874597461640463,0.38,0.006474604709864944,0.37,0.37,0.38,0.38,0.39,0.39,0.39,0.37,0.39
2023-04-22,5279,0.3760674370145861,0.38,0.006484276411457727,0.37,0.37,0.38,0.38,0.38,0.39,0.39,0.37,0.39
2023-04-24,5279,0.390585338132222,0.39,0.00708901143969765,0.38,0.39,0.39,0.4,0.4,0.4,0.4,0.38,0.4
2023-04-25,5279,0.3829361621519227,0.38,0.008483065227361876,0.37,0.38,0.38,0.39,0.39,0.39,0.4,0.37,0.4
2023-04-26,5279,0.3810494411820421,0.38,0.009096170066519577,0.37,0.37,0.38,0.39,0.39,0.4,0.4,0.37,0.4
2023-04-27,5279,0.38485319189240386,0.38,0.0062930460982168045,0.38,0.38,0.38,0.39,0.39,0.4,0.4,0.38,0.4
2023-04-29,5279,0.39560143966660355,0.4,0.005781679150694782,0.39,0.39,0.4,0.4,0.4,0.4,0.41000000000000003,0.39,0.41000000000000003
2023-04-30,5279,0.385324872134874,0.38,0.006551959752873602,0.38,0.38,0.38,0.39,0.39,0.4,0.4,0.38,0.4
2023-05-02,5279,0.3853684409926122,0.38,0.006893479328962346,0.38,0.38,0.38,0.39,0.4,0.4,0.4,0.37,0.4
2023-05-03,5279,0.38801098692934277,0.39,0.004964647949146968,0.38,0.39,0.39,0.39,0.39,0.39,0.4,0.38,0.4
2023-05-04,5279,0.38059102102670955,0.38,0.003577306723493357,0.38,0.38,0.38,0.38,0.38,0.39,0.39,0.37,0.39
2023-05-07,5279,0.3858514870240576,0.38,0.006913910111253541,0.38,0.38,0.38,0.39,0.4,0.4,0.4,0.37,0.4
2023-05-08,5279,0.3819568100018943,0.38,0.004757545580132839,0.38,0.38,0.38,0.38,0.39,0.39,0.39,0.37,0.39
2023-05-10,5279,0.3824284902443644,0.38,0.004288045892556573,0.38,0.38,0.38,0.38,0.39,0.39,0.39,0.38,0.39
2023-05-11,5279,0.37905853381322224,0.38,0.007141321172645317,0.37,0.37,0.38,0.38,0.39,0.39,0.39,0.37,0.39
2023-05-12,5279,0.3823981814737639,0.38,0.005334768076889683,0.38,0.38,0.38,0.39,0.39,0.39,0.39,0.37,0.4
2023-05-13,5279,0.395167645387384,0.39,0.005529829797125771,0.39,0.39,0.39,0.4,0.4,0.4,0.41000000000000003,0.39,0.41000000000000003
2023-05-15,5279,0.40387762833870045,0.4,0.005228713834464491,0.4,0.4,0.4,0.41000000000000003,0.41000000000000003,0.41000000000000003,0.41000000000000003,0.39,0.41000000000000003
2023-05-16,5279,0.3935537033529078,0.39,0.010445036735395452,0.38,0.38,0.39,0.4,0.41000000000000003,0.41000000000000003,0.41000000000000003,0.38,0.41000000000000003
2023-05-19,5279,0.40555597651070285,0.41000000000000003,0.004968992867729516,0.4,0.4,0.41000000000000003,0.41000000000000003,0.41000000000000003,0.41000000000000003,0.41000000000000003,0.4,0.41000000000000003
2023-05-20,5279,0.39859443076340223,0.4,0.00751043570575826,0.39,0.39,0.4,0.4,0.41000000000000003,0.41000000000000003,0.41000000000000003,0.38,0.41000000000000003
2023-05-21,5279,0.3930630801288123,0.39,0.009815208636362168,0.38,0.39,0.39,0.4,0.41000000000000003,0.41000000000000003,0.41000000000000003,0.38,0.41000000000000003
2023-05-22,5279,0.39359158931615834,0.39,0.009633396267842143,0.38,0.39,0.39,0.4,0.41000000000000003,0.41000000000000003,0.41000000000000003,0.38,0.41000000000000003
2023-05-23,5279,0.3946334533055504,0.39,0.005154659238695197,0.39,0.39,0.39,0.4,0.4,0.4,0.4,0.38,0.41000000000000003
2023-05-24,5279,0.38905663951505964,0.39,0.004895228583820888,0.38,0.39,0.39,0.39,0.39,0.4,0.4,0.38,0.4
2023-05-27,5279,0.3883784807728736,0.39,0.0065822753527223716,0.38,0.38,0.39,0.39,0.4,0.4,0.4,0.38,0.4
2023-05-28,5279,0.4006118583064974,0.4,0.0034194018055927833,0.4,0.4,0.4,0.4,0.4,0.41000000000000003,0.41000000000000003,0.39,0.41000000000000003
2023-05-30,5279,0.3965163856791059,0.4,0.004780388930328271,0.39,0.39,0.4,0.4,0.4,0.4,0.4,0.39,0.41000000000000003
2023-05-31,5279,0.40008524341731383,0.4,0.0009791964168109233,0.4,0.4,0.4,0.4,0.4,0.4,0.4,0.39,0.41000000000000003
2023-06-01,5279,0.39251752225800346,0.39,0.004340196338933475,0.39,0.39,0.39,0.4,0.4,0.4,0.4,0.39,0.4
2023-06-02,5279,0.39120856222769473,0.39,0.005213555941893714,0.38,0.39,0.39,0.39,0.4,0.4,0.4,0.38,0.4
2023-06-04,5279,0.3755578708088653,0.37,0.006747300197001364,0.37,0.37,0.37,0.38,0.39,0.39,0.39,0.37,0.39
2023-06-05,5279,0.3807255161962493,0.38,0.005854219289937001,0.37,0.38,0.38,0.38,0.39,0.39,0.39,0.37,0.4
2023-06-06,5279,0.3945936730441372,0.39,0.005335911438264168,0.39,0.39,0.39,0.4,0.4,0.4,0.41000000000000003,0.39,0.41000000000000003
2023-06-07,5279,0.3993104754688388,0.4,0.005465456292448976,0.39,0.4,0.4,0.4,0.41000000000000003,0.41000000000000003,0.41000000000000003,0.39,0.41000000000000003
2023-06-08,5279,0.4000170486834628,0.4,0.004887413341626161,0.39,0.4,0.4,0.4,0.41000000000000003,0.41000000000000003,0.41000000000000003,0.39,0.41000000000000003
2023-06-09,5279,0.3977325250994507,0.4,0.005690747242244518,0.39,0.4,0.4,0.4,0.4,0.4,0.41000000000000003,0.38,0.41000000000000003
2023-06-10,5279,0.39874597461640465,0.4,0.007382319821587908,0.39,0.39,0.4,0.4,0.41000000000000003,0.41000000000000003,0.41000000000000003,0.38,0.41000000000000003
2023-06-13,5279,0.3934608827429437,0.39,0.007483892816764821,0.38,0.39,0.39,0.4,0.4,0.4,0.41000000000000003,0.38,0.41000000000000003
2023-06-14,5279,0.3858950558817958,0.38,0.0065566998361041495,0.38,0.38,0.38,0.39,0.39,0.4,0.4,0.38,0.4
2023-06-15,5279,0.37835196059859827,0.38,0.007830149680878891,0.37,0.37,0.38,0.38,0.39,0.39,0.39,0.37,0.39
2023-06-16,5279,0.3810551240765296,0.38,0.0038197440948979384,0.38,0.38,0.38,0.38,0.39,0.39,0.39,0.37,0.39
2023-06-17,5279,0.3873082023110438,0.39,0.004435335623297553,0.38,0.38,0.39,0.39,0.39,0.39,0.39,0.38,0.39
2023-06-18,5279,0.39002841447243797,0.39,0.007410458578895341,0.38,0.38,0.39,0.4,0.4,0.4,0.4,0.38,0.4
2023-06-19,5279,0.3826842204963061,0.38,0.008066128887375878,0.37,0.38,0.38,0.39,0.39,0.39,0.4,0.37,0.4
2023-06-21,5279,0.3837317673801856,0.38,0.0051843123595222826,0.38,0.38,0.38,0.39,0.39,0.39,0.4,0.37,0.4
2023-06-22,5279,0.3925364652396287,0.39,0.004350976497803963,0.39,0.39,0.39,0.4,0.4,0.4,0.4,0.39,0.4
2023-06-24,5279,0.384864557681379,0.38,0.007639318621586553,0.38,0.38,0.38,0.39,0.4,0.4,0.4,0.37,0.4
2023-06-25,5279,0.3817730630801288,0.38,0.007015315283451988,0.37,0.38,0.38,0.38,0.39,0.4,0.4,0.37,0.4
2023-06-26,5279,0.39016669823830274,0.39,0.005106431276049939,0.38,0.39,0.39,0.39,0.4,0.4,0.4,0.38,0.4
2023-06-27,5279,0.38855465050198906,0.39,0.005544290034373915,0.38,0.39,0.39,0.39,0.39,0.4,0.4,0.38,0.4
2023-06-28,5279,0.3839211971964387,0.38,0.005794210650851124,0.38,0.38,0.38,0.39,0.39,0.39,0.4,0.37,0.4
2023-06-29,5279,0.3770013260087138,0.38,0.0071175419515502655,0.37,0.37,0.38,0.38,0.39,0.39,0.39,0.37,0.39
2023-06-30,5279,0.38040537980678163,0.38,0.006588211058433222,0.37,0.38,0.38,0.38,0.39,0.39,0.39,0.37,0.4
2023-07-01,5279,0.3831824209130517,0.38,0.00465794013086131,0.38,0.38,0.38,0.39,0.39,0.39,0.39,0.38,0.39
2023-07-02,5279,0.39003599166508807,0.39,0.002395501624401968,0.39,0.39,0.39,0.39,0.39,0.39,0.4,0.38,0.4
2023-07-03,5279,0.3912767569615458,0.39,0.0033372835175636433,0.39,0.39,0.39,0.39,0.4,0.4,0.4,0.39,0.4
2023-07-04,5279,0.40443076340215944,0.4,0.004967491287931869,0.4,0.4,0.4,0.41000000000000003,0.41000000000000003,0.41000000000000003,0.41000000000000003,0.4,0.41000000000000003
2023-07-07,5279,0.38609206289069903,0.39,0.004879282595091024,0.38,0.38,0.39,0.39,0.39,0.39,0.39,0.38,0.39
2023-07-08,5279,0.3838264822883121,0.38,0.005451834210951774,0.38,0.38,0.38,0.39,0.39,0.39,0.39,0.37,0.4
2023-07-10,5279,0.38287175601439666,0.38,0.004541158595638974,0.38,0.38,0.38,0.39,0.39,0.39,0.39,0.37,0.39
2023-07-11,5279,0.38330176169729113,0.38,0.004706790055915308,0.38,0.38,0.38,0.39,0.39,0.39,0.39,0.37,0.39
2023-07-12,5279,0.38284713013828375,0.38,0.005834550890341623,0.37,0.38,0.38,0.39,0.39,0.39,0.4,0.37,0.4
2023-07-13,5279,0.38056260655427165,0.38,0.0068240276514480456,0.37,0.38,0.38,0.39,0.39,0.39,0.39,0.37,0.39
2023-07-15,5279,0.3849895813601061,0.38,0.005160328271701257,0.38,0.38,0.38,0.39,0.39,0.39,0.39,0.38,0.4
2023-07-16,5279,0.3831255919681758,0.38,0.004635363473367858,0.38,0.38,0.38,0.39,0.39,0.39,0.39,0.38,0.39
2023-07-19,5279,0.38980867588558443,0.39,0.006448342865732594,0.38,0.39,0.39,0.39,0.4,0.4,0.4,0.38,0.4
2023-07-20,5279,0.3933453305550294,0.39,0.004880101794138709,0.39,0.39,0.39,0.4,0.4,0.4,0.4,0.38,0.4
2023-07-21,5279,0.40059859821935967,0.4,0.0025269312674445583,0.4,0.4,0.4,0.4,0.4,0.41000000000000003,0.41000000000000003,0.39,0.41000000000000003
2023-07-22,5279,0.3918658836900929,0.39,0.004837206733369729,0.39,0.39,0.39,0.39,0.4,0.4,0.4,0.38,0.4
2023-07-23,5279,0.38985413904148514,0.39,0.004973650728092846,0.38,0.39,0.39,0.39,0.4,0.4,0.4,0.38,0.4
2023-07-24,5279,0.38629854139041486,0.39,0.0054408510507991045,0.38,0.38,0.39,0.39,0.39,0.39,0.4,0.37,0.4
2023-07-27,5279,0.3897821557113089,0.39,0.008304325735836789,0.38,0.38,0.39,0.4,0.4,0.4,0.41000000000000003,0.38,0.41000000000000003
2023-07-28,5279,0.3900454631559008,0.39,0.008836339930139318,0.38,0.38,0.39,0.4,0.4,0.4,0.41000000000000003,0.37,0.41000000000000003
2023-07-30,5279,0.38810380753930673,0.39,0.005103941652842108,0.38,0.39,0.39,0.39,0.39,0.4,0.4,0.38,0.4
2023-07-31,5279,0.38297404811517327,0.38,0.004705927724438361,0.38,0.38,0.38,0.39,0.39,0.39,0.39,0.38,0.4
2023-08-01,5279,0.3824209130517143,0.38,0.005187536815081098,0.38,0.38,0.38,0.39,0.39,0.39,0.39,0.37,0.4
2023-08-02,5279,0.3843909831407464,0.38,0.005691723898040127,0.38,0.38,0.38,0.39,0.39,0.39,0.4,0.37,0.4
2023-08-03,5279,0.39775146808107603,0.4,0.005498625189765921,0.39,0.39,0.4,0.4,0.4,0.41000000000000003,0.41000000000000003,0.38,0.41000000000000003
2023-08-05,5279,0.39333396476605426,0.39,0.004899486388595244,0.39,0.39,0.39,0.4,0.4,0.4,0.4,0.38,0.41000000000000003
2023-08-06,5279,0.3852150028414472,0.38,0.0068559028865662905,0.38,0.38,0.38,0.39,0.4,0.4,0.4,0.38,0.4
2023-08-09,5279,0.3907842394392878,0.39,0.005393288763857204,0.38,0.39,0.39,0.39,0.4,0.4,0.4,0.38,0.4
2023-08-10,5279,0.3866641409357833,0.39,0.006243094641491709,0.38,0.38,0.39,0.39,0.39,0.4,0.4,0.38,0.4
2023-08-11,5279,0.38018564121992804,0.38,0.007037071640197292,0.37,0.38,0.38,0.38,0.39,0.39,0.39,0.37,0.4
2023-08-12,5279,0.38309907179390035,0.38,0.004887427291509867,0.38,0.38,0.38,0.39,0.39,0.39,0.4,0.38,0.4
2023-08-13,5279,0.3934002652017428,0.39,0.004773030718998195,0.39,0.39,0.39,0.4,0.4,0.4,0.4,0.38,0.4
2023-08-14,5279,0.3848494032960788,0.38,0.005454443326531654,0.38,0.38,0.38,0.39,0.39,0.39,0.4,0.38,0.4
2023-08-17,5279,0.387783671149839,0.39,0.00725511299744044,0.38,0.38,0.39,0.39,0.4,0.4,0.4,0.38,0.4
2023-08-18,5279,0.3936768327334723,0.39,0.005486947032107287,0.39,0.39,0.39,0.4,0.4,0.4,0.4,0.38,0.4
2023-08-20,5279,0.38189619246069334,0.38,0.007547527171737711,0.37,0.38,0.38,0.39,0.39,0.39,0.4,0.37,0.4
2023-08-21,5279,0.38400454631559006,0.38,0.006172734425797354,0.38,0.38,0.38,0.39,0.39,0.39,0.4,0.37,0.4
2023-08-22,5279,0.390791816631938,0.39,0.0031412478797139083,0.39,0.39,0.39,0.39,0.39,0.4,0.4,0.38,0.4
2023-08-23,5279,0.39436256866830843,0.39,0.004959201679441754,0.39,0.39,0.39,0.4,0.4,0.4,0.4,0.39,0.4
2023-08-25,5279,0.4099772684220496,0.41000000000000003,0.00047623424369482346,0.41000000000000003,0.41000000000000003,0.41000000000000003,0.41000000000000003,0.41000000000000003,0.41000000000000003,0.41000000000000003,0.4,0.41000000000000003
2023-08-26,5279,0.40991096798636106,0.41000000000000003,0.0009393579918949238,0.41000000000000003,0.41000000000000003,0.41000000000000003,0.41000000000000003,0.41000000000000003,0.41000000000000003,0.41000000000000003,0.4,0.41000000000000003
2023-08-29,5279,0.3921405569236599,0.39,0.0042289942378995115,0.39,0.39,0.39,0.39,0.4,0.4,0.4,0.38,0.4
2023-08-30,5279,0.38961924606933135,0.39,0.005130143445834182,0.38,0.39,0.39,0.39,0.4,0.4,0.4,0.38,0.4
2023-08-31,5279,0.3844534949801099,0.38,0.006267968420048236,0.38,0.38,0.38,0.39,0.39,0.39,0.4,0.37,0.4
2023-09-03,5279,0.3945652585716992,0.39,0.005573345837723566,0.39,0.39,0.39,0.4,0.4,0.4,0.41000000000000003,0.38,0.41000000000000003
2023-09-04,5279,0.3863913620003788,0.38,0.007222224834521191,0.38,0.38,0.38,0.39,0.4,0.4,0.4,0.38,0.4
2023-09-05,5279,0.37891267285470737,0.38,0.007177540982865661,0.37,0.37,0.38,0.38,0.39,0.39,0.39,0.37,0.4
2023-09-06,5279,0.3834855086190566,0.38,0.007005351260249328,0.37,0.38,0.38,0.39,0.39,0.39,0.4,0.37,0.4
2023-09-07,5279,0.3873574540632696,0.39,0.0049555035443844654,0.38,0.38,0.39,0.39,0.39,0.39,0.4,0.38,0.4
2023-09-08,5279,0.39200037885963246,0.39,0.004362699860672254,0.39,0.39,0.39,0.39,0.4,0.4,0.4,0.38,0.4
2023-09-09,5279,0.39268990339079374,0.39,0.006449761730346335,0.38,0.39,0.39,0.4,0.4,0.4,0.4,0.38,0.41000000000000003
2023-09-11,5279,0.39795605228262937,0.4,0.006379514182052529,0.39,0.39,0.4,0.4,0.41000000000000003,0.41000000000000003,0.41000000000000003,0.39,0.41000000000000003
2023-09-12,5279,0.3966186777798826,0.4,0.005998411710768574,0.39,0.39,0.4,0.4,0.4,0.41000000000000003,0.41000000000000003,0.39,0.41000000000000003
2023-09-14,5279,0.3820212161394203,0.38,0.005720218406295329,0.37,0.38,0.38,0.39,0.39,0.39,0.39,0.37,0.4
2023-09-15,5279,0.3826065542716424,0.38,0.007572767698290723,0.37,0.38,0.38,0.39,0.39,0.39,0.4,0.37,0.4
2023-09-16,5279,0.3865504830460314,0.39,0.00650067821469719,0.38,0.38,0.39,0.39,0.39,0.4,0.4,0.38,0.4
2023-09-17,5279,0.38892593294184513,0.39,0.004382931119900507,0.38,0.39,0.39,0.39,0.39,0.39,0.4,0.38,0.4
2023-09-18,5279,0.38328850161015343,0.38,0.0052897054292889234,0.38,0.38,0.38,0.39,0.39,0.39,0.4,0.38,0.4
2023-09-19,5279,0.3776093957188862,0.38,0.007186401013897869,0.37,0.37,0.38,0.38,0.39,0.39,0.39,0.37,0.4
2023-09-20,5279,0.3817086569426027,0.38,0.004811032547065024,0.38,0.38,0.38,0.38,0.39,0.39,0.39,0.37,0.39
2023-09-23,5279,0.3873271452926691,0.39,0.005003995752885578,0.38,0.38,0.39,0.39,0.39,0.39,0.4,0.37,0.4
2023-09-24,5279,0.39165561659405196,0.39,0.007545152471171124,0.38,0.39,0.39,0.4,0.4,0.4,0.4,0.37,0.4
2023-09-25,5279,0.3903220306876303,0.39,0.006328934924762385,0.38,0.39,0.39,0.39,0.4,0.4,0.4,0.38,0.4
2023-09-26,5279,0.3920136389467702,0.39,0.0042353346808761795,0.39,0.39,0.39,0.39,0.4,0.4,0.4,0.38,0.4
2023-09-27,5279,0.3929626823261982,0.39,0.005632282676583389,0.39,0.39,0.39,0.4,0.4,0.4,0.41000000000000003,0.38,0.41000000000000003
2023-09-28,5279,0.39569804887289256,0.4,0.006152120515340231,0.39,0.39,0.4,0.4,0.4,0.41000000000000003,0.41000000000000003,0.39,0.41000000000000003
2023-09-29,5279,0.4018412578139799,0.4,0.0059882908738717565,0.39,0.4,0.4,0.41000000000000003,0.41000000000000003,0.41000000000000003,0.41000000000000003,0.39,0.41000000000000003
2023-10-01,5279,0.38736881985224475,0.39,0.0057436707178060145,0.38,0.38,0.39,0.39,0.39,0.4,0.4,0.38,0.4
2023-10-02,5279,0.38363894677022164,0.38,0.005470751459129735,0.38,0.38,0.38,0.39,0.39,0.39,0.4,0.38,0.4
2023-10-03,5279,0.38052282629285855,0.38,0.007185431255035383,0.37,0.38,0.38,0.38,0.39,0.39,0.4,0.37,0.4
2023-10-05,5279,0.38448948664519794,0.38,0.005563512747147235,0.38,0.38,0.38,0.39,0.39,0.39,0.4,0.38,0.4
2023-10-06,5279,0.3887421860200796,0.39,0.00507657063960123,0.38,0.39,0.39,0.39,0.39,0.4,0.4,0.38,0.4
2023-10-09,5279,0.3836976700132601,0.38,0.008544607679141615,0.37,0.38,0.38,0.39,0.4,0.4,0.4,0.37,0.4
2023-10-10,5279,0.3865353286607312,0.39,0.007025124197850274,0.38,0.38,0.39,0.39,0.4,0.4,0.4,0.38,0.4
2023-10-11,5279,0.3914150407274105,0.39,0.0063748185368948,0.38,0.39,0.39,0.4,0.4,0.4,0.4,0.38,0.4
2023-10-12,5279,0.3828357643493086,0.38,0.007273101982222293,0.37,0.38,0.38,0.39,0.39,0.39,0.4,0.37,0.4
2023-10-13,5279,0.3801685925364653,0.38,0.00860787219099342,0.37,0.37,0.38,0.39,0.39,0.39,0.4,0.37,0.4
2023-10-14,5279,0.38575866641409357,0.38,0.006547891979498156,0.38,0.38,0.38,0.39,0.39,0.4,0.4,0.37,0.4
2023-10-17,5279,0.38704678916461455,0.39,0.005165556932167344,0.38,0.38,0.39,0.39,0.39,0.39,0.4,0.38,0.4
2023-10-18,5279,0.3826595946201932,0.38,0.005245611585320765,0.38,0.38,0.38,0.39,0.39,0.39,0.39,0.37,0.4
2023-10-20,5279,0.3849725326766433,0.38,0.005494508395796845,0.38,0.38,0.38,0.39,0.39,0.39,0.4,0.38,0.4
2023-10-21,5279,0.3837829134305739,0.38,0.004999625270887493,0.38,0.38,0.38,0.39,0.39,0.39,0.39,0.38,0.4
2023-10-22,5279,0.3787611290017049,0.38,0.007847497271430491,0.37,0.37,0.38,0.38,0.39,0.39,0.4,0.37,0.4
2023-10-23,5279,0.3816196249289638,0.38,0.009361630335260567,0.37,0.37,0.38,0.39,0.4,0.4,0.4,0.37,0.4
2023-10-25,5279,0.39482477741996597,0.39,0.00532008099689285,0.39,0.39,0.39,0.4,0.4,0.4,0.4,0.38,0.41000000000000003
2023-10-26,5279,0.38707709793521505,0.39,0.00531984424404506,0.38,0.38,0.39,0.39,0.39,0.39,0.4,0.38,0.4
2023-10-29,5279,0.38880469785944305,0.39,0.005329770056263206,0.38,0.39,0.39,0.39,0.39,0.4,0.4,0.38,0.4
2023-10-30,5279,0.38802803561280547,0.39,0.005354842842655669,0.38,0.38,0.39,0.39,0.39,0.4,0.4,0.38,0.41000000000000003
2023-10-31,5279,0.38857169918545187,0.39,0.004897715134257393,0.38,0.39,0.39,0.39,0.39,0.4,0.4,0.38,0.41000000000000003
2023-11-03,5279,0.4100000000000001,0.41000000000000003,5.551115123125783e-17,0.41000000000000003,0.41000000000000003,0.41000000000000003,0.41000000000000003,0.41000000000000003,0.41000000000000003,0.41000000000000003,0.41000000000000003,0.41000000000000003
2023-11-04,5279,0.4100000000000001,0.41000000000000003,5.551115123125783e-17,0.41000000000000003,0.41000000000000003,0.41000000000000003,0.41000000000000003,0.41000000000000003,0.41000000000000003,0.41000000000000003,0.41000000000000003,0.41000000000000003
2023-11-05,5279,0.4094127675696155,0.41000000000000003,0.00235105984112487,0.4,0.41000000000000003,0.41000000000000003,0.41000000000000003,0.41000000000000003,0.41000000000000003,0.41000000000000003,0.4,0.41000000000000003
2023-11-07,5279,0.39781587421860204,0.4,0.004918680054255238,0.39,0.39,0.4,0.4,0.4,0.4,0.41000000000000003,0.39,0.41000000000000003
2023-11-08,5279,0.39238870998295133,0.39,0.004467863552039258,0.39,0.39,0.39,0.39,0.4,0.4,0.4,0.38,0.41000000000000003
2023-11-09,5279,0.38869293426785384,0.39,0.0069307899203415076,0.38,0.38,0.39,0.39,0.4,0.4,0.4,0.38,0.41000000000000003
2023-11-11,5279,0.38971774957378297,0.39,0.005869701031554887,0.38,0.39,0.39,0.39,0.4,0.4,0.4,0.38,0.4
2023-11-12,5279,0.38425838226936915,0.38,0.005645852631687684,0.38,0.38,0.38,0.39,0.39,0.39,0.4,0.38,0.4
2023-11-14,5279,0.3998844478120856,0.4,0.001817049662584123,0.4,0.4,0.4,0.4,0.4,0.4,0.41000000000000003,0.39,0.41000000000000003
2023-11-15,5279,0.39392119719643875,0.39,0.004882231509364172,0.39,0.39,0.39,0.4,0.4,0.4,0.4,0.39,0.4
2023-11-16,5279,0.3813923091494601,0.38,0.005758716886948435,0.37,0.38,0.38,0.38,0.39,0.39,0.39,0.37,0.39
2023-11-17,5279,0.38399318052661485,0.38,0.0064939646525299256,0.37,0.38,0.38,0.39,0.39,0.39,0.4,0.37,0.4
2023-11-18,5279,0.3881701079749953,0.39,0.005115140325450877,0.38,0.39,0.39,0.39,0.39,0.4,0.4,0.38,0.4
2023-11-19,5279,0.385752983519606,0.39,0.0058454861538293,0.38,0.38,0.39,0.39,0.39,0.39,0.4,0.38,0.4
2023-11-20,5279,0.3836673612426596,0.38,0.006090183617277858,0.38,0.38,0.38,0.39,0.39,0.39,0.4,0.37,0.4
2023-11-23,5279,0.3940026520174276,0.39,0.005472969324964773,0.39,0.39,0.39,0.4,0.4,0.4,0.41000000000000003,0.38,0.41000000000000003
2023-11-24,5279,0.39275241523015725,0.39,0.005017631476200281,0.39,0.39,0.39,0.4,0.4,0.4,0.4,0.38,0.4
2023-11-26,5279,0.37830270884637246,0.38,0.007824465001510284,0.37,0.37,0.38,0.38,0.39,0.39,0.39,0.37,0.4
2023-11-27,5279,0.3835669634400454,0.38,0.005497318542885424,0.38,0.38,0.38,0.39,0.39,0.39,0.4,0.37,0.4
2023-11-28,5279,0.3925951884826672,0.39,0.00489801112041214,0.39,0.39,0.39,0.4,0.4,0.4,0.4,0.38,0.4
2023-11-29,5279,0.39379996211403684,0.39,0.0052223302720924535,0.39,0.39,0.39,0.4,0.4,0.4,0.41000000000000003,0.39,0.41000000000000003
2023-12-01,5279,0.3804413714718697,0.38,0.008274871576982966,0.37,0.37,0.38,0.39,0.39,0.39,0.4,0.37,0.4
2023-12-02,5279,0.3793142640651639,0.38,0.006101335891592679,0.37,0.38,0.38,0.38,0.39,0.39,0.39,0.37,0.4
2023-12-03,5279,0.39202689903390797,0.39,0.004140737336506444,0.39,0.39,0.39,0.39,0.4,0.4,0.4,0.38,0.4
2023-12-05,5279,0.3870714150407274,0.39,0.00842519512905282,0.38,0.38,0.39,0.39,0.4,0.4,0.4,0.37,0.4
2023-12-06,5279,0.383693881416935,0.38,0.007148590859248017,0.37,0.38,0.38,0.39,0.39,0.39,0.4,0.37,0.4
2023-12-09,5279,0.39151354423186213,0.39,0.007069149182357192,0.38,0.39,0.39,0.4,0.4,0.4,0.41000000000000003,0.38,0.41000000000000003
2023-12-10,5279,0.39634589884447813,0.4,0.006253052124018406,0.39,0.39,0.4,0.4,0.4,0.41000000000000003,0.41000000000000003,0.38,0.41000000000000003
2023-12-11,5279,0.40707899223337757,0.41000000000000003,0.004547283946880372,0.4,0.4,0.41000000000000003,0.41000000000000003,0.41000000000000003,0.41000000000000003,0.41000000000000003,0.4,0.41000000000000003
2023-12-13,5279,0.40646523962871767,0.41000000000000003,0.004780488764805924,0.4,0.4,0.41000000000000003,0.41000000000000003,0.41000000000000003,0.41000000000000003,0.41000000000000003,0.4,0.41000000000000003
2023-12-14,5279,0.40159878764917595,0.4,0.00827984487018012,0.39,0.39,0.4,0.41000000000000003,0.41000000000000003,0.41000000000000003,0.41000000000000003,0.39,0.41000000000000003
2023-12-17,5279,0.387323356696344,0.39,0.005235123884988811,0.38,0.38,0.39,0.39,0.39,0.39,0.4,0.38,0.4
2023-12-18,5279,0.3832373555597651,0.38,0.005822622684646004,0.38,0.38,0.38,0.39,0.39,0.39,0.4,0.37,0.4
2023-12-20,5279,0.3922030687630233,0.39,0.008796474933793217,0.38,0.39,0.39,0.4,0.4,0.41000000000000003,0.41000000000000003,0.37,0.41000000000000003
2023-12-21,5279,0.39555787080886534,0.4,0.007823736238793429,0.38,0.39,0.4,0.4,0.41000000000000003,0.41000000000000003,0.41000000000000003,0.38,0.41000000000000003
2023-12-22,5279,0.38950179958325437,0.39,0.007101005012845226,0.38,0.38,0.39,0.39,0.4,0.4,0.41000000000000003,0.37,0.41000000000000003
2023-12-23,5279,0.38688766811896197,0.39,0.007106000484511456,0.38,0.38,0.39,0.39,0.4,0.4,0.4,0.38,0.41000000000000003
2023-12-25,5279,0.3898541390414853,0.39,0.0018148681398961189,0.39,0.39,0.39,0.39,0.39,0.39,0.39,0.38,0.4
2023-12-26,5279,0.38105322977836703,0.38,0.00312473654679678,0.38,0.38,0.38,0.38,0.39,0.39,0.39,0.37,0.39
2023-12-29,5279,0.3941049441182042,0.4,0.010004222076675732,0.38,0.39,0.4,0.4,0.41000000000000003,0.41000000000000003,0.41000000000000003,0.38,0.41000000000000003
2023-12-30,5279,0.4028092441750332,0.4,0.006100113639507079,0.39,0.4,0.4,0.41000000000000003,0.41000000000000003,0.41000000000000003,0.41000000000000003,0.39,0.41000000000000003
2024-01-01,5279,0.3881966281492707,0.39,0.004909329428235764,0.38,0.39,0.39,0.39,0.39,0.39,0.4,0.38,0.4
2024-01-02,5279,0.38653532866073126,0.39,0.004860843645711451,0.38,0.38,0.39,0.39,0.39,0.39,0.39,0.38,0.4
2024-01-03,5279,0.3760106080697102,0.37,0.0070822222455675715,0.37,0.37,0.37,0.38,0.39,0.39,0.39,0.37,0.4
2024-01-05,5279,0.3828206099640083,0.38,0.006051197831445132,0.37,0.38,0.38,0.39,0.39,0.39,0.4,0.37,0.4
2024-01-06,5279,0.3864538738397424,0.39,0.005064773062577212,0.38,0.38,0.39,0.39,0.39,0.39,0.4,0.38,0.4
2024-01-09,5279,0.388643682515628,0.39,0.007320352936658006,0.38,0.38,0.39,0.39,0.4,0.4,0.4,0.38,0.4
2024-01-10,5279,0.39020837279787834,0.39,0.005819322803076437,0.38,0.39,0.39,0.39,0.4,0.4,0.4,0.38,0.4
2024-01-11,5279,0.3929134305739724,0.39,0.00681517197171399,0.38,0.39,0.39,0.4,0.4,0.4,0.4,0.38,0.4
2024-01-12,5279,0.38666982383027093,0.39,0.006526433681934626,0.38,0.38,0.39,0.39,0.4,0.4,0.4,0.38,0.4
2024-01-13,5279,0.3764197764728168,0.38,0.0066625673733054095,0.37,0.37,0.38,0.38,0.39,0.39,0.39,0.37,0.39
2024-01-14,5279,0.3792365978405001,0.38,0.006464724823121597,0.37,0.375,0.38,0.38,0.39,0.39,0.39,0.37,0.39
2024-01-17,5279,0.38049251752225804,0.38,0.00728183293001388,0.37,0.38,0.38,0.39,0.39,0.39,0.4,0.37,0.4
2024-01-18,5279,0.3828054555787081,0.38,0.008829499914500568,0.37,0.38,0.38,0.39,0.39,0.4,0.4,0.37,0.4
2024-01-20,5279,0.3903902254214814,0.39,0.004119730514209396,0.38,0.39,0.39,0.39,0.4,0.4,0.4,0.38,0.4
2024-01-21,5279,0.40128054555787074,0.4,0.0033415054470889985,0.4,0.4,0.4,0.4,0.41000000000000003,0.41000000000000003,0.41000000000000003,0.4,0.41000000000000003
2024-01-22,5279,0.4098711877249479,0.41000000000000003,0.0011276214561264956,0.41000000000000003,0.41000000000000003,0.41000000000000003,0.41000000000000003,0.41000000000000003,0.41000000000000003,0.41000000000000003,0.4,0.41000000000000003
2024-01-23,5279,0.4054631559007387,0.41000000000000003,0.005008849600219178,0.4,0.4,0.41000000000000003,0.41000000000000003,0.41000000000000003,0.41000000000000003,0.41000000000000003,0.39,0.41000000000000003
2024-01-25,5279,0.3901003978026142,0.39,0.005001359715943449,0.38,0.39,0.39,0.39,0.4,0.4,0.4,0.38,0.4
2024-01-26,5279,0.3892422807349878,0.39,0.004739253862350439,0.38,0.39,0.39,0.39,0.39,0.4,0.4,0.38,0.4
2024-01-29,5279,0.3832657700322031,0.38,0.006116537702147816,0.38,0.38,0.38,0.39,0.39,0.39,0.4,0.37,0.4
2024-01-30,5279,0.39015343815116504,0.39,0.004830440257137196,0.38,0.39,0.39,0.39,0.4,0.4,0.4,0.38,0.4
2024-01-31,5279,0.39110248153059296,0.39,0.007006931830089341,0.38,0.39,0.39,0.4,0.4,0.4,0.4,0.38,0.41000000000000003
2024-02-03,5279,0.3839098314074635,0.38,0.005844176623551448,0.38,0.38,0.38,0.39,0.39,0.39,0.4,0.37,0.4
2024-02-04,5279,0.37730062511839363,0.38,0.006352556496104688,0.37,0.37,0.38,0.38,0.39,0.39,0.39,0.37,0.39
2024-02-05,5279,0.3832790301193408,0.38,0.00661414541815242,0.37,0.38,0.38,0.39,0.39,0.39,0.4,0.37,0.4
2024-02-06,5279,0.38218033718507294,0.38,0.006640789062382361,0.37,0.38,0.38,0.39,0.39,0.39,0.4,0.37,0.4
2024-02-07,5279,0.3786417882174654,0.38,0.0062764744683683265,0.37,0.37,0.38,0.38,0.39,0.39,0.39,0.37,0.4
2024-02-08,5279,0.3821670770979352,0.38,0.005212089019325408,0.37,0.38,0.38,0.39,0.39,0.39,0.39,0.37,0.4
2024-02-09,5279,0.39153248721348743,0.39,0.004167868377533423,0.39,0.39,0.39,0.39,0.4,0.4,0.4,0.38,0.4
2024-02-11,5279,0.378062132979731,0.38,0.007541959665389641,0.37,0.37,0.38,0.38,0.39,0.39,0.39,0.37,0.4
2024-02-12,5279,0.3839552945633643,0.38,0.007834399032824582,0.37,0.38,0.38,0.39,0.39,0.4,0.4,0.37,0.4
2024-02-14,5279,0.3799545368440992,0.38,0.006267828730297601,0.37,0.38,0.38,0.38,0.39,0.39,0.39,0.37,0.39
2024-02-15,5279,0.3766205720780451,0.38,0.007022155367908663,0.37,0.37,0.38,0.38,0.39,0.39,0.39,0.37,0.39
2024-02-16,5279,0.37791437772305364,0.38,0.007140212114876503,0.37,0.37,0.38,0.38,0.39,0.39,0.39,0.37,0.4
2024-02-17,5279,0.382309149460125,0.38,0.005041060200858442,0.38,0.38,0.38,0.39,0.39,0.39,0.39,0.37,0.4
2024-02-18,5279,0.3875089979162721,0.39,0.004613152388246518,0.38,0.38,0.39,0.39,0.39,0.39,0.4,0.38,0.4
2024-02-19,5279,0.38160257624550104,0.38,0.0051431894022413195,0.37,0.38,0.38,0.38,0.39,0.39,0.39,0.37,0.4
2024-02-20,5279,0.3751884826671718,0.37,0.006637695365297068,0.37,0.37,0.37,0.38,0.38,0.39,0.39,0.37,0.39
2024-02-23,5279,0.3876359158931616,0.39,0.006749604190182207,0.38,0.38,0.39,0.39,0.4,0.4,0.4,0.38,0.4
2024-02-24,5279,0.3808183368062133,0.38,0.007676258532958302,0.37,0.38,0.38,0.39,0.39,0.39,0.4,0.37,0.4
2024-02-25,5279,0.3765504830460315,0.38,0.00717919760470761,0.37,0.37,0.38,0.38,0.39,0.39,0.39,0.37,0.39
2024-02-26,5279,0.37962871756014394,0.38,0.007155251886162978,0.37,0.37,0.38,0.38,0.39,0.39,0.4,0.37,0.4
2024-02-27,5279,0.38316537222958896,0.38,0.005072063187215146,0.38,0.38,0.38,0.39,0.39,0.39,0.39,0.37,0.4
2024-02-28,5279,0.38716044705436636,0.39,0.005759844621796537,0.38,0.38,0.39,0.39,0.39,0.4,0.4,0.38,0.4
2024-02-29,5279,0.38671528698617164,0.39,0.005306357567900927,0.38,0.38,0.39,0.39,0.39,0.39,0.4,0.38,0.4
2024-03-01,5279,0.37659784050009476,0.38,0.007000354703508868,0.37,0.37,0.38,0.38,0.39,0.39,0.39,0.37,0.39
2024-03-02,5279,0.374642924796363,0.37,0.0059724364228824645,0.37,0.37,0.37,0.38,0.38,0.39,0.39,0.37,0.39
2024-03-03,5279,0.3805739723432468,0.38,0.00445049943454552,0.37,0.38,0.38,0.38,0.39,0.39,0.39,0.37,0.39
2024-03-05,5279,0.38045842015533243,0.38,0.004478709780758782,0.37,0.38,0.38,0.38,0.39,0.39,0.39,0.37,0.39
2024-03-06,5279,0.37560522826292864,0.37,0.006774047839611698,0.37,0.37,0.37,0.38,0.39,0.39,0.39,0.37,0.4
2024-03-09,5279,0.39023110437582886,0.39,0.002687135223912451,0.39,0.39,0.39,0.39,0.39,0.39,0.4,0.38,0.4
2024-03-10,5279,0.3824493275241523,0.38,0.006417769231444195,0.37,0.38,0.38,0.39,0.39,0.39,0.39,0.37,0.4
2024-03-12,5279,0.3792972153817011,0.38,0.008071153889746755,0.37,0.37,0.38,0.39,0.39,0.39,0.4,0.37,0.4
2024-03-13,5279,0.38101344951695393,0.38,0.003086123918750224,0.38,0.38,0.38,0.38,0.39,0.39,0.39,0.37,0.39
2024-03-14,5279,0.38216897139609773,0.38,0.004366807188630058,0.38,0.38,0.38,0.38,0.39,0.39,0.4,0.38,0.4
2024-03-17,5279,0.38555029361621523,0.39,0.0051823427946477985,0.38,0.38,0.39,0.39,0.39,0.39,0.4,0.38,0.4
2024-03-18,5279,0.3813866262549725,0.38,0.0034559412869356156,0.38,0.38,0.38,0.38,0.39,0.39,0.39,0.38,0.39
2024-03-20,5279,0.38077476794847503,0.38,0.005311497875186335,0.37,0.38,0.38,0.38,0.39,0.39,0.39,0.37,0.4
2024-03-21,5279,0.3784713013828377,0.38,0.005916054202030922,0.37,0.37,0.38,0.38,0.39,0.39,0.39,0.37,0.4
2024-03-22,5279,0.3843985603333964,0.38,0.0052960369164113,0.38,0.38,0.38,0.39,0.39,0.39,0.4,0.38,0.4
2024-03-23,5279,0.38670202689903393,0.39,0.005114381927738771,0.38,0.38,0.39,0.39,0.39,0.39,0.4,0.38,0.4
2024-03-25,5279,0.38343057397234326,0.38,0.009657639221497826,0.37,0.38,0.38,0.39,0.4,0.4,0.4,0.37,0.4
2024-03-26,5279,0.39238870998295133,0.39,0.009673377451313848,0.38,0.38,0.39,0.4,0.41000000000000003,0.41000000000000003,0.41000000000000003,0.38,0.41000000000000003
2024-03-29,5279,0.38079371093010034,0.38,0.004869471670310831,0.37,0.38,0.38,0.38,0.39,0.39,0.39,0.37,0.39
2024-03-30,5279,0.3757719265012313,0.37,0.006745858804280578,0.37,0.37,0.37,0.38,0.39,0.39,0.39,0.37,0.39
2024-03-31,5279,0.37743322598977086,0.38,0.007454099133567176,0.37,0.37,0.38,0.38,0.39,0.39,0.39,0.37,0.4
2024-04-01,5279,0.38503125591968174,0.38,0.005809533593876286,0.38,0.38,0.38,0.39,0.39,0.39,0.4,0.37,0.4
2024-04-02,5279,0.3861015343815117,0.39,0.005620598761339812,0.38,0.38,0.39,0.39,0.39,0.39,0.4,0.37,0.4
2024-04-03,5279,0.3893578329229021,0.39,0.0064161878177499,0.38,0.39,0.39,0.39,0.4,0.4,0.4,0.38,0.4
2024-04-05,5279,0.377258950558818,0.38,0.007475881717958157,0.37,0.37,0.38,0.38,0.39,0.39,0.39,0.37,0.39
2024-04-06,5279,0.37859443076340216,0.38,0.0070040536562557204,0.37,0.37,0.38,0.38,0.39,0.39,0.39,0.37,0.39
2024-04-09,5279,0.37653343436256864,0.38,0.0059606884301146796,0.37,0.37,0.38,0.38,0.38,0.39,0.39,0.37,0.39
2024-04-10,5279,0.377565826861148,0.38,0.006925863401345133,0.37,0.37,0.38,0.38,0.39,0.39,0.39,0.37,0.39
2024-04-11,5279,0.38447433225989774,0.38,0.007845306221341157,0.37,0.38,0.38,0.39,0.4,0.4,0.4,0.37,0.4
2024-04-12,5279,0.38726842204963063,0.39,0.0050308886007184,0.38,0.38,0.39,0.39,0.39,0.39,0.4,0.38,0.4
2024-04-13,5279,0.3826236029551051,0.38,0.007095312186508683,0.37,0.38,0.38,0.39,0.39,0.39,0.4,0.37,0.4
2024-04-14,5279,0.38147186967228647,0.38,0.009631037358053448,0.37,0.37,0.38,0.39,0.39,0.4,0.4,0.37,0.4
2024-04-17,5279,0.3841655616594052,0.38,0.004929879578219475,0.38,0.38,0.38,0.39,0.39,0.39,0.39,0.38,0.39
2024-04-18,5279,0.38223716612994885,0.38,0.004512176869682401,0.38,0.38,0.38,0.38,0.39,0.39,0.39,0.37,0.4
2024-04-20,5279,0.3849516953968554,0.38,0.005916042677624769,0.38,0.38,0.38,0.39,0.39,0.3909999999999946,0.4,0.38,0.4
2024-04-21,5279,0.38985035044516014,0.39,0.0026893804069393233,0.39,0.39,0.39,0.39,0.39,0.39,0.4,0.38,0.4
2024-04-22,5279,0.3810513354802046,0.38,0.0040936445107908805,0.38,0.38,0.38,0.38,0.39,0.39,0.39,0.37,0.39
2024-04-23,5279,0.380492517522258,0.38,0.005841232332186188,0.37,0.38,0.38,0.38,0.39,0.39,0.39,0.37,0.39
2024-04-25,5279,0.3906213297973101,0.39,0.0027513635829537132,0.39,0.39,0.39,0.39,0.39,0.4,0.4,0.38,0.4
2024-04-26,5279,0.389753741238871,0.39,0.004482710014254186,0.38,0.39,0.39,0.39,0.39,0.4,0.4,0.38,0.4
2024-04-29,5279,0.3901572267474901,0.39,0.006246340118792219,0.38,0.39,0.39,0.39,0.4,0.4,0.4,0.38,0.4
2024-04-30,5279,0.3897196438719455,0.39,0.005222553581190604,0.38,0.39,0.39,0.39,0.4,0.4,0.4,0.38,0.4
2024-05-03,5279,0.380738776283387,0.38,0.006536052297473455,0.37,0.38,0.38,0.38,0.39,0.39,0.39,0.37,0.4
2024-05-04,5279,0.38306876302329984,0.38,0.0049296248132971975,0.38,0.38,0.38,0.39,0.39,0.39,0.4,0.38,0.4
2024-05-06,5279,0.39027088463724197,0.39,0.005010174058188046,0.38,0.39,0.39,0.39,0.4,0.4,0.4,0.38,0.4
2024-05-07,5279,0.38422049630611854,0.38,0.005089971760358783,0.38,0.38,0.38,0.39,0.39,0.39,0.39,0.38,0.4
2024-05-08,5279,0.38225989770789925,0.38,0.006585434862558025,0.37,0.38,0.38,0.39,0.39,0.39,0.39,0.37,0.39
2024-05-09,5279,0.3813828376586475,0.38,0.007384974289274391,0.37,0.38,0.38,0.39,0.39,0.39,0.39,0.37,0.39
2024-05-11,5279,0.38823451411252147,0.39,0.00458023276793933,0.38,0.39,0.39,0.39,0.39,0.39,0.4,0.38,0.4
2024-05-12,5279,0.3902576245501042,0.39,0.00429208337028582,0.38,0.39,0.39,0.39,0.4,0.4,0.4,0.38,0.4
2024-05-14,5279,0.382583822693692,0.38,0.008769281339905828,0.37,0.38,0.38,0.39,0.39,0.4,0.4,0.37,0.4
2024-05-15,5279,0.38781019132411443,0.39,0.005933996558447469,0.38,0.38,0.39,0.39,0.39,0.4,0.4,0.38,0.4
2024-05-16,5279,0.3912994885394962,0.39,0.003705525142097789,0.39,0.39,0.39,0.39,0.4,0.4,0.4,0.38,0.4
2024-05-17,5279,0.38418071604470544,0.38,0.005631743658447799,0.38,0.38,0.38,0.39,0.39,0.39,0.4,0.37,0.4
2024-05-18,5279,0.38796741807160445,0.39,0.007791690240749352,0.38,0.38,0.39,0.39,0.4,0.4,0.4,0.38,0.4
2024-05-19,5279,0.38647092252320514,0.39,0.006556807102550402,0.38,0.38,0.39,0.39,0.4,0.4,0.4,0.38,0.4
2024-05-20,5279,0.38487024057586666,0.38,0.005002104402658868,0.38,0.38,0.38,0.39,0.39,0.39,0.39,0.38,0.4
2024-05-23,5279,0.3805190376965334,0.38,0.007122156022224311,0.37,0.38,0.38,0.39,0.39,0.39,0.39,0.37,0.4
2024-05-24,5279,0.38661299488539497,0.39,0.005748408751394837,0.38,0.38,0.39,0.39,0.39,0.4,0.4,0.38,0.4
2024-05-25,5279,0.39109301003978025,0.39,0.0032451555708478924,0.39,0.39,0.39,0.39,0.4,0.4,0.4,0.38,0.4
2024-05-27,5279,0.38200416745595756,0.38,0.005926171854272081,0.37,0.38,0.38,0.39,0.39,0.39,0.4,0.37,0.4
2024-05-28,5279,0.37964197764728164,0.38,0.0070854302744009145,0.37,0.37,0.38,0.38,0.39,0.39,0.39,0.37,0.4
2024-05-29,5279,0.38379617351771167,0.38,0.004907260466497576,0.38,0.38,0.38,0.39,0.39,0.39,0.39,0.37,0.4
2024-05-31,5279,0.3844118204205342,0.38,0.005670578939219644,0.38,0.38,0.38,0.39,0.39,0.39,0.4,0.38,0.4
2024-06-01,5279,0.3809869293426785,0.38,0.006817487766322451,0.37,0.38,0.38,0.39,0.39,0.39,0.4,0.37,0.4
2024-06-02,5279,0.3809793521500284,0.38,0.006754380888198913,0.37,0.38,0.38,0.39,0.39,0.39,0.39,0.37,0.4
2024-06-03,5279,0.3842924796362948,0.38,0.0049725979843987115,0.38,0.38,0.38,0.39,0.39,0.39,0.39,0.38,0.4
2024-06-05,5279,0.38293047925743506,0.38,0.005552714298791911,0.38,0.38,0.38,0.39,0.39,0.39,0.39,0.37,0.4
2024-06-06,5279,0.3796703921197197,0.38,0.007956912788688071,0.37,0.37,0.38,0.39,0.39,0.39,0.4,0.37,0.4
2024-06-09,5279,0.3929380564500853,0.39,0.004555039933630107,0.39,0.39,0.39,0.4,0.4,0.4,0.4,0.39,0.4
2024-06-10,5279,0.40456715286986183,0.41000000000000003,0.007006964093355678,0.39,0.4,0.41000000000000003,0.41000000000000003,0.41000000000000003,0.41000000000000003,0.41000000000000003,0.38,0.41000000000000003
2024-06-12,5279,0.407194544421292,0.41000000000000003,0.005225565603271318,0.4,0.41000000000000003,0.41000000000000003,0.41000000000000003,0.41000000000000003,0.41000000000000003,0.41000000000000003,0.38,0.41000000000000003
2024-06-13,5279,0.4086247395340027,0.41000000000000003,0.0039511990170642145,0.4,0.41000000000000003,0.41000000000000003,0.41000000000000003,0.41000000000000003,0.41000000000000003,0.41000000000000003,0.39,0.41000000000000003
2024-06-14,5279,0.4097385868535708,0.41000000000000003,0.0015955546468756389,0.41000000000000003,0.41000000000000003,0.41000000000000003,0.41000000000000003,0.41000000000000003,0.41000000000000003,0.41000000000000003,0.4,0.41000000000000003
2024-06-17,5279,0.4100000000000001,0.41000000000000003,5.551115123125783e-17,0.41000000000000003,0.41000000000000003,0.41000000000000003,0.41000000000000003,0.41000000000000003,0.41000000000000003,0.41000000000000003,0.41000000000000003,0.41000000000000003
2024-06-18,5279,0.4100000000000001,0.41000000000000003,5.551115123125783e-17,0.41000000000000003,0.41000000000000003,0.41000000000000003,0.41000000000000003,0.41000000000000003,0.41000000000000003,0.41000000000000003,0.41000000000000003,0.41000000000000003
2024-06-20,5279,0.4100000000000001,0.41000000000000003,5.551115123125783e-17,0.41000000000000003,0.41000000000000003,0.41000000000000003,0.41000000000000003,0.41000000000000003,0.41000000000000003,0.41000000000000003,0.41000000000000003,0.41000000000000003
2024-06-21,5279,0.40999431710551243,0.41000000000000003,0.00023832047664052388,0.41000000000000003,0.41000000000000003,0.41000000000000003,0.41000000000000003,0.41000000000000003,0.41000000000000003,0.41000000000000003,0.4,0.41000000000000003
2024-06-22,5279,0.4099829513165373,0.41000000000000003,0.0004125483935491166,0.41000000000000003,0.41000000000000003,0.41000000000000003,0.41000000000000003,0.41000000000000003,0.41000000000000003,0.41000000000000003,0.4,0.41000000000000003
2024-06-23,5279,0.4098996021973859,0.41000000000000003,0.0009969444856016661,0.41000000000000003,0.41000000000000003,0.41000000000000003,0.41000000000000003,0.41000000000000003,0.41000000000000003,0.41000000000000003,0.4,0.41000000000000003
2024-06-25,5279,0.3946088274294375,0.4,0.009054226449673543,0.38,0.39,0.4,0.4,0.4,0.41000000000000003,0.41000000000000003,0.38,0.41000000000000003
2024-06-26,5279,0.38456715286986176,0.39,0.008234877755703477,0.37,0.38,0.39,0.39,0.39,0.4,0.4,0.37,0.4
2024-06-29,5279,0.40234135252888803,0.4,0.005194837710770877,0.4,0.4,0.4,0.41000000000000003,0.41000000000000003,0.41000000000000003,0.41000000000000003,0.39,0.41000000000000003
2024-06-30,5279,0.40191324114415605,0.4,0.005564825130709055,0.39,0.4,0.4,0.41000000000000003,0.41000000000000003,0.41000000000000003,0.41000000000000003,0.39,0.41000000000000003
2024-07-03,5279,0.3843853002462588,0.38,0.00590991761507028,0.38,0.38,0.38,0.39,0.39,0.39,0.4,0.37,0.4
2024-07-04,5279,0.3902386815684788,0.39,0.008261441935263394,0.38,0.38,0.39,0.4,0.4,0.4,0.4,0.38,0.4
2024-07-05,5279,0.394578518658837,0.39,0.007212799393646927,0.38,0.39,0.39,0.4,0.4,0.41000000000000003,0.41000000000000003,0.38,0.41000000000000003
2024-07-06,5279,0.3941068384163668,0.39,0.004988407533876201,0.39,0.39,0.39,0.4,0.4,0.4,0.4,0.38,0.4
2024-07-07,5279,0.3859253646523963,0.39,0.005191075181563171,0.38,0.38,0.39,0.39,0.39,0.39,0.4,0.38,0.4
2024-07-08,5279,0.3877533623792385,0.39,0.004654269383336459,0.38,0.39,0.39,0.39,0.39,0.39,0.4,0.38,0.4
2024-07-09,5279,0.39292100776662253,0.39,0.004547283946880372,0.39,0.39,0.39,0.4,0.4,0.4,0.4,0.39,0.4
2024-07-11,5279,0.3896874408031824,0.39,0.008450565802597001,0.38,0.38,0.39,0.4,0.4,0.4,0.4,0.37,0.41000000000000003
2024-07-12,5279,0.39486645197954157,0.39,0.006100764792727266,0.39,0.39,0.39,0.4,0.4,0.4,0.41000000000000003,0.38,0.41000000000000003
2024-07-14,5279,0.3975165751089222,0.4,0.008181293718137611,0.39,0.39,0.4,0.4,0.41000000000000003,0.41000000000000003,0.41000000000000003,0.38,0.41000000000000003
2024-07-15,5279,0.3953229778367115,0.39,0.009888795609738217,0.38,0.39,0.39,0.4,0.41000000000000003,0.41000000000000003,0.41000000000000003,0.38,0.41000000000000003
2024-07-16,5279,0.3998825535139231,0.4,0.00793665944895471,0.39,0.39,0.4,0.41000000000000003,0.41000000000000003,0.41000000000000003,0.41000000000000003,0.38,0.41000000000000003
2024-07-17,5279,0.40705436635726466,0.41000000000000003,0.004570912027144159,0.4,0.4,0.41000000000000003,0.41000000000000003,0.41000000000000003,0.41000000000000003,0.41000000000000003,0.39,0.41000000000000003
2024-07-18,5279,0.4099318052661489,0.41000000000000003,0.0008229804473898876,0.41000000000000003,0.41000000000000003,0.41000000000000003,0.41000000000000003,0.41000000000000003,0.41000000000000003,0.41000000000000003,0.4,0.41000000000000003
2024-07-19,5279,0.40988255351392316,0.41000000000000003,0.0010773445055678678,0.41000000000000003,0.41000000000000003,0.41000000000000003,0.41000000000000003,0.41000000000000003,0.41000000000000003,0.41000000000000003,0.4,0.41000000000000003
2024-07-20,5279,0.4098958136010608,0.41000000000000003,0.0010153862238911928,0.41000000000000003,0.41000000000000003,0.41000000000000003,0.41000000000000003,0.41000000000000003,0.41000000000000003,0.41000000000000003,0.4,0.41000000000000003
2024-07-23,5279,0.3941693502557303,0.39,0.004934359833412563,0.39,0.39,0.39,0.4,0.4,0.4,0.4,0.38,0.4
2024-07-24,5279,0.3856772115931047,0.38,0.00663150688801048,0.38,0.38,0.38,0.39,0.39,0.4,0.4,0.38,0.4
2024-07-25,5279,0.38659026330744456,0.38,0.007578905375666973,0.38,0.38,0.38,0.39,0.4,0.4,0.4,0.38,0.4
2024-07-26,5279,0.3958117067626445,0.39,0.006802727750952835,0.39,0.39,0.39,0.4,0.41000000000000003,0.41000000000000003,0.41000000000000003,0.39,0.41000000000000003
2024-07-27,5279,0.4008922144345521,0.4,0.0047218055872756265,0.39,0.4,0.4,0.4,0.41000000000000003,0.41000000000000003,0.41000000000000003,0.39,0.41000000000000003
2024-07-28,5279,0.401017238113279,0.4,0.007058833634875107,0.39,0.4,0.4,0.41000000000000003,0.41000000000000003,0.41000000000000003,0.41000000000000003,0.39,0.41000000000000003
2024-07-29,5279,0.40456525857169917,0.4,0.005308752265817629,0.4,0.4,0.4,0.41000000000000003,0.41000000000000003,0.41000000000000003,0.41000000000000003,0.39,0.41000000000000003
2024-07-31,5279,0.3923015722674749,0.39,0.005144914506892384,0.39,0.39,0.39,0.4,0.4,0.4,0.4,0.38,0.4
2024-08-01,5279,0.38997537412388716,0.39,0.005199137269349597,0.38,0.39,0.39,0.39,0.4,0.4,0.4,0.38,0.4
2024-08-02,5279,0.38348361432089406,0.38,0.005117233929698666,0.38,0.38,0.38,0.39,0.39,0.39,0.4,0.38,0.4
2024-08-04,5279,0.3867910589126729,0.39,0.005348979468688023,0.38,0.38,0.39,0.39,0.39,0.39,0.4,0.38,0.4
2024-08-05,5279,0.38998484561469987,0.39,0.003902553980581651,0.38,0.39,0.39,0.39,0.39,0.4,0.4,0.38,0.4
2024-08-06,5279,0.38291153627580976,0.38,0.004849500229898797,0.38,0.38,0.38,0.39,0.39,0.39,0.4,0.38,0.4
2024-08-07,5279,0.37901875355180903,0.38,0.006422002683672637,0.37,0.37,0.38,0.38,0.39,0.39,0.39,0.37,0.4
2024-08-08,5279,0.3771869672286418,0.38,0.006469162183540344,0.37,0.37,0.38,0.38,0.39,0.39,0.39,0.37,0.39
2024-08-09,5279,0.38518658836900926,0.38,0.00631603153105596,0.38,0.38,0.38,0.39,0.39,0.4,0.4,0.38,0.4
2024-08-10,5279,0.391477552566774,0.39,0.006060175135324215,0.38,0.39,0.39,0.4,0.4,0.4,0.4,0.38,0.4
2024-08-13,5279,0.384739534002652,0.38,0.006313416427336958,0.38,0.38,0.38,0.39,0.39,0.4,0.4,0.38,0.4
2024-08-14,5279,0.3866319378670203,0.39,0.007182251905054619,0.38,0.38,0.39,0.39,0.4,0.4,0.4,0.38,0.4
2024-08-15,5279,0.38877817768516765,0.39,0.005142766583105516,0.38,0.39,0.39,0.39,0.39,0.4,0.4,0.38,0.4
2024-08-16,5279,0.38209888236408407,0.38,0.004072286392504561,0.38,0.38,0.38,0.38,0.39,0.39,0.39,0.38,0.39
2024-08-17,5279,0.3814055692365978,0.38,0.0038970137892569328,0.38,0.38,0.38,0.38,0.39,0.39,0.39,0.37,0.39
2024-08-18,5279,0.37762265580602383,0.38,0.007376749237788904,0.37,0.37,0.38,0.38,0.39,0.39,0.39,0.37,0.4
2024-08-19,5279,0.3859462019321841,0.38,0.007226069930154837,0.38,0.38,0.38,0.39,0.4,0.4,0.4,0.38,0.4
2024-08-21,5279,0.3972759992422807,0.4,0.006569442960519319,0.39,0.39,0.4,0.4,0.4,0.41000000000000003,0.41000000000000003,0.38,0.41000000000000003
2024-08-22,5279,0.39647660541769275,0.4,0.004824341198489994,0.39,0.39,0.4,0.4,0.4,0.4,0.4,0.38,0.41000000000000003
2024-08-24,5279,0.38230725516196246,0.38,0.0042487895856617,0.38,0.38,0.38,0.38,0.39,0.39,0.39,0.37,0.39
2024-08-25,5279,0.3874332259897708,0.39,0.00603896252801229,0.38,0.38,0.39,0.39,0.39,0.4,0.4,0.38,0.4
2024-08-26,5279,0.39652964576624367,0.4,0.006228932827906827,0.39,0.39,0.4,0.4,0.4,0.41000000000000003,0.41000000000000003,0.38,0.41000000000000003
2024-08-27,5279,0.39544989581360107,0.4,0.005002490333464721,0.39,0.39,0.4,0.4,0.4,0.4,0.4,0.39,0.41000000000000003
2024-08-28,5279,0.39551430195112713,0.4,0.00500006952409876,0.39,0.39,0.4,0.4,0.4,0.4,0.4,0.39,0.41000000000000003
2024-08-29,5279,0.3897916272021216,0.39,0.003833304120676293,0.38,0.39,0.39,0.39,0.39,0.4,0.4,0.38,0.4
2024-08-30,5279,0.38448948664519794,0.38,0.005030672476252856,0.38,0.38,0.38,0.39,0.39,0.39,0.39,0.38,0.4
2024-09-01,5279,0.3765618488350067,0.38,0.006624984945393093,0.37,0.37,0.38,0.38,0.39,0.39,0.39,0.37,0.39
2024-09-02,5279,0.38355180905474523,0.38,0.005017559245401995,0.38,0.38,0.38,0.39,0.39,0.39,0.4,0.38,0.4
2024-09-03,5279,0.3921310854328472,0.39,0.004095037143467455,0.39,0.39,0.39,0.39,0.4,0.4,0.4,0.39,0.4
2024-09-04,5279,0.38306308012881224,0.38,0.005411115007253929,0.38,0.38,0.38,0.39,0.39,0.39,0.4,0.37,0.4
2024-09-07,5279,0.3886266338321653,0.39,0.003717202864578004,0.38,0.39,0.39,0.39,0.39,0.39,0.39,0.38,0.4
2024-09-08,5279,0.3851297594241334,0.39,0.005002104402658869,0.38,0.38,0.39,0.39,0.39,0.39,0.39,0.38,0.4
2024-09-10,5279,0.382030687630233,0.38,0.004193443059232053,0.38,0.38,0.38,0.38,0.39,0.39,0.39,0.37,0.39
2024-09-11,5279,0.3757927637810191,0.37,0.006456423994211941,0.37,0.37,0.37,0.38,0.38,0.39,0.39,0.37,0.39
2024-09-12,5279,0.3826046599734798,0.38,0.004906512355041874,0.38,0.38,0.38,0.39,0.39,0.39,0.4,0.37,0.4
2024-09-15,5279,0.37570941466186775,0.38,0.006007481634779709,0.37,0.37,0.38,0.38,0.38,0.39,0.39,0.37,0.39
2024-09-16,5279,0.37646902822504263,0.38,0.00718576983659344,0.37,0.37,0.38,0.38,0.39,0.39,0.39,0.37,0.39
2024-09-19,5279,0.3816006819473385,0.38,0.003666692893719043,0.38,0.38,0.38,0.38,0.39,0.39,0.39,0.38,0.39
2024-09-20,5279,0.37340215949990535,0.37,0.005325139998474515,0.37,0.37,0.37,0.38,0.38,0.38,0.39,0.37,0.39
2024-09-21,5279,0.3834608827429437,0.38,0.005009361803695325,0.38,0.38,0.38,0.39,0.39,0.39,0.4,0.38,0.4
2024-09-22,5279,0.39030687630233,0.39,0.003074587724268643,0.39,0.39,0.39,0.39,0.39,0.4,0.4,0.38,0.4
2024-09-23,5279,0.3798143587800719,0.38,0.004494067390826758,0.37,0.38,0.38,0.38,0.38,0.39,0.39,0.37,0.39
2024-09-24,5279,0.3872078045084297,0.39,0.004796345740207293,0.38,0.38,0.39,0.39,0.39,0.39,0.4,0.38,0.4
2024-09-27,5279,0.398090547452169,0.4,0.007362462689295734,0.39,0.39,0.4,0.4,0.41000000000000003,0.41000000000000003,0.41000000000000003,0.38,0.41000000000000003
2024-09-28,5279,0.40196438719454436,0.4,0.005552097108827311,0.39,0.4,0.4,0.41000000000000003,0.41000000000000003,0.41000000000000003,0.41000000000000003,0.39,0.41000000000000003
2024-10-01,5279,0.4043796173517712,0.4,0.004995607974914782,0.4,0.4,0.4,0.41000000000000003,0.41000000000000003,0.41000000000000003,0.41000000000000003,0.39,0.41000000000000003
2024-10-02,5279,0.3974862663383216,0.4,0.007984436868693929,0.39,0.39,0.4,0.4,0.41000000000000003,0.41000000000000003,0.41000000000000003,0.39,0.41000000000000003
2024-10-04,5279,0.3946069331312749,0.4,0.00600813028505071,0.38,0.39,0.4,0.4,0.4,0.4,0.4,0.38,0.41000000000000003
2024-10-05,5279,0.39768137904906226,0.4,0.005457304351274925,0.39,0.39,0.4,0.4,0.4,0.41000000000000003,0.41000000000000003,0.39,0.41000000000000003
2024-10-06,5279,0.392491002083728,0.39,0.007891374227240193,0.38,0.39,0.39,0.4,0.4,0.41000000000000003,0.41000000000000003,0.38,0.41000000000000003
2024-10-07,5279,0.39057965523773447,0.39,0.007319544078082542,0.38,0.39,0.39,0.39,0.4,0.4,0.41000000000000003,0.38,0.41000000000000003
2024-10-09,5279,0.39330555029361625,0.39,0.004819495111192022,0.39,0.39,0.39,0.4,0.4,0.4,0.4,0.39,0.41000000000000003
2024-10-10,5279,0.38947527940897897,0.39,0.005608401066591904,0.38,0.39,0.39,0.39,0.4,0.4,0.4,0.38,0.4
2024-10-13,5279,0.39111953021405577,0.39,0.00510328214210081,0.38,0.39,0.39,0.39,0.4,0.4,0.4,0.38,0.4
2024-10-14,5279,0.38707520363705245,0.39,0.006084601878987615,0.38,0.38,0.39,0.39,0.39,0.4,0.4,0.38,0.4
2024-10-15,5279,0.3761943549914757,0.37,0.006942578214700749,0.37,0.37,0.37,0.38,0.39,0.39,0.39,0.37,0.4
2024-10-16,5279,0.38013638946770223,0.38,0.0076321693765630545,0.37,0.37,0.38,0.39,0.39,0.39,0.4,0.37,0.4
2024-10-17,5279,0.39452737260844856,0.39,0.006176598447059894,0.38,0.39,0.39,0.4,0.4,0.4,0.41000000000000003,0.38,0.41000000000000003
2024-10-18,5279,0.4079579465807918,0.41000000000000003,0.004031197343864728,0.4,0.41000000000000003,0.41000000000000003,0.41000000000000003,0.41000000000000003,0.41000000000000003,0.41000000000000003,0.4,0.41000000000000003
2024-10-19,5279,0.4100000000000001,0.41000000000000003,5.551115123125783e-17,0.41000000000000003,0.41000000000000003,0.41000000000000003,0.41000000000000003,0.41000000000000003,0.41000000000000003,0.41000000000000003,0.41000000000000003,0.41000000000000003
2024-10-21,5279,0.3998617162341353,0.4,0.006243755021347902,0.39,0.4,0.4,0.4,0.41000000000000003,0.41000000000000003,0.41000000000000003,0.39,0.41000000000000003
2024-10-22,5279,0.39310096609206296,0.39,0.004666104354706537,0.39,0.39,0.39,0.4,0.4,0.4,0.4,0.38,0.4
2024-10-24,5279,0.3835101344951696,0.38,0.007288824139822521,0.37,0.38,0.38,0.39,0.39,0.39,0.39,0.37,0.4
2024-10-25,5279,0.38415419587043004,0.39,0.007066357795573985,0.37,0.38,0.39,0.39,0.39,0.39,0.39,0.37,0.4
2024-10-26,5279,0.39138473195681006,0.39,0.005287305498162522,0.38,0.39,0.39,0.39,0.4,0.4,0.4,0.38,0.4
2024-10-27,5279,0.4039515059670392,0.4,0.004888830152791736,0.4,0.4,0.4,0.41000000000000003,0.41000000000000003,0.41000000000000003,0.41000000000000003,0.4,0.41000000000000003
2024-10-28,5279,0.40994695965144917,0.41000000000000003,0.0007263540506765438,0.41000000000000003,0.41000000000000003,0.41000000000000003,0.41000000000000003,0.41000000000000003,0.41000000000000003,0.41000000000000003,0.4,0.41000000000000003
2024-10-29,5279,0.4095662057207805,0.41000000000000003,0.002037097276889813,0.41000000000000003,0.41000000000000003,0.41000000000000003,0.41000000000000003,0.41000000000000003,0.41000000000000003,0.41000000000000003,0.4,0.41000000000000003
2024-10-30,5279,0.4046505019890131,0.4,0.005504138795956573,0.4,0.4,0.4,0.41000000000000003,0.41000000000000003,0.41000000000000003,0.41000000000000003,0.39,0.41000000000000003
2024-11-01,5279,0.39722674749005493,0.4,0.005903812941356189,0.39,0.39,0.4,0.4,0.4,0.41000000000000003,0.41000000000000003,0.39,0.41000000000000003
2024-11-02,5279,0.38845235840121234,0.39,0.007381773452396212,0.38,0.38,0.39,0.39,0.4,0.4,0.4,0.38,0.4
2024-11-03,5279,0.3787137715476416,0.38,0.007553139507858488,0.37,0.37,0.38,0.38,0.39,0.39,0.39,0.37,0.4
2024-11-04,5279,0.38224284902443645,0.38,0.006277727546378284,0.37,0.38,0.38,0.39,0.39,0.39,0.4,0.37,0.4
2024-11-07,5279,0.3861526804319,0.39,0.0050861295392912115,0.38,0.38,0.39,0.39,0.39,0.39,0.4,0.38,0.4
2024-11-08,5279,0.387755256677401,0.39,0.008583077307632818,0.37,0.38,0.39,0.39,0.4,0.4,0.4,0.37,0.4
2024-11-10,5279,0.3814188293237355,0.38,0.004126090144863839,0.38,0.38,0.38,0.38,0.39,0.39,0.39,0.37,0.39
2024-11-11,5279,0.38659215760560717,0.39,0.005312598288314393,0.38,0.38,0.39,0.39,0.39,0.39,0.4,0.38,0.4
2024-11-12,5279,0.38193597272210644,0.38,0.006105940371447834,0.37,0.38,0.38,0.39,0.39,0.39,0.39,0.37,0.4
2024-11-13,5279,0.38300625118393633,0.38,0.007109017585480745,0.37,0.38,0.38,0.39,0.39,0.39,0.4,0.37,0.4
2024-11-15,5279,0.40276756961545757,0.4,0.004828284724513966,0.4,0.4,0.4,0.41000000000000003,0.41000000000000003,0.41000000000000003,0.41000000000000003,0.39,0.41000000000000003
2024-11-16,5279,0.4063799962114038,0.41000000000000003,0.005250347999902883,0.4,0.4,0.41000000000000003,0.41000000000000003,0.41000000000000003,0.41000000000000003,0.41000000000000003,0.39,0.41000000000000003
2024-11-19,5279,0.39012881227505225,0.39,0.0028378015381941442,0.39,0.39,0.39,0.39,0.39,0.39,0.4,0.38,0.4
2024-11-20,5279,0.388090547452169,0.39,0.004232151232787166,0.38,0.39,0.39,0.39,0.39,0.39,0.4,0.38,0.4
2024-11-22,5279,0.3786531540064406,0.38,0.006888882425840839,0.37,0.37,0.38,0.38,0.39,0.39,0.39,0.37,0.4
2024-11-23,5279,0.3762758098124645,0.38,0.006711414180466854,0.37,0.37,0.38,0.38,0.39,0.39,0.39,0.37,0.39
2024-11-24,5279,0.38219549157037314,0.38,0.004175861608597326,0.38,0.38,0.38,0.38,0.39,0.39,0.39,0.38,0.4
2024-11-27,5279,0.3791892403864368,0.38,0.007017013784372651,0.37,0.37,0.38,0.38,0.39,0.39,0.39,0.37,0.4
2024-11-28,5279,0.3806611100587232,0.38,0.006545811370951916,0.37,0.38,0.38,0.38,0.39,0.39,0.39,0.37,0.4
2024-11-30,5279,0.3909641977647282,0.39,0.0038535472443418477,0.39,0.39,0.39,0.39,0.4,0.4,0.4,0.38,0.4
2024-12-01,5279,0.38842583822693694,0.39,0.0057841897319707535,0.38,0.38,0.39,0.39,0.4,0.4,0.4,0.38,0.4
2024-12-02,5279,0.3897821557113089,0.39,0.006669894576901757,0.38,0.39,0.39,0.39,0.4,0.4,0.4,0.38,0.4
2024-12-04,5279,0.3915021784428869,0.39,0.004687380230415985,0.39,0.39,0.39,0.39,0.4,0.4,0.4,0.38,0.41000000000000003
2024-12-05,5279,0.38431710551240766,0.38,0.005746312807962507,0.38,0.38,0.38,0.39,0.39,0.39,0.4,0.38,0.4
2024-12-06,5279,0.385478310286039,0.39,0.0058420075481953465,0.38,0.38,0.39,0.39,0.39,0.39,0.4,0.38,0.4
2024-12-07,5279,0.38172949422239055,0.38,0.0061136195153320225,0.37,0.38,0.38,0.38,0.39,0.39,0.4,0.37,0.4
2024-12-08,5279,0.3796249289638189,0.38,0.008171042333656422,0.37,0.37,0.38,0.39,0.39,0.39,0.4,0.37,0.4
2024-12-09,5279,0.3844800151543853,0.38,0.005680574130068511,0.38,0.38,0.38,0.39,0.39,0.39,0.4,0.38,0.4
2024-12-10,5279,0.3927713582117826,0.39,0.005593325206462052,0.38,0.39,0.39,0.4,0.4,0.4,0.4,0.38,0.4
2024-12-13,5279,0.3960200795605229,0.4,0.005956237950115054,0.39,0.39,0.4,0.4,0.4,0.4,0.41000000000000003,0.38,0.41000000000000003
2024-12-14,5279,0.38658079181663196,0.39,0.005131040783387102,0.38,0.38,0.39,0.39,0.39,0.39,0.4,0.38,0.4
2024-12-15,5279,0.3834286796741807,0.38,0.0048610333642071495,0.38,0.38,0.38,0.39,0.39,0.39,0.39,0.38,0.4
2024-12-17,5279,0.37891456715286986,0.38,0.009540300158000498,0.37,0.37,0.38,0.39,0.39,0.4,0.4,0.37,0.4
2024-12-18,5279,0.3786039022542148,0.38,0.007301204591383297,0.37,0.37,0.38,0.38,0.39,0.39,0.39,0.37,0.4
2024-12-19,5279,0.3864652396287176,0.39,0.00502393157947284,0.38,0.38,0.39,0.39,0.39,0.39,0.4,0.38,0.4
2024-12-21,5279,0.39053798067815865,0.39,0.008431354075952918,0.38,0.38,0.39,0.4,0.4,0.4,0.4,0.38,0.41000000000000003
2024-12-22,5279,0.39560143966660355,0.4,0.005381195976547042,0.39,0.39,0.4,0.4,0.4,0.4,0.41000000000000003,0.39,0.41000000000000003
2024-12-24,5279,0.39280356128054555,0.39,0.007081204267843034,0.38,0.39,0.39,0.4,0.4,0.4,0.41000000000000003,0.38,0.41000000000000003
2024-12-25,5279,0.4006516385679106,0.4,0.004254597890090498,0.39,0.4,0.4,0.4,0.41000000000000003,0.41000000000000003,0.41000000000000003,0.39,0.41000000000000003
2024-12-26,5279,0.40317484372040163,0.4,0.004654976321641447,0.4,0.4,0.4,0.41000000000000003,0.41000000000000003,0.41000000000000003,0.41000000000000003,0.4,0.41000000000000003
2024-12-27,5279,0.39369767001326006,0.39,0.006071829333022996,0.38,0.39,0.39,0.4,0.4,0.4,0.41000000000000003,0.38,0.41000000000000003
2024-12-28,5279,0.38736124265959465,0.39,0.00638391184248398,0.38,0.38,0.39,0.39,0.4,0.4,0.4,0.38,0.4
2024-12-29,5279,0.39348740291721923,0.39,0.004960478628891949,0.39,0.39,0.39,0.4,0.4,0.4,0.4,0.38,0.4
2024-12-30,5279,0.3905682894487593,0.39,0.003390791594395183,0.39,0.39,0.39,0.39,0.39,0.4,0.4,0.38,0.4
2025-01-03,5279,0.3936673612426596,0.39,0.007690251433081883,0.38,0.39,0.39,0.4,0.4,0.41000000000000003,0.41000000000000003,0.38,0.41000000000000003
2025-01-04,5279,0.38630043568857736,0.38,0.008356603968815945,0.38,0.38,0.38,0.39,0.4,0.4,0.4,0.37,0.4
2025-01-05,5279,0.3889808675885585,0.39,0.005606214376361912,0.38,0.39,0.39,0.39,0.4,0.4,0.4,0.38,0.4
2025-01-06,5279,0.3981057018374692,0.4,0.004278986004918499,0.39,0.4,0.4,0.4,0.4,0.4,0.41000000000000003,0.39,0.41000000000000003
2025-01-07,5279,0.40258192839552953,0.4,0.006113597798285347,0.39,0.4,0.4,0.41000000000000003,0.41000000000000003,0.41000000000000003,0.41000000000000003,0.39,0.41000000000000003
2025-01-08,5279,0.3927315779503694,0.39,0.007352910051133203,0.38,0.39,0.39,0.4,0.4,0.4,0.41000000000000003,0.38,0.41000000000000003
2025-01-09,5279,0.385506724758477,0.39,0.0069231090940792845,0.37,0.38,0.39,0.39,0.39,0.4,0.4,0.37,0.4
2025-01-11,5279,0.39301951127107415,0.39,0.006857809360230798,0.38,0.39,0.39,0.4,0.4,0.4,0.4,0.37,0.41000000000000003
2025-01-12,5279,0.39103996969122945,0.39,0.006357871953914592,0.38,0.39,0.39,0.39,0.4,0.4,0.41000000000000003,0.37,0.41000000000000003
2025-01-14,5279,0.38364652396287174,0.38,0.007436087644281891,0.37,0.38,0.38,0.39,0.39,0.4,0.4,0.37,0.4
2025-01-15,5279,0.38453116120477354,0.38,0.006609484537098788,0.38,0.38,0.38,0.39,0.39,0.4,0.4,0.37,0.4
2025-01-16,5279,0.3858685357075204,0.39,0.00541851001324121,0.38,0.38,0.39,0.39,0.39,0.39,0.4,0.38,0.4
2025-01-17,5279,0.3888331123318811,0.39,0.0044600895230462925,0.38,0.39,0.39,0.39,0.39,0.39,0.4,0.38,0.4
2025-01-19,5279,0.38686493654101156,0.39,0.008067891263286086,0.38,0.38,0.39,0.39,0.4,0.4,0.4,0.37,0.4
2025-01-20,5279,0.38680242470164805,0.39,0.006796154169200119,0.38,0.38,0.39,0.39,0.4,0.4,0.4,0.38,0.4
2025-01-23,5279,0.4065485887478689,0.41000000000000003,0.005118695087498602,0.4,0.4,0.41000000000000003,0.41000000000000003,0.41000000000000003,0.41000000000000003,0.41000000000000003,0.39,0.41000000000000003
2025-01-24,5279,0.40501989013070666,0.41000000000000003,0.006163967048716411,0.39,0.4,0.41000000000000003,0.41000000000000003,0.41000000000000003,0.41000000000000003,0.41000000000000003,0.39,0.41000000000000003
2025-01-25,5279,0.3997158552756204,0.4,0.007031089228857929,0.39,0.39,0.4,0.4,0.41000000000000003,0.41000000000000003,0.41000000000000003,0.39,0.41000000000000003
2025-01-26,5279,0.387169918545179,0.39,0.006332914991325895,0.38,0.38,0.39,0.39,0.39,0.4,0.4,0.38,0.4
2025-01-27,5279,0.3819833301761697,0.38,0.005535100981778145,0.37,0.38,0.38,0.38,0.39,0.39,0.4,0.37,0.4
2025-01-28,5279,0.3808808486455768,0.38,0.005373069132925082,0.37,0.38,0.38,0.38,0.39,0.39,0.4,0.37,0.4
2025-01-29,5279,0.3779446864936541,0.38,0.0070341338698079875,0.37,0.37,0.38,0.38,0.39,0.39,0.39,0.37,0.4
2025-01-31,5279,0.38388899412767563,0.38,0.005028031869597246,0.38,0.38,0.38,0.39,0.39,0.39,0.39,0.38,0.4
2025-02-01,5279,0.38249100208372794,0.38,0.004324919589558018,0.38,0.38,0.38,0.38,0.39,0.39,0.39,0.38,0.39
2025-02-02,5279,0.383815116499337,0.38,0.00490028536777333,0.38,0.38,0.38,0.39,0.39,0.39,0.39,0.37,0.4
2025-02-03,5279,0.3872286417882175,0.39,0.0056573067944920095,0.38,0.38,0.39,0.39,0.39,0.4,0.4,0.38,0.4
2025-02-05,5279,0.3814908126539117,0.38,0.006366457975927942,0.37,0.38,0.38,0.39,0.39,0.39,0.39,0.37,0.4
2025-02-06,5279,0.38246827050577753,0.38,0.0045385352064699356,0.38,0.38,0.38,0.38,0.39,0.39,0.39220000000000255,0.38,0.4
2025-02-09,5279,0.37987497632127293,0.38,0.006841887141536214,0.37,0.38,0.38,0.38,0.39,0.39,0.39,0.37,0.39
2025-02-10,5279,0.3861962492896382,0.39,0.005574083634164641,0.38,0.38,0.39,0.39,0.39,0.39,0.4,0.38,0.4
2025-02-11,5279,0.39047357454063275,0.39,0.0037696523915275158,0.39,0.39,0.39,0.39,0.39,0.4,0.4,0.38,0.4
2025-02-12,5279,0.38182420913051707,0.38,0.005417462907283624,0.37,0.38,0.38,0.38,0.39,0.39,0.39220000000000255,0.37,0.4
2025-02-13,5279,0.3741163099071794,0.37,0.005946222751926787,0.37,0.37,0.37,0.38,0.38,0.39,0.39,0.37,0.39
2025-02-14,5279,0.37601439666603526,0.37,0.006822831780229057,0.37,0.37,0.37,0.38,0.39,0.39,0.39,0.37,0.4
2025-02-17,5279,0.3897329039590831,0.39,0.006218284098421454,0.38,0.39,0.39,0.39,0.4,0.4,0.4,0.38,0.4
2025-02-18,5279,0.38174654290585336,0.38,0.006630691387180324,0.37,0.38,0.38,0.39,0.39,0.39,0.39,0.37,0.4
2025-02-20,5279,0.3835252888804698,0.38,0.005413291681573169,0.38,0.38,0.38,0.39,0.39,0.39,0.39,0.37,0.4
2025-02-21,5279,0.39436256866830843,0.39,0.005035017434169441,0.39,0.39,0.39,0.4,0.4,0.4,0.4,0.38,0.4
2025-02-22,5279,0.39076908505398755,0.39,0.0062570666953157,0.38,0.39,0.39,0.39,0.4,0.4,0.4,0.38,0.41000000000000003
2025-02-23,5279,0.38062132979731006,0.38,0.006218872678738438,0.37,0.38,0.38,0.38,0.39,0.39,0.4,0.37,0.4
2025-02-25,5279,0.3831236976700132,0.38,0.004679341317134617,0.38,0.38,0.38,0.39,0.39,0.39,0.39,0.38,0.4
2025-02-26,5279,0.3773290395908316,0.38,0.00579597972624705,0.37,0.37,0.38,0.38,0.38,0.39,0.39,0.37,0.39
2025-03-03,5279,0.383754498958136,0.38,0.005400880262101609,0.38,0.38,0.38,0.39,0.39,0.39,0.4,0.38,0.4
2025-03-04,5279,0.37771737071415046,0.38,0.0076877191780984,0.37,0.37,0.38,0.38,0.39,0.39,0.39,0.37,0.4
2025-03-05,5279,0.38483046031445345,0.38,0.006155515393814299,0.38,0.38,0.38,0.39,0.39,0.4,0.4,0.38,0.4
2025-03-06,5279,0.3921443455199849,0.39,0.004424141368086438,0.39,0.39,0.39,0.39,0.4,0.4,0.4,0.38,0.4
2025-03-07,5279,0.38313506345898846,0.38,0.004744159223984362,0.38,0.38,0.38,0.39,0.39,0.39,0.39,0.38,0.4
2025-03-08,5279,0.37566584580412954,0.38,0.0057680517432461284,0.37,0.37,0.38,0.38,0.38,0.38,0.39,0.37,0.39
2025-03-09,5279,0.37929342678537603,0.38,0.0067575735669877235,0.37,0.37,0.38,0.38,0.39,0.39,0.39,0.37,0.39
2025-03-11,5279,0.381909452547831,0.38,0.003935276662338053,0.38,0.38,0.38,0.38,0.39,0.39,0.39,0.38,0.4
2025-03-12,5279,0.38202879333207046,0.38,0.004021433940331622,0.38,0.38,0.38,0.38,0.39,0.39,0.39,0.38,0.39
2025-03-14,5279,0.38143777230536086,0.38,0.006005416955522907,0.37,0.38,0.38,0.38,0.39,0.39,0.39,0.37,0.4
2025-03-15,5279,0.37984277325251,0.38,0.00587437956322282,0.37,0.38,0.38,0.38,0.39,0.39,0.39,0.37,0.4
2025-03-16,5279,0.38531540064406133,0.38,0.005658894196293253,0.38,0.38,0.38,0.39,0.39,0.39,0.4,0.38,0.4
2025-03-17,5279,0.38561469975374124,0.39,0.005393763795006523,0.38,0.38,0.39,0.39,0.39,0.39,0.39,0.37,0.4
2025-03-18,5279,0.3788994127675696,0.38,0.007019384145012771,0.37,0.37,0.38,0.38,0.39,0.39,0.39,0.37,0.4
2025-03-19,5279,0.38393256298541384,0.38,0.005640623237065287,0.38,0.38,0.38,0.39,0.39,0.39,0.4,0.37,0.4
2025-03-20,5279,0.38415609016859253,0.38,0.005027211079810542,0.38,0.38,0.38,0.39,0.39,0.39,0.39,0.37,0.4
2025-03-23,5279,0.3898768706194355,0.39,0.007802981807040598,0.38,0.38,0.39,0.4,0.4,0.4,0.4,0.38,0.41000000000000003
2025-03-24,5279,0.3906383784807728,0.39,0.009186958237185438,0.38,0.38,0.39,0.4,0.4,0.41000000000000003,0.41000000000000003,0.38,0.41000000000000003
2025-03-26,5279,0.39875165751089225,0.4,0.005253083832496582,0.39,0.4,0.4,0.4,0.4,0.41000000000000003,0.41000000000000003,0.38,0.41000000000000003
2025-03-27,5279,0.3849630611858306,0.38,0.005115965244680313,0.38,0.38,0.38,0.39,0.39,0.39,0.39,0.38,0.4
2025-03-28,5279,0.38029172191702976,0.38,0.003534549210624873,0.38,0.38,0.38,0.38,0.38,0.39,0.39,0.37,0.39
2025-03-29,5279,0.382309149460125,0.38,0.004223161765615403,0.38,0.38,0.38,0.38,0.39,0.39,0.39,0.38,0.4
2025-03-31,5279,0.3813468459935594,0.38,0.0034138637648897054,0.38,0.38,0.38,0.38,0.39,0.39,0.39,0.38,0.39
2025-04-03,5279,0.382894487592347,0.38,0.005160287939768281,0.38,0.38,0.38,0.39,0.39,0.39,0.4,0.37,0.4
2025-04-04,5279,0.38588747868914564,0.39,0.006426425989797129,0.38,0.38,0.39,0.39,0.39,0.4,0.4,0.38,0.4
2025-04-05,5279,0.38294373934457276,0.38,0.004764868963856581,0.38,0.38,0.38,0.39,0.39,0.39,0.39,0.38,0.4
2025-04-06,5279,0.37924417503315017,0.38,0.005036037178628944,0.37,0.38,0.38,0.38,0.38,0.39,0.39,0.37,0.39
2025-04-07,5279,0.3806308012881227,0.38,0.005484646494535725,0.37,0.38,0.38,0.38,0.39,0.39,0.39,0.37,0.4
2025-04-08,5279,0.38659973479825727,0.39,0.0051436135818906685,0.38,0.38,0.39,0.39,0.39,0.39,0.4,0.38,0.4
2025-04-09,5279,0.3891721917029741,0.39,0.00333977498331735,0.38,0.39,0.39,0.39,0.39,0.39,0.4,0.38,0.4
2025-04-11,5279,0.3824228073498769,0.38,0.0043678268447722435,0.38,0.38,0.38,0.38,0.39,0.39,0.39,0.38,0.4
2025-04-12,5279,0.38042621708656943,0.38,0.005982563087972905,0.37,0.38,0.38,0.38,0.39,0.39,0.39,0.37,0.39
2025-04-14,5279,0.38312938056450085,0.38,0.004868076498584281,0.38,0.38,0.38,0.39,0.39,0.39,0.4,0.37,0.4
2025-04-15,5279,0.3824095472627391,0.38,0.004294310010819001,0.38,0.38,0.38,0.38,0.39,0.39,0.39,0.38,0.4
2025-04-16,5279,0.38200037885963245,0.38,0.005132751794279413,0.38,0.38,0.38,0.38,0.39,0.39,0.4,0.37,0.4
2025-04-17,5279,0.38132600871377154,0.38,0.006353809253171407,0.37,0.38,0.38,0.38,0.39,0.39,0.4,0.37,0.4
2025-04-19,5279,0.38411062701269183,0.38,0.005149763047726962,0.38,0.38,0.38,0.39,0.39,0.39,0.4,0.38,0.4
2025-04-20,5279,0.3841068384163667,0.38,0.005056298751314436,0.38,0.38,0.38,0.39,0.39,0.39,0.39,0.38,0.4
2025-04-23,5279,0.38562038264822884,0.38,0.006591240331328591,0.38,0.38,0.38,0.39,0.39,0.4,0.4,0.38,0.4
2025-04-24,5279,0.3955824966849782,0.4,0.004965953847146531,0.39,0.39,0.4,0.4,0.4,0.4,0.4,0.39,0.4
2025-04-25,5279,0.3852453116120477,0.39,0.004993978595568326,0.38,0.38,0.39,0.39,0.39,0.39,0.39,0.38,0.39
2025-04-26,5279,0.3852491002083728,0.38,0.0061773902467509335,0.38,0.38,0.38,0.39,0.39,0.4,0.4,0.38,0.4
2025-04-27,5279,0.3856563743133169,0.38,0.0070998168777608416,0.38,0.38,0.38,0.39,0.4,0.4,0.4,0.38,0.4
2025-04-28,5279,0.3921254025383596,0.39,0.004861268841068379,0.39,0.39,0.39,0.39,0.4,0.4,0.4,0.38,0.4
2025-04-29,5279,0.3907482477741998,0.39,0.004658125017444464,0.38,0.39,0.39,0.39,0.4,0.4,0.4,0.38,0.41000000000000003
2025-05-01,5279,0.3759007387762834,0.37,0.0067943011665848796,0.37,0.37,0.37,0.38,0.39,0.39,0.39,0.37,0.39
2025-05-02,5279,0.3782345141125213,0.38,0.0066170901524292254,0.37,0.37,0.38,0.38,0.39,0.39,0.39,0.37,0.4
2025-05-03,5279,0.38392309149460124,0.38,0.005688990226954904,0.38,0.38,0.38,0.39,0.39,0.39,0.4,0.38,0.4
2025-05-05,5279,0.3835309717749574,0.38,0.004779325901633845,0.38,0.38,0.38,0.39,0.39,0.39,0.39,0.38,0.39
2025-05-06,5279,0.3799128622845236,0.38,0.005417935818904533,0.37,0.38,0.38,0.38,0.39,0.39,0.39,0.37,0.39
2025-05-09,5279,0.40101344951695395,0.4,0.003957484919552062,0.4,0.4,0.4,0.4,0.41000000000000003,0.41000000000000003,0.41000000000000003,0.39,0.41000000000000003
2025-05-10,5279,0.40918355749194923,0.41000000000000003,0.0027382196244193887,0.4,0.41000000000000003,0.41000000000000003,0.41000000000000003,0.41000000000000003,0.41000000000000003,0.41000000000000003,0.4,0.41000000000000003
2025-05-11,5279,0.4099659026330745,0.41000000000000003,0.0005829331340936845,0.41000000000000003,0.41000000000000003,0.41000000000000003,0.41000000000000003,0.41000000000000003,0.41000000000000003,0.41000000000000003,0.4,0.41000000000000003
2025-05-13,5279,0.4074445917787461,0.41000000000000003,0.004361647743145659,0.4,0.4,0.41000000000000003,0.41000000000000003,0.41000000000000003,0.41000000000000003,0.41000000000000003,0.4,0.41000000000000003
2025-05-14,5279,0.40375071036181104,0.4,0.00542450528560078,0.4,0.4,0.4,0.41000000000000003,0.41000000000000003,0.41000000000000003,0.41000000000000003,0.39,0.41000000000000003
2025-05-17,5279,0.3966944497063838,0.39,0.007712613043427179,0.39,0.39,0.39,0.4,0.41000000000000003,0.41000000000000003,0.41000000000000003,0.38,0.41000000000000003
2025-05-18,5279,0.3978651259708278,0.4,0.00413450612253664,0.39,0.4,0.4,0.4,0.4,0.4,0.4,0.39,0.41000000000000003
2025-05-20,5279,0.3817143398370903,0.38,0.0037688774580594436,0.38,0.38,0.38,0.38,0.39,0.39,0.39,0.38,0.39
2025-05-21,5279,0.3823299867399128,0.38,0.004227414007517939,0.38,0.38,0.38,0.38,0.39,0.39,0.39,0.38,0.39
2025-05-22,5279,0.3877723053608638,0.39,0.006423258655893828,0.38,0.38,0.39,0.39,0.4,0.4,0.4,0.38,0.4
2025-05-23,5279,0.38841447243796184,0.39,0.005306108706141481,0.38,0.39,0.39,0.39,0.39,0.4,0.4,0.38,0.4
2025-05-25,5279,0.38247963629475273,0.38,0.004619271607522806,0.38,0.38,0.38,0.38,0.39,0.39,0.4,0.38,0.4
2025-05-26,5279,0.3735518090547452,0.37,0.005420446725311243,0.37,0.37,0.37,0.38,0.38,0.38,0.39,0.37,0.39
2025-05-29,5279,0.3955806023868157,0.4,0.006002390344155293,0.39,0.39,0.4,0.4,0.4,0.4,0.41000000000000003,0.38,0.41000000000000003
2025-05-30,5279,0.3880734987687063,0.39,0.006308773398938624,0.38,0.38,0.39,0.39,0.4,0.4,0.4,0.38,0.41000000000000003
2025-05-31,5279,0.38904906232240954,0.39,0.007916335254893646,0.38,0.38,0.39,0.4,0.4,0.4,0.4,0.38,0.41000000000000003
2025-06-03,5279,0.4092119719643872,0.41000000000000003,0.0026943073639093757,0.4,0.41000000000000003,0.41000000000000003,0.41000000000000003,0.41000000000000003,0.41000000000000003,0.41000000000000003,0.4,0.41000000000000003
2025-06-04,5279,0.40417882174654296,0.4,0.004932105663512208,0.4,0.4,0.4,0.41000000000000003,0.41000000000000003,0.41000000000000003,0.41000000000000003,0.4,0.41000000000000003
2025-06-05,5279,0.39021405569236606,0.39,0.0014473206570160978,0.39,0.39,0.39,0.39,0.39,0.39,0.4,0.39,0.4
2025-06-06,5279,0.38080886531540065,0.38,0.0027266077927615975,0.38,0.38,0.38,0.38,0.38,0.39,0.39,0.38,0.39
2025-06-07,5279,0.3800151543853002,0.38,0.003251146581058435,0.37,0.38,0.38,0.38,0.38,0.39,0.39,0.37,0.39
2025-06-08,5279,0.3836503125591968,0.38,0.005082357842545258,0.38,0.38,0.38,0.39,0.39,0.39,0.4,0.38,0.4
2025-06-09,5279,0.3866830839174086,0.38,0.0075462933146695135,0.38,0.38,0.38,0.39,0.4,0.4,0.4,0.38,0.4
2025-06-11,5279,0.385446107217276,0.39,0.005756379093304207,0.38,0.38,0.39,0.39,0.39,0.39,0.4,0.38,0.4
2025-06-12,5279,0.39523773441939763,0.4,0.005143823565778511,0.39,0.39,0.4,0.4,0.4,0.4,0.4,0.38,0.41000000000000003
2025-06-14,5279,0.3900795605228263,0.39,0.007615581386860774,0.38,0.38,0.39,0.4,0.4,0.4,0.4,0.38,0.41000000000000003
2025-06-15,5279,0.38701079749952644,0.39,0.005481726424772225,0.38,0.38,0.39,0.39,0.39,0.39,0.4,0.38,0.4
2025-06-16,5279,0.3856355370335291,0.39,0.005157911276020143,0.38,0.38,0.39,0.39,0.39,0.39,0.39220000000000255,0.38,0.4
2025-06-17,5279,0.3907596135631749,0.39,0.005662309120407173,0.38,0.39,0.39,0.39,0.4,0.4,0.4,0.38,0.4
2025-06-18,5279,0.40395529456336426,0.4,0.004958884742477373,0.4,0.4,0.4,0.41000000000000003,0.41000000000000003,0.41000000000000003,0.41000000000000003,0.39,0.41000000000000003
2025-06-19,5279,0.40941276756961553,0.41000000000000003,0.0023510598411248702,0.4,0.41000000000000003,0.41000000000000003,0.41000000000000003,0.41000000000000003,0.41000000000000003,0.41000000000000003,0.4,0.41000000000000003
2025-06-20,5279,0.4094184504641032,0.41000000000000003,0.002340362257486553,0.4,0.41000000000000003,0.41000000000000003,0.41000000000000003,0.41000000000000003,0.41000000000000003,0.41000000000000003,0.4,0.41000000000000003
2025-06-23,5279,0.40456525857169917,0.41000000000000003,0.006027298957137119,0.39,0.4,0.41000000000000003,0.41000000000000003,0.41000000000000003,0.41000000000000003,0.41000000000000003,0.39,0.41000000000000003
2025-06-24,5279,0.4005474521689714,0.4,0.00789586830928566,0.39,0.39,0.4,0.41000000000000003,0.41000000000000003,0.41000000000000003,0.41000000000000003,0.38,0.41000000000000003
2025-06-26,5279,0.40817957946580796,0.41000000000000003,0.003873490972025688,0.4,0.41000000000000003,0.41000000000000003,0.41000000000000003,0.41000000000000003,0.41000000000000003,0.41000000000000003,0.39,0.41000000000000003
2025-06-27,5279,0.409471490812654,0.41000000000000003,0.002237357797124025,0.4,0.41000000000000003,0.41000000000000003,0.41000000000000003,0.41000000000000003,0.41000000000000003,0.41000000000000003,0.4,0.41000000000000003
2025-06-28,5279,0.4094449706383785,0.41000000000000003,0.002378861412463951,0.4,0.41000000000000003,0.41000000000000003,0.41000000000000003,0.41000000000000003,0.41000000000000003,0.41000000000000003,0.39,0.41000000000000003
2025-06-29,5279,0.39551051335480214,0.4,0.005208281079142867,0.39,0.39,0.4,0.4,0.4,0.4,0.4,0.38,0.41000000000000003
2025-07-01,5279,0.38690092820609967,0.39,0.006260421286386742,0.38,0.38,0.39,0.39,0.39,0.4,0.4,0.38,0.4
2025-07-02,5279,0.38121045652585717,0.38,0.004790855697475308,0.37,0.38,0.38,0.38,0.39,0.39,0.39,0.37,0.39
2025-07-03,5279,0.37567721159310474,0.37,0.006761629826843432,0.37,0.37,0.37,0.38,0.39,0.39,0.39,0.37,0.39
2025-07-05,5279,0.38821935972722105,0.39,0.007056479068439056,0.38,0.38,0.39,0.39,0.4,0.4,0.4,0.38,0.4
2025-07-06,5279,0.39022731577950376,0.39,0.006007623197028591,0.38,0.39,0.39,0.39,0.4,0.4,0.4,0.38,0.4
2025-07-09,5279,0.38933320704678925,0.39,0.004349150995149859,0.38,0.39,0.39,0.39,0.39,0.4,0.4,0.38,0.4
2025-07-10,5279,0.38587421860200793,0.39,0.005214484343580995,0.38,0.38,0.39,0.39,0.39,0.39,0.4,0.38,0.4
2025-07-11,5279,0.3822106459556734,0.38,0.004149639022300493,0.38,0.38,0.38,0.38,0.39,0.39,0.39,0.38,0.39
2025-07-12,5279,0.3849005493464671,0.38,0.005036761777175697,0.38,0.38,0.38,0.39,0.39,0.39,0.39,0.38,0.4
2025-07-13,5279,0.3849441182042053,0.38,0.005483939852011628,0.38,0.38,0.38,0.39,0.39,0.39,0.4,0.37,0.4
2025-07-14,5279,0.39396666035233946,0.39,0.006187971335143383,0.38,0.39,0.39,0.4,0.4,0.4,0.41000000000000003,0.38,0.41000000000000003
2025-07-17,5279,0.38405379806781587,0.38,0.006771354724823128,0.38,0.38,0.38,0.39,0.39,0.4,0.4,0.37,0.4
2025-07-18,5279,0.3873044137147187,0.39,0.006565302942004803,0.38,0.38,0.39,0.39,0.4,0.4,0.4,0.37,0.4
2025-07-20,5279,0.3855086190566395,0.39,0.005816694751778793,0.38,0.38,0.39,0.39,0.39,0.39,0.4,0.38,0.4
2025-07-21,5279,0.3811953021405569,0.38,0.0032441137770351535,0.38,0.38,0.38,0.38,0.39,0.39,0.39,0.38,0.39
2025-07-22,5279,0.3848797120666793,0.38,0.005388815164849631,0.38,0.38,0.38,0.39,0.39,0.39,0.4,0.37,0.4
2025-07-23,5279,0.38587990149649554,0.39,0.009171885370832345,0.37,0.38,0.39,0.39,0.4,0.4,0.4,0.37,0.4
2025-07-25,5279,0.40368819852244753,0.41000000000000003,0.007921890594462442,0.39,0.4,0.41000000000000003,0.41000000000000003,0.41000000000000003,0.41000000000000003,0.41000000000000003,0.39,0.41000000000000003
2025-07-26,5279,0.40280545557870806,0.4,0.00674476079890072,0.39,0.4,0.4,0.41000000000000003,0.41000000000000003,0.41000000000000003,0.41000000000000003,0.39,0.41000000000000003
2025-07-29,5279,0.3955900738776283,0.4,0.005279405240672763,0.39,0.39,0.4,0.4,0.4,0.4,0.4,0.38,0.41000000000000003
2025-07-30,5279,0.3939439287743891,0.39,0.005975377318682797,0.38,0.39,0.39,0.4,0.4,0.4,0.4,0.38,0.41000000000000003
2025-07-31,5279,0.38529266906611104,0.38,0.005619810882035989,0.38,0.38,0.38,0.39,0.39,0.39,0.4,0.38,0.4
2025-08-01,5279,0.3766319378670203,0.38,0.006559155031939826,0.37,0.37,0.38,0.38,0.39,0.39,0.39,0.37,0.4
2025-08-02,5279,0.38060238681568476,0.38,0.00581465983324429,0.37,0.38,0.38,0.38,0.39,0.39,0.39,0.37,0.4
2025-08-03,5279,0.38333396476605414,0.38,0.004887873666767403,0.38,0.38,0.38,0.39,0.39,0.39,0.39,0.38,0.4
2025-08-04,5279,0.3816518279977268,0.38,0.0037641205979219547,0.38,0.38,0.38,0.38,0.39,0.39,0.39,0.37,0.4
2025-08-07,5279,0.3841219928016669,0.38,0.005524325593163174,0.38,0.38,0.38,0.39,0.39,0.39,0.4,0.37,0.4
2025-08-08,5279,0.38454063269558625,0.38,0.005917617067477581,0.38,0.38,0.38,0.39,0.39,0.4,0.4,0.38,0.4
2025-08-10,5279,0.3818393635158173,0.38,0.004037140047778222,0.38,0.38,0.38,0.38,0.39,0.39,0.39,0.37,0.4
2025-08-11,5279,0.3828149270695207,0.38,0.005018816341959276,0.38,0.38,0.38,0.39,0.39,0.39,0.4,0.37,0.4
2025-08-12,5279,0.3831577950369388,0.38,0.008126900747950907,0.37,0.38,0.38,0.39,0.4,0.4,0.4,0.37,0.4
2025-08-13,5279,0.3878461829892025,0.39,0.007270008357409823,0.38,0.38,0.39,0.39,0.4,0.4,0.4,0.38,0.4
2025-08-15,5279,0.378833112331881,0.38,0.005327180710443867,0.37,0.38,0.38,0.38,0.38,0.39,0.39,0.37,0.39
2025-08-16,5279,0.3829702595188482,0.38,0.005320319762598358,0.38,0.38,0.38,0.39,0.39,0.39,0.39,0.37,0.4
2025-08-19,5279,0.38014964955483993,0.38,0.00410096521268285,0.37,0.38,0.38,0.38,0.38,0.39,0.39,0.37,0.39
2025-08-20,5279,0.3819473385110816,0.38,0.004321371186426067,0.38,0.38,0.38,0.38,0.39,0.39,0.39,0.37,0.39
2025-08-21,5279,0.38146429247963626,0.38,0.0035353602829759174,0.38,0.38,0.38,0.38,0.39,0.39,0.39,0.38,0.39
2025-08-22,5279,0.3803542337563932,0.38,0.0028486339625933763,0.38,0.38,0.38,0.38,0.38,0.39,0.39,0.37,0.39
2025-08-23,5279,0.3831956810001894,0.38,0.0046630926376089316,0.38,0.38,0.38,0.39,0.39,0.39,0.39,0.38,0.39
2025-08-24,5279,0.40001894298162527,0.4,0.00043482292913348274,0.4,0.4,0.4,0.4,0.4,0.4,0.4,0.4,0.41000000000000003
2025-08-27,5279,0.4100000000000001,0.41000000000000003,5.551115123125783e-17,0.41000000000000003,0.41000000000000003,0.41000000000000003,0.41000000000000003,0.41000000000000003,0.41000000000000003,0.41000000000000003,0.41000000000000003,0.41000000000000003
2025-08-28,5279,0.4042602765675318,0.4,0.005615824460515352,0.4,0.4,0.4,0.41000000000000003,0.41000000000000003,0.41000000000000003,0.41000000000000003,0.39,0.41000000000000003
2025-08-30,5279,0.3906251183936352,0.39,0.006565235167581267,0.38,0.39,0.39,0.39,0.4,0.4,0.4,0.38,0.4
2025-08-31,5279,0.38253457094146615,0.38,0.005801663490915913,0.37,0.38,0.38,0.39,0.39,0.39,0.39,0.37,0.39
2025-09-01,5279,0.38288501610153436,0.38,0.005174748983823544,0.38,0.38,0.38,0.39,0.39,0.39,0.39,0.37,0.39
2025-09-02,5279,0.3845671528698617,0.38,0.004996417438018321,0.38,0.38,0.38,0.39,0.39,0.39,0.39,0.38,0.4
2025-09-04,5279,0.38273157795036933,0.38,0.004679754632486936,0.38,0.38,0.38,0.39,0.39,0.39,0.4,0.38,0.4
2025-09-05,5279,0.38330365599545363,0.38,0.005539372230937271,0.38,0.38,0.38,0.39,0.39,0.39,0.4,0.37,0.4
2025-09-06,5279,0.3824247016480393,0.38,0.004497138045209333,0.38,0.38,0.38,0.38,0.39,0.39,0.39,0.38,0.4
2025-09-07,5279,0.38643303655995453,0.39,0.005909176812808048,0.38,0.38,0.39,0.39,0.39,0.4,0.4,0.38,0.4
2025-09-08,5279,0.38265391172570556,0.38,0.004821470747710645,0.38,0.38,0.38,0.38,0.39,0.39,0.4,0.38,0.4
2025-09-09,5279,0.3760844856980489,0.37,0.006905942920312576,0.37,0.37,0.37,0.38,0.39,0.39,0.39,0.37,0.39
2025-09-10,5279,0.3822409547262739,0.38,0.004215036038996102,0.38,0.38,0.38,0.38,0.39,0.39,0.39,0.38,0.4
2025-09-13,5279,0.3948361432089411,0.39,0.005422712296659852,0.39,0.39,0.39,0.4,0.4,0.4,0.41000000000000003,0.39,0.41000000000000003
2025-09-14,5279,0.4003390793710931,0.4,0.006477452228299945,0.39,0.4,0.4,0.4,0.41000000000000003,0.41000000000000003,0.41000000000000003,0.39,0.41000000000000003
2025-09-15,5279,0.40742186020079574,0.41000000000000003,0.004374310593430959,0.4,0.4,0.41000000000000003,0.41000000000000003,0.41000000000000003,0.41000000000000003,0.41000000000000003,0.4,0.41000000000000003
2025-09-16,5279,0.40992043947717377,0.41000000000000003,0.0008884117015610144,0.41000000000000003,0.41000000000000003,0.41000000000000003,0.41000000000000003,0.41000000000000003,0.41000000000000003,0.41000000000000003,0.4,0.41000000000000003
2025-09-17,5279,0.4100000000000001,0.41000000000000003,5.551115123125783e-17,0.41000000000000003,0.41000000000000003,0.41000000000000003,0.41000000000000003,0.41000000000000003,0.41000000000000003,0.41000000000000003,0.41000000000000003,0.41000000000000003
2025-09-18,5279,0.40976889562417124,0.41000000000000003,0.0015025426868346737,0.41000000000000003,0.41000000000000003,0.41000000000000003,0.41000000000000003,0.41000000000000003,0.41000000000000003,0.41000000000000003,0.4,0.41000000000000003
2025-09-19,5279,0.4091759802992992,0.41000000000000003,0.0027497615423643065,0.4,0.41000000000000003,0.41000000000000003,0.41000000000000003,0.41000000000000003,0.41000000000000003,0.41000000000000003,0.4,0.41000000000000003
2025-09-21,5279,0.39311612047736316,0.39,0.004631522205948013,0.39,0.39,0.39,0.4,0.4,0.4,0.4,0.39,0.4
2025-09-22,5279,0.38815495358969504,0.39,0.005464401108800606,0.38,0.38,0.39,0.39,0.39,0.4,0.4,0.38,0.4
2025-09-24,5279,0.4030952831975753,0.4,0.004622991877838534,0.4,0.4,0.4,0.41000000000000003,0.41000000000000003,0.41000000000000003,0.41000000000000003,0.4,0.41000000000000003
2025-09-25,5279,0.4003883311233189,0.4,0.0072529582078724505,0.39,0.4,0.4,0.41000000000000003,0.41000000000000003,0.41000000000000003,0.41000000000000003,0.38,0.41000000000000003
2025-09-26,5279,0.38900359916650884,0.39,0.005086092146599842,0.38,0.39,0.39,0.39,0.39,0.4,0.4,0.38,0.4
2025-09-28,5279,0.3798692934267854,0.38,0.005383736681902712,0.37,0.38,0.38,0.38,0.39,0.39,0.39,0.37,0.39
2025-09-29,5279,0.3760087137715477,0.37,0.0068347695262868675,0.37,0.37,0.37,0.38,0.39,0.39,0.39,0.37,0.39
2025-09-30,5279,0.38104186398939194,0.38,0.004925467372977944,0.37,0.38,0.38,0.38,0.39,0.39,0.39,0.37,0.39
2025-10-01,5279,0.3895624171244554,0.39,0.005911662383964107,0.38,0.39,0.39,0.39,0.4,0.4,0.4,0.38,0.4
2025-10-02,5279,0.385999242280735,0.39,0.006153679989576719,0.38,0.38,0.39,0.39,0.39,0.4,0.4,0.38,0.4
2025-10-03,5279,0.39447812085622275,0.39,0.005438478229741221,0.39,0.39,0.39,0.4,0.4,0.4,0.41000000000000003,0.39,0.41000000000000003
2025-10-04,5279,0.4040803182420913,0.4,0.005264548034706103,0.4,0.4,0.4,0.41000000000000003,0.41000000000000003,0.41000000000000003,0.41000000000000003,0.39,0.41000000000000003
2025-10-07,5279,0.3920723621898087,0.39,0.0053150124540334125,0.38,0.39,0.39,0.4,0.4,0.4,0.4,0.38,0.4
2025-10-08,5279,0.37774578518658836,0.38,0.006795456118104113,0.37,0.37,0.38,0.38,0.39,0.39,0.39,0.37,0.4
2025-10-10,5279,0.38345709414661866,0.38,0.005355482765138938,0.38,0.38,0.38,0.39,0.39,0.39,0.4,0.37,0.4
2025-10-11,5279,0.3836427353665467,0.38,0.004831900509223052,0.38,0.38,0.38,0.39,0.39,0.39,0.39,0.38,0.4
2025-10-12,5279,0.38046410304982,0.38,0.003545577661852937,0.38,0.38,0.38,0.38,0.38,0.39,0.39,0.37,0.39
2025-10-13,5279,0.38310096609206284,0.38,0.005507699841462901,0.38,0.38,0.38,0.39,0.39,0.39,0.4,0.37,0.4
2025-10-15,5279,0.38183557491949227,0.38,0.0054693220265949445,0.37,0.38,0.38,0.39,0.39,0.39,0.39,0.37,0.4
2025-10-16,5279,0.3908997916272022,0.39,0.005990236258766283,0.38,0.39,0.39,0.39,0.4,0.4,0.4,0.38,0.4
2025-10-19,5279,0.40259518848266723,0.4,0.007473460244722575,0.39,0.4,0.4,0.41000000000000003,0.41000000000000003,0.41000000000000003,0.41000000000000003,0.38,0.41000000000000003
2025-10-20,5279,0.4015646902822504,0.4,0.00494094042317023,0.39,0.4,0.4,0.4,0.41000000000000003,0.41000000000000003,0.41000000000000003,0.39,0.41000000000000003
2025-10-21,5279,0.3867096040916841,0.39,0.004742783934089137,0.38,0.38,0.39,0.39,0.39,0.39,0.39,0.38,0.4
2025-10-22,5279,0.3774673233566963,0.38,0.005309837704666836,0.37,0.37,0.38,0.38,0.38,0.38,0.39,0.37,0.39
2025-10-23,5279,0.3766717181284334,0.38,0.0071519392071337905,0.37,0.37,0.38,0.38,0.39,0.39,0.39,0.37,0.39
2025-10-24,5279,0.37767948475089985,0.38,0.007844792098004002,0.37,0.37,0.38,0.38,0.39,0.39,0.39,0.37,0.4
2025-10-27,5279,0.3814093578329229,0.38,0.005534756079319032,0.37,0.38,0.38,0.38,0.39,0.39,0.39,0.37,0.39
2025-10-28,5279,0.3840916840310666,0.39,0.007029012279509155,0.37,0.38,0.39,0.39,0.39,0.39,0.4,0.37,0.4
2025-10-30,5279,0.386398939193029,0.39,0.007249560987152057,0.38,0.38,0.39,0.39,0.4,0.4,0.4,0.37,0.4
2025-10-31,5279,0.3867910589126729,0.39,0.004712627034583996,0.38,0.38,0.39,0.39,0.39,0.39,0.39,0.38,0.4
2025-11-01,5279,0.38020647849971584,0.38,0.006444936872980668,0.37,0.38,0.38,0.38,0.39,0.39,0.39,0.37,0.4
2025-11-02,5279,0.37645955673423,0.37,0.007499815181946581,0.37,0.37,0.37,0.38,0.39,0.39,0.39,0.37,0.39
2025-11-04,5279,0.38909263118014786,0.39,0.005207454245798904,0.38,0.39,0.39,0.39,0.39,0.4,0.4,0.38,0.41000000000000003
2025-11-05,5279,0.3920079560522826,0.39,0.00676389445537189,0.38,0.39,0.39,0.39,0.4,0.41000000000000003,0.41000000000000003,0.38,0.41000000000000003
2025-11-06,5279,0.39598977078992237,0.4,0.005515712245283524,0.39,0.39,0.4,0.4,0.4,0.4,0.41000000000000003,0.39,0.41000000000000003
2025-11-07,5279,0.38742186020079555,0.39,0.008072548452459135,0.38,0.38,0.39,0.39,0.4,0.4,0.4,0.38,0.41000000000000003
2025-11-08,5279,0.37816631937867023,0.38,0.007584217713297728,0.37,0.37,0.38,0.38,0.39,0.39,0.39,0.37,0.4
2025-11-09,5279,0.37890320136389466,0.38,0.006938551713849546,0.37,0.37,0.38,0.38,0.39,0.39,0.39,0.37,0.4
2025-11-10,5279,0.3900814548209889,0.39,0.004721149699503821,0.38,0.39,0.39,0.39,0.4,0.4,0.4,0.38,0.4
2025-11-13,5279,0.3983102860390225,0.4,0.006254799278295034,0.39,0.39,0.4,0.4,0.41000000000000003,0.41000000000000003,0.41000000000000003,0.38,0.41000000000000003
2025-11-14,5279,0.39159689335101355,0.39,0.004660031232460614,0.39,0.39,0.39,0.39,0.4,0.4,0.4,0.38,0.41000000000000003
2025-11-16,5279,0.3761451032392499,0.37,0.007519033761710567,0.37,0.37,0.37,0.38,0.39,0.39,0.39,0.37,0.4
2025-11-17,5279,0.3773063080128813,0.38,0.007909984434208253,0.37,0.37,0.38,0.38,0.39,0.39,0.4,0.37,0.4
2025-11-18,5279,0.38307444591778744,0.38,0.004992924388425461,0.38,0.38,0.38,0.39,0.39,0.39,0.4,0.37,0.4
2025-11-19,5279,0.38376207615078617,0.38,0.0049869153977003,0.38,0.38,0.38,0.39,0.39,0.39,0.39,0.38,0.4
2025-11-21,5279,0.37928016669823833,0.38,0.008187338547630887,0.37,0.37,0.38,0.39,0.39,0.39,0.4,0.37,0.4
2025-11-22,5279,0.384553892782724,0.38,0.005596192815638165,0.38,0.38,0.38,0.39,0.39,0.39,0.4,0.38,0.4
2025-11-24,5279,0.3826955862852813,0.38,0.004559426539125755,0.38,0.38,0.38,0.39,0.39,0.39,0.39,0.37,0.4
2025-11-25,5279,0.379047168024247,0.38,0.005413517056253605,0.37,0.38,0.38,0.38,0.39,0.39,0.39,0.37,0.39
2025-11-26,5279,0.380706573214624,0.38,0.0060160875742127674,0.37,0.38,0.38,0.38,0.39,0.39,0.39,0.37,0.4
2025-11-27,5279,0.3839799204394772,0.38,0.006075889821410043,0.38,0.38,0.38,0.39,0.39,0.39,0.4,0.37,0.4
2025-11-28,5279,0.3879655237734419,0.39,0.005559264563806044,0.38,0.38,0.39,0.39,0.39,0.4,0.4,0.38,0.4
2025-11-29,5279,0.3882932373555598,0.39,0.004441151237887115,0.38,0.39,0.39,0.39,0.39,0.39,0.4,0.38,0.4
2025-11-30,5279,0.38620761507861334,0.39,0.006721201591829189,0.38,0.38,0.39,0.39,0.4,0.4,0.4,0.38,0.4
2025-12-02,5279,0.37524531161204777,0.37,0.006376715217257244,0.37,0.37,0.37,0.38,0.38,0.39,0.39,0.37,0.39
2025-12-03,5279,0.38284144724379615,0.38,0.004514259181962807,0.38,0.38,0.38,0.39,0.39,0.39,0.39,0.38,0.4
2025-12-04,5279,0.397105512407653,0.4,0.004535065324912029,0.39,0.39,0.4,0.4,0.4,0.4,0.4,0.39,0.4
2025-12-07,5279,0.37278840689524534,0.37,0.004810377635804783,0.37,0.37,0.37,0.38,0.38,0.38,0.39,0.37,0.39
2025-12-08,5279,0.38230725516196246,0.38,0.004212971070067108,0.38,0.38,0.38,0.38,0.39,0.39,0.39,0.38,0.39
2025-12-10,5279,0.3852131085432848,0.39,0.008693114036500482,0.37,0.38,0.39,0.39,0.4,0.4,0.4,0.37,0.4
2025-12-11,5279,0.37946580791816636,0.38,0.007224036124065893,0.37,0.37,0.38,0.38,0.39,0.39,0.39,0.37,0.4
2025-12-12,5279,0.3835934836143209,0.38,0.005368264527215515,0.38,0.38,0.38,0.39,0.39,0.39,0.39,0.37,0.4
2025-12-13,5279,0.3923906042811139,0.39,0.0042650971832138415,0.39,0.39,0.39,0.39,0.4,0.4,0.4,0.39,0.4
2025-12-15,5279,0.3823716612994885,0.38,0.005047732016387541,0.38,0.38,0.38,0.39,0.39,0.39,0.39220000000000255,0.37,0.4
2025-12-16,5279,0.37942223906042805,0.38,0.006908294773684099,0.37,0.37,0.38,0.38,0.39,0.39,0.39,0.37,0.4
2025-12-19,5279,0.3869899602197386,0.39,0.007035084699210834,0.38,0.38,0.39,0.39,0.4,0.4,0.4,0.38,0.4
2025-12-20,5279,0.38480394014017805,0.38,0.008786711777107846,0.37,0.38,0.38,0.39,0.4,0.4,0.4,0.37,0.4
2025-12-21,5279,0.3772892593294185,0.37,0.008565508141511037,0.37,0.37,0.37,0.38,0.39,0.39,0.4,0.37,0.4
2025-12-23,5279,0.3848664519795416,0.38,0.005292734830527687,0.38,0.38,0.38,0.39,0.39,0.39,0.4,0.38,0.4
2025-12-24,5279,0.38842394392877444,0.39,0.006362289649689891,0.38,0.38,0.39,0.39,0.4,0.4,0.4,0.38,0.4
2025-12-27,5279,0.38896950179958323,0.39,0.006372804173565601,0.38,0.38,0.39,0.39,0.4,0.4,0.4,0.37,0.4
2025-12-28,5279,0.39495169539685543,0.4,0.008190785788723152,0.38,0.39,0.4,0.4,0.4,0.4,0.41000000000000003,0.38,0.41000000000000003
2025-12-30,5279,0.39430952831975763,0.39,0.005370497990815504,0.39,0.39,0.39,0.4,0.4,0.4,0.4,0.38,0.41000000000000003
2025-12-31,5279,0.3945519984845615,0.39,0.005289774622346074,0.39,0.39,0.39,0.4,0.4,0.4,0.4,0.38,0.4
2026-01-01,5279,0.39815116499337,0.4,0.007479914005653682,0.39,0.39,0.4,0.4,0.41000000000000003,0.41000000000000003,0.41000000000000003,0.38,0.41000000000000003
