stratum,N_original,N_sample,sampling_fraction
2015_11_>1000m_9,26486,2649,0.10001510231820585
2015_11_100-500m_9,22797,2280,0.10001315962626661
2017_3_100-500m_1,15853,1585,0.09998107613700877
2021_10_>1000m_9,15467,1547,0.10001939613370402
2019_3_>1000m_9,15348,1535,0.10001303101381287
2015_11_500-1000m_9,14763,1476,0.09997967892704734
2021_3_>1000m_9,14199,1420,0.1000070427494894
2020_5_>1000m_9,14164,1416,0.09997175939000283
2017_10_>1000m_9,14116,1412,0.10002833663927459
2015_11_0-20m_9,14111,1411,0.09999291333002622
2017_3_>1000m_1,12720,1272,0.1
2019_9_>1000m_9,12593,1259,0.09997617724132454
2019_10_100-500m_9,12582,1258,0.09998410427594977
2016_11_>1000m_1,12458,1246,0.10001605394124258
2016_6_100-500m_0,12271,1227,0.09999185070491402
2015_10_>1000m_9,12229,1223,0.10000817728350642
2017_3_>1000m_2,12171,1217,0.09999178374825404
2015_9_100-500m_9,12126,1213,0.10003298697014679
2021_10_100-500m_9,11937,1194,0.10002513194269917
2019_7_>1000m_9,11906,1191,0.10003359650596338
2019_3_100-500m_8,11836,1184,0.10003379520108145
2019_6_>1000m_0,11739,1174,0.10000851861316977
2020_12_100-500m_8,11730,1173,0.1
2017_4_100-500m_1,11670,1167,0.1
2016_10_>1000m_9,11654,1165,0.0999656770207654
2019_6_100-500m_0,11647,1165,0.100025757705847
2017_10_100-500m_9,11588,1159,0.10001725923369002
2016_11_100-500m_1,11468,1147,0.1000174398325776
2020_6_100-500m_0,11397,1140,0.10002632271650434
2016_6_>1000m_0,11324,1132,0.09996467679265278
2018_7_100-500m_0,11253,1125,0.09997334044254866
2018_7_>1000m_0,11167,1117,0.10002686486970538
2017_4_>1000m_2,11021,1102,0.09999092641321114
2021_10_>1000m_8,11017,1102,0.10002723064355087
2020_12_>1000m_9,10998,1100,0.1000181851245681
2017_3_0-20m_1,10992,1099,0.09998180494905386
2021_3_100-500m_9,10891,1089,0.0999908181066936
2020_4_>1000m_8,10722,1072,0.09998134676366349
2020_12_100-500m_9,10696,1070,0.10003739715781601
2019_2_>1000m_8,10636,1064,0.10003760812335465
2015_3_100-500m_2,10592,1059,0.09998111782477341
2019_10_>1000m_9,10521,1052,0.09999049520007604
2019_3_>1000m_8,10491,1049,0.09999046802020779
2021_6_100-500m_0,10460,1046,0.1
2015_6_100-500m_0,10446,1045,0.10003829216925139
2021_6_>1000m_0,10372,1037,0.09998071731585037
2020_6_>1000m_0,10352,1035,0.0999806800618238
2015_11_20-100m_9,10325,1032,0.09995157384987893
2019_5_100-500m_9,10247,1025,0.10002927686152044
2017_3_100-500m_2,10246,1025,0.1000390396252196
2019_10_100-500m_8,10060,1006,0.1
2017_4_>1000m_1,9909,991,0.10001009183570492
2021_5_100-500m_0,9904,990,0.09995961227786752
2019_4_>1000m_7,9814,981,0.09995924189932749
2015_3_>1000m_3,9785,978,0.09994890137966275
2019_3_100-500m_9,9783,978,0.09996933455995094
2017_3_500-1000m_1,9720,972,0.1
2019_10_500-1000m_9,9691,969,0.0999896811474564
2017_11_>1000m_4,9535,953,0.09994756161510225
2018_3_>1000m_5,9521,952,0.09998949690158597
2020_12_>1000m_8,9471,947,0.09998944145285608
2019_12_>1000m_6,9445,944,0.09994706193753308
2020_4_>1000m_7,9428,943,0.10002121340687314
2015_3_>1000m_2,9396,940,0.10004257130693912
2018_5_100-500m_8,9389,939,0.10001065076152944
2016_11_0-20m_0,9366,937,0.10004270766602605
2020_2_>1000m_7,9331,933,0.09998928303504448
2015_9_>1000m_9,9311,931,0.09998926001503598
2015_4_>1000m_7,9307,931,0.10003223380251423
2021_2_>1000m_8,9262,926,0.09997840639170806
2021_7_>1000m_1,9214,921,0.09995658780117213
2020_8_100-500m_0,9191,919,0.09998911979109999
2018_5_>1000m_8,9187,919,0.10003265483835855
2021_8_100-500m_9,9149,915,0.10001093015630123
2018_6_>1000m_9,9130,913,0.1
2015_12_>1000m_9,9095,909,0.09994502473886752
2018_7_0-20m_0,9085,908,0.09994496422674738
2017_5_100-500m_1,9064,906,0.09995586937334511
2019_1_0-20m_1,9047,905,0.10003316016359014
2019_1_100-500m_1,8984,898,0.09995547640249332
2021_9_100-500m_9,8974,897,0.09995542678850011
2020_6_0-20m_0,8926,893,0.10004481290611696
2021_12_>1000m_3,8916,892,0.10004486316733961
2017_4_0-20m_1,8887,889,0.10003375717339935
2017_12_100-500m_1,8887,889,0.10003375717339935
2019_6_0-20m_0,8871,887,0.09998872731371886
2020_2_>1000m_8,8839,884,0.10001131349700193
2021_3_>1000m_8,8821,882,0.09998866341684616
2020_5_100-500m_9,8820,882,0.1
2017_11_100-500m_2,8810,881,0.1
2016_6_0-20m_0,8776,878,0.10004557885141295
2015_9_>1000m_8,8756,876,0.10004568296025583
2016_11_0-20m_1,8746,875,0.10004573519323119
2015_8_>1000m_0,8737,874,0.1000343367288543
2018_7_>1000m_1,8718,872,0.10002294104152329
2019_4_>1000m_6,8625,862,0.09994202898550725
2015_3_100-500m_3,8596,860,0.10004653327128897
2021_10_0-20m_9,8594,859,0.09995345589946475
2016_10_100-500m_8,8592,859,0.09997672253258845
2021_8_>1000m_8,8559,856,0.10001168360789812
2018_3_100-500m_5,8552,855,0.09997661365762395
2015_6_0-20m_0,8547,855,0.10003510003510004
2017_3_>1000m_3,8516,852,0.10004697040864255
2021_9_>1000m_9,8486,849,0.10004713646005185
2018_3_100-500m_6,8469,847,0.10001180776951234
2021_5_100-500m_1,8447,845,0.10003551556765716
2015_4_>1000m_8,8440,844,0.1
2017_11_0-20m_1,8402,840,0.09997619614377529
2016_11_100-500m_2,8324,832,0.0999519461797213
2021_8_100-500m_8,8324,832,0.0999519461797213
2017_1_>1000m_2,8320,832,0.1
2019_5_>1000m_9,8305,830,0.09993979530403371
2015_9_100-500m_8,8261,826,0.09998789492797482
2017_11_100-500m_3,8259,826,0.10001210800339023
2019_4_100-500m_7,8258,826,0.10002421893921046
2015_3_100-500m_1,8256,826,0.1000484496124031
2016_12_>1000m_3,8212,821,0.09997564539698003
2021_9_>1000m_8,8205,820,0.09993906154783669
2018_2_>1000m_7,8198,820,0.1000243961941937
2021_10_100-500m_8,8194,819,0.09995118379301929
2015_8_100-500m_0,8189,819,0.10001221150323605
2021_1_>1000m_9,8187,819,0.10003664345914254
2019_3_100-500m_7,8119,812,0.10001231678778175
2019_3_0-20m_8,8113,811,0.09996302230987304
2019_2_>1000m_9,8105,810,0.0999383096853794
2021_3_100-500m_8,8069,807,0.10001239310943115
2019_1_>1000m_4,8064,806,0.09995039682539683
2018_12_>1000m_2,8059,806,0.10001240848740539
2021_8_>1000m_9,8048,805,0.1000248508946322
2017_3_0-20m_0,8041,804,0.09998756373585375
2020_1_>1000m_6,8030,803,0.1
2020_8_>1000m_0,8025,802,0.09993769470404984
2016_12_>1000m_4,8019,802,0.10001247038284075
2018_6_100-500m_9,8010,801,0.1
2017_1_100-500m_2,8005,800,0.09993753903810118
2019_2_100-500m_7,7997,800,0.10003751406777542
2017_11_>1000m_3,7977,798,0.10003760812335465
2015_3_>1000m_4,7976,798,0.10005015045135406
2017_5_>1000m_1,7963,796,0.09996232575662439
2017_12_>1000m_3,7960,796,0.1
2016_3_100-500m_0,7947,795,0.10003775009437524
2015_7_>1000m_2,7931,793,0.09998739124952717
2021_11_>1000m_3,7926,793,0.10005046681806712
2019_2_100-500m_8,7901,790,0.09998734337425642
2015_10_>1000m_0,7879,788,0.10001269196598553
2015_2_0-20m_0,7876,788,0.10005078720162519
2020_3_>1000m_5,7871,787,0.09998729513403634
2020_3_>1000m_4,7867,787,0.10003813397737384
2016_11_500-1000m_1,7854,785,0.09994907053730583
2021_2_>1000m_7,7827,783,0.1000383288616328
2021_12_>1000m_4,7820,782,0.1
2019_12_>1000m_5,7813,781,0.09996160245744272
2020_2_>1000m_9,7794,779,0.09994867847061842
2021_8_500-1000m_9,7777,778,0.10003857528610004
2019_3_>1000m_7,7764,776,0.09994848016486348
2018_3_>1000m_6,7762,776,0.0999742334449884
2015_5_100-500m_3,7743,774,0.09996125532739249
2021_3_500-1000m_9,7718,772,0.10002591344908007
2015_12_100-500m_8,7714,771,0.09994814622763806
2017_3_500-1000m_2,7701,770,0.09998701467341904
2018_5_100-500m_9,7690,769,0.1
2019_1_0-20m_0,7690,769,0.1
2016_11_>1000m_2,7664,766,0.09994780793319416
2021_10_>1000m_7,7656,766,0.10005224660397075
2015_5_>1000m_3,7655,765,0.0999346832135859
2017_2_>1000m_3,7649,765,0.10001307360439272
2017_11_100-500m_1,7631,763,0.09998689555759402
2017_10_500-1000m_9,7630,763,0.1
2021_10_500-1000m_9,7626,763,0.1000524521374246
2016_11_>1000m_0,7615,761,0.09993434011818779
2019_12_100-500m_7,7601,760,0.09998684383633732
2019_3_500-1000m_8,7593,759,0.09996048992493085
2019_4_>1000m_8,7588,759,0.1000263574064312
2020_12_500-1000m_9,7588,759,0.1000263574064312
2015_9_>1000m_7,7570,757,0.1
2021_3_>1000m_7,7566,757,0.10005286809410521
2017_9_>1000m_9,7556,756,0.10005293806246691
2021_2_100-500m_7,7555,755,0.099933818663137
2020_4_100-500m_6,7548,755,0.10002649708532062
2019_1_>1000m_3,7544,754,0.09994697773064687
2020_12_100-500m_7,7534,753,0.09994690735333156
2018_7_500-1000m_0,7533,753,0.09996017522899243
2017_12_0-20m_1,7512,751,0.09997337593184238
2019_8_>1000m_0,7512,751,0.09997337593184238
2018_5_>1000m_7,7505,750,0.09993337774816789
2017_1_0-20m_1,7469,747,0.10001338867318249
2017_11_>1000m_2,7464,746,0.09994640943193998
2019_11_>1000m_9,7463,746,0.09995980168832909
2016_10_>1000m_8,7439,744,0.10001344266702514
2020_10_100-500m_0,7435,743,0.09993275050437121
2017_10_0-20m_9,7429,743,0.10001346076187913
2019_1_100-500m_2,7420,742,0.1
2021_3_100-500m_7,7416,742,0.1000539374325782
2017_3_20-100m_1,7412,741,0.09997301672962763
2019_8_100-500m_0,7409,741,0.1000134970981239
2016_4_100-500m_0,7405,740,0.099932478055368
2017_1_>1000m_3,7404,740,0.09994597514856834
2020_7_>1000m_0,7401,740,0.09998648831239022
2019_12_100-500m_6,7396,740,0.10005408328826393
2018_3_>1000m_4,7395,739,0.09993238674780257
2017_12_>1000m_2,7349,735,0.10001360729350932
2021_4_>1000m_9,7347,735,0.1000408329930584
2021_8_>1000m_7,7344,734,0.09994553376906318
2017_1_>1000m_1,7335,733,0.09993183367416496
2016_4_100-500m_1,7328,733,0.10002729257641921
2020_3_>1000m_3,7319,732,0.10001366306872524
2020_5_500-1000m_9,7318,732,0.10002732987154961
2021_5_>1000m_2,7317,732,0.1000410004100041
2021_6_0-20m_0,7312,731,0.099972647702407
2018_2_>1000m_6,7299,730,0.10001370050691875
2017_12_>1000m_1,7295,729,0.09993145990404387
2020_3_100-500m_3,7289,729,0.1000137193030594
2017_6_>1000m_0,7263,726,0.09995869475423379
2020_4_>1000m_6,7260,726,0.1
2017_5_100-500m_2,7256,726,0.10005512679162072
2020_3_100-500m_4,7256,726,0.10005512679162072
2017_9_100-500m_0,7245,724,0.09993098688750862
2018_8_100-500m_0,7220,722,0.1
2015_7_>1000m_3,7188,719,0.10002782415136338
2019_7_100-500m_8,7180,718,0.1
2015_7_100-500m_1,7158,716,0.10002794076557697
2015_2_0-20m_1,7145,714,0.09993002099370189
2016_3_>1000m_4,7141,714,0.09998599635905335
2015_10_100-500m_0,7120,712,0.1
2017_8_>1000m_3,7092,709,0.0999717992103779
2019_3_500-1000m_9,7088,709,0.10002821670428894
2015_2_100-500m_1,7078,708,0.10002825656965245
2021_5_0-20m_0,7065,706,0.09992922859164897
2016_5_>1000m_7,7061,706,0.09998583770004249
2019_5_>1000m_8,7047,705,0.10004257130693912
2015_2_>1000m_1,7034,703,0.09994313335228888
2020_8_0-20m_0,7021,702,0.09998575701467027
2015_7_100-500m_0,7019,702,0.10001424704373843
2018_5_>1000m_9,7011,701,0.09998573669947226
2018_4_>1000m_7,6996,700,0.10005717552887364
2020_6_500-1000m_0,6970,697,0.1
2016_2_100-500m_6,6969,697,0.10001434926101306
2021_11_>1000m_2,6963,696,0.0999569151227919
2015_9_0-20m_9,6948,695,0.10002878526194589
2018_11_100-500m_4,6945,694,0.09992800575953924
2016_8_100-500m_9,6938,694,0.10002882675122514
2018_8_>1000m_0,6932,693,0.09997114829774957
2017_12_>1000m_4,6931,693,0.09998557206752272
2021_7_>1000m_2,6912,691,0.09997106481481481
2018_11_100-500m_5,6911,691,0.09998553031399218
2019_5_0-20m_9,6894,689,0.09994197853205686
2016_10_100-500m_7,6891,689,0.09998548831809606
2015_8_>1000m_9,6876,688,0.10005817335660268
2021_12_100-500m_4,6864,686,0.09994172494172494
2017_2_>1000m_2,6862,686,0.09997085397843194
2015_2_100-500m_2,6861,686,0.09998542486518
2019_12_>1000m_7,6856,686,0.1000583430571762
2015_4_>1000m_6,6851,685,0.09998540359071668
2021_5_>1000m_3,6841,684,0.09998538225405643
2020_1_>1000m_5,6825,682,0.09992673992673992
2015_5_>1000m_5,6820,682,0.1
2018_12_>1000m_1,6820,682,0.1
2016_12_100-500m_3,6819,682,0.10001466490687784
2015_6_>1000m_0,6817,682,0.10004400762798885
2016_2_>1000m_7,6814,681,0.09994129732902847
2021_12_100-500m_5,6800,680,0.1
2021_6_500-1000m_0,6790,679,0.1
2018_11_>1000m_4,6787,679,0.10004420215117135
2017_1_0-20m_2,6779,678,0.10001475143826523
2019_3_0-20m_7,6769,677,0.1000147732309056
2020_10_>1000m_0,6766,677,0.10005911912503695
2020_2_100-500m_7,6759,676,0.10001479508803078
2018_5_100-500m_7,6741,674,0.09998516540572615
2018_8_>1000m_2,6741,674,0.09998516540572615
2017_12_100-500m_4,6736,674,0.10005938242280285
2019_7_>1000m_8,6732,673,0.09997029114676173
2019_6_>1000m_1,6729,673,0.10001486104919008
2017_5_>1000m_2,6727,673,0.10004459640255686
2021_12_>1000m_2,6726,673,0.10005947071067499
2019_5_100-500m_8,6724,672,0.09994051160023795
2019_1_>1000m_2,6704,670,0.09994033412887827
2016_6_>1000m_1,6681,668,0.09998503218081126
2015_5_100-500m_4,6680,668,0.1
2021_2_100-500m_8,6679,668,0.1000149723012427
2016_12_100-500m_4,6676,668,0.10005991611743559
2017_12_100-500m_2,6670,667,0.1
2015_5_>1000m_4,6667,667,0.1000449977501125
2021_1_>1000m_8,6647,665,0.10004513314277118
2019_5_>1000m_7,6642,664,0.09996988858777477
2017_8_>1000m_9,6641,664,0.09998494202680319
2020_2_100-500m_6,6633,663,0.09995477159656264
2016_3_>1000m_5,6631,663,0.0999849193183532
2018_5_>1000m_6,6627,663,0.10004526935264826
2021_9_>1000m_7,6625,662,0.09992452830188679
2019_11_>1000m_8,6621,662,0.09998489654130796
2020_8_>1000m_1,6618,662,0.10003022061045633
2017_9_0-20m_0,6610,661,0.1
2019_6_500-1000m_0,6608,661,0.10003026634382567
2021_5_>1000m_0,6605,660,0.09992429977289932
2018_12_100-500m_2,6600,660,0.1
2019_7_100-500m_9,6597,660,0.10004547521600728
2016_4_>1000m_4,6595,659,0.09992418498862775
2017_1_100-500m_1,6558,656,0.10003049710277524
2018_12_0-20m_0,6556,656,0.10006101281269067
2018_3_100-500m_7,6555,655,0.09992372234935164
2016_3_>1000m_3,6552,655,0.09996947496947498
2018_12_>1000m_3,6545,654,0.09992360580595874
2019_8_0-20m_0,6542,654,0.0999694283093855
2020_8_100-500m_1,6526,653,0.10006129328838492
2015_10_100-500m_9,6523,652,0.0999540088916143
2015_5_100-500m_2,6515,651,0.09992325402916347
2016_4_>1000m_2,6510,651,0.1
2020_12_0-20m_8,6508,651,0.10003073140749846
2019_10_0-20m_8,6498,650,0.10003077870113881
2016_6_500-1000m_0,6493,649,0.0999537963961189
2015_9_500-1000m_9,6492,649,0.09996919285274183
2017_6_100-500m_0,6480,648,0.1
2020_3_100-500m_5,6479,648,0.10001543448062973
2017_5_500-1000m_1,6465,646,0.09992266047950503
2019_9_100-500m_0,6465,646,0.09992266047950503
2020_4_>1000m_9,6465,646,0.09992266047950503
2016_12_>1000m_5,6460,646,0.1
2015_1_100-500m_1,6456,646,0.10006195786864931
2019_10_>1000m_8,6439,644,0.10001553036185744
2017_4_500-1000m_1,6432,643,0.09996890547263682
2020_1_>1000m_7,6422,642,0.0999688570538773
2019_4_100-500m_6,6418,642,0.1000311623558741
2016_12_100-500m_2,6409,641,0.10001560305819941
2016_7_>1000m_1,6408,641,0.10003121098626716
2021_8_100-500m_7,6395,639,0.09992181391712275
2016_12_100-500m_5,6387,639,0.10004697040864255
2018_6_100-500m_8,6386,639,0.10006263701847792
2015_3_0-20m_2,6382,638,0.09996866186148542
2019_1_100-500m_3,6380,638,0.1
2015_7_0-20m_0,6379,638,0.10001567643831322
2017_4_100-500m_2,6376,638,0.10006273525721456
2020_3_0-20m_3,6376,638,0.10006273525721456
2016_11_100-500m_0,6361,636,0.09998427920138343
2021_11_100-500m_0,6350,635,0.1
2021_7_>1000m_9,6337,634,0.10004734101309767
2015_12_100-500m_9,6335,633,0.09992107340173638
2016_4_>1000m_3,6310,631,0.1
2015_1_0-20m_0,6305,630,0.0999206978588422
2020_9_>1000m_9,6302,630,0.0999682640431609
2020_11_>1000m_7,6301,630,0.09998412950325346
2021_3_100-500m_6,6300,630,0.1
2018_7_>1000m_2,6295,629,0.09992057188244638
2018_3_100-500m_4,6292,629,0.09996821360457724
2019_2_100-500m_6,6291,629,0.09998410427594977
2020_10_>1000m_9,6287,629,0.10004771751232702
2020_7_100-500m_0,6282,628,0.0999681630054123
2017_4_>1000m_0,6275,627,0.0999203187250996
2021_11_0-20m_0,6269,627,0.10001595150741745
2018_11_>1000m_5,6252,625,0.09996801023672425
2015_7_100-500m_3,6251,625,0.09998400255959046
2017_1_100-500m_3,6250,625,0.1
2015_12_>1000m_8,6244,624,0.09993593850096093
2021_1_100-500m_9,6244,624,0.09993593850096093
2016_1_>1000m_2,6240,624,0.1
2018_8_>1000m_1,6231,623,0.09998395121168352
2019_7_>1000m_7,6228,623,0.10003211303789339
2019_10_500-1000m_8,6221,622,0.0999839254139206
2015_1_0-20m_1,6197,620,0.10004841052121995
2015_6_500-1000m_0,6188,619,0.10003232062055592
2015_7_>1000m_0,6187,619,0.10004848876676903
2019_11_100-500m_6,6186,619,0.10006466214031684
2017_5_0-20m_1,6183,618,0.09995147986414361
2021_8_0-20m_9,6180,618,0.1
2018_10_>1000m_4,6173,617,0.09995140126356715
2019_9_>1000m_8,6154,615,0.09993500162495937
2020_4_100-500m_8,6147,615,0.10004880429477794
2015_4_100-500m_8,6145,614,0.0999186330349878
2018_3_0-20m_5,6129,613,0.1000163158753467
2020_12_>1000m_6,6122,612,0.09996733093760209
2015_3_100-500m_4,6118,612,0.10003269042170644
2020_12_>1000m_7,6117,612,0.10004904364884748
2015_1_100-500m_2,6113,611,0.09995092425977425
2016_5_>1000m_8,6109,611,0.10001636929120969
2018_1_100-500m_6,6105,610,0.09991809991809991
2018_12_100-500m_4,6096,610,0.10006561679790026
2018_5_0-20m_8,6087,609,0.10004928536224741
2015_5_100-500m_5,6083,608,0.09995068222916324
2021_4_100-500m_8,6083,608,0.09995068222916324
2015_9_0-20m_8,6082,608,0.09996711608023677
2021_3_0-20m_9,6074,607,0.09993414553836022
2017_7_>1000m_3,6070,607,0.1
2021_10_100-500m_7,6069,607,0.10001647717910693
2017_11_100-500m_4,6066,607,0.1000659413122321
2015_8_0-20m_0,6055,605,0.09991742361684558
2017_2_100-500m_1,6053,605,0.0999504377994383
2017_5_>1000m_3,6050,605,0.1
2018_12_0-20m_1,6037,604,0.10004969355640218
2021_12_100-500m_3,6037,604,0.10004969355640218
2016_8_100-500m_0,6034,603,0.09993370898243288
2019_10_0-20m_9,6034,603,0.09993370898243288
2018_10_>1000m_0,6031,603,0.0999834190018239
2016_5_>1000m_6,6030,603,0.1
2020_2_100-500m_5,6022,602,0.09996678844237794
2017_11_0-20m_0,6021,602,0.09998339146321208
2016_3_0-20m_0,6017,602,0.10004985873358817
2017_7_>1000m_2,6007,601,0.10004994173464292
2020_11_>1000m_8,5997,600,0.10005002501250625
2017_2_>1000m_4,5992,599,0.09996662216288385
2015_8_500-1000m_0,5989,599,0.10001669727834363
2021_4_100-500m_6,5988,599,0.10003340013360053
2016_7_100-500m_1,5986,599,0.10006682258603408
2018_1_>1000m_8,5984,598,0.0999331550802139
2017_12_100-500m_3,5981,598,0.099983280387895
2020_10_100-500m_9,5980,598,0.1
2015_8_100-500m_1,5975,597,0.0999163179916318
2018_2_100-500m_5,5967,597,0.10005027652086476
2016_10_100-500m_9,5965,596,0.09991617770326906
2021_10_20-100m_9,5965,596,0.09991617770326906
2019_10_100-500m_7,5964,596,0.0999329309188464
2018_12_100-500m_3,5960,596,0.1
2018_11_>1000m_3,5957,596,0.10005036091992614
2015_6_>1000m_1,5954,595,0.09993281827342963
2019_4_100-500m_8,5954,595,0.09993281827342963
2018_8_>1000m_3,5949,595,0.10001680954782316
2016_5_100-500m_6,5937,594,0.10005053057099546
2019_5_500-1000m_9,5937,594,0.10005053057099546
2021_9_0-20m_9,5937,594,0.10005053057099546
2019_12_>1000m_4,5936,594,0.10006738544474393
2021_9_500-1000m_9,5928,593,0.10003373819163293
2015_10_>1000m_8,5923,592,0.09994934999155833
2021_5_100-500m_2,5921,592,0.09998311096098632
2017_10_>1000m_7,5916,592,0.10006761325219743
2016_9_100-500m_9,5915,591,0.09991546914623838
2020_11_100-500m_9,5913,591,0.09994926433282597
2020_4_100-500m_5,5910,591,0.1
2018_2_100-500m_4,5908,591,0.10003385240352065
2018_9_>1000m_4,5900,590,0.1
2015_11_100-500m_8,5899,590,0.10001695202576708
2018_7_100-500m_1,5898,590,0.10003390979993218
2015_7_100-500m_4,5893,589,0.09994909214322077
2016_2_>1000m_5,5892,589,0.09996605566870333
2017_6_>1000m_9,5888,589,0.10003396739130435
2021_5_500-1000m_0,5880,588,0.1
2018_11_100-500m_3,5877,588,0.10005104645227157
2015_7_>1000m_1,5875,587,0.09991489361702127
2017_7_100-500m_1,5864,586,0.09993178717598909
2017_7_100-500m_0,5857,586,0.10005122076148198
2018_12_100-500m_0,5856,586,0.10006830601092896
2016_1_100-500m_5,5855,585,0.09991460290350128
2017_3_100-500m_0,5841,584,0.0999828796438966
2017_10_>1000m_8,5841,584,0.0999828796438966
2016_8_>1000m_1,5837,584,0.10005139626520473
2021_9_100-500m_8,5829,583,0.10001715560130382
2019_12_500-1000m_6,5823,582,0.09994848016486348
2019_1_100-500m_4,5822,582,0.09996564754379939
2020_11_100-500m_7,5821,582,0.09998282082116475
2020_11_100-500m_8,5820,582,0.1
2017_11_0-20m_2,5815,581,0.0999140154772141
2016_11_500-1000m_2,5810,581,0.1
2015_7_100-500m_2,5806,581,0.10006889424733034
2019_5_0-20m_8,5804,580,0.09993108201240523
2016_11_20-100m_1,5803,580,0.09994830260210236
2018_7_20-100m_0,5802,580,0.09996552912788693
2019_1_>1000m_1,5792,579,0.09996546961325967
2017_3_0-20m_2,5791,579,0.09998273182524607
2015_10_0-20m_0,5787,579,0.10005184033177812
2018_4_100-500m_5,5787,579,0.10005184033177812
2017_6_0-20m_0,5774,577,0.0999307239348805
2017_11_>1000m_5,5769,577,0.1000173340266944
2015_9_>1000m_6,5766,577,0.10006937218175511
2020_4_100-500m_7,5761,576,0.09998264190244749
2016_3_100-500m_5,5760,576,0.1
2018_6_500-1000m_9,5759,576,0.10001736412571627
2018_11_>1000m_6,5758,576,0.10003473428273706
2017_8_100-500m_9,5756,576,0.10006949270326616
2015_11_>1000m_8,5750,575,0.1
2019_3_20-100m_8,5748,575,0.1000347947112039
2020_7_>1000m_7,5741,574,0.0999825814318063
2018_4_100-500m_6,5739,574,0.10001742463843875
2020_7_>1000m_8,5739,574,0.10001742463843875
2017_10_20-100m_9,5737,574,0.10005229213874847
2018_9_100-500m_0,5734,573,0.09993024066968957
2015_2_100-500m_0,5733,573,0.0999476713762428
2019_4_>1000m_9,5733,573,0.0999476713762428
2016_1_100-500m_6,5728,573,0.10003491620111732
2016_6_20-100m_0,5728,573,0.10003491620111732
2019_1_>1000m_5,5720,572,0.1
2015_9_20-100m_9,5719,572,0.10001748557440111
2017_5_500-1000m_2,5718,572,0.10003497726477789
2015_2_>1000m_2,5712,571,0.09996498599439776
2020_2_100-500m_8,5708,571,0.10003503854239663
2020_9_100-500m_0,5699,570,0.10001754693805931
2017_2_0-20m_1,5696,570,0.10007022471910113
2020_12_500-1000m_8,5692,569,0.09996486296556571
2016_2_100-500m_5,5689,569,0.10001757778168395
2018_2_>1000m_5,5681,568,0.09998239746523499
2016_7_>1000m_2,5680,568,0.1
2016_4_100-500m_2,5674,567,0.09992950299612266
2021_3_>1000m_6,5673,567,0.09994711792702274
2016_8_0-20m_9,5671,567,0.09998236642567448
2020_6_20-100m_0,5668,567,0.10003528581510233
2021_12_100-500m_6,5668,567,0.10003528581510233
2019_5_100-500m_7,5645,564,0.09991142604074402
2019_11_100-500m_7,5639,564,0.10001773364071644
2021_10_500-1000m_8,5628,563,0.10003553660270079
2020_9_>1000m_8,5627,563,0.10005331437711036
2016_2_>1000m_8,5625,562,0.09991111111111112
2015_7_>1000m_4,5624,562,0.09992887624466572
2021_5_>1000m_1,5622,562,0.0999644254713625
2017_12_>1000m_5,5617,562,0.10005340929321702
2017_8_100-500m_8,5616,562,0.10007122507122507
2017_11_500-1000m_2,5609,561,0.10001782848992691
2015_5_>1000m_2,5606,561,0.10007135212272565
2021_7_100-500m_9,5606,561,0.10007135212272565
2020_10_0-20m_0,5605,560,0.09991079393398751
2018_2_100-500m_6,5601,560,0.09998214604534904
2017_9_>1000m_5,5600,560,0.1
2019_2_500-1000m_8,5600,560,0.1
2019_1_100-500m_0,5597,560,0.10005360014293371
2017_2_100-500m_3,5596,560,0.10007147962830593
2018_8_0-20m_0,5596,560,0.10007147962830593
2018_8_100-500m_1,5595,559,0.0999106344950849
2017_4_>1000m_3,5592,559,0.09996423462088698
2016_1_>1000m_3,5590,559,0.1
2021_3_500-1000m_8,5585,558,0.09991047448522829
2018_3_>1000m_7,5582,558,0.09996417054819061
2018_4_100-500m_2,5582,558,0.09996417054819061
2015_1_>1000m_4,5579,558,0.10001792435920416
2021_12_0-20m_4,5578,558,0.10003585514521333
2017_6_100-500m_1,5569,557,0.10001795654516071
2019_12_0-20m_5,5559,556,0.10001798884691492
2018_3_0-20m_4,5557,556,0.10005398596364945
2019_5_>1000m_6,5552,555,0.09996397694524496
2021_4_>1000m_6,5547,555,0.10005408328826393
2016_12_0-20m_1,5541,554,0.09998195271611622
2015_1_100-500m_3,5538,554,0.10003611412062116
2019_4_>1000m_5,5538,554,0.10003611412062116
2020_8_500-1000m_0,5537,554,0.10005418096442116
2017_2_100-500m_2,5533,553,0.09994577986625701
2018_9_100-500m_8,5531,553,0.09998192008678358
2019_11_100-500m_5,5531,553,0.09998192008678358
2020_12_0-20m_7,5525,552,0.09990950226244344
2016_11_100-500m_3,5520,552,0.1
2017_5_100-500m_3,5519,552,0.10001811922449719
2018_12_100-500m_5,5519,552,0.10001811922449719
2016_2_>1000m_6,5513,551,0.09994558316705968
2015_2_100-500m_3,5512,551,0.09996371552975326
2015_3_>1000m_1,5508,551,0.10003631082062454
2019_3_>1000m_6,5503,550,0.09994548428130111
2015_12_500-1000m_9,5502,550,0.0999636495819702
2018_10_>1000m_5,5501,550,0.09998182148700237
2017_7_>1000m_1,5498,550,0.1000363768643143
2016_2_>1000m_4,5489,549,0.1000182182546912
2021_2_>1000m_6,5485,548,0.09990884229717412
2017_4_100-500m_0,5480,548,0.1
2018_1_>1000m_7,5480,548,0.1
2019_3_100-500m_6,5469,547,0.10001828487840556
2018_2_>1000m_8,5462,546,0.09996338337605273
2015_1_100-500m_4,5458,546,0.10003664345914254
2016_9_>1000m_1,5454,545,0.09992665933259992
2016_8_>1000m_9,5450,545,0.1
2016_12_0-20m_2,5449,545,0.10001835199119104
2018_10_100-500m_7,5438,544,0.10003677822728944
2020_11_>1000m_6,5437,544,0.10005517748758506
2015_3_500-1000m_1,5435,543,0.09990800367985281
2018_12_100-500m_1,5429,543,0.10001841959845276
2019_6_20-100m_0,5428,543,0.10003684598378777
2019_12_100-500m_4,5427,543,0.10005527915975677
2020_3_>1000m_2,5427,543,0.10005527915975677
2018_2_100-500m_7,5426,543,0.10007371913011426
2017_11_500-1000m_3,5419,542,0.10001845358922311
2021_12_0-20m_3,5417,542,0.10005538120731032
2015_3_0-20m_1,5415,541,0.09990766389658357
2015_6_20-100m_0,5413,541,0.09994457786809532
2016_3_>1000m_0,5409,541,0.10001848770567573
2019_8_100-500m_1,5408,541,0.10003698224852071
2018_4_>1000m_1,5394,539,0.09992584352984799
2019_1_0-20m_2,5390,539,0.1
2019_12_100-500m_5,5387,539,0.10005568962316688
2015_1_>1000m_3,5381,538,0.09998141609366289
2016_4_0-20m_0,5372,537,0.09996276991809382
2018_10_100-500m_0,5370,537,0.1
2016_7_>1000m_3,5369,537,0.10001862544235425
2016_1_>1000m_8,5365,536,0.09990680335507922
2015_6_>1000m_2,5357,536,0.10005600149337315
2021_8_>1000m_6,5349,535,0.10001869508319312
2017_12_0-20m_2,5346,535,0.10007482229704452
2019_9_100-500m_8,5343,534,0.09994385176866928
2016_5_>1000m_9,5336,534,0.10007496251874062
2016_8_>1000m_3,5336,534,0.10007496251874062
2017_1_500-1000m_2,5328,533,0.10003753753753754
2019_1_20-100m_1,5327,533,0.1000563168762906
2017_9_100-500m_8,5324,532,0.09992486851990984
2021_2_100-500m_6,5323,532,0.09994364080405786
2017_3_100-500m_3,5322,532,0.09996242014280346
2018_1_>1000m_0,5318,532,0.10003760812335465
2016_8_>1000m_4,5316,532,0.1000752445447705
2019_6_>1000m_2,5315,531,0.09990592662276576
2015_3_0-20m_3,5313,531,0.09994353472614342
2020_3_100-500m_2,5313,531,0.09994353472614342
2021_1_>1000m_7,5310,531,0.1
2019_10_>1000m_5,5303,530,0.09994342824816142
2016_3_100-500m_6,5296,530,0.10007552870090634
2021_12_>1000m_5,5291,529,0.09998109998109998
2017_6_100-500m_2,5287,529,0.1000567429544165
2020_12_500-1000m_7,5286,529,0.10007567158531971
2015_1_>1000m_5,5284,528,0.09992429977289932
2020_11_>1000m_9,5284,528,0.09992429977289932
2018_9_>1000m_5,5282,528,0.09996213555471413
2019_7_100-500m_7,5278,528,0.10003789314134141
2016_5_100-500m_8,5267,527,0.10005695842035314
2018_4_>1000m_6,5257,526,0.1000570667681187
2015_10_500-1000m_9,5251,525,0.09998095600837936
2016_9_>1000m_6,5249,525,0.10001905124785673
2020_3_0-20m_4,5249,525,0.10001905124785673
2020_7_>1000m_6,5248,525,0.10003810975609756
2016_3_100-500m_4,5244,524,0.09992372234935164
2021_10_100-500m_6,5243,524,0.09994278085065803
2021_11_100-500m_4,5229,523,0.10001912411550966
2016_9_>1000m_3,5228,523,0.10003825554705432
2015_2_>1000m_0,5227,523,0.10005739429883298
2015_6_100-500m_1,5227,523,0.10005739429883298
2017_8_>1000m_4,5227,523,0.10005739429883298
2018_4_100-500m_3,5227,523,0.10005739429883298
2018_4_>1000m_5,5227,523,0.10005739429883298
2021_3_0-20m_8,5227,523,0.10005739429883298
2016_7_100-500m_4,5225,522,0.09990430622009569
2016_2_100-500m_4,5219,522,0.10001916075876605
2018_8_100-500m_4,5218,522,0.1000383288616328
2015_3_500-1000m_2,5215,521,0.09990412272291467
2020_2_100-500m_4,5211,521,0.09998080982536942
2016_3_>1000m_6,5210,521,0.1
2016_7_100-500m_3,5209,521,0.10001919754271453
2019_11_>1000m_7,5209,521,0.10001919754271453
2021_6_>1000m_5,5208,521,0.1000384024577573
2016_10_>1000m_7,5200,520,0.1
2018_9_>1000m_0,5200,520,0.1
2021_4_>1000m_5,5199,520,0.10001923446816696
2017_8_>1000m_2,5194,519,0.09992298806314978
2017_4_20-100m_1,5191,519,0.09998073588903872
2018_5_500-1000m_8,5188,519,0.10003855050115651
2015_4_500-1000m_8,5187,519,0.10005783689994216
2016_1_>1000m_7,5186,519,0.10007713073659853
2016_12_>1000m_2,5183,518,0.09994211846420992
2019_8_>1000m_4,5177,518,0.10005794861889125
2018_12_0-20m_2,5175,517,0.09990338164251207
2016_12_0-20m_3,5171,517,0.09998066138077741
2016_1_100-500m_8,5170,517,0.1
2017_8_>1000m_8,5169,517,0.1000193461017605
2017_2_100-500m_4,5160,516,0.1
2016_3_0-20m_4,5159,516,0.10001938360147315
2015_3_>1000m_5,5158,516,0.10003877471888328
2020_2_>1000m_6,5155,515,0.09990300678952474
2015_9_100-500m_7,5151,515,0.0999805862939235
2017_12_500-1000m_1,5144,514,0.09992223950233281
2017_1_100-500m_4,5142,514,0.09996110462854921
2015_10_500-1000m_0,5140,514,0.1
2018_1_100-500m_5,5134,513,0.09992208804051422
2020_11_100-500m_0,5132,513,0.09996102883865939
2019_11_100-500m_8,5131,513,0.09998051062171116
2017_8_100-500m_3,5123,512,0.09994144056217061
2020_9_100-500m_1,5123,512,0.09994144056217061
2017_1_>1000m_4,5120,512,0.1
2015_4_100-500m_7,5117,512,0.10005862810240375
2020_7_0-20m_0,5117,512,0.10005862810240375
2015_12_100-500m_2,5108,511,0.10003915426781519
2016_2_100-500m_7,5102,510,0.0999607996863975
2017_2_100-500m_5,5099,510,0.10001961168856638
2017_2_0-20m_2,5099,510,0.10001961168856638
2019_7_100-500m_6,5099,510,0.10001961168856638
2021_11_>1000m_4,5096,510,0.1000784929356358
2021_4_>1000m_7,5090,509,0.1
2019_2_0-20m_6,5087,509,0.10005897385492432
2019_7_0-20m_8,5087,509,0.10005897385492432
2019_10_>1000m_7,5086,509,0.10007864726700748
2015_7_500-1000m_1,5084,508,0.0999213217938631
2015_1_100-500m_6,5076,508,0.10007880220646179
2018_9_>1000m_7,5071,507,0.09998028002366398
2018_12_>1000m_4,5070,507,0.1
2018_10_100-500m_5,5069,507,0.10001972775695403
2017_9_>1000m_6,5064,506,0.09992101105845182
2019_12_>1000m_3,5064,506,0.09992101105845182
2020_2_0-20m_5,5060,506,0.1
2018_1_100-500m_7,5058,506,0.10003954132068012
2019_4_0-20m_6,5051,505,0.09998020194020986
2016_5_100-500m_7,5047,505,0.10005944125222904
2016_7_100-500m_2,5045,504,0.09990089197224976
2017_12_100-500m_5,5045,504,0.09990089197224976
2019_4_100-500m_9,5045,504,0.09990089197224976
2020_1_>1000m_4,5042,504,0.09996033320111067
2016_1_100-500m_7,5040,504,0.1
2020_1_100-500m_6,5035,503,0.09990069513406157
2018_1_0-20m_0,5032,503,0.09996025437201908
2016_9_100-500m_1,5025,502,0.0999004975124378
2017_5_0-20m_2,5022,502,0.09996017522899243
2018_5_500-1000m_7,5015,501,0.09990029910269192
2020_4_0-20m_8,5015,501,0.09990029910269192
2020_4_0-20m_7,5013,501,0.09994015559545183
2016_5_100-500m_5,5010,501,0.1
2021_1_>1000m_5,5009,501,0.10001996406468357
2018_3_500-1000m_6,5004,500,0.09992006394884093
2015_2_0-20m_2,5003,500,0.09994003597841296
2018_6_>1000m_8,5003,500,0.09994003597841296
2019_12_500-1000m_5,5001,500,0.09998000399920016
2018_4_0-20m_2,4998,500,0.10004001600640255
2020_10_500-1000m_0,4997,500,0.10006003602161297
2019_3_500-1000m_7,4992,499,0.0999599358974359
2017_12_500-1000m_2,4991,499,0.09997996393508315
2015_1_>1000m_2,4989,499,0.10002004409701343
2020_2_500-1000m_7,4989,499,0.10002004409701343
2018_7_500-1000m_1,4984,498,0.09991974317817015
2019_11_>1000m_5,4983,498,0.09993979530403371
2021_4_100-500m_7,4982,498,0.09995985547972702
2016_12_500-1000m_5,4977,498,0.10006027727546715
2017_2_>1000m_5,4976,498,0.10008038585209003
2020_1_100-500m_7,4971,497,0.099979883323275
2017_7_100-500m_2,4970,497,0.1
2018_8_100-500m_2,4966,497,0.10008054772452678
2020_12_20-100m_8,4964,496,0.0999194198227236
2018_8_500-1000m_0,4963,496,0.0999395526899053
2018_3_500-1000m_5,4960,496,0.1
2021_2_>1000m_9,4960,496,0.1
2021_1_500-1000m_9,4955,495,0.09989909182643794
2019_9_100-500m_9,4952,495,0.09995961227786752
2020_5_0-20m_9,4938,494,0.10004050222762252
2018_11_100-500m_6,4936,494,0.10008103727714748
2015_3_500-1000m_3,4932,493,0.09995944849959448
2018_8_100-500m_5,4927,493,0.10006088897909478
2020_1_100-500m_5,4923,492,0.09993906154783669
2019_8_>1000m_5,4919,492,0.10002032933523074
2015_1_>1000m_6,4904,490,0.0999184339314845
2021_1_>1000m_6,4900,490,0.1
2021_8_500-1000m_8,4897,490,0.1000612619971411
2016_9_>1000m_5,4894,489,0.09991826726604004
2015_2_100-500m_4,4893,489,0.09993868792152054
2021_6_>1000m_4,4890,489,0.1
2021_4_0-20m_7,4888,489,0.10004091653027823
2016_12_100-500m_1,4881,488,0.09997951239500102
2016_1_>1000m_1,4878,488,0.1000410004100041
2016_9_>1000m_2,4877,488,0.10006151322534344
2019_2_>1000m_7,4875,487,0.0998974358974359
2020_10_100-500m_8,4874,487,0.09991793188346328
2017_7_>1000m_4,4873,487,0.0999384362815514
2021_1_100-500m_8,4870,487,0.1
2016_12_>1000m_1,4863,486,0.0999383096853794
2019_2_0-20m_7,4863,486,0.0999383096853794
2015_4_100-500m_1,4859,486,0.10002058036633052
2016_11_0-20m_2,4853,485,0.09993818256748403
2019_3_0-20m_6,4852,485,0.09995877988458368
2021_2_500-1000m_8,4847,485,0.10006189395502373
2015_6_>1000m_5,4843,484,0.0999380549246335
2019_1_500-1000m_4,4842,484,0.09995869475423379
2020_7_100-500m_2,4841,484,0.09997934311092749
2019_6_100-500m_1,4840,484,0.1
2019_2_100-500m_5,4836,484,0.1000827129859388
2018_10_>1000m_6,4834,483,0.09991725279271825
2018_9_>1000m_3,4831,483,0.09997930035189402
2016_7_500-1000m_1,4830,483,0.1
2016_1_100-500m_4,4829,483,0.1000207082211638
2019_10_>1000m_6,4829,483,0.1000207082211638
2018_9_>1000m_6,4826,483,0.10008288437629506
2020_8_>1000m_2,4826,483,0.10008288437629506
2021_12_>1000m_6,4825,482,0.09989637305699482
2021_4_100-500m_9,4824,482,0.09991708126036485
2016_7_100-500m_0,4818,482,0.10004151100041511
2018_5_0-20m_9,4817,482,0.10006227942702928
2018_1_>1000m_6,4816,482,0.10008305647840532
2020_1_>1000m_8,4815,481,0.09989615784008307
2020_6_100-500m_1,4813,481,0.09993766881362975
2016_4_0-20m_2,4806,481,0.10008322929671244
2016_10_500-1000m_9,4806,481,0.10008322929671244
2018_10_100-500m_6,4801,480,0.09997917100604041
2018_5_0-20m_7,4800,480,0.1
2020_7_100-500m_6,4797,480,0.10006253908692933
2016_2_>1000m_3,4792,479,0.09995826377295493
2015_4_>1000m_5,4791,479,0.09997912753078689
2015_5_0-20m_4,4789,479,0.10002088118605136
2015_10_100-500m_7,4788,479,0.10004177109440267
2015_1_0-20m_2,4787,479,0.10006266973052017
2021_11_100-500m_5,4787,479,0.10006266973052017
2015_3_20-100m_2,4784,478,0.09991638795986622
2016_8_0-20m_0,4778,478,0.10004185851820846
2015_2_>1000m_4,4775,477,0.09989528795811518
2020_10_100-500m_1,4774,477,0.09991621281943863
2021_4_100-500m_5,4774,477,0.09991621281943863
2020_1_100-500m_2,4772,477,0.09995808885163454
2016_4_0-20m_1,4771,477,0.09997904003353594
2016_8_>1000m_2,4764,476,0.09991603694374475
2016_12_0-20m_4,4761,476,0.09997899600924176
2017_5_>1000m_0,4761,476,0.09997899600924176
2016_4_>1000m_0,4760,476,0.1
2016_10_100-500m_6,4759,476,0.10002101281781887
2019_4_500-1000m_6,4758,476,0.10004203446826397
2015_8_>1000m_7,4756,476,0.10008410428931876
2018_4_100-500m_4,4756,476,0.10008410428931876
2016_11_20-100m_0,4753,475,0.09993688196928256
2015_5_0-20m_3,4752,475,0.09995791245791245
2016_12_>1000m_0,4752,475,0.09995791245791245
2019_2_500-1000m_7,4752,475,0.09995791245791245
2021_7_100-500m_3,4752,475,0.09995791245791245
2016_10_0-20m_7,4750,475,0.1
2020_5_100-500m_4,4750,475,0.1
2018_9_100-500m_3,4749,475,0.10002105706464519
2019_4_100-500m_5,4749,475,0.10002105706464519
2020_1_100-500m_4,4748,475,0.10004212299915755
2021_12_100-500m_7,4747,475,0.10006319780914262
2015_7_500-1000m_2,4744,474,0.09991568296795952
2018_10_>1000m_3,4743,474,0.09993674889310562
2017_6_0-20m_1,4741,474,0.09997890740350138
2015_1_100-500m_5,4739,474,0.10002110149820637
2021_2_0-20m_7,4739,474,0.10002110149820637
2020_8_100-500m_9,4738,474,0.10004221190375685
2017_9_>1000m_4,4736,474,0.10008445945945946
2018_3_500-1000m_7,4735,473,0.09989440337909188
2019_12_500-1000m_7,4726,473,0.10008463817181548
2020_4_500-1000m_7,4724,472,0.09991532599491956
2017_8_100-500m_4,4722,472,0.09995764506565015
2018_10_100-500m_8,4722,472,0.09995764506565015
2015_9_500-1000m_8,4714,471,0.09991514637250742
2018_2_0-20m_6,4712,471,0.09995755517826825
2015_8_0-20m_1,4709,471,0.10002123593119558
2018_8_>1000m_4,4709,471,0.10002123593119558
2019_9_500-1000m_9,4708,471,0.10004248088360237
2021_8_0-20m_8,4706,471,0.10008499787505312
2018_1_>1000m_1,4705,470,0.09989373007438895
2019_12_100-500m_8,4704,470,0.09991496598639456
2020_9_100-500m_9,4701,470,0.0999787279302276
2020_3_>1000m_6,4697,470,0.10006387055567384
2016_7_>1000m_0,4696,470,0.10008517887563884
2020_4_100-500m_9,4695,469,0.09989350372736955
2017_8_100-500m_7,4694,469,0.09991478483170005
2021_5_500-1000m_1,4694,469,0.09991478483170005
2015_1_>1000m_1,4691,469,0.09997868258367086
2018_3_0-20m_6,4691,469,0.09997868258367086
2019_5_500-1000m_8,4691,469,0.09997868258367086
2016_3_100-500m_3,4686,469,0.10008536064874093
2017_4_500-1000m_2,4686,469,0.10008536064874093
2021_7_100-500m_4,4682,468,0.09995728321230243
2020_3_500-1000m_4,4680,468,0.1
2019_1_500-1000m_3,4675,467,0.09989304812834225
2021_9_>1000m_6,4671,467,0.09997859130807107
2017_12_0-20m_0,4670,467,0.1
2019_7_100-500m_5,4665,466,0.09989281886387996
2017_8_>1000m_7,4662,466,0.09995709995709996
2018_11_0-20m_3,4662,466,0.09995709995709996
2021_3_100-500m_5,4652,465,0.09995700773860705
2020_2_>1000m_5,4651,465,0.09997849924747367
2015_8_>1000m_8,4650,465,0.1
2019_5_100-500m_6,4650,465,0.1
2015_2_>1000m_3,4647,465,0.1000645577792124
2021_12_>1000m_1,4646,465,0.10008609556607835
2016_9_>1000m_7,4642,464,0.0999569151227919
2015_7_0-20m_1,4638,464,0.10004312203536007
2021_3_20-100m_9,4638,464,0.10004312203536007
2015_3_0-20m_4,4633,463,0.09993524714008202
2018_9_0-20m_0,4632,463,0.09995682210708118
2015_2_>1000m_6,4631,463,0.09997840639170806
2017_1_100-500m_5,4629,463,0.10002160293799957
2019_9_0-20m_0,4629,463,0.10002160293799957
2020_3_0-20m_2,4629,463,0.10002160293799957
2019_8_>1000m_6,4628,463,0.10004321521175454
2021_11_100-500m_7,4626,463,0.10008646779074795
2016_6_>1000m_2,4623,462,0.099935107073329
2018_7_100-500m_2,4620,462,0.1
2020_7_100-500m_1,4619,462,0.10002164970772895
2019_8_>1000m_9,4616,462,0.10008665511265165
2020_9_>1000m_7,4612,461,0.09995663486556808
2015_6_>1000m_4,4611,461,0.09997831273042723
2020_11_>1000m_0,4611,461,0.09997831273042723
2019_4_0-20m_7,4610,461,0.1
2021_7_>1000m_3,4605,460,0.0998914223669924
2018_11_500-1000m_4,4604,460,0.0999131190269331
2017_8_100-500m_5,4600,460,0.1
2018_1_100-500m_0,4600,460,0.1
2016_5_>1000m_5,4599,460,0.10002174385736029
2017_2_0-20m_0,4599,460,0.10002174385736029
2015_5_>1000m_6,4598,460,0.10004349717268378
2015_4_100-500m_6,4596,460,0.10008703220191471
2018_8_100-500m_3,4596,460,0.10008703220191471
2016_8_100-500m_3,4595,459,0.0998911860718172
2018_11_>1000m_7,4595,459,0.0998911860718172
2020_1_100-500m_3,4595,459,0.0998911860718172
2018_2_100-500m_3,4594,459,0.0999129299085764
2016_11_>1000m_3,4592,459,0.09995644599303136
2018_11_>1000m_8,4591,459,0.09997821825310389
2020_7_100-500m_3,4591,459,0.09997821825310389
2017_12_20-100m_1,4589,459,0.10002179123992155
2016_12_>1000m_6,4588,459,0.10004359197907585
2015_12_>1000m_7,4586,459,0.10008722197993894
2017_11_20-100m_1,4584,458,0.09991273996509599
2017_4_0-20m_0,4578,458,0.1000436871996505
2019_12_100-500m_3,4576,458,0.10008741258741259
2018_1_>1000m_5,4574,457,0.09991254919108002
2020_4_500-1000m_6,4574,457,0.09991254919108002
2021_9_100-500m_7,4574,457,0.09991254919108002
2018_10_>1000m_8,4572,457,0.0999562554680665
2021_9_500-1000m_8,4570,457,0.1
2015_12_100-500m_3,4569,457,0.10002188662727074
2017_2_100-500m_0,4568,457,0.10004378283712785
2016_10_500-1000m_8,4567,457,0.100065688635866
2018_3_>1000m_3,4559,456,0.10002193463478833
2015_10_100-500m_8,4555,455,0.09989023051591657
2019_4_500-1000m_7,4554,455,0.09991216512955643
2018_6_100-500m_7,4553,455,0.0999341093784318
2021_1_>1000m_4,4549,455,0.10002198285337437
2018_6_0-20m_9,4546,455,0.10008798944126705
2016_12_100-500m_6,4543,454,0.099933964340744
2021_4_>1000m_0,4543,454,0.099933964340744
2015_11_0-20m_8,4542,454,0.09995596653456627
2019_5_0-20m_7,4542,454,0.09995596653456627
2021_11_100-500m_3,4540,454,0.1
2020_8_100-500m_2,4539,454,0.10002203128442388
2019_5_20-100m_9,4538,454,0.1000440722785368
2020_11_500-1000m_8,4537,454,0.1000661229887591
2019_10_0-20m_7,4528,453,0.10004416961130742
2016_3_0-20m_5,4526,453,0.1000883782589483
2019_1_500-1000m_2,4526,453,0.1000883782589483
2017_2_0-20m_3,4525,452,0.09988950276243094
2020_5_100-500m_8,4523,452,0.09993367234136635
2019_10_20-100m_9,4521,452,0.0999778809997788
2021_10_0-20m_8,4521,452,0.0999778809997788
2019_7_500-1000m_9,4518,452,0.10004426737494466
2016_3_100-500m_2,4517,452,0.10006641576267435
2015_5_500-1000m_2,4508,451,0.10004436557231589
2017_11_500-1000m_4,4508,451,0.10004436557231589
2018_8_0-20m_1,4508,451,0.10004436557231589
2021_6_20-100m_0,4506,451,0.10008877052818464
2019_11_>1000m_3,4503,450,0.09993337774816789
2017_5_100-500m_5,4500,450,0.1
2019_12_>1000m_8,4500,450,0.1
2021_3_0-20m_6,4497,450,0.1000667111407605
2018_3_0-20m_3,4493,449,0.09993322946806144
2018_6_0-20m_8,4493,449,0.09993322946806144
2021_9_20-100m_9,4488,449,0.1000445632798574
2019_4_500-1000m_8,4487,449,0.10006685981724983
2016_3_100-500m_1,4486,449,0.10008916629514043
2017_12_0-20m_3,4484,448,0.09991079393398751
2021_11_>1000m_0,4484,448,0.09991079393398751
2017_5_100-500m_4,4481,448,0.0999776835527784
2021_5_>1000m_4,4480,448,0.1
2019_10_20-100m_8,4478,448,0.10004466279589103
2020_9_100-500m_2,4476,448,0.10008936550491511
2017_5_>1000m_6,4471,447,0.09997763363900693
2021_12_0-20m_5,4471,447,0.09997763363900693
2021_3_0-20m_5,4470,447,0.1
2018_2_0-20m_5,4469,447,0.1000223763705527
2021_12_100-500m_2,4469,447,0.1000223763705527
2020_5_100-500m_5,4463,446,0.09993278064082456
2021_7_100-500m_2,4462,446,0.09995517705064993
2017_2_>1000m_6,4459,446,0.10002242655303879
2020_3_100-500m_9,4458,446,0.10004486316733961
2021_5_100-500m_3,4458,446,0.10004486316733961
2018_1_100-500m_4,4457,446,0.10006730984967467
2021_7_100-500m_1,4456,446,0.10008976660682226
2020_5_100-500m_7,4453,445,0.09993262968785088
2017_6_100-500m_3,4452,445,0.0999550763701707
2017_7_>1000m_5,4452,445,0.0999550763701707
2021_9_>1000m_0,4448,445,0.10004496402877698
2016_3_>1000m_2,4447,445,0.10006746120980436
2015_5_100-500m_1,4444,444,0.0999099909990999
2016_9_100-500m_8,4442,444,0.09995497523638001
2021_2_500-1000m_9,4441,444,0.09997748254897545
2018_10_>1000m_7,4440,444,0.1
2019_8_500-1000m_0,4440,444,0.1
2015_8_100-500m_2,4434,443,0.09990978800180424
2020_3_100-500m_6,4434,443,0.09990978800180424
2020_3_500-1000m_3,4434,443,0.09990978800180424
2021_1_100-500m_3,4430,443,0.1
2021_9_100-500m_0,4428,443,0.10004516711833784
2021_8_>1000m_5,4427,443,0.1000677659814773
2016_2_100-500m_3,4426,443,0.10009037505648441
2020_3_500-1000m_5,4425,442,0.09988700564971752
2021_2_500-1000m_7,4425,442,0.09988700564971752
2015_12_500-1000m_8,4414,441,0.09990937924784776
2018_11_0-20m_4,4412,441,0.09995466908431551
2016_7_>1000m_4,4408,441,0.10004537205081669
2021_6_100-500m_5,4408,441,0.10004537205081669
2021_4_>1000m_8,4406,441,0.10009078529278256
2018_9_100-500m_7,4403,440,0.09993186463774699
2016_1_0-20m_2,4402,440,0.09995456610631531
2017_10_100-500m_8,4402,440,0.09995456610631531
2021_9_100-500m_6,4402,440,0.09995456610631531
2017_3_>1000m_4,4400,440,0.1
2020_8_20-100m_0,4398,440,0.10004547521600728
2021_8_100-500m_6,4398,440,0.10004547521600728
2016_5_500-1000m_8,4395,439,0.09988623435722412
2015_5_0-20m_5,4393,439,0.0999317095379012
2018_4_>1000m_8,4374,437,0.09990855052583447
2015_6_>1000m_3,4372,437,0.09995425434583714
2018_9_>1000m_2,4372,437,0.09995425434583714
2019_11_>1000m_4,4372,437,0.09995425434583714
2017_5_>1000m_5,4367,437,0.10006869704602703
2015_5_0-20m_2,4359,436,0.10002294104152329
2021_12_0-20m_2,4359,436,0.10002294104152329
2015_8_>1000m_6,4358,436,0.10004589261128959
2016_10_0-20m_8,4358,436,0.10004589261128959
2021_11_>1000m_1,4356,436,0.10009182736455463
2020_11_100-500m_6,4354,435,0.09990813045475425
2019_10_100-500m_6,4346,435,0.10009203865623562
2017_11_>1000m_1,4344,434,0.09990791896869244
2016_10_>1000m_6,4340,434,0.1
2016_4_500-1000m_1,4338,434,0.1000461041954818
2018_10_100-500m_4,4338,434,0.1000461041954818
2018_6_100-500m_5,4337,434,0.10006917223887479
2015_4_100-500m_9,4334,433,0.09990770650669129
2019_8_>1000m_7,4332,433,0.09995383194829179
2020_8_>1000m_8,4332,433,0.09995383194829179
2017_12_500-1000m_4,4331,433,0.09997691064419302
2018_12_0-20m_3,4331,433,0.09997691064419302
2016_5_100-500m_9,4330,433,0.1
2016_9_>1000m_4,4330,433,0.1
2017_9_>1000m_7,4329,433,0.10002310002310003
2016_7_100-500m_5,4328,433,0.10004621072088725
2020_10_>1000m_6,4324,432,0.09990749306197964
2019_11_100-500m_4,4315,431,0.09988412514484357
2020_4_0-20m_6,4313,431,0.09993044284720612
2021_1_100-500m_4,4313,431,0.09993044284720612
2016_9_100-500m_2,4305,430,0.09988385598141696
2021_4_0-20m_8,4304,430,0.09990706319702602
2021_10_>1000m_6,4304,430,0.09990706319702602
2020_6_100-500m_3,4300,430,0.1
2018_1_>1000m_2,4297,430,0.10006981615080289
2020_5_>1000m_8,4297,430,0.10006981615080289
2019_2_>1000m_5,4293,429,0.09993011879804332
2017_7_100-500m_5,4285,428,0.09988331388564761
2021_2_100-500m_9,4284,428,0.09990662931839403
2016_10_500-1000m_7,4282,428,0.09995329285380664
2019_12_0-20m_4,4280,428,0.1
2016_10_>1000m_5,4272,427,0.09995318352059925
2020_10_100-500m_7,4272,427,0.09995318352059925
2020_9_>1000m_5,4269,427,0.10002342468962286
2016_1_>1000m_6,4268,427,0.1000468603561387
2016_8_100-500m_6,4267,427,0.10007030700726506
2017_3_20-100m_2,4265,426,0.09988276670574443
2015_12_0-20m_1,4260,426,0.1
2020_12_0-20m_6,4260,426,0.1
2016_9_0-20m_9,4258,426,0.10004697040864255
2020_5_>1000m_6,4258,426,0.10004697040864255
2015_2_20-100m_1,4257,426,0.10007047216349542
2015_2_>1000m_5,4249,425,0.10002353494939986
2015_8_100-500m_3,4247,425,0.10007063809748057
2016_6_100-500m_7,4246,425,0.10009420631182289
2020_9_>1000m_6,4241,424,0.09997642065550577
2018_6_100-500m_6,4233,423,0.09992912827781715
2021_9_100-500m_5,4232,423,0.09995274102079395
2019_9_100-500m_1,4229,423,0.10002364625206905
2015_5_>1000m_7,4228,423,0.1000473036896878
2015_5_100-500m_6,4222,422,0.09995262908574136
2018_12_500-1000m_1,4220,422,0.1
2016_2_0-20m_4,4218,422,0.10004741583688952
2016_1_>1000m_4,4215,421,0.09988137603795967
2017_1_0-20m_0,4212,421,0.09995251661918328
2020_10_>1000m_1,4210,421,0.1
2018_11_0-20m_5,4209,421,0.10002375861249703
2018_4_100-500m_7,4206,421,0.10009510223490252
2017_2_>1000m_1,4205,420,0.09988109393579073
2016_1_>1000m_5,4204,420,0.09990485252140818
2021_1_100-500m_7,4199,420,0.10002381519409383
2017_8_100-500m_2,4192,419,0.09995229007633588
2019_10_>1000m_4,4192,419,0.09995229007633588
2020_2_0-20m_4,4191,419,0.09997613934621809
2020_7_100-500m_7,4191,419,0.09997613934621809
2020_7_100-500m_4,4186,419,0.10009555661729574
2020_10_>1000m_4,4186,419,0.10009555661729574
2016_12_500-1000m_4,4183,418,0.09992828113793928
2018_10_0-20m_8,4183,418,0.09992828113793928
2021_5_500-1000m_2,4175,417,0.09988023952095808
2017_1_20-100m_2,4174,417,0.09990416866315285
2021_1_100-500m_6,4174,417,0.09990416866315285
2019_11_>1000m_2,4172,417,0.09995206136145733
2016_2_0-20m_5,4170,417,0.1
2017_9_100-500m_9,4170,417,0.1
2015_11_500-1000m_8,4168,417,0.10004798464491363
2018_1_>1000m_3,4167,417,0.10007199424046076
2018_7_0-20m_1,4166,417,0.10009601536245799
2017_4_100-500m_4,4163,416,0.09992793658419409
2017_10_100-500m_0,4162,416,0.0999519461797213
2021_12_500-1000m_5,4162,416,0.0999519461797213
2020_1_100-500m_8,4155,415,0.09987966305655836
2016_9_100-500m_7,4154,415,0.0999037072701011
2019_12_0-20m_6,4154,415,0.0999037072701011
2017_7_>1000m_6,4151,415,0.099975909419417
2015_7_0-20m_2,4148,415,0.10004821600771456
2016_8_100-500m_7,4148,415,0.10004821600771456
2020_11_>1000m_5,4148,415,0.10004821600771456
2017_4_>1000m_4,4147,415,0.1000723414516518
2015_5_500-1000m_3,4139,414,0.10002416042522348
2018_3_20-100m_5,4137,414,0.10007251631617115
2020_9_>1000m_1,4137,414,0.10007251631617115
2020_6_0-20m_1,4135,413,0.09987908101571946
2015_7_>1000m_5,4132,413,0.0999515972894482
2017_4_100-500m_3,4132,413,0.0999515972894482
2016_2_500-1000m_7,4131,413,0.09997579278625031
2016_10_100-500m_5,4129,413,0.10002421893921046
2016_4_>1000m_5,4128,413,0.1000484496124031
2017_6_>1000m_6,4127,413,0.10007269202810759
2020_8_0-20m_1,4126,413,0.10009694619486185
2020_9_0-20m_0,4123,412,0.09992723744845985
2016_7_100-500m_6,4122,412,0.09995147986414361
2017_1_0-20m_3,4122,412,0.09995147986414361
2017_9_100-500m_4,4119,412,0.10002427773731488
2015_6_100-500m_4,4118,412,0.10004856726566294
2017_11_20-100m_2,4118,412,0.10004856726566294
2019_7_0-20m_9,4118,412,0.10004856726566294
2017_1_20-100m_1,4117,412,0.10007286859363615
2016_4_>1000m_1,4112,411,0.09995136186770429
2019_7_0-20m_6,4112,411,0.09995136186770429
2020_6_>1000m_6,4112,411,0.09995136186770429
2015_12_100-500m_7,4109,411,0.1000243368216111
2016_2_100-500m_2,4108,411,0.10004868549172347
2017_10_>1000m_6,4108,411,0.10004868549172347
2018_10_100-500m_3,4107,411,0.10007304601899196
2018_11_100-500m_2,4107,411,0.10007304601899196
2019_2_>1000m_6,4103,410,0.09992688276870583
2018_5_20-100m_8,4101,410,0.09997561570348695
2016_8_>1000m_5,4098,410,0.10004880429477794
2017_9_20-100m_0,4094,409,0.09990229604298974
2020_12_100-500m_6,4094,409,0.09990229604298974
2017_9_>1000m_3,4092,409,0.09995112414467253
2017_8_>1000m_5,4089,409,0.1000244558571778
2017_1_500-1000m_3,4088,409,0.10004892367906067
2021_7_100-500m_5,4088,409,0.10004892367906067
2017_10_500-1000m_8,4086,409,0.10009789525208028
2018_5_100-500m_6,4084,408,0.09990205680705191
2021_1_0-20m_0,4084,408,0.09990205680705191
2017_7_>1000m_0,4082,408,0.09995100440960314
2021_7_500-1000m_1,4082,408,0.09995100440960314
2021_6_>1000m_6,4077,408,0.10007358351729213
2020_11_0-20m_0,4076,408,0.10009813542688911
2021_1_100-500m_0,4075,407,0.09987730061349694
2020_7_>1000m_5,4070,407,0.1
2021_3_500-1000m_7,4070,407,0.1
2020_12_>1000m_5,4067,407,0.10007376444553726
2021_9_0-20m_8,4062,406,0.0999507631708518
2021_10_500-1000m_7,4057,406,0.10007394626571359
2018_4_100-500m_1,4055,405,0.0998766954377312
2018_6_>1000m_7,4054,405,0.09990133201776023
2019_1_20-100m_2,4054,405,0.09990133201776023
2021_6_100-500m_6,4054,405,0.09990133201776023
2016_9_100-500m_6,4053,405,0.0999259807549963
2019_6_>1000m_3,4053,405,0.0999259807549963
2021_4_500-1000m_8,4053,405,0.0999259807549963
2016_5_100-500m_1,4052,405,0.09995064165844028
2018_12_>1000m_6,4052,405,0.09995064165844028
2016_9_500-1000m_2,4051,405,0.09997531473710194
2017_11_0-20m_3,4051,405,0.09997531473710194
2018_2_>1000m_9,4047,405,0.10007412898443291
2018_8_0-20m_3,4043,404,0.09992579767499382
2015_6_100-500m_3,4042,404,0.0999505195447798
2021_7_0-20m_9,4039,404,0.10002475860361476
2018_5_>1000m_5,4038,404,0.10004952947003468
2020_7_100-500m_5,4038,404,0.10004952947003468
2016_12_500-1000m_3,4035,403,0.09987608426270136
2016_7_>1000m_7,4033,403,0.09992561368708158
2018_12_500-1000m_2,4031,403,0.09997519225998512
2020_2_100-500m_9,4028,403,0.10004965243296922
2015_1_>1000m_8,4027,403,0.10007449714427613
2018_1_100-500m_3,4027,403,0.10007449714427613
2018_4_>1000m_0,4026,403,0.10009935419771486
2019_2_0-20m_5,4026,403,0.10009935419771486
2018_1_0-20m_2,4025,402,0.09987577639751553
2020_9_>1000m_2,4025,402,0.09987577639751553
2018_2_0-20m_7,4023,402,0.09992542878448919
2020_5_100-500m_6,4021,402,0.09997513056453619
2017_6_100-500m_4,4019,402,0.10002488181139586
2017_7_100-500m_4,4019,402,0.10002488181139586
2018_9_100-500m_6,4019,402,0.10002488181139586
2017_6_>1000m_8,4018,402,0.10004977600796416
2021_5_>1000m_6,4018,402,0.10004977600796416
2019_2_0-20m_8,4014,401,0.09990034877927255
2020_2_500-1000m_8,4014,401,0.09990034877927255
2016_11_>1000m_4,4013,401,0.09992524296037877
2018_9_100-500m_5,4013,401,0.09992524296037877
2019_4_0-20m_5,4013,401,0.09992524296037877
2021_12_500-1000m_4,4012,401,0.09995014955134596
2017_7_0-20m_0,4010,401,0.1
2016_3_0-20m_3,4009,401,0.10002494387627837
2019_8_100-500m_9,4009,401,0.10002494387627837
2016_8_>1000m_0,4008,401,0.1000499001996008
2021_11_0-20m_2,4007,401,0.10007486897928625
2020_10_>1000m_7,4005,400,0.09987515605493133
2021_5_0-20m_1,4005,400,0.09987515605493133
2020_4_500-1000m_9,4003,400,0.09992505620784412
2015_2_100-500m_5,3999,400,0.1000250062515629
2019_8_100-500m_8,3998,400,0.10005002501250625
2015_4_500-1000m_7,3997,400,0.10007505629221916
2018_2_>1000m_4,3993,399,0.09992486851990984
2020_5_0-20m_8,3993,399,0.09992486851990984
2017_8_100-500m_6,3984,398,0.09989959839357429
2015_7_0-20m_3,3983,398,0.09992467988953051
2018_1_>1000m_4,3981,398,0.09997488068324542
2015_7_20-100m_0,3979,398,0.10002513194269917
2020_10_>1000m_8,3976,398,0.10010060362173039
2017_7_0-20m_1,3974,397,0.09989934574735783
2021_7_>1000m_4,3973,397,0.09992449030958973
2015_11_>1000m_7,3970,397,0.1
2021_6_>1000m_3,3970,397,0.1
2021_7_500-1000m_9,3970,397,0.1
2020_6_>1000m_9,3968,397,0.10005040322580645
2020_6_>1000m_4,3967,397,0.1000756238971515
2016_10_0-20m_6,3965,396,0.09987389659520807
2015_6_0-20m_1,3963,396,0.09992429977289932
2021_7_100-500m_0,3961,396,0.09997475385003787
2021_7_>1000m_0,3960,396,0.1
2017_5_20-100m_1,3959,396,0.10002525890376357
2018_8_100-500m_6,3958,396,0.10005053057099546
2020_3_>1000m_9,3957,396,0.10007581501137225
2020_3_500-1000m_2,3956,396,0.10010111223458039
2018_8_>1000m_5,3955,395,0.09987357774968394
2021_6_100-500m_4,3955,395,0.09987357774968394
2018_10_0-20m_6,3954,395,0.09989883662114314
2020_2_0-20m_6,3953,395,0.09992410827219833
2020_10_0-20m_9,3951,395,0.0999746899519109
2015_7_500-1000m_4,3950,395,0.1
2015_3_500-1000m_4,3937,394,0.1000762001524003
2017_11_100-500m_0,3933,393,0.09992372234935164
2021_12_20-100m_4,3933,393,0.09992372234935164
2018_1_100-500m_2,3932,393,0.09994913530010173
2018_5_500-1000m_9,3930,393,0.1
2020_11_0-20m_7,3927,393,0.10007639419404125
2017_8_>1000m_6,3925,392,0.09987261146496815
2021_4_500-1000m_9,3925,392,0.09987261146496815
2016_3_500-1000m_3,3924,392,0.0998980632008155
2018_6_500-1000m_8,3923,392,0.099923527912312
2017_3_>1000m_0,3921,392,0.09997449630196378
2021_5_20-100m_0,3920,392,0.1
2018_1_100-500m_8,3918,392,0.10005104645227157
2020_5_>1000m_1,3918,392,0.10005104645227157
2016_4_>1000m_8,3917,392,0.10007658922644881
2019_7_0-20m_7,3917,392,0.10007658922644881
2015_8_20-100m_0,3914,391,0.0998978027593255
2019_4_500-1000m_9,3914,391,0.0998978027593255
2020_8_>1000m_4,3914,391,0.0998978027593255
2017_7_100-500m_3,3912,391,0.09994887525562372
2021_2_0-20m_6,3912,391,0.09994887525562372
2015_12_>1000m_3,3911,391,0.09997443109179238
2021_11_100-500m_6,3911,391,0.09997443109179238
2017_7_100-500m_6,3910,391,0.1
2019_3_0-20m_9,3910,391,0.1
2018_9_100-500m_4,3909,391,0.10002558199027885
2015_1_500-1000m_1,3908,391,0.10005117707267144
2017_8_500-1000m_3,3908,391,0.10005117707267144
2020_5_>1000m_5,3908,391,0.10005117707267144
2016_9_>1000m_8,3906,391,0.10010240655401946
2019_8_20-100m_0,3904,390,0.09989754098360656
2020_1_0-20m_5,3904,390,0.09989754098360656
2020_5_20-100m_9,3902,390,0.0999487442337263
2015_9_20-100m_8,3900,390,0.1
2019_11_0-20m_1,3900,390,0.1
2016_7_>1000m_6,3899,390,0.10002564760194922
2020_10_100-500m_6,3898,390,0.10005130836326322
2019_8_100-500m_7,3897,390,0.10007698229407236
2018_11_0-20m_2,3895,389,0.09987163029525033
2019_11_0-20m_5,3892,389,0.0999486125385406
2017_5_100-500m_6,3889,389,0.1000257135510414
2017_5_>1000m_4,3888,389,0.1000514403292181
2018_12_>1000m_5,3888,389,0.1000514403292181
2020_1_100-500m_1,3888,389,0.1000514403292181
2019_8_>1000m_8,3887,389,0.10007718034473888
2020_9_0-20m_1,3887,389,0.10007718034473888
2020_10_>1000m_5,3887,389,0.10007718034473888
2019_8_0-20m_1,3885,388,0.09987129987129988
2018_8_0-20m_2,3884,388,0.09989701338825953
2018_11_100-500m_7,3884,388,0.09989701338825953
2020_2_0-20m_7,3884,388,0.09989701338825953
2016_1_100-500m_2,3882,388,0.09994848016486348
2016_3_500-1000m_5,3882,388,0.09994848016486348
2017_2_100-500m_6,3882,388,0.09994848016486348
2015_3_100-500m_5,3881,388,0.0999742334449884
2020_8_>1000m_3,3877,388,0.10007737941707506
2019_6_0-20m_1,3875,387,0.09987096774193549
2020_8_0-20m_2,3873,387,0.09992254066615028
2015_12_>1000m_4,3870,387,0.1
2018_3_100-500m_3,3868,387,0.10005170630816959
2018_2_100-500m_8,3867,387,0.10007757951900698
2020_10_>1000m_3,3864,386,0.09989648033126294
2017_2_>1000m_7,3863,386,0.09992234015014238
2020_5_100-500m_3,3863,386,0.09992234015014238
2015_3_20-100m_3,3861,386,0.09997409997409998
2018_3_20-100m_6,3861,386,0.09997409997409998
2020_1_500-1000m_7,3861,386,0.09997409997409998
2021_5_100-500m_4,3861,386,0.09997409997409998
2017_8_0-20m_7,3860,386,0.1
2017_9_0-20m_8,3857,386,0.1000777806585429
2021_3_0-20m_7,3857,386,0.1000777806585429
2018_2_0-20m_4,3856,386,0.10010373443983403
2015_1_500-1000m_2,3852,385,0.09994807892004154
2015_1_0-20m_3,3852,385,0.09994807892004154
2020_6_100-500m_2,3852,385,0.09994807892004154
2018_6_>1000m_4,3851,385,0.09997403271877435
2020_9_100-500m_7,3849,385,0.10002598077422707
2015_1_500-1000m_3,3848,385,0.10005197505197505
2018_11_500-1000m_3,3846,385,0.1001040041601664
2020_9_0-20m_2,3846,385,0.1001040041601664
2021_4_0-20m_6,3845,384,0.0998699609882965
2019_3_20-100m_7,3843,384,0.09992193598750976
2015_7_100-500m_5,3840,384,0.1
2015_5_0-20m_1,3839,384,0.10002604845011721
2018_7_100-500m_3,3838,384,0.10005211047420531
2015_12_>1000m_5,3837,384,0.10007818608287725
2016_1_0-20m_3,3835,383,0.09986962190352021
2016_7_0-20m_1,3831,383,0.09997389715478987
2020_1_0-20m_2,3828,383,0.10005224660397075
2017_2_500-1000m_1,3826,383,0.10010454783063251
2017_10_100-500m_1,3826,383,0.10010454783063251
2019_11_0-20m_4,3821,382,0.09997382884061765
2016_2_500-1000m_6,3818,382,0.1000523834468308
2017_9_>1000m_2,3818,382,0.1000523834468308
2015_8_>1000m_4,3817,382,0.10007859575582918
2015_6_500-1000m_1,3816,382,0.100104821802935
2016_10_100-500m_4,3816,382,0.100104821802935
2017_1_500-1000m_1,3816,382,0.100104821802935
2017_11_100-500m_5,3816,382,0.100104821802935
2016_4_100-500m_3,3814,381,0.09989512323020451
2020_6_>1000m_5,3814,381,0.09989512323020451
2015_12_0-20m_2,3813,381,0.0999213217938631
2017_12_500-1000m_3,3813,381,0.0999213217938631
2017_6_>1000m_5,3812,381,0.09994753410283316
2019_8_100-500m_2,3812,381,0.09994753410283316
2020_4_500-1000m_8,3811,381,0.09997376016793492
2020_1_0-20m_3,3810,381,0.1
2015_6_100-500m_5,3808,381,0.10005252100840337
2021_3_20-100m_8,3804,380,0.09989484752891693
2021_10_100-500m_5,3803,380,0.09992111490928214
2017_7_0-20m_2,3802,380,0.09994739610731194
2016_9_100-500m_5,3799,380,0.10002632271650434
2020_4_>1000m_5,3799,380,0.10002632271650434
2021_11_>1000m_8,3798,380,0.10005265929436545
2015_2_500-1000m_3,3797,380,0.10007900974453517
2015_9_0-20m_7,3797,380,0.10007900974453517
2021_5_>1000m_5,3797,380,0.10007900974453517
2019_11_100-500m_9,3796,380,0.10010537407797682
2019_9_100-500m_7,3795,379,0.09986824769433465
2018_11_500-1000m_5,3794,379,0.09989457037427517
2016_7_>1000m_5,3788,379,0.10005279831045406
2017_4_500-1000m_0,3787,379,0.10007921837866385
2016_2_500-1000m_4,3785,378,0.09986789960369881
2017_5_500-1000m_5,3784,378,0.09989429175475686
2017_6_0-20m_2,3784,378,0.09989429175475686
2019_6_100-500m_4,3783,378,0.0999206978588422
2018_7_>1000m_3,3782,378,0.09994711792702274
2017_8_500-1000m_2,3780,378,0.1
2015_5_500-1000m_5,3776,378,0.10010593220338983
2015_1_>1000m_7,3774,377,0.09989401165871754
2016_3_20-100m_0,3771,377,0.09997348183505701
2020_1_>1000m_3,3770,377,0.1
2016_8_500-1000m_9,3769,377,0.10002653223666755
2015_8_>1000m_5,3768,377,0.10005307855626328
2016_8_>1000m_6,3767,377,0.10007963897000266
2021_9_0-20m_6,3766,377,0.10010621348911311
2015_5_>1000m_1,3765,376,0.099867197875166
2020_1_500-1000m_5,3765,376,0.099867197875166
2020_1_500-1000m_6,3763,376,0.09992027637523253
2020_9_100-500m_3,3763,376,0.09992027637523253
2016_4_500-1000m_2,3762,376,0.09994683678894205
2020_8_500-1000m_1,3760,376,0.1
2017_11_20-100m_3,3756,376,0.10010649627263046
2015_9_500-1000m_7,3755,375,0.09986684420772303
2016_2_>1000m_2,3755,375,0.09986684420772303
2018_5_500-1000m_6,3753,375,0.09992006394884093
2021_1_100-500m_2,3752,375,0.09994669509594882
2015_5_>1000m_8,3749,375,0.10002667377967459
2015_10_500-1000m_8,3746,375,0.100106780565937
2019_11_500-1000m_9,3746,375,0.100106780565937
2017_10_0-20m_0,3744,374,0.0998931623931624
2017_9_100-500m_7,3743,374,0.09991985038738979
2016_6_100-500m_8,3742,374,0.09994655264564405
2016_8_100-500m_4,3742,374,0.09994655264564405
2016_6_100-500m_6,3741,374,0.0999732691793638
2020_9_>1000m_4,3740,374,0.1
2019_9_100-500m_2,3739,374,0.10002674511901578
2019_5_100-500m_5,3738,374,0.10005350454788657
2020_6_>1000m_3,3738,374,0.10005350454788657
2019_6_>1000m_4,3737,374,0.10008027829810008
2018_4_500-1000m_6,3735,373,0.0998661311914324
2021_11_500-1000m_4,3730,373,0.1
2017_6_20-100m_0,3727,373,0.10008049369466059
2019_9_>1000m_7,3727,373,0.10008049369466059
2021_11_0-20m_3,3723,372,0.0999194198227236
2016_7_500-1000m_2,3720,372,0.1
2018_7_100-500m_4,3720,372,0.1
2020_8_100-500m_3,3718,372,0.10005379236148466
2018_6_>1000m_6,3717,372,0.10008071025020178
2019_12_500-1000m_4,3717,372,0.10008071025020178
2017_8_0-20m_8,3716,372,0.10010764262648009
2016_3_>1000m_1,3714,371,0.09989229940764674
2018_2_500-1000m_7,3713,371,0.09991920280096957
2016_6_>1000m_4,3708,371,0.1000539374325782
2020_7_>1000m_1,3707,371,0.10008092797410305
2015_10_20-100m_0,3706,371,0.10010793308148948
2020_3_20-100m_3,3706,371,0.10010793308148948
2019_9_>1000m_5,3705,370,0.09986504723346828
2021_7_500-1000m_2,3705,370,0.09986504723346828
2015_4_>1000m_4,3704,370,0.09989200863930886
2018_3_500-1000m_4,3704,370,0.09989200863930886
2020_2_500-1000m_9,3704,370,0.09989200863930886
2017_4_0-20m_2,3703,370,0.09991898460707535
2017_7_>1000m_7,3703,370,0.09991898460707535
2021_5_>1000m_7,3702,370,0.09994597514856834
2018_4_0-20m_3,3700,370,0.1
2017_3_20-100m_0,3699,370,0.10002703433360367
2019_8_100-500m_3,3692,369,0.09994582881906826
2020_2_>1000m_4,3692,369,0.09994582881906826
2018_6_>1000m_3,3691,369,0.0999729070712544
2018_4_500-1000m_1,3690,369,0.1
2018_6_>1000m_2,3690,369,0.1
2018_8_500-1000m_1,3688,369,0.10005422993492408
2018_9_500-1000m_0,3688,369,0.10005422993492408
2021_2_>1000m_5,3688,369,0.10005422993492408
2018_4_0-20m_5,3687,369,0.1000813669650122
2020_9_>1000m_3,3687,369,0.1000813669650122
2016_8_100-500m_5,3684,368,0.0998914223669924
2021_9_500-1000m_7,3682,368,0.09994568169473113
2015_10_100-500m_6,3681,368,0.09997283346916598
2015_4_>1000m_9,3680,368,0.1
2015_11_100-500m_7,3680,368,0.1
2016_10_>1000m_4,3677,368,0.10008158825129182
2017_12_0-20m_4,3676,368,0.10010881392818281
2019_2_100-500m_4,3673,367,0.0999183228968146
2016_1_0-20m_1,3672,367,0.09994553376906318
2020_5_>1000m_7,3672,367,0.09994553376906318
2018_4_>1000m_4,3669,367,0.10002725538293814
2018_9_>1000m_8,3669,367,0.10002725538293814
2018_6_0-20m_7,3668,367,0.10005452562704471
2020_7_0-20m_2,3668,367,0.10005452562704471
2020_12_20-100m_7,3666,367,0.10010911074740862
2020_7_20-100m_0,3664,366,0.09989082969432314
2020_7_0-20m_1,3664,366,0.09989082969432314
2019_11_500-1000m_7,3660,366,0.1
2015_2_20-100m_2,3659,366,0.10002732987154961
2018_7_500-1000m_2,3654,365,0.09989053092501368
2019_7_>1000m_3,3653,365,0.09991787571858746
2017_3_500-1000m_3,3652,365,0.09994523548740417
2017_5_500-1000m_3,3649,365,0.10002740476842971
2019_1_>1000m_6,3649,365,0.10002740476842971
2015_3_20-100m_1,3648,365,0.10005482456140351
2017_6_>1000m_7,3648,365,0.10005482456140351
2018_12_500-1000m_5,3646,365,0.10010970927043335
2018_2_500-1000m_5,3645,364,0.09986282578875172
2015_10_>1000m_7,3644,364,0.09989023051591657
2016_1_100-500m_3,3644,364,0.09989023051591657
2016_5_500-1000m_7,3641,364,0.09997253501785223
2017_5_100-500m_7,3638,364,0.1000549752611325
2020_9_100-500m_8,3638,364,0.1000549752611325
2019_11_0-20m_2,3635,363,0.09986244841815681
2020_1_0-20m_4,3635,363,0.09986244841815681
2020_7_500-1000m_0,3632,363,0.09994493392070485
2019_4_100-500m_4,3631,363,0.09997245937758194
2015_4_100-500m_5,3629,363,0.100027555800496
2017_4_500-1000m_3,3628,363,0.10005512679162072
2016_12_0-20m_0,3626,363,0.10011031439602869
2021_7_100-500m_6,3625,362,0.09986206896551725
2015_1_100-500m_0,3623,362,0.09991719569417609
2018_8_20-100m_0,3622,362,0.09994478188845941
2019_6_100-500m_3,3621,362,0.09997238331952499
2021_7_100-500m_8,3621,362,0.09997238331952499
2016_3_>1000m_7,3620,362,0.1
2020_8_>1000m_9,3620,362,0.1
2016_12_500-1000m_6,3619,362,0.10002763194252556
2018_8_0-20m_4,3619,362,0.10002763194252556
2017_7_100-500m_7,3618,362,0.10005527915975677
2018_5_20-100m_9,3618,362,0.10005527915975677
2017_9_>1000m_8,3617,362,0.10008294166436273
2018_12_>1000m_0,3612,361,0.09994462901439645
2019_10_0-20m_6,3610,361,0.1
2017_6_>1000m_4,3609,361,0.10002770850651149
2019_3_20-100m_9,3604,360,0.09988901220865705
2018_9_100-500m_2,3603,360,0.09991673605328892
2015_10_100-500m_5,3601,360,0.09997222993612885
2018_10_0-20m_5,3601,360,0.09997222993612885
2020_7_>1000m_4,3601,360,0.09997222993612885
2017_4_500-1000m_4,3600,360,0.1
2016_5_100-500m_4,3596,360,0.10011123470522804
2016_5_>1000m_0,3596,360,0.10011123470522804
2017_7_500-1000m_0,3596,360,0.10011123470522804
2021_8_20-100m_9,3595,359,0.09986091794158554
2021_12_500-1000m_6,3594,359,0.09988870339454646
2015_5_500-1000m_4,3592,359,0.09994432071269488
2016_9_100-500m_3,3587,359,0.10008363534987455
2020_4_100-500m_4,3583,358,0.09991627128104939
2017_2_20-100m_1,3582,358,0.09994416527079844
2020_8_>1000m_7,3581,358,0.09997207483943032
2016_3_500-1000m_0,3574,357,0.09988808058198097
2016_8_20-100m_9,3574,357,0.09988808058198097
2015_8_100-500m_9,3572,357,0.09994400895856663
2017_6_>1000m_3,3572,357,0.09994400895856663
2015_6_>1000m_7,3571,357,0.09997199663959676
2019_8_>1000m_3,3567,357,0.10008410428931876
2017_1_>1000m_7,3565,356,0.09985974754558205
2021_3_500-1000m_6,3565,356,0.09985974754558205
2016_11_20-100m_2,3562,356,0.09994385176866928
2015_12_>1000m_6,3561,356,0.09997191800056164
2016_3_500-1000m_4,3561,356,0.09997191800056164
2019_9_500-1000m_0,3560,356,0.1
2015_2_500-1000m_2,3559,356,0.10002809778027535
2019_1_500-1000m_1,3559,356,0.10002809778027535
2019_9_>1000m_4,3558,356,0.10005621135469364
2019_8_100-500m_6,3556,356,0.10011248593925759
2017_9_100-500m_2,3554,355,0.09988745075970737
2021_8_0-20m_7,3554,355,0.09988745075970737
2017_9_500-1000m_9,3551,355,0.09997183891861447
2015_4_100-500m_2,3550,355,0.1
2018_10_0-20m_4,3547,355,0.10008457851705667
2017_7_500-1000m_1,3546,355,0.10011280315848843
2018_11_100-500m_8,3546,355,0.10011280315848843
2017_12_100-500m_6,3544,354,0.09988713318284424
2015_8_100-500m_8,3543,354,0.09991532599491956
2015_12_100-500m_1,3543,354,0.09991532599491956
2018_2_500-1000m_6,3542,354,0.09994353472614342
2016_4_500-1000m_3,3541,354,0.09997175939000283
2019_11_100-500m_3,3541,354,0.09997175939000283
2016_4_100-500m_4,3540,354,0.1
2016_5_500-1000m_9,3539,354,0.10002825656965245
2021_7_0-20m_1,3539,354,0.10002825656965245
2016_7_0-20m_0,3538,354,0.10005652911249294
2018_4_0-20m_1,3538,354,0.10005652911249294
2015_6_100-500m_2,3534,353,0.09988681380871534
2021_5_0-20m_2,3534,353,0.09988681380871534
2019_7_500-1000m_8,3533,353,0.09991508632889895
2018_6_>1000m_5,3531,353,0.09997167941093174
2020_1_100-500m_0,3529,353,0.10002833663927459
2021_7_0-20m_4,3529,353,0.10002833663927459
2021_10_20-100m_8,3529,353,0.10002833663927459
2018_9_500-1000m_8,3528,353,0.10005668934240362
2020_2_500-1000m_6,3528,353,0.10005668934240362
2020_3_0-20m_5,3527,353,0.10008505812305075
2019_11_>1000m_6,3526,353,0.10011344299489507
2015_7_500-1000m_3,3523,352,0.09991484530229917
2017_8_0-20m_9,3523,352,0.09991484530229917
2017_12_500-1000m_5,3523,352,0.09991484530229917
2016_5_100-500m_0,3522,352,0.09994321408290743
2016_7_500-1000m_3,3521,352,0.09997159897756319
2018_3_100-500m_8,3519,352,0.10002841716396704
2021_5_0-20m_3,3517,352,0.10008529997156668
2021_11_100-500m_1,3516,352,0.10011376564277588
2017_9_100-500m_1,3514,351,0.09988616960728515
2016_9_0-20m_8,3513,351,0.09991460290350128
2020_4_0-20m_5,3513,351,0.09991460290350128
2016_5_0-20m_6,3511,351,0.09997151808601538
2020_4_20-100m_8,3508,351,0.10005701254275941
2017_6_>1000m_2,3507,351,0.10008554319931566
2019_6_500-1000m_1,3507,351,0.10008554319931566
2020_11_100-500m_5,3507,351,0.10008554319931566
2020_11_0-20m_9,3507,351,0.10008554319931566
2021_6_100-500m_1,3504,350,0.09988584474885845
2019_2_20-100m_8,3503,350,0.09991435912075364
2021_6_>1000m_7,3502,350,0.09994288977727013
2016_10_0-20m_5,3501,350,0.09997143673236218
2015_12_0-20m_7,3500,350,0.1
2017_11_500-1000m_5,3499,350,0.10002857959416976
2019_3_100-500m_5,3498,350,0.10005717552887364
2015_4_500-1000m_9,3489,349,0.1000286615075953
2017_10_100-500m_5,3489,349,0.1000286615075953
2020_2_500-1000m_5,3488,349,0.10005733944954129
2015_2_500-1000m_4,3487,349,0.10008603383997705
2019_6_100-500m_6,3487,349,0.10008603383997705
2020_11_500-1000m_7,3487,349,0.10008603383997705
2017_6_>1000m_1,3486,349,0.10011474469305795
2019_3_500-1000m_6,3486,349,0.10011474469305795
2018_1_0-20m_3,3483,348,0.09991386735572783
2019_1_100-500m_5,3482,348,0.09994256174612291
2018_12_100-500m_6,3476,348,0.1001150747986191
2020_9_100-500m_6,3475,347,0.09985611510791367
2021_1_>1000m_3,3475,347,0.09985611510791367
2018_11_>1000m_2,3473,347,0.09991361934926576
2016_2_0-20m_6,3472,347,0.09994239631336406
2020_8_0-20m_9,3472,347,0.09994239631336406
2016_7_100-500m_7,3471,347,0.09997118985883031
2016_8_500-1000m_0,3470,347,0.1
2018_1_0-20m_5,3469,347,0.10002882675122514
2019_2_500-1000m_9,3465,346,0.09985569985569985
2018_12_20-100m_3,3463,346,0.09991336991048225
2019_6_100-500m_2,3463,346,0.09991336991048225
2015_3_0-20m_5,3462,346,0.0999422299248989
2021_12_500-1000m_3,3461,346,0.0999711066165848
2016_7_>1000m_8,3456,346,0.10011574074074074
2021_8_500-1000m_7,3455,345,0.09985528219971057
2016_2_0-20m_3,3454,345,0.09988419224088015
2015_5_20-100m_3,3453,345,0.0999131190269331
2016_5_500-1000m_6,3453,345,0.0999131190269331
2018_8_>1000m_6,3453,345,0.0999131190269331
2021_12_0-20m_1,3453,345,0.0999131190269331
2017_12_>1000m_0,3451,345,0.09997102289191538
2021_6_>1000m_1,3445,344,0.09985486211901307
2018_9_20-100m_0,3444,344,0.09988385598141696
2018_7_>1000m_4,3441,344,0.0999709386806161
2019_9_100-500m_6,3441,344,0.0999709386806161
2015_8_100-500m_4,3440,344,0.1
2017_2_500-1000m_3,3440,344,0.1
2021_9_0-20m_7,3438,344,0.10005817335660268
2017_11_500-1000m_1,3437,344,0.10008728542333431
2016_6_100-500m_5,3436,344,0.10011641443538999
2016_8_500-1000m_4,3433,343,0.09991261287503642
2019_11_500-1000m_8,3433,343,0.09991261287503642
2017_9_100-500m_3,3430,343,0.1
2015_4_0-20m_1,3429,343,0.100029163021289
2019_9_0-20m_1,3428,343,0.1000583430571762
2020_11_>1000m_4,3428,343,0.1000583430571762
2017_5_0-20m_3,3424,342,0.09988317757009346
2015_2_20-100m_0,3423,342,0.09991235758106924
2019_9_0-20m_9,3422,342,0.09994155464640561
2018_10_0-20m_7,3421,342,0.09997076878105816
2016_2_0-20m_2,3419,342,0.1000292483182217
2021_1_0-20m_2,3416,342,0.10011709601873536
2015_4_0-20m_8,3415,341,0.09985358711566618
2019_9_500-1000m_8,3415,341,0.09985358711566618
2020_7_>1000m_9,3415,341,0.09985358711566618
2016_2_500-1000m_5,3413,341,0.09991210079109288
2016_5_>1000m_4,3413,341,0.09991210079109288
2015_1_500-1000m_4,3412,341,0.09994138335287221
2016_6_>1000m_3,3411,341,0.09997068308413955
2020_12_0-20m_9,3411,341,0.09997068308413955
2018_3_0-20m_2,3410,341,0.1
2018_1_0-20m_4,3408,341,0.10005868544600939
2016_4_500-1000m_0,3407,341,0.10008805400645729
2018_9_500-1000m_7,3406,341,0.1001174398120963
2017_12_>1000m_6,3405,340,0.09985315712187959
2015_12_>1000m_2,3404,340,0.099882491186839
2020_10_0-20m_1,3403,340,0.0999118424919189
2016_9_100-500m_4,3402,340,0.09994121105232216
2017_2_20-100m_2,3402,340,0.09994121105232216
2015_7_>1000m_6,3400,340,0.1
2016_3_500-1000m_2,3397,340,0.1000883132175449
2019_8_100-500m_5,3395,339,0.09985272459499264
2017_10_100-500m_7,3392,339,0.09994103773584906
2019_12_20-100m_5,3392,339,0.09994103773584906
2020_10_500-1000m_7,3392,339,0.09994103773584906
2017_5_>1000m_7,3388,339,0.1000590318772137
2019_9_0-20m_2,3387,339,0.10008857395925598
2016_8_100-500m_2,3384,338,0.09988179669030733
2019_9_100-500m_5,3384,338,0.09988179669030733
2015_7_0-20m_4,3383,338,0.09991132131244458
2021_4_500-1000m_5,3381,338,0.09997042295178941
2015_8_100-500m_5,3378,338,0.10005920663114269
2017_2_0-20m_4,3378,338,0.10005920663114269
2016_12_100-500m_0,3377,338,0.10008883624518804
2016_11_>1000m_5,3375,337,0.09985185185185186
2018_4_>1000m_2,3375,337,0.09985185185185186
2020_10_500-1000m_9,3372,337,0.09994068801897983
2019_4_500-1000m_5,3368,337,0.10005938242280285
2017_6_100-500m_5,3366,337,0.10011883541295306
2019_9_>1000m_0,3365,336,0.099851411589896
2021_2_20-100m_7,3365,336,0.099851411589896
2015_4_0-20m_7,3363,336,0.09991079393398751
2021_1_0-20m_3,3362,336,0.09994051160023795
2017_9_500-1000m_4,3361,336,0.09997024695031241
2018_1_0-20m_1,3361,336,0.09997024695031241
2018_4_500-1000m_7,3360,336,0.1
2021_8_100-500m_5,3360,336,0.1
2017_8_500-1000m_8,3359,336,0.10002977076510866
2017_8_0-20m_4,3359,336,0.10002977076510866
2021_11_20-100m_0,3356,336,0.10011918951132301
2019_10_500-1000m_7,3355,335,0.09985096870342772
2021_6_100-500m_8,3355,335,0.09985096870342772
2017_1_20-100m_3,3354,335,0.09988073941562314
2017_8_500-1000m_9,3354,335,0.09988073941562314
2021_10_0-20m_7,3354,335,0.09988073941562314
2017_2_500-1000m_2,3351,335,0.09997015816174276
2015_12_100-500m_4,3348,335,0.10005973715651136
2020_9_500-1000m_0,3348,335,0.10005973715651136
2017_8_0-20m_5,3347,335,0.10008963250672244
2015_1_>1000m_9,3344,334,0.09988038277511961
2020_5_0-20m_7,3344,334,0.09988038277511961
2021_1_0-20m_7,3344,334,0.09988038277511961
2016_5_0-20m_8,3343,334,0.09991026024528867
2018_6_20-100m_9,3343,334,0.09991026024528867
2020_6_>1000m_2,3342,334,0.09994015559545183
2015_7_500-1000m_0,3341,334,0.09997006884166418
2018_1_500-1000m_0,3341,334,0.09997006884166418
2019_1_0-20m_3,3340,334,0.1
2019_5_20-100m_8,3339,334,0.10002994908655286
2015_12_0-20m_8,3338,334,0.10005991611743559
2021_10_500-1000m_6,3338,334,0.10005991611743559
2018_5_100-500m_0,3330,333,0.1
2018_5_20-100m_7,3330,333,0.1
2016_12_20-100m_1,3327,333,0.10009017132551848
2016_6_100-500m_1,3324,332,0.09987966305655836
2019_7_>1000m_4,3324,332,0.09987966305655836
2019_2_20-100m_6,3323,332,0.09990972013241048
2019_7_500-1000m_7,3321,332,0.09996988858777477
2017_1_>1000m_6,3319,332,0.1000301295570955
2020_4_20-100m_7,3319,332,0.1000301295570955
2017_12_20-100m_2,3318,332,0.10006027727546715
2020_3_20-100m_4,3317,332,0.10009044317154055
2015_10_100-500m_4,3315,331,0.09984917043740574
2021_12_500-1000m_2,3315,331,0.09984917043740574
2018_2_100-500m_2,3314,331,0.09987929993964997
2016_1_0-20m_4,3313,331,0.09990944763054634
2020_6_100-500m_4,3313,331,0.09990944763054634
2015_1_100-500m_7,3312,331,0.09993961352657005
2021_12_20-100m_3,3310,331,0.1
2019_4_0-20m_8,3309,331,0.10003022061045633
2021_1_500-1000m_4,3308,331,0.10006045949214026
2016_1_500-1000m_3,3307,331,0.10009071666162685
2018_10_500-1000m_5,3306,331,0.10012099213551119
2018_8_500-1000m_4,3305,330,0.09984871406959153
2018_10_500-1000m_0,3303,330,0.09990917347865577
2021_7_0-20m_5,3303,330,0.09990917347865577
2020_2_20-100m_5,3301,330,0.09996970614965162
2016_7_0-20m_7,3300,330,0.1
2016_11_100-500m_4,3300,330,0.1
2021_4_>1000m_4,3299,330,0.10003031221582298
2020_4_500-1000m_5,3298,330,0.10006064281382657
2020_11_0-20m_6,3298,330,0.10006064281382657
2020_6_>1000m_8,3293,329,0.09990889766170664
2021_2_100-500m_5,3291,329,0.09996961409905804
2015_1_20-100m_1,3288,329,0.10006082725060828
2020_1_0-20m_1,3287,329,0.10009126863401278
2018_1_100-500m_1,3285,328,0.09984779299847793
2019_5_>1000m_5,3285,328,0.09984779299847793
2016_10_20-100m_7,3284,328,0.09987819732034105
2021_4_500-1000m_7,3284,328,0.09987819732034105
2018_3_>1000m_8,3280,328,0.1
2018_5_0-20m_6,3278,328,0.10006101281269067
2018_12_0-20m_4,3278,328,0.10006101281269067
2020_10_500-1000m_6,3278,328,0.10006101281269067
2019_4_20-100m_7,3277,328,0.10009154714678059
2019_6_100-500m_5,3277,328,0.10009154714678059
2016_10_0-20m_4,3274,327,0.09987782529016494
2018_8_>1000m_7,3274,327,0.09987782529016494
2019_2_0-20m_4,3274,327,0.09987782529016494
2017_5_0-20m_6,3273,327,0.0999083409715857
2020_6_>1000m_7,3272,327,0.09993887530562347
2018_1_500-1000m_6,3271,327,0.0999694283093855
2019_7_>1000m_6,3269,327,0.10003059039461609
2021_2_0-20m_8,3269,327,0.10003059039461609
2016_8_>1000m_7,3268,327,0.10006119951040392
2018_10_0-20m_0,3268,327,0.10006119951040392
2020_7_0-20m_3,3268,327,0.10006119951040392
2021_4_100-500m_4,3262,326,0.09993868792152054
2015_5_20-100m_4,3261,326,0.09996933455995094
2017_3_0-20m_3,3255,325,0.09984639016897082
2018_12_20-100m_2,3255,325,0.09984639016897082
2015_12_0-20m_3,3254,325,0.09987707437000615
2018_12_>1000m_7,3254,325,0.09987707437000615
2019_12_0-20m_3,3254,325,0.09987707437000615
2015_4_0-20m_6,3251,325,0.09996924023377422
2016_1_500-1000m_4,3250,325,0.1
2020_11_0-20m_8,3250,325,0.1
2016_5_0-20m_7,3249,325,0.10003077870113881
2021_4_500-1000m_6,3249,325,0.10003077870113881
2015_8_>1000m_3,3247,325,0.10009239297813366
2015_12_500-1000m_2,3247,325,0.10009239297813366
2018_9_0-20m_3,3247,325,0.10009239297813366
2019_2_>1000m_4,3247,325,0.10009239297813366
2016_2_500-1000m_3,3246,325,0.10012322858903265
2019_4_>1000m_4,3246,325,0.10012322858903265
2016_12_20-100m_2,3245,324,0.09984591679506934
2017_6_100-500m_7,3244,324,0.0998766954377312
2019_8_0-20m_2,3244,324,0.0998766954377312
2019_7_20-100m_8,3242,324,0.0999383096853794
2018_10_100-500m_2,3241,324,0.09996914532551682
2021_11_500-1000m_5,3241,324,0.09996914532551682
2016_10_20-100m_8,3238,324,0.10006176652254478
2020_10_20-100m_0,3238,324,0.10006176652254478
2021_11_100-500m_2,3238,324,0.10006176652254478
2016_1_0-20m_5,3235,323,0.09984544049459042
2021_12_100-500m_8,3234,323,0.09987631416202845
2018_11_0-20m_1,3233,323,0.09990720692854933
2018_6_100-500m_4,3232,323,0.0999381188118812
2019_5_>1000m_2,3232,323,0.0999381188118812
2015_9_100-500m_6,3230,323,0.1
2021_4_20-100m_8,3228,323,0.10006195786864931
2016_3_500-1000m_6,3226,323,0.10012399256044638
2015_4_100-500m_4,3225,322,0.09984496124031007
2021_8_0-20m_6,3224,322,0.09987593052109181
2018_10_500-1000m_8,3221,322,0.0999689537410742
2020_9_100-500m_4,3220,322,0.1
2018_1_0-20m_6,3218,322,0.10006215040397763
2020_10_100-500m_5,3218,322,0.10006215040397763
2016_7_0-20m_5,3217,322,0.1000932545850171
2018_4_0-20m_6,3217,322,0.1000932545850171
2019_7_>1000m_5,3217,322,0.1000932545850171
2018_7_100-500m_5,3216,322,0.10012437810945274
2019_8_>1000m_1,3216,322,0.10012437810945274
2016_5_0-20m_5,3215,321,0.09984447900466563
2017_1_100-500m_6,3215,321,0.09984447900466563
2017_7_0-20m_4,3215,321,0.09984447900466563
2018_7_100-500m_7,3214,321,0.0998755444928438
2019_7_100-500m_0,3213,321,0.09990662931839403
2016_9_500-1000m_1,3212,321,0.09993773349937733
2019_5_500-1000m_7,3212,321,0.09993773349937733
2020_6_0-20m_2,3211,321,0.0999688570538773
2021_3_0-20m_4,3208,321,0.10006234413965087
2016_1_500-1000m_6,3207,321,0.10009354536950421
2016_12_500-1000m_2,3207,321,0.10009354536950421
2015_5_500-1000m_1,3206,321,0.10012476606363069
2016_8_500-1000m_3,3204,320,0.09987515605493133
2017_7_100-500m_8,3204,320,0.09987515605493133
2017_10_500-1000m_7,3204,320,0.09987515605493133
2015_10_100-500m_3,3203,320,0.09990633780830471
2018_6_>1000m_1,3203,320,0.09990633780830471
2019_5_>1000m_1,3203,320,0.09990633780830471
2021_1_100-500m_1,3202,320,0.09993753903810118
2016_8_500-1000m_5,3197,320,0.10009383797309979
2016_12_0-20m_5,3197,320,0.10009383797309979
2020_4_20-100m_6,3192,319,0.09993734335839599
2018_11_0-20m_6,3190,319,0.1
2021_7_>1000m_5,3189,319,0.10003135779241142
2021_11_0-20m_1,3189,319,0.10003135779241142
2019_12_20-100m_6,3186,319,0.10012554927809166
2015_10_100-500m_1,3184,318,0.09987437185929648
2021_9_100-500m_4,3182,318,0.09993714644877436
2015_12_100-500m_6,3181,318,0.09996856334486011
2016_2_0-20m_1,3181,318,0.09996856334486011
2020_7_0-20m_6,3181,318,0.09996856334486011
2021_3_20-100m_7,3180,318,0.1
2019_4_0-20m_9,3179,318,0.10003145643284052
2015_8_0-20m_2,3178,318,0.1000629326620516
2017_8_0-20m_6,3178,318,0.1000629326620516
2017_10_100-500m_6,3178,318,0.1000629326620516
2020_4_0-20m_9,3177,318,0.10009442870632672
2020_12_20-100m_9,3177,318,0.10009442870632672
2016_6_>1000m_5,3174,317,0.09987397605545054
2020_12_0-20m_5,3174,317,0.09987397605545054
2020_2_0-20m_3,3173,317,0.09990545225338796
2019_2_20-100m_7,3171,317,0.0999684642068748
2020_7_0-20m_4,3170,317,0.1
2016_10_500-1000m_6,3169,317,0.10003155569580309
2016_11_500-1000m_3,3169,317,0.10003155569580309
2020_1_0-20m_6,3169,317,0.10003155569580309
2018_1_500-1000m_7,3168,317,0.10006313131313131
2019_7_100-500m_4,3168,317,0.10006313131313131
2015_6_500-1000m_4,3165,316,0.09984202211690363
2017_11_>1000m_6,3165,316,0.09984202211690363
2018_4_0-20m_4,3163,316,0.09990515333544103
2019_11_0-20m_3,3163,316,0.09990515333544103
2016_12_20-100m_3,3162,316,0.09993674889310562
2020_11_>1000m_3,3161,316,0.0999683644416324
2021_10_0-20m_6,3160,316,0.1
2018_2_500-1000m_4,3157,316,0.10009502692429521
2020_12_>1000m_4,3157,316,0.10009502692429521
2017_9_0-20m_7,3155,315,0.09984152139461172
2016_8_20-100m_0,3153,315,0.09990485252140818
2020_10_500-1000m_8,3153,315,0.09990485252140818
2021_7_0-20m_0,3151,315,0.0999682640431609
2015_1_0-20m_4,3150,315,0.1
2017_9_>1000m_1,3149,315,0.10003175611305176
2016_7_500-1000m_4,3147,315,0.10009532888465204
2019_3_20-100m_6,3147,315,0.10009532888465204
2019_5_0-20m_6,3146,315,0.10012714558169103
2021_3_>1000m_5,3146,315,0.10012714558169103
2018_10_500-1000m_6,3145,314,0.0998410174880763
2019_3_0-20m_5,3144,314,0.09987277353689568
2020_2_20-100m_7,3143,314,0.09990454979319122
2016_7_0-20m_6,3141,314,0.0999681630054123
2017_6_100-500m_8,3140,314,0.1
2017_10_>1000m_3,3140,314,0.1
2016_2_20-100m_6,3138,314,0.10006373486297004
2019_11_0-20m_6,3136,314,0.10012755102040816
2017_7_500-1000m_6,3135,313,0.09984051036682616
2018_9_0-20m_4,3135,313,0.09984051036682616
2018_12_500-1000m_3,3134,313,0.09987236758136567
2016_5_0-20m_0,3132,313,0.09993614303959132
2018_9_0-20m_6,3131,313,0.09996806132226126
2015_4_100-500m_3,3130,313,0.1
2015_3_20-100m_4,3128,313,0.10006393861892583
2021_11_>1000m_7,3128,313,0.10006393861892583
2021_11_500-1000m_3,3128,313,0.10006393861892583
2020_1_500-1000m_8,3126,313,0.10012795905310301
2016_1_0-20m_6,3122,312,0.09993593850096093
2017_8_0-20m_3,3121,312,0.099967958987504
2018_4_500-1000m_5,3119,312,0.10003206155819173
2015_6_100-500m_6,3118,312,0.10006414368184734
2016_4_100-500m_5,3116,312,0.10012836970474968
2020_9_500-1000m_9,3110,311,0.1
2015_2_500-1000m_0,3108,311,0.10006435006435006
2020_12_500-1000m_6,3106,311,0.10012878300064391
2015_9_>1000m_5,3105,310,0.0998389694041868
2016_6_100-500m_3,3104,310,0.09987113402061856
2015_10_>1000m_1,3101,310,0.0999677523379555
2021_4_100-500m_3,3099,310,0.1000322684737012
2020_3_20-100m_2,3098,310,0.1000645577792124
2016_4_100-500m_6,3095,309,0.0998384491114701
2016_4_0-20m_3,3093,309,0.09990300678952474
2018_7_>1000m_5,3093,309,0.09990300678952474
2019_12_0-20m_7,3092,309,0.0999353169469599
2020_2_0-20m_8,3092,309,0.0999353169469599
2021_9_0-20m_0,3092,309,0.0999353169469599
2016_5_500-1000m_5,3090,309,0.1
2019_7_0-20m_5,3090,309,0.1
2018_11_20-100m_4,3089,309,0.10003237293622531
2019_1_500-1000m_5,3086,309,0.10012961762799741
2017_12_100-500m_0,3083,308,0.0999026921829387
2016_11_500-1000m_0,3082,308,0.099935107073329
2016_7_0-20m_4,3081,308,0.09996754300551769
2017_1_>1000m_5,3081,308,0.09996754300551769
2016_8_100-500m_1,3080,308,0.1
2020_7_500-1000m_6,3080,308,0.1
2019_6_>1000m_5,3079,308,0.10003247807729783
2016_10_>1000m_3,3077,308,0.10009749756256094
2018_11_20-100m_5,3077,308,0.10009749756256094
2019_8_100-500m_4,3077,308,0.10009749756256094
2016_9_0-20m_2,3076,308,0.10013003901170352
2020_7_100-500m_8,3076,308,0.10013003901170352
2021_1_0-20m_6,3074,307,0.09986987638256344
2021_6_0-20m_4,3073,307,0.09990237552879921
2020_6_>1000m_1,3072,307,0.09993489583333333
2016_1_0-20m_0,3071,307,0.09996743731683491
2021_1_500-1000m_8,3070,307,0.1
2017_6_500-1000m_3,3068,307,0.1000651890482399
2018_12_500-1000m_4,3067,307,0.10009781545484187
2017_8_0-20m_2,3066,307,0.10013046314416177
2018_2_500-1000m_8,3065,306,0.09983686786296901
2018_3_20-100m_4,3062,306,0.0999346832135859
2019_6_500-1000m_2,3061,306,0.09996733093760209
2017_2_500-1000m_6,3060,306,0.1
2018_6_>1000m_0,3060,306,0.1
2021_5_20-100m_1,3057,306,0.10009813542688911
2021_6_100-500m_3,3057,306,0.10009813542688911
2020_3_500-1000m_6,3056,306,0.10013089005235602
2015_10_0-20m_4,3055,305,0.09983633387888707
2020_1_>1000m_1,3052,305,0.09993446920052425
2021_2_0-20m_5,3052,305,0.09993446920052425
2021_6_>1000m_2,3052,305,0.09993446920052425
2019_8_0-20m_9,3051,305,0.09996722386102917
2021_12_0-20m_6,3051,305,0.09996722386102917
2015_2_>1000m_7,3050,305,0.1
2018_2_20-100m_6,3048,305,0.10006561679790026
2020_11_0-20m_5,3048,305,0.10006561679790026
2015_12_>1000m_1,3044,304,0.09986859395532194
2016_3_20-100m_4,3044,304,0.09986859395532194
2021_11_100-500m_8,3043,304,0.09990141307919816
2017_5_20-100m_2,3042,304,0.09993425378040763
2017_8_500-1000m_4,3042,304,0.09993425378040763
2015_12_500-1000m_3,3040,304,0.1
2015_4_0-20m_3,3039,304,0.10003290556103982
2017_7_>1000m_8,3038,304,0.10006583278472679
2018_3_500-1000m_8,3038,304,0.10006583278472679
2017_4_20-100m_0,3037,304,0.10009878169245967
2019_9_>1000m_6,3034,303,0.0998681608437706
2019_10_100-500m_5,3034,303,0.0998681608437706
2020_5_>1000m_4,3031,303,0.0999670075882547
2017_6_100-500m_6,3030,303,0.1
2016_5_0-20m_1,3029,303,0.10003301419610433
2021_6_>1000m_8,3028,303,0.1000660501981506
2015_12_100-500m_5,3027,303,0.10009910802775025
2018_2_0-20m_3,3025,302,0.09983471074380165
2016_2_100-500m_8,3024,302,0.09986772486772487
2019_1_20-100m_3,3024,302,0.09986772486772487
2019_7_>1000m_2,3024,302,0.09986772486772487
2020_3_100-500m_8,3024,302,0.09986772486772487
2016_5_>1000m_1,3023,302,0.09990076083360899
2016_5_0-20m_4,3021,302,0.09996689837802052
2016_6_0-20m_1,3019,302,0.10003312355084465
2018_4_0-20m_7,3019,302,0.10003312355084465
2018_5_0-20m_0,3019,302,0.10003312355084465
2021_11_0-20m_4,3019,302,0.10003312355084465
2018_1_500-1000m_1,3017,302,0.10009943652635069
2017_9_0-20m_1,3016,302,0.10013262599469495
2017_4_0-20m_3,3014,301,0.09986728599867287
2021_11_500-1000m_0,3014,301,0.09986728599867287
2015_5_20-100m_2,3013,301,0.09990043146365749
2015_8_0-20m_9,3013,301,0.09990043146365749
2017_7_0-20m_3,3012,301,0.099933598937583
2020_8_100-500m_4,3012,301,0.099933598937583
2017_5_0-20m_7,3011,301,0.09996678844237794
2018_4_>1000m_3,3011,301,0.09996678844237794
2020_8_500-1000m_9,3008,301,0.10006648936170212
2016_10_100-500m_3,3005,300,0.09983361064891846
2018_9_0-20m_5,3005,300,0.09983361064891846
2015_4_20-100m_8,3004,300,0.09986684420772303
2017_6_500-1000m_9,3004,300,0.09986684420772303
2020_2_100-500m_3,3004,300,0.09986684420772303
2021_7_100-500m_7,3000,300,0.1
2016_3_0-20m_6,2999,300,0.10003334444814939
2020_11_20-100m_9,2999,300,0.10003334444814939
2017_7_500-1000m_7,2995,299,0.0998330550918197
2018_10_>1000m_2,2995,299,0.0998330550918197
2016_10_0-20m_3,2994,299,0.09986639946559786
2021_1_100-500m_5,2994,299,0.09986639946559786
2021_8_20-100m_8,2992,299,0.0999331550802139
2018_2_20-100m_7,2990,299,0.1
2020_10_20-100m_9,2990,299,0.1
2020_6_100-500m_6,2988,299,0.1000669344042838
2017_9_100-500m_6,2986,299,0.10013395847287342
2020_6_100-500m_9,2983,298,0.09989943010392223
2020_7_500-1000m_7,2982,298,0.0999329309188464
2018_7_100-500m_6,2981,298,0.09996645420999664
2019_12_0-20m_2,2981,298,0.09996645420999664
2017_2_20-100m_3,2980,298,0.1
2020_9_500-1000m_8,2980,298,0.1
2018_8_500-1000m_5,2979,298,0.10003356831151393
2018_9_500-1000m_3,2979,298,0.10003356831151393
2016_8_0-20m_3,2978,298,0.10006715916722633
2018_7_0-20m_2,2978,298,0.10006715916722633
2019_10_>1000m_3,2978,298,0.10006715916722633
2016_4_20-100m_2,2977,298,0.10010077258985556
2017_4_>1000m_5,2977,298,0.10010077258985556
2019_10_20-100m_7,2975,297,0.09983193277310924
2020_2_500-1000m_4,2975,297,0.09983193277310924
2015_6_>1000m_6,2972,297,0.09993270524899057
2015_12_0-20m_6,2968,297,0.10006738544474393
2020_7_0-20m_5,2968,297,0.10006738544474393
2021_4_20-100m_7,2968,297,0.10006738544474393
2021_12_20-100m_5,2967,297,0.10010111223458039
2017_7_0-20m_5,2965,296,0.09983136593591906
2020_8_20-100m_1,2965,296,0.09983136593591906
2021_12_>1000m_7,2965,296,0.09983136593591906
2021_3_20-100m_6,2963,296,0.09989875126560918
2017_10_>1000m_5,2960,296,0.1
2021_7_0-20m_3,2960,296,0.1
2017_10_100-500m_4,2958,296,0.10006761325219743
2015_10_0-20m_3,2956,296,0.10013531799729364
2017_2_500-1000m_5,2955,295,0.09983079526226735
2017_6_500-1000m_5,2955,295,0.09983079526226735
2021_6_100-500m_7,2954,295,0.0998645903859174
2019_8_500-1000m_5,2952,295,0.09993224932249323
2020_5_100-500m_2,2952,295,0.09993224932249323
2016_12_20-100m_4,2950,295,0.1
2020_10_0-20m_8,2949,295,0.10003390979993218
2020_10_100-500m_2,2948,295,0.10006784260515604
2020_9_100-500m_5,2946,295,0.10013577732518669
2015_2_0-20m_3,2945,294,0.099830220713073
2016_6_100-500m_4,2944,294,0.09986413043478261
2021_9_>1000m_5,2944,294,0.09986413043478261
2018_6_20-100m_8,2943,294,0.0998980632008155
2018_12_20-100m_4,2942,294,0.09993201903467029
2016_3_500-1000m_1,2939,294,0.10003402517863219
2016_7_20-100m_1,2938,294,0.10006807351940095
2021_1_0-20m_8,2938,294,0.10006807351940095
2018_10_500-1000m_7,2935,293,0.09982964224872232
2021_5_0-20m_4,2935,293,0.09982964224872232
2019_1_20-100m_0,2933,293,0.09989771564950563
2021_4_100-500m_2,2933,293,0.09989771564950563
2015_1_500-1000m_7,2932,293,0.09993178717598909
2019_5_>1000m_3,2930,293,0.1
2016_7_0-20m_2,2929,293,0.100034141345169
2021_8_100-500m_4,2928,293,0.10006830601092896
2018_8_500-1000m_3,2925,292,0.09982905982905983
2016_9_0-20m_1,2923,292,0.09989736572015052
2017_6_20-100m_1,2920,292,0.1
2019_4_0-20m_4,2920,292,0.1
2015_2_500-1000m_5,2918,292,0.10006854009595613
2015_11_20-100m_8,2917,292,0.10010284538909839
2016_8_0-20m_5,2912,291,0.09993131868131869
2018_1_500-1000m_8,2912,291,0.09993131868131869
2019_11_100-500m_2,2912,291,0.09993131868131869
2018_8_20-100m_1,2911,291,0.09996564754379939
2018_6_100-500m_3,2910,291,0.1
2020_7_500-1000m_4,2910,291,0.1
2021_5_500-1000m_3,2910,291,0.1
2018_12_500-1000m_6,2909,291,0.10003437607425232
2018_5_>1000m_4,2908,291,0.10006877579092159
2015_12_20-100m_8,2907,291,0.1001031991744066
2020_2_20-100m_6,2907,291,0.1001031991744066
2020_5_500-1000m_6,2907,291,0.1001031991744066
2018_4_20-100m_2,2905,290,0.09982788296041308
2017_7_500-1000m_2,2904,290,0.09986225895316804
2018_10_>1000m_9,2901,290,0.09996552912788693
2016_7_0-20m_3,2899,290,0.10003449465332874
2020_4_100-500m_3,2898,290,0.10006901311249138
2019_11_500-1000m_5,2896,290,0.10013812154696132
2016_1_500-1000m_5,2894,289,0.09986178299930891
2017_12_20-100m_4,2892,289,0.09993084370677732
2018_3_20-100m_7,2891,289,0.09996540989277067
2020_10_0-20m_3,2891,289,0.09996540989277067
2016_1_500-1000m_7,2890,289,0.1
2015_2_500-1000m_1,2889,289,0.10003461405330565
2021_5_100-500m_5,2889,289,0.10003461405330565
2017_6_500-1000m_6,2888,289,0.10006925207756233
2020_8_500-1000m_2,2886,289,0.10013860013860014
2020_11_500-1000m_0,2883,288,0.09989594172736732
2019_4_20-100m_6,2881,288,0.09996528982992017
2016_3_20-100m_5,2880,288,0.1
2016_3_100-500m_7,2878,288,0.10006949270326616
2017_2_500-1000m_4,2875,287,0.09982608695652175
2020_5_0-20m_4,2875,288,0.10017391304347827
2020_7_500-1000m_5,2871,287,0.09996516893068617
2018_12_500-1000m_0,2869,287,0.10003485535029627
2019_2_>1000m_3,2868,287,0.1000697350069735
2016_4_500-1000m_4,2867,287,0.10010463899546565
2021_10_100-500m_4,2867,287,0.10010463899546565
2019_5_20-100m_7,2861,286,0.09996504718629849
2015_1_20-100m_2,2860,286,0.1
2016_4_100-500m_7,2857,286,0.10010500525026252
2018_9_0-20m_7,2857,286,0.10010500525026252
2020_10_>1000m_2,2856,286,0.10014005602240897
2018_2_>1000m_3,2849,285,0.10003510003510004
2017_6_500-1000m_0,2848,285,0.10007022471910113
2018_9_100-500m_1,2847,285,0.10010537407797682
2019_11_100-500m_1,2847,285,0.10010537407797682
2018_9_0-20m_2,2846,285,0.10014054813773718
2019_11_500-1000m_6,2844,284,0.09985935302390998
2015_4_0-20m_9,2843,284,0.09989447766443897
2021_11_500-1000m_1,2843,284,0.09989447766443897
2015_5_20-100m_1,2842,284,0.09992962702322308
2018_11_20-100m_3,2841,284,0.09996480112636395
2020_8_>1000m_5,2838,284,0.10007047216349542
2020_3_0-20m_6,2837,284,0.100105745505816
2016_4_100-500m_8,2836,284,0.1001410437235543
2016_5_100-500m_2,2833,283,0.09989410518884574
2019_6_100-500m_7,2832,283,0.09992937853107345
2020_1_0-20m_7,2828,283,0.10007072135785007
2019_12_20-100m_4,2827,283,0.10010611956137248
2020_5_0-20m_2,2826,283,0.10014154281670205
2021_3_500-1000m_5,2826,283,0.10014154281670205
2015_5_0-20m_6,2823,282,0.09989373007438895
2017_10_100-500m_3,2823,282,0.09989373007438895
2015_10_500-1000m_7,2822,282,0.09992912827781715
2015_4_0-20m_5,2821,282,0.0999645515774548
2020_11_100-500m_4,2821,282,0.0999645515774548
2021_5_500-1000m_4,2821,282,0.0999645515774548
2021_8_0-20m_5,2821,282,0.0999645515774548
2017_5_100-500m_0,2820,282,0.1
2017_5_0-20m_4,2819,282,0.10003547357218871
2018_1_500-1000m_2,2819,282,0.10003547357218871
2021_10_0-20m_5,2819,282,0.10003547357218871
2015_8_100-500m_6,2817,282,0.10010649627263046
2016_10_0-20m_9,2816,282,0.10014204545454546
2017_12_20-100m_3,2815,282,0.10017761989342806
2019_6_0-20m_6,2814,281,0.09985785358919687
2019_9_100-500m_4,2814,281,0.09985785358919687
2020_6_100-500m_5,2812,281,0.09992887624466572
2018_11_500-1000m_8,2811,281,0.0999644254713625
2019_2_500-1000m_6,2811,281,0.0999644254713625
2015_12_>1000m_0,2809,281,0.10003559985760056
2016_9_500-1000m_7,2807,281,0.10010687566797292
2018_6_0-20m_6,2807,281,0.10010687566797292
2017_9_100-500m_5,2805,281,0.10017825311942959
2016_1_100-500m_9,2800,280,0.1
2016_9_500-1000m_3,2800,280,0.1
2016_5_>1000m_3,2798,280,0.10007147962830593
2016_6_0-20m_6,2796,280,0.10014306151645208
2019_6_20-100m_1,2796,280,0.10014306151645208
2019_8_500-1000m_4,2796,280,0.10014306151645208
2016_10_500-1000m_5,2795,280,0.1001788908765653
2018_7_0-20m_3,2795,280,0.1001788908765653
2021_9_0-20m_5,2795,280,0.1001788908765653
2018_7_20-100m_1,2794,279,0.09985683607730853
2020_8_100-500m_8,2794,279,0.09985683607730853
2015_5_500-1000m_6,2793,279,0.09989258861439312
2016_4_0-20m_4,2789,279,0.10003585514521333
2018_5_100-500m_5,2789,279,0.10003585514521333
2021_5_100-500m_6,2789,279,0.10003585514521333
2016_10_>1000m_2,2782,278,0.09992810927390366
2018_1_500-1000m_5,2782,278,0.09992810927390366
2019_4_100-500m_3,2780,278,0.1
2021_3_100-500m_4,2780,278,0.1
2016_9_500-1000m_8,2777,278,0.10010803024846956
2016_1_0-20m_7,2775,278,0.10018018018018018
2021_9_500-1000m_0,2775,278,0.10018018018018018
2017_11_0-20m_4,2774,277,0.09985580389329488
2017_6_0-20m_4,2773,277,0.0998918139199423
2015_7_20-100m_3,2771,277,0.09996391194514616
2015_10_0-20m_5,2771,277,0.09996391194514616
2018_12_20-100m_1,2771,277,0.09996391194514616
2021_4_>1000m_3,2771,277,0.09996391194514616
2016_4_20-100m_1,2770,277,0.1
2020_11_500-1000m_9,2770,277,0.1
2016_7_0-20m_8,2769,277,0.10003611412062116
2021_1_500-1000m_3,2768,277,0.10007225433526011
2021_6_500-1000m_6,2767,277,0.10010842067220817
2018_8_100-500m_7,2766,277,0.10014461315979754
2018_11_500-1000m_7,2765,277,0.10018083182640145
2020_8_0-20m_3,2764,276,0.09985528219971057
2015_4_0-20m_2,2763,276,0.0998914223669924
2015_10_0-20m_9,2761,276,0.09996378123868163
2016_1_>1000m_0,2761,276,0.09996378123868163
2019_5_100-500m_1,2761,276,0.09996378123868163
2015_8_500-1000m_3,2759,276,0.10003624501631025
2019_6_0-20m_2,2759,276,0.10003624501631025
2021_11_0-20m_5,2759,276,0.10003624501631025
2015_1_500-1000m_6,2758,276,0.10007251631617115
2015_5_100-500m_7,2756,276,0.10014513788098693
2015_6_500-1000m_3,2755,276,0.10018148820326679
2016_7_500-1000m_0,2754,275,0.09985475671750181
2021_6_0-20m_5,2754,275,0.09985475671750181
2020_1_>1000m_2,2753,275,0.09989102796948783
2017_9_500-1000m_3,2751,275,0.0999636495819702
2019_9_20-100m_0,2751,275,0.0999636495819702
2016_8_0-20m_4,2750,275,0.1
2016_3_0-20m_2,2749,275,0.1000363768643143
2021_8_>1000m_4,2745,275,0.10018214936247723
2020_5_0-20m_3,2744,274,0.09985422740524781
2020_5_0-20m_6,2744,274,0.09985422740524781
2020_5_500-1000m_5,2743,274,0.0998906306963179
2021_10_0-20m_4,2743,274,0.0998906306963179
2021_2_20-100m_8,2740,274,0.1
2017_1_>1000m_8,2735,274,0.10018281535648994
2020_7_>1000m_2,2734,273,0.09985369422092173
2016_9_0-20m_7,2733,273,0.09989023051591657
2021_4_100-500m_0,2733,273,0.09989023051591657
2020_6_500-1000m_3,2732,273,0.09992679355783309
2019_8_500-1000m_3,2731,273,0.09996338337605273
2020_8_>1000m_6,2730,273,0.1
2015_6_100-500m_7,2729,273,0.10003664345914254
2018_8_0-20m_5,2728,273,0.1000733137829912
2019_9_100-500m_3,2728,273,0.1000733137829912
2016_7_500-1000m_5,2726,273,0.10014673514306677
2021_4_0-20m_5,2725,273,0.10018348623853211
2017_1_500-1000m_4,2724,272,0.09985315712187959
2015_1_20-100m_0,2720,272,0.1
2020_9_0-20m_9,2718,272,0.10007358351729213
2019_8_20-100m_1,2713,271,0.0998894213048286
2021_5_20-100m_2,2713,271,0.0998894213048286
2018_4_500-1000m_2,2712,271,0.09992625368731563
2019_1_>1000m_7,2711,271,0.099963113242346
2020_9_500-1000m_1,2711,271,0.099963113242346
2016_7_100-500m_8,2710,271,0.1
2019_7_20-100m_7,2710,271,0.1
2017_5_500-1000m_4,2707,271,0.10011082379017362
2019_8_0-20m_3,2707,271,0.10011082379017362
2017_7_0-20m_6,2705,271,0.10018484288354898
2020_7_>1000m_3,2705,271,0.10018484288354898
2015_1_500-1000m_5,2704,270,0.09985207100591716
2016_6_500-1000m_1,2704,270,0.09985207100591716
2018_11_500-1000m_6,2704,270,0.09985207100591716
2016_6_>1000m_6,2699,270,0.10003705075954057
2015_8_20-100m_1,2697,270,0.10011123470522804
2015_4_0-20m_4,2696,270,0.10014836795252226
2021_7_500-1000m_3,2695,270,0.10018552875695733
2016_9_0-20m_5,2694,269,0.09985152190051967
2020_5_20-100m_8,2694,269,0.09985152190051967
2018_4_100-500m_8,2693,269,0.09988860007426661
2015_6_0-20m_3,2691,269,0.09996283909327387
2016_12_20-100m_5,2691,269,0.09996283909327387
2020_8_100-500m_5,2690,269,0.1
2018_4_20-100m_5,2687,269,0.10011164867882397
2015_6_100-500m_8,2685,269,0.10018621973929237
2018_8_500-1000m_2,2684,268,0.09985096870342772
2015_6_>1000m_9,2683,268,0.09988818486768543
2020_11_>1000m_2,2683,268,0.09988818486768543
2021_11_>1000m_5,2682,268,0.09992542878448919
2019_8_500-1000m_1,2680,268,0.1
2020_7_500-1000m_8,2680,268,0.1
2018_9_0-20m_8,2679,268,0.10003732736095558
2015_10_0-20m_2,2677,268,0.1001120657452372
2021_1_0-20m_1,2677,268,0.1001120657452372
2019_7_20-100m_6,2676,268,0.10014947683109118
2020_9_0-20m_3,2676,268,0.10014947683109118
2016_8_500-1000m_2,2675,268,0.10018691588785046
2019_1_>1000m_0,2675,268,0.10018691588785046
2016_1_100-500m_0,2674,267,0.09985041136873597
2018_12_20-100m_0,2674,267,0.09985041136873597
2019_11_20-100m_6,2672,267,0.0999251497005988
2021_6_500-1000m_5,2672,267,0.0999251497005988
2018_8_20-100m_3,2671,267,0.09996256083863722
2015_9_100-500m_4,2670,267,0.1
2016_6_500-1000m_5,2668,267,0.10007496251874062
2021_4_0-20m_9,2668,267,0.10007496251874062
2021_11_500-1000m_2,2667,267,0.10011248593925759
2021_12_100-500m_1,2665,267,0.100187617260788
2015_10_>1000m_6,2664,266,0.09984984984984985
2017_10_0-20m_1,2664,266,0.09984984984984985
2019_11_500-1000m_3,2661,266,0.09996242014280346
2016_5_100-500m_3,2659,266,0.10003760812335465
2016_5_0-20m_3,2659,266,0.10003760812335465
2017_5_0-20m_5,2659,266,0.10003760812335465
2019_2_500-1000m_5,2659,266,0.10003760812335465
2015_8_100-500m_7,2658,266,0.1000752445447705
2017_10_0-20m_8,2658,266,0.1000752445447705
2019_9_0-20m_3,2658,266,0.1000752445447705
2016_5_0-20m_2,2655,266,0.10018832391713747
2018_3_0-20m_7,2654,265,0.0998492840994725
2017_4_20-100m_2,2652,265,0.09992458521870287
2017_11_20-100m_4,2652,265,0.09992458521870287
2015_8_500-1000m_5,2649,265,0.10003775009437524
2016_9_500-1000m_4,2647,265,0.10011333585190782
2017_10_0-20m_3,2644,264,0.09984871406959153
2021_6_100-500m_2,2642,264,0.09992429977289932
2016_1_500-1000m_2,2641,264,0.09996213555471413
2017_7_20-100m_1,2639,264,0.10003789314134141
2018_9_500-1000m_2,2639,264,0.10003789314134141
2020_5_0-20m_5,2639,264,0.10003789314134141
2018_1_20-100m_6,2636,264,0.10015174506828528
2020_4_20-100m_5,2636,264,0.10015174506828528
2015_8_>1000m_2,2635,264,0.10018975332068311
2016_1_100-500m_1,2631,263,0.0999619916381604
2021_2_500-1000m_6,2631,263,0.0999619916381604
2020_1_20-100m_5,2628,263,0.10007610350076103
2021_7_500-1000m_0,2628,263,0.10007610350076103
2016_9_0-20m_3,2626,263,0.10015232292460015
2019_4_20-100m_5,2626,263,0.10015232292460015
2016_3_20-100m_3,2625,263,0.10019047619047619
2015_10_0-20m_8,2624,262,0.09984756097560976
2016_7_>1000m_9,2624,262,0.09984756097560976
2020_6_500-1000m_6,2624,262,0.09984756097560976
2017_1_100-500m_0,2623,262,0.09988562714449103
2018_2_0-20m_8,2623,262,0.09988562714449103
2021_1_500-1000m_5,2623,262,0.09988562714449103
2017_6_0-20m_3,2619,262,0.10003818251240931
2016_1_500-1000m_8,2618,262,0.10007639419404125
2015_8_500-1000m_4,2617,262,0.10011463507833397
2017_8_500-1000m_7,2616,262,0.10015290519877676
2017_4_0-20m_9,2615,262,0.10019120458891013
2019_7_0-20m_4,2615,262,0.10019120458891013
2017_7_100-500m_9,2614,261,0.09984697781178271
2019_12_20-100m_7,2614,261,0.09984697781178271
2018_1_20-100m_0,2613,261,0.09988518943742825
2018_4_20-100m_3,2612,261,0.09992343032159265
2021_7_0-20m_6,2612,261,0.09992343032159265
2018_4_500-1000m_4,2610,261,0.1
2020_9_500-1000m_7,2610,261,0.1
2020_8_100-500m_6,2609,261,0.1000383288616328
2015_7_20-100m_4,2607,261,0.1001150747986191
2019_9_500-1000m_5,2606,261,0.10015349194167306
2020_11_100-500m_2,2606,261,0.10015349194167306
2018_10_100-500m_9,2604,260,0.09984639016897082
2019_8_500-1000m_7,2600,260,0.1
2016_10_500-1000m_4,2599,260,0.1000384763370527
2018_1_20-100m_5,2594,259,0.09984579799537394
2018_6_100-500m_2,2594,259,0.09984579799537394
2015_11_>1000m_6,2593,259,0.0998843038951022
2017_9_500-1000m_0,2593,259,0.0998843038951022
2020_11_20-100m_8,2593,259,0.0998843038951022
2016_9_0-20m_4,2592,259,0.09992283950617284
2016_8_0-20m_2,2588,259,0.10007727975270479
2016_2_20-100m_5,2587,259,0.10011596443757248
2019_3_>1000m_5,2587,259,0.10011596443757248
2021_7_0-20m_8,2587,259,0.10011596443757248
2016_4_>1000m_7,2582,258,0.09992254066615028
2016_6_>1000m_9,2582,258,0.09992254066615028
2021_7_0-20m_2,2582,258,0.09992254066615028
2018_3_>1000m_9,2580,258,0.1
2016_5_20-100m_6,2579,258,0.10003877471888328
2020_3_>1000m_8,2579,258,0.10003877471888328
2019_9_20-100m_9,2578,258,0.10007757951900698
2017_9_0-20m_3,2577,258,0.10011641443538999
2020_1_20-100m_3,2576,258,0.10015527950310558
2018_7_100-500m_8,2575,258,0.10019417475728155
2019_11_20-100m_5,2575,258,0.10019417475728155
2018_7_>1000m_7,2572,257,0.09992223950233281
2019_8_500-1000m_6,2572,257,0.09992223950233281
2021_8_20-100m_7,2572,257,0.09992223950233281
2015_6_0-20m_4,2570,257,0.1
2017_8_20-100m_7,2570,257,0.1
2018_2_500-1000m_3,2570,257,0.1
2020_1_0-20m_0,2570,257,0.1
2015_6_0-20m_2,2569,257,0.10003892565200467
2015_12_0-20m_4,2569,257,0.10003892565200467
2017_10_>1000m_2,2569,257,0.10003892565200467
2018_10_20-100m_8,2567,257,0.10011686793922867
2016_6_100-500m_2,2566,257,0.10015588464536243
2018_11_0-20m_7,2564,256,0.0998439937597504
2019_7_20-100m_9,2564,256,0.0998439937597504
2021_1_0-20m_9,2564,256,0.0998439937597504
2018_10_100-500m_1,2563,256,0.0998829496683574
2020_1_500-1000m_0,2562,256,0.09992193598750976
2019_5_>1000m_4,2558,256,0.10007818608287725
2020_2_20-100m_4,2557,256,0.10011732499022291
2020_12_20-100m_6,2556,256,0.10015649452269171
2017_6_500-1000m_4,2555,256,0.10019569471624266
2020_9_500-1000m_6,2555,256,0.10019569471624266
2019_2_20-100m_5,2554,255,0.09984338292873923
2018_9_>1000m_1,2553,255,0.099882491186839
2021_5_0-20m_6,2553,255,0.099882491186839
2015_9_500-1000m_5,2552,255,0.09992163009404388
2020_12_100-500m_5,2552,255,0.09992163009404388
2021_9_500-1000m_6,2552,255,0.09992163009404388
2017_1_0-20m_4,2551,255,0.0999607996863975
2015_10_0-20m_7,2549,255,0.10003923107100823
2016_1_20-100m_7,2547,255,0.10011778563015312
2016_9_>1000m_9,2547,255,0.10011778563015312
2020_7_500-1000m_3,2546,255,0.10015710919088766
2017_9_500-1000m_1,2545,255,0.10019646365422397
2015_12_500-1000m_7,2544,254,0.09984276729559749
2017_7_0-20m_7,2544,254,0.09984276729559749
2017_9_20-100m_8,2544,254,0.09984276729559749
2015_1_0-20m_5,2543,254,0.09988202909948879
2021_1_0-20m_5,2543,254,0.09988202909948879
2021_12_500-1000m_7,2543,254,0.09988202909948879
2018_6_20-100m_7,2542,254,0.0999213217938631
2018_7_0-20m_5,2541,254,0.09996064541519087
2020_10_500-1000m_1,2541,254,0.09996064541519087
2021_11_500-1000m_7,2541,254,0.09996064541519087
2015_10_0-20m_6,2540,254,0.1
2020_1_0-20m_8,2540,254,0.1
2019_6_0-20m_3,2539,254,0.10003938558487593
2020_9_20-100m_2,2538,254,0.10007880220646179
2015_10_20-100m_9,2536,254,0.10015772870662461
2018_11_100-500m_1,2535,254,0.10019723865877712
2020_9_20-100m_0,2535,254,0.10019723865877712
2016_4_20-100m_0,2534,253,0.09984214680347277
2019_7_500-1000m_6,2534,253,0.09984214680347277
2015_9_500-1000m_6,2533,253,0.09988156336360048
2019_9_0-20m_7,2533,253,0.09988156336360048
2015_4_500-1000m_6,2532,253,0.09992101105845182
2015_7_20-100m_1,2532,253,0.09992101105845182
2018_8_20-100m_2,2531,253,0.09996048992493085
2018_11_500-1000m_2,2531,253,0.09996048992493085
2015_12_20-100m_7,2530,253,0.1
2016_9_500-1000m_6,2529,253,0.10003954132068012
2017_10_500-1000m_6,2529,253,0.10003954132068012
2018_2_20-100m_5,2528,253,0.10007911392405064
2016_11_0-20m_3,2527,253,0.1001187178472497
2018_8_20-100m_4,2527,253,0.1001187178472497
2015_9_>1000m_4,2526,253,0.10015835312747427
2020_11_500-1000m_6,2526,253,0.10015835312747427
2020_1_20-100m_4,2525,253,0.1001980198019802
2020_10_100-500m_3,2525,253,0.1001980198019802
2021_2_20-100m_6,2525,253,0.1001980198019802
2020_10_0-20m_4,2523,252,0.09988109393579073
2019_9_0-20m_8,2522,252,0.0999206978588422
2016_10_20-100m_6,2520,252,0.1
2020_11_20-100m_7,2520,252,0.1
2015_12_0-20m_5,2519,252,0.1000396982929734
2016_2_>1000m_1,2518,252,0.10007942811755362
2016_8_>1000m_8,2517,252,0.10011918951132301
2021_7_20-100m_9,2516,252,0.10015898251192369
2021_4_500-1000m_0,2514,251,0.09984089101034209
2016_4_>1000m_6,2511,251,0.09996017522899243
2015_3_>1000m_6,2510,251,0.1
2020_9_0-20m_5,2510,251,0.1
2015_4_20-100m_7,2509,251,0.10003985651654046
2016_12_500-1000m_1,2508,251,0.10007974481658692
2018_7_500-1000m_3,2507,251,0.10011966493817312
2019_8_>1000m_2,2507,251,0.10011966493817312
2015_10_0-20m_1,2505,251,0.10019960079840319
2018_8_>1000m_8,2502,250,0.09992006394884093
2019_6_500-1000m_3,2502,250,0.09992006394884093
2020_6_20-100m_1,2502,250,0.09992006394884093
2021_6_100-500m_9,2501,250,0.09996001599360256
2015_8_0-20m_3,2500,250,0.1
2016_4_0-20m_5,2500,250,0.1
2020_3_100-500m_7,2500,250,0.1
2018_10_500-1000m_3,2498,250,0.100080064051241
2020_4_0-20m_4,2498,250,0.100080064051241
2018_9_0-20m_1,2497,250,0.1001201441730076
2015_5_20-100m_5,2496,250,0.10016025641025642
2021_4_0-20m_0,2496,250,0.10016025641025642
2015_7_0-20m_5,2494,249,0.09983961507618284
2018_7_0-20m_4,2494,249,0.09983961507618284
2020_11_100-500m_1,2494,249,0.09983961507618284
2019_10_>1000m_2,2493,249,0.09987966305655836
2021_5_100-500m_7,2493,249,0.09987966305655836
2015_3_500-1000m_0,2492,249,0.09991974317817015
2019_4_20-100m_8,2490,249,0.1
2021_6_0-20m_8,2490,249,0.1
2021_9_>1000m_1,2490,249,0.1
2021_10_>1000m_5,2489,249,0.10004017677782241
2015_8_0-20m_8,2487,249,0.10012062726176116
2017_7_>1000m_9,2487,249,0.10012062726176116
2016_1_20-100m_3,2486,249,0.1001609010458568
2016_2_20-100m_4,2485,249,0.10020120724346077
2021_1_500-1000m_6,2484,248,0.0998389694041868
2021_11_20-100m_3,2484,248,0.0998389694041868
2018_10_20-100m_6,2483,248,0.09987917841320983
2021_6_0-20m_1,2481,248,0.09995969367190649
2016_9_20-100m_9,2480,248,0.1
2018_6_100-500m_0,2477,248,0.10012111425111021
2020_5_0-20m_1,2477,248,0.10012111425111021
2020_9_0-20m_6,2477,248,0.10012111425111021
2021_12_20-100m_2,2477,248,0.10012111425111021
2020_5_500-1000m_8,2476,248,0.10016155088852989
2021_3_20-100m_5,2474,247,0.09983831851253032
2017_7_20-100m_2,2473,247,0.09987868985038414
2018_10_500-1000m_4,2472,247,0.09991909385113269
2021_5_20-100m_3,2471,247,0.09995953055443141
2017_5_0-20m_0,2470,247,0.1
2018_10_20-100m_5,2470,247,0.1
2019_7_500-1000m_2,2469,247,0.10004050222762252
2020_9_500-1000m_5,2467,247,0.10012160518848805
2019_7_100-500m_2,2464,246,0.09983766233766234
2021_12_20-100m_6,2464,246,0.09983766233766234
2016_6_500-1000m_4,2463,246,0.09987819732034105
2021_2_100-500m_1,2463,246,0.09987819732034105
2016_1_20-100m_4,2460,246,0.1
2019_10_0-20m_5,2458,246,0.1000813669650122
2020_3_20-100m_5,2458,246,0.1000813669650122
2016_8_0-20m_6,2457,246,0.10012210012210013
2020_1_500-1000m_4,2457,246,0.10012210012210013
2021_4_>1000m_2,2456,246,0.1001628664495114
2019_4_100-500m_2,2455,246,0.10020366598778004
2017_8_20-100m_8,2454,245,0.09983700081499593
2018_6_0-20m_5,2453,245,0.09987770077456176
2019_6_500-1000m_4,2453,245,0.09987770077456176
2019_2_100-500m_9,2452,245,0.0999184339314845
2016_9_0-20m_6,2451,245,0.0999592003263974
2018_12_100-500m_7,2451,245,0.0999592003263974
2018_1_0-20m_7,2449,245,0.1000408329930584
2019_11_500-1000m_2,2449,245,0.1000408329930584
2020_5_20-100m_7,2449,245,0.1000408329930584
2021_8_>1000m_0,2449,245,0.1000408329930584
2019_9_>1000m_3,2448,245,0.10008169934640523
2017_3_500-1000m_0,2447,245,0.10012259910093993
2015_1_20-100m_3,2446,245,0.10016353229762878
2019_11_0-20m_8,2445,245,0.10020449897750511
2021_5_0-20m_5,2445,245,0.10020449897750511
2019_2_100-500m_3,2444,244,0.09983633387888707
2021_2_>1000m_0,2443,244,0.09987720016373311
2021_6_0-20m_3,2443,244,0.09987720016373311
2017_3_100-500m_4,2442,244,0.09991809991809991
2020_10_0-20m_7,2442,244,0.09991809991809991
2015_5_500-1000m_7,2440,244,0.1
2017_2_20-100m_4,2439,244,0.1000410004100041
2021_4_20-100m_6,2439,244,0.1000410004100041
2015_2_100-500m_6,2438,244,0.10008203445447088
2015_12_20-100m_2,2438,244,0.10008203445447088
2018_4_20-100m_6,2437,244,0.10012310217480509
2020_8_100-500m_7,2436,244,0.10016420361247948
2017_10_100-500m_2,2435,244,0.10020533880903491
2017_9_0-20m_6,2434,243,0.09983566146261298
2017_7_500-1000m_5,2433,243,0.0998766954377312
2017_3_20-100m_3,2432,243,0.09991776315789473
2017_1_500-1000m_6,2431,243,0.09995886466474702
2016_8_500-1000m_1,2430,243,0.1
2019_8_500-1000m_8,2427,243,0.10012360939431397
2021_9_20-100m_8,2427,243,0.10012360939431397
2015_7_20-100m_2,2426,243,0.10016488046166529
2016_6_0-20m_7,2425,243,0.1002061855670103
2018_12_>1000m_8,2423,242,0.09987618654560462
2020_11_100-500m_3,2422,242,0.09991742361684558
2017_10_0-20m_2,2420,242,0.1
2017_9_500-1000m_2,2418,242,0.1000827129859388
2020_5_>1000m_2,2418,242,0.1000827129859388
2019_3_500-1000m_5,2417,242,0.10012412081092263
2021_7_500-1000m_4,2417,242,0.10012412081092263
2015_12_20-100m_9,2415,242,0.10020703933747412
2018_6_500-1000m_7,2412,241,0.09991708126036485
2016_5_0-20m_9,2411,241,0.09995852343425965
2015_2_20-100m_3,2410,241,0.1
2021_2_0-20m_0,2409,241,0.10004151100041511
2020_12_0-20m_4,2408,241,0.10008305647840532
2015_10_>1000m_2,2407,241,0.10012463647694225
2016_2_0-20m_7,2406,241,0.100166251039069
2017_1_100-500m_7,2406,241,0.100166251039069
2017_8_20-100m_9,2405,241,0.10020790020790021
2019_12_100-500m_0,2403,240,0.09987515605493133
2017_5_>1000m_8,2400,240,0.1
2016_12_500-1000m_0,2398,240,0.10008340283569642
2016_5_>1000m_2,2396,240,0.1001669449081803
2019_9_500-1000m_7,2396,240,0.1001669449081803
2016_6_0-20m_5,2394,239,0.0998329156223893
2016_7_20-100m_0,2392,239,0.09991638795986622
2021_6_0-20m_6,2392,239,0.09991638795986622
2016_8_500-1000m_6,2390,239,0.1
2020_11_20-100m_0,2389,239,0.10004185851820846
2015_1_>1000m_0,2388,239,0.10008375209380234
2017_5_20-100m_3,2388,239,0.10008375209380234
2021_10_20-100m_7,2387,239,0.10012568077084207
2016_9_500-1000m_5,2386,239,0.10016764459346186
2016_9_0-20m_0,2384,238,0.09983221476510067
2019_9_500-1000m_6,2383,238,0.09987410826689047
2021_7_>1000m_6,2383,238,0.09987410826689047
2017_10_0-20m_6,2382,238,0.09991603694374475
2016_8_100-500m_8,2381,238,0.0999580008399832
2018_6_500-1000m_3,2381,238,0.0999580008399832
2015_9_20-100m_7,2380,238,0.1
2017_9_500-1000m_8,2380,238,0.1
2015_11_500-1000m_7,2379,238,0.10004203446826397
2016_1_20-100m_5,2379,238,0.10004203446826397
2018_6_0-20m_3,2379,238,0.10004203446826397
2020_9_0-20m_4,2377,238,0.10012620950778292
2017_12_0-20m_5,2376,238,0.10016835016835017
2015_3_500-1000m_5,2375,238,0.10021052631578947
2018_8_500-1000m_6,2374,237,0.09983150800336985
2020_1_20-100m_6,2374,237,0.09983150800336985
2021_7_20-100m_1,2374,237,0.09983150800336985
2016_6_500-1000m_3,2372,237,0.09991568296795952
2021_9_20-100m_6,2371,237,0.09995782370307887
2016_6_>1000m_8,2370,237,0.1
2015_1_20-100m_4,2369,237,0.10004221190375685
2021_6_500-1000m_4,2369,237,0.10004221190375685
2015_6_500-1000m_2,2368,237,0.10008445945945946
2020_5_500-1000m_7,2368,237,0.10008445945945946
2021_1_20-100m_7,2367,237,0.10012674271229405
2019_9_0-20m_5,2364,236,0.09983079526226735
2020_9_20-100m_1,2360,236,0.1
2016_6_>1000m_7,2358,236,0.10008481764206956
2021_12_500-1000m_8,2357,236,0.10012728044123886
2018_2_20-100m_4,2355,236,0.10021231422505308
2019_11_0-20m_7,2355,236,0.10021231422505308
2018_5_>1000m_3,2354,235,0.09983007646559049
2020_8_500-1000m_8,2353,235,0.09987250318742032
2018_11_20-100m_2,2351,235,0.09995746490854955
2017_6_0-20m_8,2350,235,0.1
2020_5_>1000m_3,2350,235,0.1
2020_11_0-20m_4,2347,235,0.10012782275244994
2020_9_0-20m_7,2346,235,0.10017050298380221
2020_5_>1000m_0,2345,235,0.10021321961620469
2015_8_500-1000m_6,2343,234,0.0998719590268886
2017_7_500-1000m_8,2343,234,0.0998719590268886
2020_3_500-1000m_9,2342,234,0.09991460290350128
2020_7_20-100m_1,2342,234,0.09991460290350128
2020_6_500-1000m_4,2340,234,0.1
2016_3_0-20m_1,2339,234,0.10004275331338179
2019_8_0-20m_8,2339,234,0.10004275331338179
2021_11_500-1000m_6,2339,234,0.10004275331338179
2016_1_20-100m_6,2338,234,0.10008554319931566
2020_5_100-500m_1,2337,234,0.10012836970474968
2019_10_0-20m_4,2334,233,0.09982862039417309
2020_8_20-100m_2,2334,233,0.09982862039417309
2016_12_100-500m_7,2333,233,0.09987141020145734
2019_5_100-500m_3,2333,233,0.09987141020145734
2019_7_100-500m_3,2332,233,0.09991423670668954
2018_7_>1000m_6,2329,233,0.1000429368827823
2019_8_20-100m_9,2329,233,0.1000429368827823
2020_10_100-500m_4,2329,233,0.1000429368827823
2018_11_20-100m_6,2328,233,0.10008591065292097
2016_2_500-1000m_2,2325,233,0.10021505376344086
2018_6_500-1000m_6,2325,233,0.10021505376344086
2016_4_20-100m_3,2324,232,0.09982788296041308
2019_6_>1000m_7,2324,232,0.09982788296041308
2017_7_500-1000m_3,2323,232,0.09987085665088248
2017_7_20-100m_0,2323,232,0.09987085665088248
2016_5_20-100m_8,2321,232,0.0999569151227919
2017_10_0-20m_5,2321,232,0.0999569151227919
2017_6_500-1000m_8,2318,232,0.1000862812769629
2020_3_>1000m_7,2318,232,0.1000862812769629
2021_11_>1000m_9,2318,232,0.1000862812769629
2021_8_100-500m_3,2316,232,0.1001727115716753
2015_9_100-500m_3,2315,232,0.1002159827213823
2018_8_100-500m_8,2315,232,0.1002159827213823
2018_4_500-1000m_8,2314,231,0.09982713915298184
2019_7_500-1000m_0,2310,231,0.1
2018_8_0-20m_6,2309,231,0.10004330879168472
2015_8_500-1000m_1,2308,231,0.10008665511265165
2016_6_0-20m_3,2308,231,0.10008665511265165
2017_10_>1000m_4,2308,231,0.10008665511265165
2017_7_0-20m_8,2306,231,0.10017346053772767
2015_4_100-500m_0,2305,231,0.1002169197396963
2016_2_20-100m_3,2305,231,0.1002169197396963
2016_9_20-100m_1,2304,230,0.0998263888888889
2017_7_500-1000m_4,2304,230,0.0998263888888889
2015_6_0-20m_5,2303,230,0.09986973512809379
2015_8_0-20m_4,2303,230,0.09986973512809379
2017_6_100-500m_9,2303,230,0.09986973512809379
2019_5_100-500m_4,2302,230,0.0999131190269331
2017_2_500-1000m_7,2301,230,0.09995654063450674
2018_10_500-1000m_2,2301,230,0.09995654063450674
2016_5_20-100m_5,2299,230,0.10004349717268378
2018_5_0-20m_5,2298,230,0.10008703220191471
2017_9_500-1000m_7,2296,230,0.10017421602787456
2021_8_0-20m_4,2296,230,0.10017421602787456
2021_11_20-100m_4,2294,229,0.0998256320836966
2015_9_100-500m_5,2292,229,0.09991273996509599
2016_2_100-500m_1,2292,229,0.09991273996509599
2015_1_20-100m_5,2290,229,0.1
2017_8_100-500m_1,2290,229,0.1
2020_9_>1000m_0,2290,229,0.1
2020_9_0-20m_8,2290,229,0.1
2016_12_20-100m_0,2289,229,0.1000436871996505
2018_4_20-100m_1,2289,229,0.1000436871996505
2018_9_500-1000m_6,2289,229,0.1000436871996505
2015_8_20-100m_2,2288,229,0.10008741258741259
2020_2_20-100m_8,2287,229,0.10013117621337997
2020_6_20-100m_2,2287,229,0.10013117621337997
2015_12_500-1000m_4,2286,229,0.10017497812773403
2018_3_20-100m_3,2286,229,0.10017497812773403
2019_9_>1000m_1,2285,229,0.10021881838074398
2021_6_500-1000m_3,2285,229,0.10021881838074398
2016_1_500-1000m_0,2284,228,0.09982486865148861
2015_10_100-500m_2,2283,228,0.09986859395532194
2016_10_20-100m_9,2282,228,0.09991235758106924
2017_12_20-100m_0,2282,228,0.09991235758106924
2019_12_>1000m_2,2282,228,0.09991235758106924
2018_1_500-1000m_3,2281,228,0.09995615957913195
2021_8_20-100m_6,2281,228,0.09995615957913195
2020_7_20-100m_2,2278,228,0.10008779631255488
2017_5_20-100m_6,2276,228,0.10017574692442882
2020_10_20-100m_1,2276,228,0.10017574692442882
2021_8_500-1000m_6,2276,228,0.10017574692442882
2020_11_500-1000m_4,2274,227,0.0998240985048373
2016_5_20-100m_7,2273,227,0.09986801583809943
2021_4_>1000m_1,2272,227,0.09991197183098592
2021_5_0-20m_7,2271,227,0.09995596653456627
2018_6_0-20m_4,2269,227,0.1000440722785368
2019_5_500-1000m_6,2268,227,0.10008818342151675
2016_7_500-1000m_6,2266,227,0.1001765225066196
2015_12_20-100m_3,2265,227,0.10022075055187638
2018_3_>1000m_2,2264,226,0.09982332155477032
2020_7_500-1000m_1,2264,226,0.09982332155477032
2015_6_20-100m_1,2261,226,0.09995577178239717
2016_7_20-100m_2,2261,226,0.09995577178239717
2020_6_100-500m_7,2258,226,0.10008857395925598
2016_10_20-100m_4,2257,226,0.10013291980505096
2017_10_0-20m_4,2257,226,0.10013291980505096
2019_7_100-500m_1,2257,226,0.10013291980505096
2018_10_20-100m_4,2256,226,0.10017730496453901
2020_4_0-20m_3,2248,225,0.10008896797153025
2017_6_500-1000m_2,2247,225,0.10013351134846461
2015_9_0-20m_6,2245,225,0.10022271714922049
2021_1_>1000m_2,2243,224,0.09986625055728934
2021_1_20-100m_9,2243,224,0.09986625055728934
2016_1_20-100m_2,2242,224,0.09991079393398751
2019_8_0-20m_6,2242,224,0.09991079393398751
2021_1_20-100m_3,2241,224,0.0999553770638108
2017_6_0-20m_7,2240,224,0.1
2018_6_0-20m_0,2238,224,0.10008936550491511
2017_6_500-1000m_7,2237,224,0.10013410818059902
2018_3_100-500m_2,2237,224,0.10013410818059902
2017_1_500-1000m_5,2236,224,0.1001788908765653
2018_9_500-1000m_5,2232,223,0.09991039426523297
2018_12_500-1000m_7,2232,223,0.09991039426523297
2018_10_20-100m_7,2231,223,0.09995517705064993
2019_10_500-1000m_6,2231,223,0.09995517705064993
2015_10_20-100m_8,2230,223,0.1
2021_2_100-500m_4,2230,223,0.1
2016_6_500-1000m_6,2229,223,0.10004486316733961
2019_11_20-100m_7,2229,223,0.10004486316733961
2015_12_0-20m_9,2225,223,0.1002247191011236
2020_10_0-20m_2,2223,222,0.09986504723346828
2021_1_0-20m_4,2223,222,0.09986504723346828
2017_6_20-100m_2,2222,222,0.0999099909990999
2019_4_0-20m_3,2219,222,0.10004506534474988
2020_9_500-1000m_3,2218,222,0.10009017132551848
2021_1_20-100m_8,2217,222,0.10013531799729364
2015_10_500-1000m_6,2216,222,0.10018050541516245
2019_7_500-1000m_5,2215,222,0.10022573363431152
2020_11_500-1000m_5,2215,222,0.10022573363431152
2016_7_20-100m_4,2213,221,0.09986443741527339
2021_4_100-500m_1,2212,221,0.09990958408679927
2020_11_20-100m_6,2211,221,0.09995477159656264
2021_4_0-20m_4,2211,221,0.09995477159656264
2015_10_>1000m_5,2209,221,0.10004526935264826
2015_12_20-100m_1,2208,221,0.10009057971014493
2016_9_100-500m_0,2208,221,0.10009057971014493
2015_4_>1000m_3,2206,221,0.10018132366273799
2017_12_500-1000m_6,2205,221,0.10022675736961452
2018_9_500-1000m_4,2205,221,0.10022675736961452
2018_6_0-20m_2,2203,220,0.09986382206082614
2018_4_20-100m_4,2202,220,0.09990917347865577
2021_2_0-20m_9,2202,220,0.09990917347865577
2019_9_20-100m_8,2201,220,0.09995456610631531
2017_9_0-20m_4,2200,220,0.1
2017_8_500-1000m_5,2196,220,0.10018214936247723
2020_1_20-100m_2,2195,220,0.10022779043280182
2018_6_0-20m_1,2194,219,0.09981768459434823
2019_11_20-100m_4,2194,219,0.09981768459434823
2021_10_20-100m_6,2194,219,0.09981768459434823
2019_5_0-20m_5,2191,219,0.09995435874030123
2021_4_20-100m_5,2191,219,0.09995435874030123
2018_5_100-500m_4,2188,219,0.10009140767824497
2021_2_>1000m_4,2188,219,0.10009140767824497
2019_4_20-100m_9,2187,219,0.10013717421124829
2018_4_500-1000m_3,2183,218,0.09986257443884562
2018_10_0-20m_3,2183,218,0.09986257443884562
2020_6_0-20m_3,2183,218,0.09986257443884562
2020_9_500-1000m_4,2183,218,0.09986257443884562
2019_5_100-500m_2,2182,218,0.0999083409715857
2021_11_0-20m_6,2182,218,0.0999083409715857
2019_2_0-20m_3,2181,218,0.09995414947271894
2017_1_20-100m_4,2179,218,0.10004589261128959
2019_5_20-100m_6,2179,218,0.10004589261128959
2019_12_0-20m_8,2179,218,0.10004589261128959
2021_11_>1000m_6,2179,218,0.10004589261128959
2017_4_100-500m_7,2178,218,0.10009182736455463
2018_2_0-20m_2,2178,218,0.10009182736455463
2016_7_20-100m_3,2177,218,0.10013780431786863
2021_7_>1000m_7,2177,218,0.10013780431786863
2015_11_0-20m_7,2176,218,0.10018382352941177
2020_6_100-500m_8,2174,217,0.09981600735970561
2015_10_>1000m_3,2173,217,0.09986194201564658
2021_2_100-500m_0,2173,217,0.09986194201564658
2019_9_0-20m_4,2172,217,0.09990791896869244
2017_9_500-1000m_5,2171,217,0.09995393827729157
2018_2_20-100m_8,2171,217,0.09995393827729157
2018_10_>1000m_1,2171,217,0.09995393827729157
2016_10_500-1000m_3,2170,217,0.1
2016_5_500-1000m_1,2169,217,0.1000461041954818
2015_9_100-500m_2,2167,217,0.10013844023996309
2020_3_20-100m_6,2167,217,0.10013844023996309
2021_7_20-100m_4,2167,217,0.10013844023996309
2015_4_20-100m_6,2166,217,0.10018467220683287
2019_6_>1000m_6,2166,217,0.10018467220683287
2019_11_500-1000m_4,2164,216,0.09981515711645102
2017_6_0-20m_6,2163,216,0.09986130374479889
2015_8_500-1000m_2,2159,216,0.1000463177396943
2015_4_500-1000m_2,2158,216,0.10009267840593142
2018_6_100-500m_1,2158,216,0.10009267840593142
2021_10_500-1000m_5,2158,216,0.10009267840593142
2019_7_20-100m_5,2157,216,0.10013908205841446
2020_6_500-1000m_5,2157,216,0.10013908205841446
2020_8_20-100m_9,2157,216,0.10013908205841446
2016_1_500-1000m_1,2156,216,0.10018552875695733
2020_10_20-100m_8,2155,216,0.10023201856148492
2019_12_0-20m_1,2154,215,0.09981429897864438
2021_1_500-1000m_2,2153,215,0.09986065954482118
2016_11_100-500m_5,2150,215,0.1
2021_1_20-100m_6,2148,215,0.10009310986964619
2017_9_20-100m_1,2147,215,0.10013972985561248
2021_1_500-1000m_7,2147,215,0.10013972985561248
2021_7_500-1000m_5,2146,215,0.10018639328984157
2021_9_20-100m_7,2145,215,0.10023310023310024
2018_1_20-100m_3,2144,214,0.09981343283582089
2016_10_0-20m_2,2143,214,0.09986000933271115
2019_8_0-20m_4,2143,214,0.09986000933271115
2018_7_20-100m_2,2142,214,0.09990662931839403
2017_8_0-20m_1,2140,214,0.1
2018_10_0-20m_2,2140,214,0.1
2021_11_20-100m_5,2139,214,0.10004675081813932
2018_1_20-100m_2,2137,214,0.100140383715489
2018_12_0-20m_5,2137,214,0.100140383715489
2019_6_0-20m_7,2136,214,0.10018726591760299
2019_9_0-20m_6,2135,214,0.10023419203747072
2016_3_20-100m_6,2134,213,0.09981255857544517
2019_7_500-1000m_3,2133,213,0.09985935302390998
2015_10_>1000m_4,2132,213,0.099906191369606
2018_9_20-100m_8,2132,213,0.099906191369606
2016_9_500-1000m_9,2131,213,0.0999530736743313
2021_6_0-20m_7,2131,213,0.0999530736743313
2019_1_500-1000m_6,2129,213,0.10004697040864255
2020_10_0-20m_5,2125,213,0.10023529411764706
2018_6_500-1000m_4,2121,212,0.09995285242809995
2021_7_20-100m_5,2121,212,0.09995285242809995
2016_5_500-1000m_4,2120,212,0.1
2016_6_500-1000m_2,2119,212,0.10004719207173195
2020_7_0-20m_7,2119,212,0.10004719207173195
2020_6_0-20m_4,2118,212,0.10009442870632672
2018_1_500-1000m_4,2117,212,0.10014170996693435
2020_1_>1000m_9,2117,212,0.10014170996693435
2021_7_20-100m_0,2117,212,0.10014170996693435
2016_8_0-20m_7,2113,211,0.09985802176999527
2020_9_20-100m_9,2113,211,0.09985802176999527
2020_10_0-20m_6,2113,211,0.09985802176999527
2021_6_0-20m_2,2111,211,0.09995262908574136
2019_7_0-20m_3,2108,211,0.10009487666034156
2018_3_500-1000m_3,2107,211,0.10014238253440912
2021_9_20-100m_0,2106,211,0.10018993352326686
2015_4_500-1000m_1,2105,211,0.1002375296912114
2021_4_0-20m_2,2105,211,0.1002375296912114
2017_7_20-100m_4,2104,210,0.09980988593155894
2015_8_500-1000m_9,2103,210,0.09985734664764621
2017_8_20-100m_5,2102,210,0.09990485252140818
2019_12_100-500m_2,2102,210,0.09990485252140818
2019_5_500-1000m_5,2097,210,0.10014306151645208
2021_1_20-100m_0,2097,210,0.10014306151645208
2017_8_500-1000m_1,2096,210,0.10019083969465649
2020_1_500-1000m_1,2095,210,0.10023866348448687
2021_2_100-500m_3,2093,209,0.09985666507405638
2016_8_20-100m_3,2091,209,0.09995217599234815
2018_5_500-1000m_5,2091,209,0.09995217599234815
2019_10_0-20m_3,2090,209,0.1
2020_7_0-20m_8,2089,209,0.10004786979415989
2019_6_100-500m_9,2088,209,0.10009578544061302
2018_10_20-100m_0,2087,209,0.10014374700527072
2018_1_20-100m_4,2085,209,0.10023980815347722
2019_6_20-100m_2,2085,209,0.10023980815347722
2021_5_500-1000m_6,2085,209,0.10023980815347722
2016_9_20-100m_8,2084,208,0.09980806142034548
2019_6_0-20m_4,2083,208,0.09985597695631301
2019_9_20-100m_1,2083,208,0.09985597695631301
2015_8_500-1000m_7,2082,208,0.09990393852065321
2018_9_100-500m_9,2082,208,0.09990393852065321
2019_10_20-100m_6,2082,208,0.09990393852065321
2018_12_20-100m_5,2081,208,0.0999519461797213
2021_9_20-100m_5,2081,208,0.0999519461797213
2017_5_20-100m_4,2080,208,0.1
2018_5_100-500m_3,2079,208,0.10004810004810005
2019_4_0-20m_2,2079,208,0.10004810004810005
2015_9_0-20m_2,2078,208,0.10009624639076034
2019_1_0-20m_4,2077,208,0.10014443909484834
2019_7_0-20m_0,2075,208,0.10024096385542168
2021_2_100-500m_2,2073,207,0.09985528219971057
2020_5_100-500m_0,2071,207,0.09995171414775471
2016_10_20-100m_5,2069,207,0.1000483325277912
2017_4_100-500m_9,2068,207,0.10009671179883946
2018_7_500-1000m_4,2068,207,0.10009671179883946
2020_7_20-100m_6,2068,207,0.10009671179883946
2017_10_>1000m_1,2067,207,0.10014513788098693
2019_12_20-100m_3,2067,207,0.10014513788098693
2017_8_20-100m_4,2066,207,0.10019361084220717
2021_7_20-100m_3,2066,207,0.10019361084220717
2021_5_20-100m_4,2065,207,0.10024213075060533
2017_5_20-100m_7,2063,206,0.09985458070770722
2021_6_0-20m_9,2063,206,0.09985458070770722
2017_4_>1000m_6,2062,206,0.09990300678952474
2020_12_100-500m_4,2062,206,0.09990300678952474
2019_9_>1000m_2,2061,206,0.09995147986414361
2021_11_20-100m_2,2061,206,0.09995147986414361
2021_6_500-1000m_1,2060,206,0.1
2015_11_100-500m_6,2059,206,0.10004856726566294
2021_8_>1000m_3,2058,206,0.1000971817298348
2017_10_20-100m_8,2057,206,0.10014584346135148
2018_2_20-100m_3,2057,206,0.10014584346135148
2015_6_20-100m_3,2056,206,0.10019455252918288
2018_5_100-500m_2,2054,205,0.09980525803310614
2020_11_0-20m_3,2054,205,0.09980525803310614
2016_7_20-100m_6,2051,205,0.09995124329595319
2021_6_20-100m_4,2051,205,0.09995124329595319
2021_1_>1000m_1,2049,205,0.10004880429477794
2017_6_20-100m_4,2048,205,0.10009765625
2017_8_20-100m_3,2048,205,0.10009765625
2021_4_0-20m_3,2046,205,0.10019550342130987
2018_6_500-1000m_2,2045,205,0.10024449877750612
2015_7_100-500m_6,2044,204,0.09980430528375733
2016_10_100-500m_2,2044,204,0.09980430528375733
2017_8_20-100m_2,2042,204,0.09990205680705191
2016_6_20-100m_1,2041,204,0.09995100440960314
2019_6_0-20m_5,2041,204,0.09995100440960314
2019_8_0-20m_7,2041,204,0.09995100440960314
2015_8_0-20m_5,2039,204,0.10004904364884748
2017_8_500-1000m_6,2039,204,0.10004904364884748
2016_4_0-20m_6,2037,204,0.10014727540500737
2018_10_0-20m_9,2036,204,0.10019646365422397
2020_8_500-1000m_7,2035,204,0.10024570024570024
2020_8_0-20m_8,2035,204,0.10024570024570024
2019_8_0-20m_5,2031,203,0.0999507631708518
2021_6_500-1000m_7,2031,203,0.0999507631708518
2016_8_0-20m_8,2030,203,0.1
2016_6_0-20m_2,2029,203,0.10004928536224741
2015_9_>1000m_2,2028,203,0.10009861932938856
2021_2_0-20m_4,2027,203,0.10014800197335964
2018_1_20-100m_7,2025,203,0.10024691358024691
2019_9_500-1000m_4,2025,203,0.10024691358024691
2015_10_20-100m_7,2022,202,0.09990108803165183
2019_12_100-500m_9,2022,202,0.09990108803165183
2020_5_500-1000m_4,2022,202,0.09990108803165183
2020_1_20-100m_7,2021,202,0.0999505195447798
2021_4_500-1000m_4,2017,202,0.10014873574615767
2020_7_20-100m_5,2016,202,0.1001984126984127
2021_2_0-20m_1,2013,201,0.09985096870342772
2018_5_20-100m_6,2012,201,0.09990059642147117
2019_6_>1000m_8,2008,201,0.10009960159362549
2020_4_0-20m_2,2008,201,0.10009960159362549
2018_7_0-20m_6,2006,201,0.10019940179461616
2019_11_20-100m_8,2006,201,0.10019940179461616
2017_7_20-100m_5,2005,201,0.1002493765586035
2020_12_0-20m_2,2003,200,0.09985022466300549
2020_3_0-20m_8,2002,200,0.0999000999000999
2020_6_500-1000m_2,2001,200,0.09995002498750624
2020_1_20-100m_8,2000,200,0.1
2020_12_500-1000m_5,2000,200,0.1
2017_2_0-20m_5,1999,200,0.10005002501250625
2018_9_20-100m_6,1997,200,0.100150225338007
2020_5_20-100m_5,1997,200,0.100150225338007
2018_1_20-100m_1,1993,199,0.09984947315604616
2019_4_500-1000m_4,1993,199,0.09984947315604616
2020_4_100-500m_2,1993,199,0.09984947315604616
2020_10_20-100m_7,1993,199,0.09984947315604616
2021_1_>1000m_0,1992,199,0.09989959839357429
2017_8_20-100m_6,1991,199,0.09994977398292315
2020_8_0-20m_4,1991,199,0.09994977398292315
2015_3_100-500m_6,1990,199,0.1
2017_12_20-100m_5,1989,199,0.10005027652086476
2016_9_20-100m_5,1988,199,0.10010060362173039
2018_9_20-100m_7,1988,199,0.10010060362173039
2021_8_100-500m_1,1985,199,0.10025188916876575
2016_3_500-1000m_7,1983,198,0.09984871406959153
2020_7_20-100m_4,1983,198,0.09984871406959153
2021_10_100-500m_3,1983,198,0.09984871406959153
2017_5_500-1000m_6,1982,198,0.09989909182643794
2021_9_>1000m_4,1982,198,0.09989909182643794
2016_2_20-100m_2,1981,198,0.09994952044422009
2017_7_20-100m_3,1981,198,0.09994952044422009
2019_11_20-100m_2,1981,198,0.09994952044422009
2020_11_0-20m_1,1981,198,0.09994952044422009
2021_5_500-1000m_5,1981,198,0.09994952044422009
2015_8_0-20m_7,1977,198,0.10015174506828528
2018_6_500-1000m_5,1976,198,0.10020242914979757
2016_6_500-1000m_7,1975,198,0.10025316455696202
2015_8_20-100m_8,1973,197,0.09984794728839332
2019_2_20-100m_4,1973,197,0.09984794728839332
2018_6_20-100m_5,1970,197,0.1
2021_2_500-1000m_0,1970,197,0.1
2018_2_100-500m_9,1969,197,0.10005078720162519
2018_7_>1000m_8,1969,197,0.10005078720162519
2019_2_500-1000m_4,1969,197,0.10005078720162519
2015_5_0-20m_7,1968,197,0.10010162601626016
2016_3_20-100m_2,1967,197,0.10015251652262329
2016_11_20-100m_3,1966,197,0.10020345879959308
2016_4_20-100m_4,1965,197,0.10025445292620865
2015_8_0-20m_6,1964,196,0.09979633401221996
2018_2_500-1000m_2,1962,196,0.0998980632008155
2021_4_0-20m_1,1962,196,0.0998980632008155
2018_6_20-100m_6,1960,196,0.1
2019_11_20-100m_1,1960,196,0.1
2015_3_>1000m_0,1959,196,0.10005104645227157
2015_7_500-1000m_5,1959,196,0.10005104645227157
2015_4_20-100m_1,1957,196,0.10015329586101175
2016_6_0-20m_8,1957,196,0.10015329586101175
2015_1_20-100m_6,1954,195,0.09979529170931423
2017_3_>1000m_5,1953,195,0.09984639016897082
2016_4_500-1000m_5,1952,195,0.09989754098360656
2017_1_>1000m_0,1952,195,0.09989754098360656
2020_7_500-1000m_2,1952,195,0.09989754098360656
2015_7_20-100m_5,1949,195,0.10005130836326322
2016_8_0-20m_1,1948,195,0.10010266940451745
2018_10_500-1000m_1,1948,195,0.10010266940451745
2017_2_20-100m_0,1947,195,0.10015408320493066
2020_8_500-1000m_3,1945,195,0.10025706940874037
2021_7_20-100m_2,1941,194,0.09994848016486348
2020_3_0-20m_1,1940,194,0.1
2021_2_500-1000m_5,1940,194,0.1
2020_8_500-1000m_6,1939,194,0.1000515729757607
2015_4_20-100m_9,1937,194,0.10015487867836861
2019_5_500-1000m_4,1937,194,0.10015487867836861
2015_2_500-1000m_6,1934,193,0.09979317476732161
2015_3_0-20m_6,1934,193,0.09979317476732161
2016_2_20-100m_7,1934,193,0.09979317476732161
2020_1_500-1000m_3,1934,193,0.09979317476732161
2021_3_500-1000m_4,1930,193,0.1
2020_7_500-1000m_9,1929,193,0.10005184033177812
2019_7_500-1000m_1,1927,193,0.10015568240788791
2015_4_20-100m_5,1926,193,0.10020768431983386
2019_11_20-100m_3,1926,193,0.10020768431983386
2015_9_500-1000m_3,1925,193,0.10025974025974026
2019_1_20-100m_4,1925,193,0.10025974025974026
2017_6_0-20m_5,1924,192,0.0997920997920998
2018_7_20-100m_3,1924,192,0.0997920997920998
2019_7_>1000m_1,1924,192,0.0997920997920998
2019_8_500-1000m_2,1924,192,0.0997920997920998
2018_8_20-100m_5,1923,192,0.0998439937597504
2020_6_500-1000m_9,1923,192,0.0998439937597504
2021_7_0-20m_7,1923,192,0.0998439937597504
2015_7_0-20m_8,1922,192,0.09989594172736732
2015_6_500-1000m_5,1921,192,0.09994794377928162
2018_11_>1000m_1,1921,192,0.09994794377928162
2021_8_0-20m_3,1920,192,0.1
2017_9_20-100m_7,1919,192,0.10005211047420531
2016_12_>1000m_7,1918,192,0.10010427528675704
2017_9_0-20m_2,1918,192,0.10010427528675704
2018_9_20-100m_3,1917,192,0.10015649452269171
2015_1_0-20m_6,1916,192,0.10020876826722339
2020_5_500-1000m_1,1916,192,0.10020876826722339
2021_9_0-20m_4,1916,192,0.10020876826722339
2017_9_500-1000m_6,1914,191,0.09979101358411703
2020_6_500-1000m_1,1913,191,0.09984317825405123
2021_2_0-20m_2,1911,191,0.0999476713762428
2016_5_20-100m_4,1909,191,0.1000523834468308
2018_5_100-500m_1,1909,191,0.1000523834468308
2020_2_0-20m_2,1908,191,0.100104821802935
2015_2_20-100m_4,1906,191,0.10020986358866736
2020_9_20-100m_3,1905,191,0.10026246719160105
2019_6_500-1000m_6,1904,190,0.09978991596638656
2015_1_500-1000m_8,1903,190,0.09984235417761429
2015_3_100-500m_0,1903,190,0.09984235417761429
2020_7_20-100m_3,1903,190,0.09984235417761429
2019_3_0-20m_4,1900,190,0.1
2019_4_20-100m_4,1899,190,0.10005265929436545
2021_5_>1000m_8,1899,190,0.10005265929436545
2016_8_20-100m_2,1898,190,0.10010537407797682
2020_6_0-20m_8,1898,190,0.10010537407797682
2019_12_500-1000m_8,1897,190,0.10015814443858724
2016_5_20-100m_1,1896,190,0.10021097046413502
2016_11_500-1000m_4,1896,190,0.10021097046413502
2019_10_100-500m_4,1895,190,0.10026385224274406
2021_8_0-20m_1,1895,190,0.10026385224274406
2015_6_0-20m_6,1894,189,0.09978880675818373
2018_4_0-20m_8,1894,189,0.09978880675818373
2016_1_0-20m_8,1893,189,0.09984152139461172
2018_10_0-20m_1,1892,189,0.09989429175475686
2021_8_0-20m_2,1891,189,0.09994711792702274
2021_6_20-100m_5,1890,189,0.1
2021_9_100-500m_3,1890,189,0.1
2015_9_0-20m_5,1889,189,0.10005293806246691
2019_8_20-100m_2,1888,189,0.10010593220338983
2020_8_20-100m_3,1888,189,0.10010593220338983
2018_9_20-100m_5,1887,189,0.10015898251192369
2018_8_500-1000m_7,1886,189,0.10021208907741251
2019_7_500-1000m_4,1886,189,0.10021208907741251
2015_2_0-20m_4,1884,188,0.09978768577494693
2021_8_100-500m_0,1883,188,0.09984067976633032
2020_11_>1000m_1,1880,188,0.1
2016_1_20-100m_8,1879,188,0.10005321979776477
2019_8_20-100m_3,1877,188,0.1001598295151838
2019_3_100-500m_4,1876,188,0.10021321961620469
2018_7_0-20m_7,1875,188,0.10026666666666667
2015_4_500-1000m_5,1874,187,0.09978655282817503
2017_11_>1000m_0,1874,187,0.09978655282817503
2017_7_20-100m_7,1873,187,0.0998398291510945
2018_11_>1000m_9,1873,187,0.0998398291510945
2017_10_20-100m_0,1872,187,0.0998931623931624
2020_2_500-1000m_3,1872,187,0.0998931623931624
2020_5_500-1000m_2,1872,187,0.0998931623931624
2021_10_0-20m_3,1870,187,0.1
2021_12_500-1000m_1,1869,187,0.10005350454788657
2015_3_20-100m_5,1868,187,0.10010706638115632
2020_6_0-20m_9,1868,187,0.10010706638115632
2021_1_500-1000m_0,1868,187,0.10010706638115632
2015_12_500-1000m_1,1866,187,0.10021436227224008
2021_8_>1000m_1,1865,187,0.1002680965147453
2018_11_20-100m_7,1864,186,0.09978540772532189
2016_7_20-100m_5,1863,186,0.0998389694041868
2017_5_20-100m_5,1863,186,0.0998389694041868
2020_3_0-20m_7,1862,186,0.09989258861439312
2015_4_500-1000m_3,1861,186,0.0999462654486835
2015_8_20-100m_3,1861,186,0.0999462654486835
2017_2_20-100m_5,1860,186,0.1
2017_6_500-1000m_1,1860,186,0.1
2018_2_>1000m_2,1860,186,0.1
2018_9_20-100m_4,1860,186,0.1
2015_12_500-1000m_6,1859,186,0.10005379236148466
2015_8_20-100m_9,1858,186,0.10010764262648009
2020_5_20-100m_4,1858,186,0.10010764262648009
2016_5_500-1000m_2,1856,186,0.10021551724137931
2017_11_100-500m_6,1854,185,0.09978425026968717
2019_6_100-500m_8,1852,185,0.09989200863930886
2016_5_20-100m_0,1850,185,0.1
2020_1_20-100m_1,1850,185,0.1
2017_8_>1000m_1,1848,185,0.1001082251082251
2021_6_500-1000m_9,1848,185,0.1001082251082251
2018_4_100-500m_9,1847,185,0.10016242555495398
2019_3_20-100m_5,1847,185,0.10016242555495398
2021_1_20-100m_4,1845,185,0.1002710027100271
2017_1_500-1000m_7,1843,184,0.09983722192078133
2016_11_>1000m_6,1842,184,0.0998914223669924
2017_2_500-1000m_0,1842,184,0.0998914223669924
2020_11_500-1000m_3,1842,184,0.0998914223669924
2015_9_>1000m_3,1839,184,0.10005437737901034
2017_12_100-500m_7,1839,184,0.10005437737901034
2021_1_20-100m_2,1839,184,0.10005437737901034
2015_8_500-1000m_8,1837,184,0.10016330974414807
2016_7_500-1000m_7,1835,184,0.1002724795640327
2017_6_20-100m_3,1835,184,0.1002724795640327
2019_9_20-100m_2,1834,183,0.09978189749182116
2019_9_500-1000m_1,1834,183,0.09978189749182116
2018_8_0-20m_7,1830,183,0.1
2020_1_500-1000m_2,1830,183,0.1
2021_12_20-100m_1,1828,183,0.10010940919037199
2019_12_500-1000m_3,1826,183,0.10021905805038335
2019_9_20-100m_7,1825,183,0.10027397260273972
2021_7_500-1000m_6,1825,183,0.10027397260273972
2018_4_20-100m_7,1823,182,0.09983543609434997
2015_6_20-100m_4,1820,182,0.1
2019_5_500-1000m_1,1816,182,0.10022026431718062
2019_12_20-100m_2,1812,181,0.0998896247240618
2018_5_0-20m_4,1810,181,0.1
2017_7_20-100m_6,1809,181,0.10005527915975677
2016_9_20-100m_7,1808,181,0.10011061946902655
2017_1_20-100m_0,1808,181,0.10011061946902655
2019_4_>1000m_3,1807,181,0.10016602102933038
2021_7_20-100m_8,1807,181,0.10016602102933038
2020_3_>1000m_1,1805,181,0.10027700831024931
2021_2_20-100m_9,1804,180,0.09977827050997783
2016_9_>1000m_0,1803,180,0.09983361064891846
2017_1_500-1000m_8,1802,180,0.09988901220865705
2019_1_100-500m_6,1802,180,0.09988901220865705
2020_5_20-100m_6,1802,180,0.09988901220865705
2020_6_0-20m_5,1800,180,0.1
2020_7_20-100m_7,1800,180,0.1
2020_9_500-1000m_2,1798,180,0.10011123470522804
2015_4_>1000m_2,1797,180,0.1001669449081803
2017_3_500-1000m_4,1797,180,0.1001669449081803
2015_4_20-100m_4,1794,179,0.09977703455964325
2019_5_0-20m_2,1793,179,0.09983268265476855
2020_8_500-1000m_5,1792,179,0.09988839285714286
2020_11_500-1000m_1,1792,179,0.09988839285714286
2020_2_>1000m_3,1789,179,0.10005589714924538
2016_5_20-100m_3,1787,179,0.10016787912702854
2017_9_0-20m_9,1787,179,0.10016787912702854
2016_6_0-20m_9,1786,179,0.10022396416573348
2016_9_20-100m_3,1786,179,0.10022396416573348
2016_9_20-100m_2,1786,179,0.10022396416573348
2021_9_500-1000m_5,1786,179,0.10022396416573348
2016_4_20-100m_5,1785,179,0.10028011204481793
2019_6_500-1000m_5,1785,179,0.10028011204481793
2019_11_>1000m_1,1785,179,0.10028011204481793
2015_7_500-1000m_6,1783,178,0.09983174425126191
2020_9_20-100m_8,1783,178,0.09983174425126191
2020_10_500-1000m_5,1782,178,0.09988776655443322
2015_1_100-500m_8,1780,178,0.1
2019_6_>1000m_9,1780,178,0.1
2015_12_0-20m_0,1779,178,0.10005621135469364
2020_12_100-500m_3,1779,178,0.10005621135469364
2015_6_20-100m_5,1777,178,0.10016882386043895
2021_7_500-1000m_8,1776,178,0.10022522522522523
2016_7_20-100m_7,1775,178,0.10028169014084506
2017_11_20-100m_0,1775,178,0.10028169014084506
2017_1_100-500m_8,1774,177,0.09977452085682074
2018_11_100-500m_9,1773,177,0.09983079526226735
2019_2_100-500m_2,1773,177,0.09983079526226735
2016_8_20-100m_4,1770,177,0.1
2018_7_500-1000m_5,1770,177,0.1
2019_6_20-100m_3,1768,177,0.1001131221719457
2020_4_500-1000m_4,1767,177,0.100169779286927
2016_9_20-100m_4,1766,177,0.10022650056625142
2021_2_0-20m_3,1766,177,0.10022650056625142
2021_12_>1000m_0,1765,177,0.10028328611898017
2018_11_0-20m_8,1764,176,0.09977324263038549
2016_9_20-100m_6,1763,176,0.09982983550765741
2016_4_500-1000m_8,1762,176,0.09988649262202043
2020_11_0-20m_2,1762,176,0.09988649262202043
2015_9_0-20m_3,1761,176,0.09994321408290743
2016_6_0-20m_4,1760,176,0.1
2017_4_100-500m_5,1759,176,0.10005685048322911
2016_3_20-100m_1,1753,175,0.09982886480319453
2015_6_>1000m_8,1750,175,0.1
2020_5_20-100m_3,1750,175,0.1
2021_11_20-100m_6,1748,175,0.10011441647597254
2015_6_0-20m_7,1744,174,0.09977064220183486
2020_12_>1000m_3,1743,174,0.09982788296041308
2021_11_0-20m_7,1743,174,0.09982788296041308
2018_7_0-20m_8,1742,174,0.09988518943742825
2019_12_0-20m_0,1742,174,0.09988518943742825
2016_11_100-500m_6,1741,174,0.09994256174612291
2017_1_0-20m_5,1739,174,0.10005750431282347
2015_7_0-20m_6,1738,174,0.1001150747986191
2021_8_0-20m_0,1738,174,0.1001150747986191
2018_1_100-500m_9,1737,174,0.1001727115716753
2016_6_20-100m_7,1735,174,0.10028818443804034
2015_7_100-500m_8,1734,173,0.09976931949250288
2015_6_500-1000m_8,1733,173,0.0998268897864974
2016_8_20-100m_5,1733,173,0.0998268897864974
2017_12_>1000m_7,1732,173,0.09988452655889145
2019_4_0-20m_1,1730,173,0.1
2015_5_100-500m_8,1729,173,0.10005783689994216
2016_8_20-100m_6,1729,173,0.10005783689994216
2018_5_>1000m_2,1729,173,0.10005783689994216
2020_6_500-1000m_7,1728,173,0.10011574074074074
2015_7_>1000m_7,1727,173,0.10017371163867979
2019_8_500-1000m_9,1724,172,0.09976798143851508
2018_11_>1000m_0,1723,172,0.09982588508415555
2021_9_100-500m_2,1723,172,0.09982588508415555
2015_7_100-500m_7,1722,172,0.09988385598141696
2019_4_500-1000m_3,1721,172,0.0999418942475305
2021_10_20-100m_5,1719,172,0.10005817335660268
2017_10_20-100m_6,1718,172,0.10011641443538999
2015_9_500-1000m_4,1717,172,0.10017472335468841
2018_10_500-1000m_9,1717,172,0.10017472335468841
2020_12_0-20m_3,1716,172,0.10023310023310024
2020_6_20-100m_3,1714,171,0.09976662777129522
2016_2_500-1000m_8,1712,171,0.09988317757009346
2021_7_20-100m_6,1712,171,0.09988317757009346
2017_6_20-100m_8,1708,171,0.10011709601873536
2016_2_500-1000m_1,1706,171,0.10023446658851114
2017_10_0-20m_7,1706,171,0.10023446658851114
2015_10_500-1000m_5,1705,171,0.10029325513196481
2016_4_0-20m_7,1703,170,0.09982384028185555
2021_10_>1000m_4,1700,170,0.1
2020_10_500-1000m_3,1699,170,0.10005885815185403
2017_4_0-20m_4,1698,170,0.10011778563015312
2020_6_0-20m_6,1698,170,0.10011778563015312
2021_3_0-20m_3,1698,170,0.10011778563015312
2017_9_0-20m_5,1696,170,0.10023584905660378
2019_10_100-500m_3,1694,169,0.09976387249114523
2015_10_20-100m_1,1693,169,0.09982279976373302
2017_10_500-1000m_0,1693,169,0.09982279976373302
2017_7_0-20m_9,1692,169,0.09988179669030733
2021_5_20-100m_6,1691,169,0.09994086339444117
2015_6_0-20m_9,1689,169,0.10005920663114269
2016_5_20-100m_2,1689,169,0.10005920663114269
2021_6_20-100m_1,1688,169,0.10011848341232228
2020_8_0-20m_7,1687,169,0.1001778304682869
2021_6_20-100m_6,1685,169,0.10029673590504451
2021_4_500-1000m_3,1683,168,0.09982174688057041
2015_10_20-100m_6,1681,168,0.09994051160023795
2015_9_0-20m_4,1680,168,0.1
2019_5_0-20m_4,1679,168,0.10005955926146516
2019_5_500-1000m_3,1677,168,0.1001788908765653
2016_6_20-100m_6,1675,168,0.10029850746268656
2017_7_20-100m_8,1674,167,0.09976105137395459
2019_5_0-20m_3,1672,167,0.09988038277511961
2019_5_100-500m_0,1671,167,0.09994015559545183
2021_8_500-1000m_5,1670,167,0.1
2021_12_20-100m_7,1669,167,0.10005991611743559
2015_9_0-20m_1,1668,167,0.10011990407673861
2016_4_500-1000m_6,1667,167,0.10017996400719856
2021_6_20-100m_8,1666,167,0.10024009603841537
2016_4_0-20m_8,1665,167,0.1003003003003003
2015_5_100-500m_0,1662,166,0.09987966305655836
2015_10_20-100m_3,1661,166,0.09993979530403371
2019_12_20-100m_8,1661,166,0.09993979530403371
2015_11_500-1000m_6,1660,166,0.1
2019_4_20-100m_3,1659,166,0.10006027727546715
2015_6_20-100m_2,1658,166,0.10012062726176116
2018_3_500-1000m_9,1658,166,0.10012062726176116
2019_9_500-1000m_2,1658,166,0.10012062726176116
2017_2_>1000m_8,1657,166,0.10018105009052504
2020_5_20-100m_2,1657,166,0.10018105009052504
2019_5_0-20m_1,1656,166,0.10024154589371981
2021_4_20-100m_9,1656,166,0.10024154589371981
2021_9_100-500m_1,1656,166,0.10024154589371981
2015_6_500-1000m_6,1655,166,0.10030211480362537
2015_5_0-20m_0,1654,165,0.09975816203143893
2016_1_>1000m_9,1654,165,0.09975816203143893
2019_10_>1000m_1,1654,165,0.09975816203143893
2020_11_500-1000m_2,1654,165,0.09975816203143893
2020_11_20-100m_5,1653,165,0.0998185117967332
2020_12_20-100m_5,1652,165,0.09987893462469734
2017_1_100-500m_9,1651,165,0.09993943064809206
2019_2_0-20m_2,1650,165,0.1
2019_12_>1000m_1,1650,165,0.1
2021_11_100-500m_9,1650,165,0.1
2021_6_20-100m_3,1649,165,0.10006064281382657
2015_10_500-1000m_4,1648,165,0.10012135922330097
2018_7_20-100m_5,1647,165,0.10018214936247723
2015_3_0-20m_0,1646,165,0.10024301336573511
2016_10_100-500m_1,1646,165,0.10024301336573511
2020_5_0-20m_0,1645,165,0.10030395136778116
2015_5_20-100m_6,1643,164,0.09981740718198417
2017_10_500-1000m_2,1642,164,0.09987819732034105
2017_12_0-20m_6,1641,164,0.09993906154783669
2021_10_500-1000m_4,1641,164,0.09993906154783669
2016_12_500-1000m_7,1640,164,0.1
2018_5_500-1000m_4,1638,164,0.10012210012210013
2020_1_100-500m_9,1637,164,0.1001832620647526
2020_4_20-100m_4,1637,164,0.1001832620647526
2021_12_0-20m_7,1636,164,0.10024449877750612
2018_7_20-100m_4,1635,164,0.10030581039755351
2019_6_500-1000m_7,1635,164,0.10030581039755351
2021_3_>1000m_4,1635,164,0.10030581039755351
2020_3_0-20m_9,1634,163,0.09975520195838433
2020_7_100-500m_9,1632,163,0.09987745098039216
2021_5_20-100m_5,1631,163,0.09993868792152054
2015_4_0-20m_0,1630,163,0.1
2021_2_20-100m_5,1630,163,0.1
2020_8_0-20m_6,1629,163,0.10006138735420503
2015_4_500-1000m_4,1627,163,0.10018438844499078
2019_5_500-1000m_2,1627,163,0.10018438844499078
2020_8_0-20m_5,1627,163,0.10018438844499078
2021_6_500-1000m_2,1627,163,0.10018438844499078
2015_4_20-100m_3,1624,162,0.09975369458128079
2016_10_20-100m_3,1624,162,0.09975369458128079
2018_7_500-1000m_6,1624,162,0.09975369458128079
2021_8_500-1000m_0,1624,162,0.09975369458128079
2016_4_20-100m_6,1622,162,0.0998766954377312
2021_8_20-100m_5,1622,162,0.0998766954377312
2015_10_20-100m_5,1619,162,0.10006176652254478
2018_2_500-1000m_9,1619,162,0.10006176652254478
2020_2_20-100m_3,1619,162,0.10006176652254478
2021_6_20-100m_2,1619,162,0.10006176652254478
2021_8_20-100m_3,1619,162,0.10006176652254478
2019_8_20-100m_6,1616,162,0.10024752475247525
2021_11_20-100m_1,1615,162,0.10030959752321982
2020_5_500-1000m_3,1613,161,0.09981401115933045
2021_5_500-1000m_7,1612,161,0.09987593052109181
2020_5_500-1000m_0,1611,161,0.09993792675356922
2021_7_>1000m_8,1611,161,0.09993792675356922
2018_9_20-100m_2,1609,161,0.10006215040397763
2019_1_500-1000m_0,1609,161,0.10006215040397763
2020_2_100-500m_2,1608,161,0.10012437810945274
2019_5_>1000m_0,1607,161,0.1001866832607343
2021_11_500-1000m_8,1605,161,0.10031152647975078
2020_10_20-100m_2,1604,160,0.09975062344139651
2019_6_20-100m_6,1602,160,0.09987515605493133
2021_7_500-1000m_7,1602,160,0.09987515605493133
2018_4_>1000m_9,1601,160,0.09993753903810118
2019_11_500-1000m_1,1601,160,0.09993753903810118
2021_9_>1000m_2,1601,160,0.09993753903810118
2016_2_0-20m_0,1600,160,0.1
2021_12_0-20m_0,1600,160,0.1
2016_1_500-1000m_9,1599,160,0.10006253908692933
2017_9_20-100m_2,1597,160,0.10018785222291797
2017_4_100-500m_8,1596,160,0.10025062656641603
2017_4_20-100m_9,1596,160,0.10025062656641603
2017_10_500-1000m_5,1595,160,0.10031347962382445
2021_9_0-20m_2,1595,160,0.10031347962382445
2015_8_20-100m_4,1594,159,0.09974905897114178
2015_12_500-1000m_5,1594,159,0.09974905897114178
2018_4_500-1000m_0,1592,159,0.09987437185929648
2020_6_500-1000m_8,1592,159,0.09987437185929648
2020_8_500-1000m_4,1591,159,0.09993714644877436
2017_10_20-100m_1,1590,159,0.1
2018_3_100-500m_9,1590,159,0.1
2015_10_500-1000m_3,1588,159,0.10012594458438287
2017_10_500-1000m_4,1588,159,0.10012594458438287
2019_6_20-100m_5,1585,159,0.10031545741324921
2018_5_0-20m_1,1584,158,0.09974747474747475
2019_5_500-1000m_0,1584,158,0.09974747474747475
2019_7_20-100m_4,1582,158,0.09987357774968394
2016_1_20-100m_1,1578,158,0.10012674271229405
2020_9_20-100m_4,1577,158,0.10019023462270134
2016_8_500-1000m_7,1575,158,0.10031746031746032
2018_10_20-100m_9,1573,157,0.09980928162746344
2020_9_20-100m_7,1570,157,0.1
2019_7_0-20m_1,1569,157,0.10006373486297004
2015_11_0-20m_6,1564,156,0.09974424552429667
2017_4_20-100m_3,1564,156,0.09974424552429667
2021_8_500-1000m_1,1564,156,0.09974424552429667
2018_6_500-1000m_0,1562,156,0.0998719590268886
2016_5_500-1000m_3,1561,156,0.09993593850096093
2019_10_20-100m_5,1561,156,0.09993593850096093
2018_11_20-100m_1,1560,156,0.1
2017_11_500-1000m_6,1559,156,0.10006414368184734
2020_10_20-100m_3,1559,156,0.10006414368184734
2017_11_20-100m_5,1558,156,0.10012836970474968
2019_9_20-100m_5,1558,156,0.10012836970474968
2018_9_500-1000m_9,1557,156,0.1001926782273603
2015_12_20-100m_6,1555,156,0.10032154340836012
2016_9_20-100m_0,1555,156,0.10032154340836012
2017_9_20-100m_4,1555,156,0.10032154340836012
2020_10_500-1000m_4,1555,156,0.10032154340836012
2017_2_100-500m_7,1553,155,0.09980682549903412
2016_6_500-1000m_8,1552,155,0.09987113402061856
2015_11_>1000m_5,1551,155,0.09993552546744036
2018_10_20-100m_3,1549,155,0.1000645577792124
2016_6_20-100m_3,1548,155,0.10012919896640828
2017_1_20-100m_5,1548,155,0.10012919896640828
2017_11_0-20m_5,1548,155,0.10012919896640828
2021_10_20-100m_4,1546,155,0.10025873221216042
2018_11_500-1000m_1,1545,155,0.10032362459546926
2017_4_500-1000m_5,1542,154,0.09987029831387809
2015_11_20-100m_7,1538,154,0.10013003901170352
2017_10_500-1000m_1,1538,154,0.10013003901170352
2018_9_20-100m_1,1537,154,0.10019518542615485
2020_1_>1000m_0,1535,154,0.1003257328990228
2017_10_20-100m_5,1534,153,0.09973924380704041
2019_7_0-20m_2,1534,153,0.09973924380704041
2019_11_0-20m_9,1534,153,0.09973924380704041
2018_6_20-100m_4,1533,153,0.09980430528375733
2015_9_100-500m_0,1532,153,0.09986945169712794
2015_3_500-1000m_6,1531,153,0.0999346832135859
2021_2_>1000m_1,1531,153,0.0999346832135859
2021_6_500-1000m_8,1531,153,0.0999346832135859
2017_1_>1000m_9,1530,153,0.1
2019_8_20-100m_8,1530,153,0.1
2017_1_500-1000m_0,1528,153,0.10013089005235602
2020_4_>1000m_4,1527,153,0.10019646365422397
2019_1_500-1000m_7,1524,152,0.09973753280839895
2019_9_20-100m_6,1524,152,0.09973753280839895
2021_1_20-100m_5,1524,152,0.09973753280839895
2016_6_20-100m_5,1523,152,0.09980302035456336
2016_8_20-100m_1,1522,152,0.09986859395532194
2020_3_500-1000m_8,1521,152,0.09993425378040763
2016_7_0-20m_9,1520,152,0.1
2020_2_0-20m_9,1519,152,0.10006583278472679
2015_8_>1000m_1,1517,152,0.1001977587343441
2021_8_>1000m_2,1517,152,0.1001977587343441
2016_6_100-500m_9,1516,152,0.10026385224274406
2021_5_0-20m_8,1516,152,0.10026385224274406
2021_8_100-500m_2,1515,152,0.10033003300330033
2019_3_>1000m_4,1514,151,0.09973579920739763
2021_11_20-100m_7,1514,151,0.09973579920739763
2015_12_20-100m_4,1513,151,0.09980171844018507
2015_4_20-100m_2,1512,151,0.09986772486772487
2019_5_20-100m_5,1511,151,0.099933818663137
2017_9_20-100m_3,1510,151,0.1
2020_3_20-100m_7,1510,151,0.1
2020_8_20-100m_4,1510,151,0.1
2019_4_100-500m_1,1509,151,0.10006626905235255
2018_11_20-100m_8,1507,151,0.10019907100199071
2016_4_>1000m_9,1505,151,0.10033222591362126
2021_8_20-100m_4,1505,151,0.10033222591362126
2019_12_500-1000m_9,1504,150,0.09973404255319149
2018_5_>1000m_0,1502,150,0.09986684420772303
2017_8_20-100m_1,1501,150,0.09993337774816789
2018_5_>1000m_1,1500,150,0.1
2018_5_500-1000m_3,1497,150,0.10020040080160321
2018_7_500-1000m_7,1496,150,0.10026737967914438
2019_6_20-100m_4,1495,150,0.10033444816053512
2015_10_20-100m_4,1494,149,0.0997322623828648
2015_3_>1000m_7,1492,149,0.09986595174262734
2019_9_20-100m_3,1488,149,0.10013440860215053
2021_2_>1000m_3,1485,149,0.10033670033670034
2019_1_>1000m_8,1484,148,0.09973045822102426
2017_10_20-100m_3,1481,148,0.099932478055368
2017_12_500-1000m_0,1480,148,0.1
2019_9_20-100m_4,1478,148,0.10013531799729364
2021_9_>1000m_3,1478,148,0.10013531799729364
2017_11_>1000m_7,1477,148,0.1002031144211239
2016_2_100-500m_9,1476,148,0.1002710027100271
2018_6_500-1000m_1,1476,148,0.1002710027100271
2019_10_0-20m_2,1475,148,0.10033898305084746
2018_3_20-100m_2,1474,147,0.09972862957937585
2021_3_20-100m_4,1472,147,0.09986413043478261
2015_10_500-1000m_1,1470,147,0.1
2020_9_20-100m_6,1470,147,0.1
2021_1_500-1000m_1,1470,147,0.1
2021_4_20-100m_0,1470,147,0.1
2020_4_20-100m_9,1469,147,0.10006807351940095
2020_9_20-100m_5,1469,147,0.10006807351940095
2017_4_100-500m_6,1468,147,0.10013623978201634
2017_12_20-100m_6,1463,146,0.09979494190020506
2019_10_100-500m_2,1463,146,0.09979494190020506
2016_8_20-100m_7,1462,146,0.09986320109439124
2019_1_100-500m_7,1462,146,0.09986320109439124
2016_6_20-100m_8,1461,146,0.0999315537303217
2018_8_20-100m_6,1459,146,0.10006854009595613
2015_11_0-20m_3,1457,146,0.10020590253946465
2018_3_0-20m_1,1457,146,0.10020590253946465
2018_9_500-1000m_1,1457,146,0.10020590253946465
2018_2_0-20m_1,1456,146,0.10027472527472528
2015_9_>1000m_0,1454,145,0.09972489683631362
2020_1_500-1000m_9,1453,145,0.09979353062629043
2021_9_500-1000m_1,1453,145,0.09979353062629043
2020_3_20-100m_9,1451,145,0.09993108201240523
2017_6_20-100m_6,1450,145,0.1
2020_11_20-100m_4,1448,145,0.10013812154696132
2017_5_20-100m_0,1446,145,0.10027662517289074
2015_4_>1000m_0,1445,145,0.10034602076124567
2020_4_100-500m_1,1445,145,0.10034602076124567
2021_1_20-100m_1,1443,144,0.0997920997920998
2019_10_500-1000m_5,1442,144,0.09986130374479889
2015_2_500-1000m_7,1441,144,0.09993060374739764
2018_5_500-1000m_0,1440,144,0.1
2020_2_20-100m_9,1440,144,0.1
2021_5_20-100m_7,1439,144,0.10006949270326616
2017_6_20-100m_7,1438,144,0.10013908205841446
2020_4_20-100m_3,1438,144,0.10013908205841446
2018_5_20-100m_5,1432,143,0.09986033519553073
2021_3_100-500m_3,1431,143,0.09993011879804332
2017_11_500-1000m_0,1430,143,0.1
2016_11_0-20m_4,1429,143,0.1000699790062981
2020_12_100-500m_2,1429,143,0.1000699790062981
2020_10_20-100m_6,1428,143,0.10014005602240897
2021_9_0-20m_3,1428,143,0.10014005602240897
2019_8_20-100m_7,1426,143,0.1002805049088359
2015_9_20-100m_6,1424,142,0.0997191011235955
2019_6_500-1000m_9,1423,142,0.09978917779339423
2016_7_20-100m_8,1422,142,0.09985935302390998
2016_10_>1000m_0,1420,142,0.1
2019_8_20-100m_5,1420,142,0.1
2020_6_20-100m_4,1420,142,0.1
2021_5_100-500m_8,1419,142,0.10007047216349542
2016_2_20-100m_1,1418,142,0.1001410437235543
2016_3_>1000m_8,1415,142,0.10035335689045936
2017_3_100-500m_5,1414,141,0.09971711456859972
2020_6_0-20m_7,1413,141,0.09978768577494693
2021_9_500-1000m_4,1413,141,0.09978768577494693
2016_4_20-100m_8,1411,141,0.09992912827781715
2016_2_20-100m_8,1410,141,0.1
2016_10_100-500m_0,1406,141,0.10028449502133713
2017_9_20-100m_9,1406,141,0.10028449502133713
2016_6_500-1000m_9,1405,141,0.100355871886121
2016_6_20-100m_2,1403,140,0.09978617248752673
2015_1_20-100m_7,1396,140,0.10028653295128939
2021_4_20-100m_4,1396,140,0.10028653295128939
2016_4_20-100m_7,1395,140,0.1003584229390681
2019_9_500-1000m_3,1395,140,0.1003584229390681
2015_7_>1000m_8,1391,139,0.09992810927390366
2018_10_20-100m_1,1391,139,0.09992810927390366
2017_9_20-100m_6,1389,139,0.10007199424046076
2016_4_500-1000m_9,1388,139,0.10014409221902017
2015_11_0-20m_5,1387,139,0.10021629416005767
2018_5_20-100m_0,1386,139,0.10028860028860029
2021_6_>1000m_9,1386,139,0.10028860028860029
2016_2_0-20m_8,1378,138,0.10014513788098693
2017_10_20-100m_7,1376,138,0.1002906976744186
2019_7_20-100m_0,1375,138,0.10036363636363636
2020_3_20-100m_8,1372,137,0.09985422740524781
2021_6_20-100m_7,1370,137,0.1
2021_12_>1000m_8,1370,137,0.1
2019_11_0-20m_0,1369,137,0.10007304601899196
2020_10_20-100m_4,1368,137,0.10014619883040936
2021_4_20-100m_3,1364,136,0.09970674486803519
2016_5_20-100m_9,1361,136,0.09992652461425422
2019_2_0-20m_9,1359,136,0.10007358351729213
2018_10_20-100m_2,1357,136,0.10022107590272661
2017_10_20-100m_4,1354,135,0.09970457902511078
2015_6_20-100m_7,1353,135,0.09977827050997783
2020_10_20-100m_5,1353,135,0.09977827050997783
2020_7_20-100m_8,1351,135,0.0999259807549963
2017_4_20-100m_4,1349,135,0.10007412898443291
2016_6_20-100m_4,1348,135,0.10014836795252226
2018_6_20-100m_3,1348,135,0.10014836795252226
2021_4_20-100m_2,1347,135,0.10022271714922049
2019_7_20-100m_3,1346,135,0.10029717682020803
2018_2_100-500m_1,1345,135,0.10037174721189591
2021_10_0-20m_2,1343,134,0.09977661950856292
2021_3_>1000m_2,1342,134,0.09985096870342772
2021_10_100-500m_2,1342,134,0.09985096870342772
2017_10_500-1000m_3,1341,134,0.09992542878448919
2016_7_100-500m_9,1339,134,0.10007468259895444
2017_10_>1000m_0,1336,134,0.10029940119760479
2019_10_20-100m_4,1333,133,0.09977494373593399
2015_11_100-500m_5,1330,133,0.1
2015_10_20-100m_2,1322,132,0.09984871406959153
2016_11_500-1000m_5,1320,132,0.1
2015_12_100-500m_0,1319,132,0.10007581501137225
2016_12_20-100m_6,1312,131,0.09984756097560976
2020_6_20-100m_9,1312,131,0.09984756097560976
2016_3_0-20m_7,1309,131,0.10007639419404125
2016_10_500-1000m_2,1309,131,0.10007639419404125
2018_3_500-1000m_2,1309,131,0.10007639419404125
2019_12_500-1000m_0,1309,131,0.10007639419404125
2021_8_20-100m_2,1308,131,0.10015290519877676
2017_3_0-20m_4,1305,131,0.10038314176245211
2021_10_500-1000m_3,1305,131,0.10038314176245211
2016_11_500-1000m_6,1304,130,0.09969325153374232
2015_8_20-100m_6,1303,130,0.0997697620874904
2016_4_500-1000m_7,1296,130,0.10030864197530864
2020_8_20-100m_8,1296,130,0.10030864197530864
2019_5_20-100m_2,1294,129,0.09969088098918083
2018_1_0-20m_8,1293,129,0.09976798143851508
2015_12_20-100m_5,1292,129,0.0998452012383901
2015_5_500-1000m_8,1291,129,0.09992254066615028
2018_12_0-20m_6,1289,129,0.10007757951900698
2021_4_500-1000m_2,1286,129,0.10031104199066875
2018_8_0-20m_8,1285,129,0.10038910505836576
2018_3_20-100m_8,1283,128,0.09976617303195635
2015_6_0-20m_8,1280,128,0.1
2018_2_20-100m_2,1280,128,0.1
2019_2_20-100m_3,1280,128,0.1
2020_12_500-1000m_4,1280,128,0.1
2021_8_500-1000m_4,1279,128,0.10007818608287725
2021_11_0-20m_8,1278,128,0.10015649452269171
2017_8_100-500m_0,1276,128,0.10031347962382445
2015_6_500-1000m_7,1274,127,0.09968602825745683
2018_5_0-20m_2,1274,127,0.09968602825745683
2017_4_0-20m_7,1273,127,0.0997643362136685
2018_1_20-100m_8,1273,127,0.0997643362136685
2019_10_500-1000m_4,1273,127,0.0997643362136685
2020_4_500-1000m_1,1273,127,0.0997643362136685
2015_7_20-100m_8,1271,127,0.0999213217938631
2019_6_20-100m_7,1270,127,0.1
2017_5_0-20m_8,1269,127,0.10007880220646179
2017_7_500-1000m_9,1267,127,0.10023677979479084
2019_11_20-100m_9,1263,126,0.0997624703087886
2021_9_20-100m_4,1263,126,0.0997624703087886
2016_10_0-20m_0,1262,126,0.09984152139461172
2015_6_20-100m_6,1261,126,0.0999206978588422
2018_6_20-100m_0,1261,126,0.0999206978588422
2019_8_20-100m_4,1261,126,0.0999206978588422
2021_4_20-100m_1,1261,126,0.0999206978588422
2015_10_500-1000m_2,1260,126,0.1
2015_11_100-500m_4,1260,126,0.1
2016_12_0-20m_6,1258,126,0.10015898251192369
2018_5_0-20m_3,1258,126,0.10015898251192369
2021_2_500-1000m_4,1257,126,0.10023866348448687
2018_7_20-100m_6,1256,126,0.10031847133757962
2015_8_20-100m_7,1255,126,0.100398406374502
2019_4_20-100m_2,1254,125,0.09968102073365231
2017_3_20-100m_4,1251,125,0.09992006394884093
2020_6_20-100m_8,1251,125,0.09992006394884093
2021_8_500-1000m_3,1250,125,0.1
2021_2_20-100m_3,1249,125,0.100080064051241
2019_7_20-100m_1,1247,125,0.10024057738572574
2020_8_20-100m_5,1247,125,0.10024057738572574
2015_2_0-20m_5,1246,125,0.10032102728731943
2017_4_20-100m_7,1246,125,0.10032102728731943
2017_10_20-100m_2,1245,125,0.10040160642570281
2016_1_20-100m_0,1244,124,0.09967845659163987
2021_2_20-100m_1,1244,124,0.09967845659163987
2018_12_20-100m_6,1243,124,0.0997586484312148
2020_3_500-1000m_7,1243,124,0.0997586484312148
2019_10_20-100m_3,1241,124,0.0999194198227236
2017_4_0-20m_8,1240,124,0.1
2019_2_>1000m_2,1240,124,0.1
2021_8_20-100m_1,1236,124,0.10032362459546926
2017_4_500-1000m_6,1235,124,0.10040485829959514
2021_8_20-100m_0,1234,123,0.09967585089141005
2017_4_0-20m_6,1233,123,0.09975669099756691
2018_6_20-100m_1,1233,123,0.09975669099756691
2020_12_20-100m_4,1233,123,0.09975669099756691
2020_11_20-100m_1,1232,123,0.09983766233766234
2017_6_20-100m_5,1227,123,0.10024449877750612
2015_5_20-100m_0,1226,123,0.100326264274062
2015_7_20-100m_6,1226,123,0.100326264274062
2018_9_>1000m_9,1226,123,0.100326264274062
2016_4_100-500m_9,1225,123,0.10040816326530612
2015_11_100-500m_3,1224,122,0.09967320261437909
2016_11_20-100m_4,1223,122,0.09975470155355683
2016_2_100-500m_0,1222,122,0.09983633387888707
2015_8_20-100m_5,1221,122,0.09991809991809991
2018_9_0-20m_9,1221,122,0.09991809991809991
2021_9_0-20m_1,1221,122,0.09991809991809991
2017_1_0-20m_6,1219,122,0.10008203445447088
2015_11_0-20m_4,1214,121,0.09967051070840198
2018_5_500-1000m_1,1210,121,0.1
2018_8_500-1000m_8,1210,121,0.1
2016_7_500-1000m_8,1206,121,0.10033167495854063
2015_7_500-1000m_7,1199,120,0.10008340283569642
2021_2_>1000m_2,1199,120,0.10008340283569642
2021_6_20-100m_9,1196,120,0.10033444816053512
2019_5_20-100m_3,1195,120,0.100418410041841
2021_2_20-100m_4,1195,120,0.100418410041841
2018_4_0-20m_0,1194,119,0.09966499162479062
2018_7_20-100m_8,1194,119,0.09966499162479062
2019_5_20-100m_1,1194,119,0.09966499162479062
2018_6_20-100m_2,1187,119,0.10025273799494525
2018_8_20-100m_7,1186,119,0.10033726812816189
2020_12_20-100m_3,1185,119,0.10042194092827005
2017_5_500-1000m_0,1184,118,0.09966216216216216
2020_2_0-20m_1,1184,118,0.09966216216216216
2015_6_100-500m_9,1183,118,0.09974640743871513
2019_6_0-20m_8,1183,118,0.09974640743871513
2019_5_20-100m_4,1180,118,0.1
2021_2_20-100m_2,1177,118,0.10025488530161428
2019_1_100-500m_8,1175,118,0.10042553191489362
2020_11_20-100m_2,1174,117,0.09965928449744463
2015_2_20-100m_5,1173,117,0.09974424552429667
2020_4_>1000m_2,1172,117,0.09982935153583618
2019_2_20-100m_9,1171,117,0.09991460290350128
2018_7_20-100m_7,1164,116,0.09965635738831616
2021_11_20-100m_8,1164,116,0.09965635738831616
2020_6_20-100m_5,1163,116,0.0997420464316423
2016_10_0-20m_1,1162,116,0.09982788296041308
2017_2_0-20m_6,1161,116,0.09991386735572783
2017_9_20-100m_5,1159,116,0.1000862812769629
2019_2_500-1000m_3,1158,116,0.1001727115716753
2018_4_20-100m_8,1156,116,0.10034602076124567
2018_5_20-100m_4,1151,115,0.0999131190269331
2015_4_500-1000m_0,1150,115,0.1
2021_3_>1000m_3,1149,115,0.10008703220191471
2015_9_20-100m_2,1147,115,0.1002615518744551
2015_9_100-500m_1,1146,115,0.10034904013961606
2021_7_20-100m_7,1143,114,0.09973753280839895
2018_1_500-1000m_9,1138,114,0.10017574692442882
2016_3_100-500m_8,1134,113,0.09964726631393298
2018_3_0-20m_8,1131,113,0.09991158267020336
2020_4_0-20m_1,1125,113,0.10044444444444445
2020_8_20-100m_6,1123,112,0.09973285841495994
2015_7_0-20m_7,1120,112,0.1
2015_5_20-100m_7,1116,112,0.1003584229390681
2020_6_20-100m_6,1115,112,0.10044843049327354
2015_11_0-20m_0,1113,111,0.09973045822102426
2015_6_500-1000m_9,1105,111,0.10045248868778281
2020_5_20-100m_1,1103,110,0.09972801450589303
2021_2_20-100m_0,1103,110,0.09972801450589303
2021_10_>1000m_3,1103,110,0.09972801450589303
2015_9_0-20m_0,1102,110,0.0998185117967332
2019_6_500-1000m_8,1102,110,0.0998185117967332
2020_1_20-100m_0,1102,110,0.0998185117967332
2020_11_20-100m_3,1101,110,0.09990917347865577
2018_3_>1000m_1,1096,110,0.10036496350364964
2020_3_100-500m_1,1096,110,0.10036496350364964
2015_3_20-100m_0,1093,109,0.09972552607502287
2015_9_20-100m_5,1093,109,0.09972552607502287
2015_9_500-1000m_2,1091,109,0.0999083409715857
2015_1_500-1000m_0,1085,109,0.10046082949308756
2018_5_500-1000m_2,1084,108,0.0996309963099631
2019_7_>1000m_0,1084,108,0.0996309963099631
2017_7_20-100m_9,1083,108,0.0997229916897507
2019_4_500-1000m_2,1082,108,0.09981515711645102
2021_11_0-20m_9,1081,108,0.09990749306197964
2015_5_0-20m_8,1079,108,0.10009267840593142
2020_10_500-1000m_2,1077,108,0.10027855153203342
2016_10_20-100m_2,1075,108,0.10046511627906977
2019_7_20-100m_2,1065,107,0.10046948356807511
2015_9_20-100m_4,1062,106,0.09981167608286252
2015_1_0-20m_7,1060,106,0.1
2019_1_20-100m_5,1059,106,0.10009442870632672
2021_8_500-1000m_2,1054,105,0.09962049335863378
2020_12_>1000m_1,1051,105,0.09990485252140818
2016_3_20-100m_7,1050,105,0.1
2017_1_500-1000m_9,1050,105,0.1
2020_8_20-100m_7,1046,105,0.10038240917782026
2018_1_>1000m_9,1039,104,0.10009624639076034
2017_5_100-500m_8,1037,104,0.10028929604628736
2016_8_20-100m_8,1032,103,0.0998062015503876
2021_2_500-1000m_3,1025,103,0.10048780487804879
2016_5_500-1000m_0,1022,102,0.09980430528375733
2020_2_20-100m_2,1022,102,0.09980430528375733
2020_4_20-100m_2,1021,102,0.09990205680705191
2021_10_20-100m_3,1021,102,0.09990205680705191
2019_10_500-1000m_3,1017,102,0.10029498525073746
2017_12_500-1000m_7,1016,102,0.10039370078740158
2015_9_20-100m_3,1014,101,0.09960552268244575
2021_12_100-500m_0,1013,101,0.09970384995064166
2019_12_20-100m_0,1012,101,0.09980237154150198
2015_3_20-100m_6,1011,101,0.09990108803165183
2017_4_0-20m_5,1009,101,0.10009910802775025
2018_5_20-100m_3,1008,101,0.1001984126984127
2021_12_500-1000m_0,1005,101,0.10049751243781095
2017_4_20-100m_6,1002,100,0.0998003992015968
2020_3_500-1000m_1,1002,100,0.0998003992015968
2018_5_20-100m_2,1000,100,0.1
2018_4_100-500m_0,998,100,0.10020040080160321
2018_7_>1000m_9,995,100,0.10050251256281408
2020_4_>1000m_3,995,100,0.10050251256281408
2021_9_500-1000m_3,994,99,0.09959758551307847
2019_11_100-500m_0,992,99,0.09979838709677419
2018_11_0-20m_0,984,98,0.09959349593495935
2015_3_0-20m_7,983,98,0.09969481180061038
2020_7_0-20m_9,981,98,0.0998980632008155
2016_2_0-20m_9,977,98,0.10030706243602866
2016_11_100-500m_7,977,98,0.10030706243602866
2015_9_500-1000m_0,976,98,0.10040983606557377
2018_3_100-500m_1,975,98,0.10051282051282051
2020_12_20-100m_2,974,97,0.09958932238193019
2017_2_20-100m_6,971,97,0.09989701338825953
2017_9_>1000m_0,969,97,0.1001031991744066
2016_3_0-20m_8,967,97,0.10031023784901758
2016_11_100-500m_8,962,96,0.0997920997920998
2020_12_>1000m_2,962,96,0.0997920997920998
2017_5_500-1000m_7,961,96,0.09989594172736732
2019_4_20-100m_1,961,96,0.09989594172736732
2021_10_0-20m_1,960,96,0.1
2021_2_500-1000m_1,958,96,0.10020876826722339
2019_3_100-500m_3,954,95,0.09958071278825996
2018_7_500-1000m_8,953,95,0.09968520461699895
2018_9_20-100m_9,949,95,0.10010537407797682
2019_3_20-100m_4,949,95,0.10010537407797682
2019_6_0-20m_9,949,95,0.10010537407797682
2019_2_500-1000m_1,947,95,0.1003167898627244
2018_2_500-1000m_1,945,95,0.10052910052910052
2019_1_0-20m_5,945,95,0.10052910052910052
2021_11_20-100m_9,945,95,0.10052910052910052
2020_12_0-20m_1,939,94,0.10010649627263046
2018_7_100-500m_9,938,94,0.10021321961620469
2015_11_100-500m_0,937,94,0.10032017075773746
2020_4_500-1000m_2,932,93,0.09978540772532189
2015_11_500-1000m_5,928,93,0.10021551724137931
2015_2_500-1000m_8,927,93,0.10032362459546926
2018_5_20-100m_1,926,93,0.10043196544276457
2020_12_500-1000m_3,922,92,0.09978308026030369
2017_1_20-100m_6,920,92,0.1
2015_11_20-100m_6,917,92,0.10032715376226826
2017_8_0-20m_0,915,92,0.1005464480874317
2020_4_>1000m_1,912,91,0.09978070175438597
2015_2_100-500m_7,911,91,0.09989023051591657
2020_4_100-500m_0,910,91,0.1
2017_11_>1000m_8,908,91,0.10022026431718062
2015_11_100-500m_2,907,91,0.10033076074972437
2016_1_0-20m_9,907,91,0.10033076074972437
2015_7_>1000m_9,906,91,0.10044150110375276
2017_4_>1000m_7,902,90,0.09977827050997783
2017_4_20-100m_8,900,90,0.1
2018_12_0-20m_7,897,90,0.10033444816053512
2015_4_20-100m_0,891,89,0.09988776655443322
2015_6_20-100m_9,890,89,0.1
2020_6_20-100m_7,888,89,0.10022522522522523
2021_9_20-100m_3,887,89,0.10033821871476889
2015_7_500-1000m_8,884,88,0.09954751131221719
2015_9_20-100m_1,884,88,0.09954751131221719
2017_6_0-20m_9,882,88,0.09977324263038549
2019_3_>1000m_3,882,88,0.09977324263038549
2021_3_500-1000m_3,880,88,0.1
2016_11_0-20m_5,879,88,0.10011376564277588
2016_2_20-100m_9,876,88,0.1004566210045662
2021_10_20-100m_2,876,88,0.1004566210045662
2017_1_0-20m_7,875,88,0.10057142857142858
2021_5_20-100m_8,875,88,0.10057142857142858
2016_7_20-100m_9,872,87,0.09977064220183486
2021_11_500-1000m_9,872,87,0.09977064220183486
2016_11_500-1000m_7,869,87,0.1001150747986191
2015_11_0-20m_2,867,87,0.10034602076124567
2019_2_500-1000m_2,867,87,0.10034602076124567
2019_10_>1000m_0,866,87,0.10046189376443418
2017_3_500-1000m_5,861,86,0.09988385598141696
2021_10_0-20m_0,861,86,0.09988385598141696
2016_6_20-100m_9,858,86,0.10023310023310024
2018_8_20-100m_8,856,86,0.10046728971962617
2019_3_0-20m_3,855,86,0.10058479532163743
2021_9_20-100m_2,851,85,0.099882491186839
2018_11_500-1000m_9,849,85,0.10011778563015312
2019_3_500-1000m_4,848,85,0.10023584905660378
2019_5_0-20m_0,848,85,0.10023584905660378
2018_12_20-100m_7,844,84,0.0995260663507109
2020_4_20-100m_1,843,84,0.099644128113879
2019_1_500-1000m_8,842,84,0.0997624703087886
2015_12_20-100m_0,841,84,0.09988109393579073
2016_7_500-1000m_9,841,84,0.09988109393579073
2018_4_0-20m_9,840,84,0.1
2016_2_500-1000m_0,838,84,0.10023866348448687
2019_10_100-500m_1,836,84,0.10047846889952153
2018_2_20-100m_9,832,83,0.09975961538461539
2018_8_500-1000m_9,832,83,0.09975961538461539
2015_6_20-100m_8,831,83,0.09987966305655836
2015_7_20-100m_7,830,83,0.1
2019_12_0-20m_9,830,83,0.1
2021_9_500-1000m_2,827,83,0.1003627569528416
2016_10_20-100m_0,826,83,0.10048426150121065
2020_4_500-1000m_3,825,83,0.1006060606060606
2015_11_20-100m_3,821,82,0.09987819732034105
2019_10_0-20m_1,820,82,0.1
2015_11_0-20m_1,819,82,0.10012210012210013
2019_2_20-100m_2,818,82,0.10024449877750612
2019_10_20-100m_2,816,82,0.10049019607843138
2016_1_20-100m_9,811,81,0.0998766954377312
2021_3_20-100m_3,810,81,0.1
2020_3_20-100m_1,805,81,0.10062111801242236
2016_11_20-100m_5,802,80,0.09975062344139651
2015_5_500-1000m_0,801,80,0.09987515605493133
2015_11_100-500m_1,797,80,0.10037641154328733
2018_12_100-500m_8,791,79,0.09987357774968394
2016_10_20-100m_1,789,79,0.10012674271229405
2015_7_100-500m_9,786,79,0.1005089058524173
2017_5_20-100m_8,785,79,0.10063694267515924
2017_8_20-100m_0,785,79,0.10063694267515924
2017_4_20-100m_5,783,78,0.09961685823754789
2015_5_>1000m_0,782,78,0.09974424552429667
2019_12_20-100m_1,780,78,0.1
2021_3_>1000m_1,780,78,0.1
2015_3_500-1000m_7,777,78,0.10038610038610038
2020_4_500-1000m_0,773,77,0.09961190168175937
2016_2_>1000m_9,772,77,0.09974093264248704
2018_2_0-20m_9,763,76,0.09960681520314547
2019_2_100-500m_1,763,76,0.09960681520314547
2021_12_100-500m_9,756,76,0.10052910052910052
2021_2_500-1000m_2,754,75,0.09946949602122016
2019_10_500-1000m_2,752,75,0.09973404255319149
2020_5_20-100m_0,752,75,0.09973404255319149
2017_6_20-100m_9,745,75,0.10067114093959731
2017_11_20-100m_6,730,73,0.1
2021_10_500-1000m_2,726,73,0.10055096418732783
2016_11_>1000m_7,723,72,0.0995850622406639
2015_11_20-100m_4,721,72,0.09986130374479889
2017_3_100-500m_6,717,72,0.100418410041841
2015_2_>1000m_8,716,72,0.1005586592178771
2016_12_0-20m_7,714,71,0.09943977591036414
2021_10_100-500m_1,713,71,0.09957924263674614
2021_3_0-20m_2,710,71,0.1
2015_4_>1000m_1,709,71,0.1001410437235543
2015_2_20-100m_6,706,71,0.10056657223796034
2016_11_0-20m_6,704,70,0.09943181818181818
2016_8_500-1000m_8,703,70,0.09957325746799431
2021_9_20-100m_1,701,70,0.09985734664764621
2018_12_500-1000m_8,699,70,0.10014306151645208
2015_9_20-100m_0,697,70,0.10043041606886657
2020_1_20-100m_9,693,69,0.09956709956709957
2018_8_100-500m_9,692,69,0.09971098265895954
2018_2_20-100m_1,691,69,0.09985528219971057
2015_11_20-100m_0,690,69,0.1
2021_12_20-100m_0,690,69,0.1
2016_12_100-500m_8,684,68,0.09941520467836257
2017_1_0-20m_8,684,68,0.09941520467836257
2016_12_20-100m_7,680,68,0.1
2019_1_0-20m_6,678,68,0.10029498525073746
2019_6_20-100m_8,674,67,0.09940652818991098
2015_2_0-20m_6,673,67,0.09955423476968796
2019_5_20-100m_0,673,67,0.09955423476968796
2020_12_>1000m_0,673,67,0.09955423476968796
2017_1_20-100m_7,671,67,0.09985096870342772
2017_3_20-100m_5,669,67,0.10014947683109118
2018_4_500-1000m_9,665,67,0.10075187969924812
2019_2_0-20m_1,655,66,0.10076335877862595
2020_1_0-20m_9,654,65,0.09938837920489296
2020_4_>1000m_0,650,65,0.1
2016_11_500-1000m_8,649,65,0.10015408320493066
2019_2_>1000m_1,649,65,0.10015408320493066
2016_11_>1000m_8,646,65,0.10061919504643962
2018_2_>1000m_1,643,64,0.09953343701399689
2016_9_500-1000m_0,640,64,0.1
2019_10_20-100m_1,640,64,0.1
2017_1_20-100m_9,639,64,0.10015649452269171
2018_12_>1000m_9,638,64,0.10031347962382445
2019_12_100-500m_1,635,64,0.10078740157480315
2015_11_>1000m_4,634,63,0.09936908517350158
2018_4_20-100m_9,624,62,0.09935897435897435
2019_1_20-100m_6,618,62,0.10032362459546926
2019_6_20-100m_9,617,62,0.10048622366288493
2015_3_100-500m_7,616,62,0.10064935064935066
2016_10_500-1000m_0,615,62,0.1008130081300813
2018_8_>1000m_9,615,62,0.1008130081300813
2017_3_>1000m_6,613,61,0.09951060358890701
2019_1_0-20m_7,613,61,0.09951060358890701
2019_12_20-100m_9,613,61,0.09951060358890701
2015_5_20-100m_8,610,61,0.1
2015_11_20-100m_5,608,61,0.10032894736842106
2015_11_>1000m_2,604,60,0.09933774834437085
2017_3_0-20m_5,602,60,0.09966777408637874
2015_11_>1000m_1,594,59,0.09932659932659933
2021_4_500-1000m_1,588,59,0.10034013605442177
2021_5_500-1000m_8,587,59,0.10051107325383304
2018_4_20-100m_0,585,59,0.10085470085470086
2019_10_500-1000m_1,585,59,0.10085470085470086
2021_3_100-500m_2,584,58,0.09931506849315068
2019_12_500-1000m_2,581,58,0.09982788296041308
2015_9_>1000m_1,575,58,0.10086956521739131
2017_1_0-20m_9,575,58,0.10086956521739131
2016_11_20-100m_6,574,57,0.09930313588850175
2017_2_500-1000m_8,573,57,0.09947643979057591
2019_12_>1000m_9,570,57,0.1
2015_5_0-20m_9,569,57,0.10017574692442882
2016_3_20-100m_8,567,57,0.10052910052910052
2018_12_20-100m_8,566,57,0.10070671378091872
2021_12_0-20m_8,565,57,0.10088495575221239
2021_12_20-100m_8,560,56,0.1
2020_7_20-100m_9,559,56,0.1001788908765653
2015_3_>1000m_8,556,56,0.10071942446043165
2017_1_20-100m_8,554,55,0.09927797833935018
2015_1_20-100m_8,550,55,0.1
2019_3_100-500m_2,550,55,0.1
2018_3_0-20m_0,543,54,0.09944751381215469
2018_7_0-20m_9,543,54,0.09944751381215469
2016_2_20-100m_0,542,54,0.0996309963099631
2021_10_>1000m_2,539,54,0.10018552875695733
2016_4_20-100m_9,537,54,0.1005586592178771
2017_4_500-1000m_7,537,54,0.1005586592178771
2017_12_>1000m_8,535,54,0.10093457943925234
2016_10_500-1000m_1,534,53,0.09925093632958802
2015_2_100-500m_8,532,53,0.09962406015037593
2018_11_500-1000m_0,531,53,0.09981167608286252
2020_2_100-500m_1,528,53,0.10037878787878787
2021_12_500-1000m_9,528,53,0.10037878787878787
2019_11_500-1000m_0,526,53,0.10076045627376426
2020_12_500-1000m_2,524,52,0.09923664122137404
2019_3_0-20m_2,522,52,0.09961685823754789
2020_3_>1000m_0,521,52,0.09980806142034548
2017_2_0-20m_7,517,52,0.10058027079303675
2016_4_0-20m_9,514,51,0.09922178988326848
2017_8_>1000m_0,514,51,0.09922178988326848
2017_11_0-20m_6,514,51,0.09922178988326848
2019_11_20-100m_0,514,51,0.09922178988326848
2019_4_>1000m_2,512,51,0.099609375
2018_3_20-100m_1,510,51,0.1
2015_11_500-1000m_1,508,51,0.10039370078740158
2017_11_100-500m_7,507,51,0.10059171597633136
2015_11_>1000m_0,504,50,0.0992063492063492
2016_10_>1000m_1,500,50,0.1
2015_11_500-1000m_0,495,50,0.10101010101010101
2015_12_500-1000m_0,494,49,0.09919028340080972
2015_5_>1000m_9,491,49,0.09979633401221996
2019_3_20-100m_3,489,49,0.10020449897750511
2019_1_20-100m_7,488,49,0.10040983606557377
2018_1_0-20m_9,487,49,0.10061601642710473
2019_1_20-100m_8,481,48,0.0997920997920998
2020_2_500-1000m_2,478,48,0.100418410041841
2021_10_20-100m_1,477,48,0.10062893081761007
2018_1_20-100m_9,464,46,0.09913793103448276
2019_12_500-1000m_1,462,46,0.09956709956709957
2017_3_500-1000m_6,461,46,0.09978308026030369
2017_12_20-100m_7,457,46,0.10065645514223195
2017_2_20-100m_7,456,46,0.10087719298245613
2017_8_500-1000m_0,456,46,0.10087719298245613
2017_12_100-500m_8,455,46,0.1010989010989011
2017_4_500-1000m_8,448,45,0.10044642857142858
2015_1_500-1000m_9,444,44,0.0990990990990991
2018_12_0-20m_8,436,44,0.10091743119266056
2015_3_20-100m_7,430,43,0.1
2017_11_500-1000m_7,429,43,0.10023310023310024
2017_2_100-500m_8,426,43,0.10093896713615023
2018_8_0-20m_9,423,42,0.09929078014184398
2015_11_500-1000m_4,421,42,0.0997624703087886
2015_7_0-20m_9,420,42,0.1
2015_5_100-500m_9,419,42,0.10023866348448687
2017_11_>1000m_9,417,42,0.10071942446043165
2017_12_0-20m_7,416,42,0.10096153846153846
2021_3_20-100m_2,411,41,0.09975669099756691
2015_11_20-100m_1,406,41,0.10098522167487685
2018_7_20-100m_9,406,41,0.10098522167487685
2018_11_20-100m_9,406,41,0.10098522167487685
2020_3_100-500m_0,404,40,0.09900990099009901
2019_1_0-20m_8,400,40,0.1
2017_2_>1000m_0,396,40,0.10101010101010101
2020_12_20-100m_1,395,40,0.10126582278481013
2020_2_20-100m_1,386,39,0.10103626943005181
2021_5_0-20m_9,384,38,0.09895833333333333
2015_7_500-1000m_9,379,38,0.10026385224274406
2019_10_100-500m_0,379,38,0.10026385224274406
2015_11_500-1000m_2,378,38,0.10052910052910052
2019_10_0-20m_0,378,38,0.10052910052910052
2015_11_20-100m_2,377,38,0.10079575596816977
2018_11_100-500m_0,376,38,0.10106382978723404
2015_7_20-100m_9,373,37,0.09919571045576407
2015_1_0-20m_8,369,37,0.1002710027100271
2015_2_0-20m_7,365,37,0.10136986301369863
2016_11_0-20m_7,363,36,0.09917355371900827
2021_3_0-20m_1,363,36,0.09917355371900827
2016_3_500-1000m_8,352,35,0.09943181818181818
2017_5_500-1000m_8,350,35,0.1
2015_2_20-100m_7,349,35,0.10028653295128939
2017_5_>1000m_9,346,35,0.10115606936416185
2016_12_>1000m_8,340,34,0.1
2020_4_0-20m_0,340,34,0.1
2018_11_0-20m_9,337,34,0.10089020771513353
2017_12_500-1000m_8,335,34,0.10149253731343283
2016_2_>1000m_0,329,33,0.10030395136778116
2020_12_500-1000m_1,324,32,0.09876543209876543
2018_3_>1000m_0,322,32,0.09937888198757763
2018_3_500-1000m_1,320,32,0.1
2016_12_0-20m_8,317,32,0.10094637223974763
2019_10_20-100m_0,317,32,0.10094637223974763
2020_2_0-20m_0,311,31,0.09967845659163987
2016_3_100-500m_9,305,31,0.10163934426229508
2015_5_20-100m_9,304,30,0.09868421052631579
2016_11_0-20m_8,301,30,0.09966777408637874
2015_5_500-1000m_9,300,30,0.1
2016_11_20-100m_7,300,30,0.1
2018_11_20-100m_0,297,30,0.10101010101010101
2015_3_0-20m_8,296,30,0.10135135135135136
2019_11_>1000m_0,296,30,0.10135135135135136
2017_2_100-500m_9,294,29,0.09863945578231292
2021_10_500-1000m_1,292,29,0.09931506849315068
2020_12_0-20m_0,281,28,0.099644128113879
2015_11_500-1000m_3,280,28,0.1
2019_10_500-1000m_0,279,28,0.1003584229390681
2018_8_20-100m_9,278,28,0.10071942446043165
2017_3_100-500m_7,274,27,0.09854014598540146
2017_2_20-100m_8,270,27,0.1
2016_11_20-100m_8,269,27,0.10037174721189591
2015_3_100-500m_8,264,26,0.09848484848484848
2016_12_500-1000m_8,262,26,0.09923664122137404
2018_7_500-1000m_9,257,26,0.10116731517509728
2020_4_20-100m_0,257,26,0.10116731517509728
2021_10_20-100m_0,250,25,0.1
2018_3_20-100m_9,245,25,0.10204081632653061
2019_12_>1000m_0,245,25,0.10204081632653061
2015_11_>1000m_3,244,24,0.09836065573770492
2020_2_>1000m_2,244,24,0.09836065573770492
2019_3_20-100m_2,243,24,0.09876543209876543
2020_12_100-500m_1,243,24,0.09876543209876543
2019_3_>1000m_2,242,24,0.09917355371900827
2017_2_0-20m_8,232,23,0.09913793103448276
2019_2_20-100m_1,232,23,0.09913793103448276
2015_9_500-1000m_1,225,23,0.10222222222222223
2016_3_>1000m_9,222,22,0.0990990990990991
2016_12_20-100m_8,218,22,0.10091743119266056
2018_3_20-100m_0,215,22,0.10232558139534884
2017_3_0-20m_6,214,21,0.09813084112149532
2015_2_100-500m_9,207,21,0.10144927536231885
2017_3_20-100m_6,198,20,0.10101010101010101
2018_3_100-500m_0,196,20,0.10204081632653061
2018_2_0-20m_0,195,20,0.10256410256410256
2016_12_0-20m_9,191,19,0.09947643979057591
2019_2_0-20m_0,191,19,0.09947643979057591
2015_2_500-1000m_9,188,19,0.10106382978723404
2020_3_500-1000m_0,187,19,0.10160427807486631
2019_3_500-1000m_3,175,18,0.10285714285714286
2016_3_20-100m_9,173,17,0.09826589595375723
2018_2_100-500m_0,173,17,0.09826589595375723
2021_3_20-100m_1,173,17,0.09826589595375723
2020_3_0-20m_0,169,17,0.10059171597633136
2020_12_20-100m_0,162,16,0.09876543209876543
2015_3_0-20m_9,161,16,0.09937888198757763
2015_2_0-20m_8,160,16,0.1
2018_3_0-20m_9,160,16,0.1
2019_3_100-500m_1,159,16,0.10062893081761007
2015_1_100-500m_9,158,16,0.10126582278481013
2017_12_20-100m_8,156,16,0.10256410256410256
2015_3_500-1000m_8,152,15,0.09868421052631579
2016_3_0-20m_9,151,15,0.09933774834437085
2016_12_100-500m_9,144,14,0.09722222222222222
2017_3_100-500m_8,144,14,0.09722222222222222
2017_3_500-1000m_7,142,14,0.09859154929577464
2016_2_500-1000m_9,140,14,0.1
2019_4_0-20m_0,140,14,0.1
2015_2_20-100m_8,138,14,0.10144927536231885
2017_11_20-100m_7,136,14,0.10294117647058823
2021_3_500-1000m_2,136,14,0.10294117647058823
2020_12_100-500m_0,134,13,0.09701492537313433
2019_1_100-500m_9,129,13,0.10077519379844961
2021_3_100-500m_1,129,13,0.10077519379844961
2019_3_500-1000m_2,128,13,0.1015625
2017_2_20-100m_9,125,13,0.104
2018_12_20-100m_9,125,13,0.104
2021_3_500-1000m_1,125,13,0.104
2020_12_500-1000m_0,124,12,0.0967741935483871
2017_11_0-20m_7,121,12,0.09917355371900827
2021_3_0-20m_0,121,12,0.09917355371900827
2019_3_500-1000m_1,116,12,0.10344827586206896
2017_12_0-20m_8,104,10,0.09615384615384616
2019_4_500-1000m_1,103,10,0.0970873786407767
2021_5_20-100m_9,102,10,0.09803921568627451
2021_10_100-500m_0,102,10,0.09803921568627451
2021_5_500-1000m_9,101,10,0.09900990099009901
2019_3_0-20m_1,99,10,0.10101010101010101
2017_5_0-20m_9,95,10,0.10526315789473684
2021_12_0-20m_9,95,10,0.10526315789473684
2017_2_0-20m_9,94,9,0.09574468085106383
2015_1_20-100m_9,91,9,0.0989010989010989
2019_4_100-500m_0,91,9,0.0989010989010989
2016_12_20-100m_9,90,9,0.1
2018_12_0-20m_9,89,9,0.10112359550561797
2016_11_100-500m_9,87,9,0.10344827586206896
2017_12_>1000m_9,86,9,0.10465116279069768
2019_4_20-100m_0,86,9,0.10465116279069768
2021_10_>1000m_1,86,9,0.10465116279069768
2017_4_500-1000m_9,85,9,0.10588235294117647
2015_3_20-100m_8,83,8,0.0963855421686747
2016_11_0-20m_9,82,8,0.0975609756097561
2018_2_20-100m_0,80,8,0.1
2020_3_20-100m_0,80,8,0.1
2021_5_>1000m_9,80,8,0.1
2019_3_20-100m_1,79,8,0.10126582278481013
2018_12_100-500m_9,75,8,0.10666666666666667
2021_10_500-1000m_0,75,8,0.10666666666666667
2021_5_100-500m_9,72,7,0.09722222222222222
2016_11_20-100m_9,68,7,0.10294117647058823
2017_3_>1000m_7,67,7,0.1044776119402985
2019_4_>1000m_1,66,7,0.10606060606060606
2020_2_500-1000m_1,66,7,0.10606060606060606
2021_12_20-100m_9,66,7,0.10606060606060606
2017_3_500-1000m_8,65,7,0.1076923076923077
2017_5_20-100m_9,62,6,0.0967741935483871
2019_3_0-20m_0,61,6,0.09836065573770492
2015_3_20-100m_9,58,6,0.10344827586206896
2019_1_20-100m_9,55,6,0.10909090909090909
2019_1_500-1000m_9,54,5,0.09259259259259259
2019_2_>1000m_0,52,5,0.09615384615384616
2021_3_>1000m_0,50,5,0.1
2017_5_100-500m_9,49,5,0.10204081632653061
2015_1_0-20m_9,46,5,0.10869565217391304
2017_5_500-1000m_9,46,5,0.10869565217391304
2017_11_500-1000m_8,46,5,0.10869565217391304
2019_1_0-20m_9,45,5,0.1111111111111111
2017_4_>1000m_8,44,4,0.09090909090909091
2017_11_500-1000m_9,44,4,0.09090909090909091
2018_12_500-1000m_9,39,4,0.10256410256410256
2021_3_20-100m_0,39,4,0.10256410256410256
2017_3_20-100m_7,38,4,0.10526315789473684
2015_3_100-500m_9,37,4,0.10810810810810811
2021_12_>1000m_9,37,4,0.10810810810810811
2018_2_>1000m_0,36,4,0.1111111111111111
2019_2_100-500m_0,34,3,0.08823529411764706
2018_2_500-1000m_0,30,3,0.1
2019_3_>1000m_1,30,3,0.1
2015_2_>1000m_9,27,3,0.1111111111111111
2016_11_500-1000m_9,27,3,0.1111111111111111
2016_12_>1000m_9,26,3,0.11538461538461539
2020_2_100-500m_0,26,3,0.11538461538461539
2017_2_500-1000m_9,25,3,0.12
2017_3_0-20m_7,25,3,0.12
2015_3_>1000m_9,21,2,0.09523809523809523
2019_2_500-1000m_0,20,2,0.1
2019_1_>1000m_9,18,2,0.1111111111111111
2016_12_500-1000m_9,17,2,0.11764705882352941
2019_3_20-100m_0,15,2,0.13333333333333333
2017_11_100-500m_8,14,1,0.07142857142857142
2020_2_20-100m_0,14,1,0.07142857142857142
2017_12_100-500m_9,13,1,0.07692307692307693
2015_2_20-100m_9,11,1,0.09090909090909091
2017_11_20-100m_8,11,1,0.09090909090909091
2018_3_500-1000m_0,11,1,0.09090909090909091
2021_3_500-1000m_0,11,1,0.09090909090909091
2017_2_>1000m_9,9,1,0.1111111111111111
2019_3_100-500m_0,9,1,0.1111111111111111
2016_3_500-1000m_9,8,1,0.125
2017_12_500-1000m_9,8,1,0.125
2019_2_20-100m_0,7,1,0.14285714285714285
2017_11_0-20m_8,4,0,0.0
2020_2_>1000m_1,4,0,0.0
2015_2_0-20m_9,3,0,0.0
2017_12_20-100m_9,3,0,0.0
2019_3_500-1000m_0,3,0,0.0
2016_11_>1000m_9,2,0,0.0
2017_4_>1000m_9,1,0,0.0
2019_4_>1000m_0,1,0,0.0
2021_3_100-500m_0,1,0,0.0
