cell_id,N_days,RMSE_BASE,RMSE_SPATIAL,Delta_RMSE_cell,Improved
1,365,0.35729000389594523,0.35636840408654424,-0.0009215998094009858,True
2,365,0.3516819539050594,0.34967852286917,-0.0020034310358894025,True
3,365,0.3419820665292128,0.3423703097265559,0.00038824319734309665,False
4,365,0.3387777776695897,0.33843868107470754,-0.00033909659488218225,True
5,365,0.336949664460103,0.3370079020414219,5.8237581318898446e-05,False
6,365,0.3357384002986787,0.336254380722297,0.0005159804236183341,False
7,365,0.33476640930440005,0.33501928727652525,0.00025287797212519836,False
8,365,0.33346382085492315,0.33434518208755465,0.0008813612326314946,False
9,365,0.3320573011164015,0.33337721933113174,0.001319918214730209,False
10,365,0.330534692592533,0.3317742418905575,0.0012395492980245004,False
11,365,0.32942797041259664,0.3305605235625822,0.0011325531499855601,False
12,365,0.3285565603654342,0.32958471223580504,0.0010281518703708636,False
13,365,0.32857311394396943,0.32934544296763374,0.0007723290236643088,False
14,365,0.32844517618096053,0.329159004337525,0.0007138281565644555,False
15,365,0.3281040071402303,0.3289895928412293,0.0008855857009990031,False
16,365,0.32860234144572914,0.32960643585261756,0.0010040944068884228,False
17,365,0.3297061178184463,0.33075575709144134,0.001049639272995062,False
18,365,0.331140141443704,0.33195550840064886,0.0008153669569448407,False
19,365,0.33241474220163175,0.33329533444817955,0.0008805922465477956,False
20,365,0.33293482184689066,0.33379454544055176,0.0008597235936610992,False
21,365,0.33350602410250324,0.33417944760428225,0.0006734235017790136,False
22,365,0.3337892888371396,0.33414882381388605,0.0003595349767464562,False
23,365,0.33387716703093695,0.3338957886581088,1.862162717186644e-05,False
24,365,0.3337812419441707,0.3336798188360953,-0.00010142310807537136,True
25,365,0.33493575732729325,0.33466015314883585,-0.00027560417845740037,True
26,365,0.3369430750642313,0.33635461771582237,-0.000588457348408955,True
27,365,0.33922498650706495,0.3384848204594261,-0.0007401660476388794,True
28,365,0.3412343546141901,0.3404867075245492,-0.0007476470896409237,True
29,365,0.34389857852530537,0.34303487822323747,-0.0008637003020678935,True
30,365,0.34656213191075635,0.3456895362209173,-0.0008725956898390508,True
31,365,0.3495370694197405,0.3484017062940049,-0.001135363125735589,True
32,365,0.35210918730364077,0.35087306981019584,-0.0012361174934449326,True
33,365,0.35345198126890703,0.35265449895326856,-0.0007974823156384758,True
34,365,0.3540798553024549,0.35392589893489623,-0.00015395636755866082,True
35,365,0.35420694776610384,0.3540495323506685,-0.00015741541543534687,True
36,365,0.3546490072797679,0.3541302054467315,-0.0005188018330363753,True
37,365,0.35451892089925713,0.3538679190587168,-0.0006510018405403439,True
38,365,0.3536640508994236,0.3531764073213762,-0.0004876435780474253,True
39,365,0.3533848684030701,0.35281742550340345,-0.0005674428996666481,True
40,365,0.3539198361245814,0.35319194412338156,-0.0007278920011998258,True
41,365,0.3546962938604972,0.3539735557436703,-0.0007227381168269376,True
42,365,0.3561578087561305,0.35503115285598935,-0.0011266559001411602,True
43,365,0.3573828086973943,0.3560724058361939,-0.0013104028612004326,True
44,365,0.3576265176569534,0.35666361355514636,-0.0009629041018070494,True
45,365,0.35640515663016054,0.35520352959764,-0.0012016270325205247,True
46,365,0.3543673208706521,0.35310485326634306,-0.0012624676043090366,True
47,365,0.35096198822822733,0.3493950469214578,-0.0015669413067695426,True
48,365,0.34676217185895614,0.34505933957897306,-0.0017028322799830797,True
49,365,0.3421061288418705,0.34035021214790284,-0.0017559166939676851,True
50,365,0.33768766845735637,0.3358057229383948,-0.001881945518961592,True
51,365,0.33369720114570756,0.3321222965846875,-0.0015749045610200518,True
52,365,0.3312117842456366,0.3296275251535581,-0.0015842590920784883,True
53,365,0.3308660481758423,0.32960008393380336,-0.0012659642420389527,True
54,365,0.332030655355482,0.33111770840238375,-0.000912946953098237,True
55,365,0.33384701765304314,0.33315764829025335,-0.0006893693627897934,True
56,365,0.3360528969509157,0.3354948143323773,-0.0005580826185384025,True
57,365,0.3384309538739158,0.3371198053613944,-0.0013111485125213984,True
58,365,0.3408031841881796,0.3401033024195176,-0.0006998817686620362,True
59,365,0.3429136179795829,0.34334813816748444,0.00043452018790152147,False
60,365,0.3450294763128883,0.3454421076342204,0.0004126313213321242,False
61,365,0.34699513228091355,0.34715248427484946,0.00015735199393590582,False
62,365,0.3477081302979739,0.34802502992793055,0.000316899629956624,False
63,365,0.3483713061489666,0.3489302960799559,0.0005589899309892954,False
64,365,0.34915141794249205,0.35005985838062453,0.0009084404381324851,False
65,365,0.3504886439064596,0.3516042048831036,0.0011155609766440033,False
66,365,0.35193539023304704,0.35310646742742763,0.0011710771943805875,False
67,365,0.35311500231338216,0.35425191676039225,0.0011369144470100845,False
68,365,0.35411175367583786,0.35493722938276057,0.000825475706922707,False
69,365,0.35448722730797144,0.35518884642649723,0.000701619118525787,False
70,365,0.3544026621697565,0.35528129833179833,0.0008786361620418126,False
71,365,0.35529845214155503,0.35577052794237846,0.0004720758008234238,False
72,365,0.35690457791016156,0.3571605873815821,0.0002560094714205152,False
73,365,0.3586779551654379,0.35888354241658804,0.0002055872511501633,False
74,365,0.35924998472395553,0.3593755804969411,0.00012559577298559832,False
75,365,0.35914994532050865,0.3593784622357319,0.00022851691522324247,False
76,365,0.3584533774028036,0.35865205112148896,0.00019867371868537154,False
77,365,0.357832167638779,0.3579286411815064,9.647354272740438e-05,False
78,365,0.3563790873838707,0.3564344012536942,5.531386982349229e-05,False
79,365,0.35433853644695396,0.35445014977588524,0.00011161332893128151,False
80,365,0.3527099533329259,0.3527948502990561,8.489696613023234e-05,False
81,365,0.35655875295129535,0.35554212295015364,-0.0010166300011417162,True
82,365,0.3513351871153087,0.349517991467209,-0.0018171956480996787,True
83,365,0.34278218619547157,0.343437095759868,0.0006549095643964553,False
84,365,0.33977024335741957,0.34021424235047637,0.00044399899305680446,False
85,365,0.33806201138340314,0.3386904780680549,0.0006284666846517739,False
86,365,0.3367997459301647,0.33724539124582514,0.00044564531566043675,False
87,365,0.3360751779231882,0.33662561425210724,0.0005504363289190461,False
88,365,0.33468360652849427,0.3354873746579987,0.0008037681295044452,False
89,365,0.3333892651163816,0.33395819533510424,0.0005689302187226186,False
90,365,0.3320114354223787,0.3322707042041275,0.0002592687817488115,False
91,365,0.330807562670321,0.3308400721588328,3.2509488511800466e-05,False
92,365,0.33000996128494486,0.32974453157094313,-0.0002654297140017303,True
93,365,0.3295780321053356,0.3292688007084831,-0.0003092313968525162,True
94,365,0.32947582391922,0.32897381892647065,-0.0005020049927493275,True
95,365,0.3296263045877181,0.3290076532147693,-0.000618651372948753,True
96,365,0.3293477843765318,0.328961079211348,-0.00038670516518379827,True
97,365,0.3301997665994791,0.32978436416562484,-0.00041540243385423947,True
98,365,0.3313181006406704,0.330770072009351,-0.0005480286313194194,True
99,365,0.3321788459791755,0.3316514254946693,-0.0005274204845062136,True
100,365,0.33345544212640554,0.33267818704699464,-0.000777255079410899,True
101,365,0.3344037284274757,0.3332857778521512,-0.001117950575324489,True
102,365,0.3350609388188767,0.33375835020713523,-0.0013025886117414842,True
103,365,0.33584605680166674,0.33420446182533636,-0.0016415949763303739,True
104,365,0.33671005264343334,0.33490224385194695,-0.0018078087914863983,True
105,365,0.3379696770072001,0.3358485858264174,-0.002121091180782686,True
106,365,0.3399333726064617,0.337639356911678,-0.002294015694783713,True
107,365,0.34192850030787997,0.3394948330136292,-0.002433667294250763,True
108,365,0.3443127707111418,0.34176885217504965,-0.002543918536092149,True
109,365,0.34705361630408166,0.3444207431612115,-0.00263287314287014,True
110,365,0.34997755515133666,0.3471126807461312,-0.002864874405205442,True
111,365,0.3524851982411125,0.3495520006550625,-0.0029331975860500403,True
112,365,0.35446902533070435,0.3522240031363981,-0.002245022194306223,True
113,365,0.3557946314785157,0.3535758752219866,-0.0022187562565291197,True
114,365,0.35617040196654065,0.35413167818062796,-0.0020387237859126883,True
115,365,0.35635148995308646,0.35423999148884217,-0.002111498464244299,True
116,365,0.35686491215439253,0.3544775799560607,-0.002387332198331815,True
117,365,0.35644347307958607,0.35399643462616254,-0.0024470384534235334,True
118,365,0.35549369137634945,0.3529815960759045,-0.0025120953004449387,True
119,365,0.35505215892965347,0.35242590316537126,-0.002626255764282215,True
120,365,0.3556066811373774,0.3529184260468988,-0.0026882550904785973,True
121,365,0.3564050312013035,0.35369103647969286,-0.0027139947216106575,True
122,365,0.3575792851928265,0.3546603936075918,-0.0029188915852347286,True
123,365,0.3584384532074364,0.35534906992604726,-0.0030893832813891353,True
124,365,0.3584900408934992,0.35548476298389303,-0.003005277909606141,True
125,365,0.35661667140644476,0.3538548438524548,-0.0027618275539899595,True
126,365,0.3542116805062307,0.3513604537208356,-0.0028512267853951223,True
127,365,0.35095710551865994,0.3478589270795796,-0.0030981784390803346,True
128,365,0.3471307426055927,0.34355700016598756,-0.003573742439605121,True
129,365,0.34258123589976847,0.3390161478204103,-0.0035650880793581807,True
130,365,0.3385468763781996,0.3346887489103208,-0.0038581274678787802,True
131,365,0.33436753229019933,0.33062500201912143,-0.003742530271077904,True
132,365,0.33178560482579444,0.32839117153528996,-0.003394433290504484,True
133,365,0.3315807989501704,0.3284103084127952,-0.00317049053737517,True
134,365,0.332732749840054,0.3298056002248107,-0.0029271496152433185,True
135,365,0.3344420593077834,0.331573574805215,-0.002868484502568436,True
136,365,0.3365356642350069,0.33366580738793156,-0.0028698568470753583,True
137,365,0.3385930560306889,0.335555114023223,-0.003037942007465877,True
138,365,0.34020687303075897,0.3373940186639696,-0.0028128543667893524,True
139,365,0.34167251504374174,0.33933914474635046,-0.0023333702973912795,True
140,365,0.34336198235087073,0.34106659393621697,-0.002295388414653765,True
141,365,0.3447374552878003,0.3424479903981331,-0.002289464889667192,True
142,365,0.3463507045008732,0.3441367899305402,-0.0022139145703329866,True
143,365,0.3481478911634963,0.34583210020917865,-0.0023157909543176647,True
144,365,0.3496218524602969,0.34771970105583244,-0.0019021514044644805,True
145,365,0.3507031746785891,0.3490034959045522,-0.0016996787740368724,True
146,365,0.3524386508629942,0.35064519312368014,-0.0017934577393140527,True
147,365,0.35362507511541297,0.35177719130609914,-0.0018478838093138328,True
148,365,0.35459055731094075,0.35265159395969947,-0.001938963351241274,True
149,365,0.35505035426083614,0.35296849859126556,-0.002081855669570587,True
150,365,0.35515935239431223,0.35293342533464955,-0.00222592705966268,True
151,365,0.3555230109752298,0.353141491850871,-0.0023815191243587996,True
152,365,0.35700595607517405,0.3544583895626332,-0.002547566512540844,True
153,365,0.3586526951099742,0.35593829740145266,-0.0027143977085215543,True
154,365,0.35954376072940036,0.3565915160613539,-0.0029522446680464443,True
155,365,0.35922920337946646,0.3562723863829308,-0.0029568169965356605,True
156,365,0.35913859760342015,0.3560679698481767,-0.0030706277552434713,True
157,365,0.35903657651966486,0.3556043345341655,-0.0034322419854993513,True
158,365,0.3581085904008486,0.35457105783819365,-0.0035375325626549325,True
159,365,0.35683946111867587,0.3532124689524642,-0.003626992166211651,True
160,365,0.3551555553317042,0.35524264679828077,8.709146657659428e-05,False
162,365,0.3435686998833224,0.34394185174417247,0.0003731518608500739,False
163,365,0.3409531342709327,0.3415301562925354,0.0005770220216027022,False
164,365,0.3392874011377836,0.3397889147837473,0.0005015136459636804,False
165,365,0.3379740198670696,0.33813744278822294,0.00016342292115334445,False
166,365,0.3369227311498022,0.33726727311838633,0.00034454196858413333,False
167,365,0.3356106520983275,0.33648870402913256,0.000878051930805035,False
168,365,0.3343122111397874,0.335143448289501,0.0008312371497136151,False
169,365,0.3327533835082133,0.33314121069122427,0.000387827183010947,False
170,365,0.3312771255255126,0.3313382602464613,6.113472094870787e-05,False
171,365,0.33041639882798823,0.3301745730910809,-0.00024182573690734177,True
172,365,0.3300678770742976,0.3297411423022029,-0.0003267347720946612,True
173,365,0.3302224650603158,0.32981487362809725,-0.0004075914322185237,True
174,365,0.33034835001942076,0.32973092909507595,-0.0006174209243448026,True
175,365,0.33086981998967324,0.33020546392443584,-0.0006643560652374036,True
176,365,0.3316872553848736,0.33096500183394884,-0.0007222535509247563,True
177,365,0.33255318402750694,0.3318376425462985,-0.0007155414812084482,True
178,365,0.33353921994001473,0.3327706015096919,-0.0007686184303228316,True
179,365,0.33477441026161225,0.3338989795576967,-0.0008754307039155473,True
180,365,0.3358476984514807,0.3347596100096551,-0.0010880884418256187,True
181,365,0.33733774717855275,0.33593453916087673,-0.0014032080176760164,True
182,365,0.33842148726210514,0.33677627399595245,-0.0016452132661526897,True
183,365,0.34025327627803487,0.33820592909487823,-0.0020473471831566337,True
184,365,0.34193104971420124,0.3395800937993431,-0.0023509559148581216,True
185,365,0.34370154342707154,0.3412492888830971,-0.0024522545439744636,True
186,365,0.3456883077086132,0.3432346512390545,-0.002453656469558696,True
187,365,0.3477615132794704,0.3452271023614673,-0.002534410918003105,True
188,365,0.350472519574108,0.3478013925072607,-0.002671127066847301,True
189,365,0.35303605993546,0.3502668027992865,-0.0027692571361734863,True
190,365,0.355415948153027,0.35207662077529805,-0.0033393273777289623,True
191,365,0.35646571270817595,0.35413649608158326,-0.0023292166265926895,True
192,365,0.35758170217967145,0.35540163014316606,-0.002180072036505387,True
193,365,0.35805120460111584,0.35591372212068956,-0.002137482480426278,True
194,365,0.3586089635875477,0.3563689685740647,-0.002239995013482987,True
195,365,0.35891337393041584,0.35652287305643243,-0.0023905008739834033,True
196,365,0.35841542133554577,0.355960338352157,-0.0024550829833887566,True
197,365,0.35714531710322456,0.35457771887781403,-0.002567598225410528,True
198,365,0.3562555095179651,0.35358607396362723,-0.002669435554337851,True
199,365,0.35641675860855904,0.35362027131603935,-0.0027964872925196893,True
200,365,0.35699929860257185,0.35415696617006254,-0.002842332432509309,True
201,365,0.35763466342828965,0.354967896292629,-0.0026667671356606637,True
202,365,0.3582723952013109,0.35534045241156564,-0.0029319427897452344,True
203,365,0.35848091693988204,0.35560980293371874,-0.0028711140061633,True
204,365,0.35718196884638564,0.3543483978459184,-0.002833571000467272,True
205,365,0.3550154971716055,0.3520712244709138,-0.002944272700691697,True
206,365,0.3519303728342925,0.3487589738744069,-0.0031713989598856074,True
207,365,0.34828354466376765,0.3448554276328646,-0.003428117030903066,True
208,365,0.344278038380416,0.34058538171491176,-0.0036926566655042237,True
209,365,0.3401219336565303,0.3362755073033625,-0.003846426353167842,True
210,365,0.33615446846605057,0.33220369685278883,-0.003950771613261739,True
211,365,0.33360192782453346,0.3297320588901869,-0.003869868934346543,True
212,365,0.33324688918070455,0.3298230963546857,-0.0034237928260188455,True
213,365,0.3346722418070111,0.33145888867782275,-0.0032133531291883566,True
214,365,0.33638320232627206,0.3333523441893708,-0.0030308581369012377,True
215,365,0.33824376301608317,0.3351283197391486,-0.003115443276934582,True
216,365,0.33980097446678004,0.3366892299412921,-0.0031117445254879583,True
217,365,0.34013073960031476,0.33730244020067923,-0.0028282993996355255,True
218,365,0.3408649054705296,0.33804554777896484,-0.0028193576915647722,True
219,365,0.34121875371862237,0.33855289538419614,-0.00266585833442623,True
220,365,0.3423788293496916,0.3399736002882795,-0.0024052290614121064,True
221,365,0.3447049271923907,0.34232803489728797,-0.0023768922951027394,True
222,365,0.34685182193265496,0.34474929864271275,-0.002102523289942204,True
223,365,0.3493357178743771,0.34698697293327174,-0.002348744941105374,True
224,365,0.3509531462282012,0.3489505911675182,-0.0020025550606829756,True
225,365,0.35230079059114194,0.3504175084410516,-0.0018832821500903707,True
226,365,0.35356068192288165,0.3515539062297358,-0.0020067756931458347,True
227,365,0.35437024333661205,0.35219224053334397,-0.0021780028032680754,True
228,365,0.35502294734879614,0.35258961154003754,-0.0024333358087585966,True
229,365,0.35468154767793336,0.35240518453047437,-0.002276363147458993,True
230,365,0.35463753655036717,0.35206691794905365,-0.0025706186013135235,True
231,365,0.3556293921040196,0.3529001220411596,-0.002729270062860001,True
232,365,0.35719223149487417,0.35431092727535485,-0.0028813042195193206,True
233,365,0.3580565523974348,0.3549752425238026,-0.0030813098736321987,True
234,365,0.35856402155496975,0.3554399499649444,-0.003124071590025368,True
235,365,0.3592034013147995,0.3557523497385259,-0.0034510515762736227,True
236,365,0.35909326539402375,0.35544338764635636,-0.003649877747667396,True
237,365,0.3585338700440734,0.35478721510953626,-0.0037466549345371303,True
238,365,0.3571882683119099,0.35341481620856113,-0.0037734521033487844,True
239,365,0.35573588802900397,0.3557153621841684,-2.052584483558384e-05,True
240,365,0.3483932163340442,0.3490002616441396,0.0006070453100954221,False
241,365,0.3450428967482564,0.34572255354775727,0.0006796567995008829,False
242,365,0.3425839870564645,0.3431627068359832,0.0005787197795187327,False
243,365,0.3407217063464161,0.34129016919266064,0.0005684628462445662,False
244,365,0.3392281162966721,0.3394811603307733,0.0002530440341012019,False
245,365,0.3384214652464202,0.3387722684959129,0.0003508032494927149,False
246,365,0.3368393082545722,0.3377461758594041,0.0009068676048318847,False
247,365,0.3356285226803969,0.33642614666347287,0.000797623983075979,False
248,365,0.3337728600227477,0.33412672656562564,0.0003538665428779453,False
249,365,0.33192157055817895,0.33201183935536066,9.026879718171399e-05,False
250,365,0.33111590829307874,0.3307243206640336,-0.00039158762904512034,True
251,365,0.3310245286375662,0.3303682981728569,-0.0006562304647093065,True
252,365,0.33098657858280306,0.3305360337789684,-0.00045054480383466267,True
253,365,0.33160463863531825,0.3309919359717306,-0.0006127026635876498,True
254,365,0.33235910721822287,0.3316292180052989,-0.0007298892129239953,True
255,365,0.3334167296671663,0.3324637121103382,-0.0009530175568280841,True
256,365,0.33446137346603416,0.3335257387180381,-0.0009356347479960725,True
257,365,0.33529669613315455,0.33434074752276677,-0.0009559486103877801,True
258,365,0.33673482356462653,0.33562503743659866,-0.0011097861280278676,True
259,365,0.33766944349321765,0.336470248047803,-0.0011991954454146359,True
260,365,0.33935417339708934,0.3379485681498119,-0.0014056052472774527,True
261,365,0.3415712429264388,0.3398030574595919,-0.0017681854668469277,True
262,365,0.34406895362074796,0.3420983429162493,-0.0019706107044986654,True
263,365,0.3458156187143347,0.3436250784774308,-0.002190540236903904,True
264,365,0.34751780035548024,0.3452161063207607,-0.002301694034719526,True
265,365,0.349325608326101,0.34695037160398046,-0.002375236722120533,True
266,365,0.35128514687574264,0.34883679104727244,-0.0024483558284701945,True
267,365,0.3535851889605128,0.35100571729413427,-0.0025794716663785078,True
268,365,0.3558238634633144,0.35315550064764883,-0.0026683628156655703,True
269,365,0.3577014892484736,0.3545101571060495,-0.0031913321424241192,True
270,365,0.3585614241779553,0.3563583895111474,-0.0022030346668078793,True
271,365,0.3593244309712995,0.3571700371038667,-0.0021543938674328245,True
272,365,0.35995906554059803,0.3577221302370304,-0.002236935303567611,True
273,365,0.360322284284418,0.3579937679784595,-0.0023285163059584835,True
274,365,0.3604873153409859,0.3580668524026315,-0.0024204629383544063,True
275,365,0.3597592911385349,0.3573092090240945,-0.002450082114440366,True
276,365,0.3579574074981679,0.35550173931259693,-0.0024556681855709694,True
277,365,0.35685378407415824,0.35418000149400036,-0.0026737825801578796,True
278,365,0.35626778558203337,0.35382881833255125,-0.0024389672494821157,True
279,365,0.35660052121023234,0.35411764488162906,-0.0024828763286032784,True
280,365,0.3574372168411598,0.3548263782060275,-0.0026108386351322843,True
281,365,0.3581970854970785,0.3554577249347305,-0.0027393605623480255,True
282,365,0.3584326122319844,0.3557379824363761,-0.0026946297956083054,True
283,365,0.3579096982778661,0.35505971325769653,-0.0028499850201695875,True
284,365,0.35596655478381206,0.3529222682897152,-0.0030442864940968817,True
285,365,0.3534303109089662,0.3502058237161,-0.003224487192866221,True
286,365,0.3501670374947015,0.3466509954910037,-0.003516042003697817,True
287,365,0.34646381588121095,0.3424909683066961,-0.003972847574514826,True
288,365,0.34199968043320766,0.3380363238428982,-0.003963356590309441,True
289,365,0.33830144747022134,0.3343804002486194,-0.003921047221601914,True
290,365,0.3359795588401981,0.332028635800112,-0.003950923040086096,True
291,365,0.33579806827551295,0.33203691589906675,-0.0037611523764461974,True
292,365,0.3371709535302346,0.33384561165705934,-0.003325341873175236,True
293,365,0.338972674394484,0.33566956591814084,-0.0033031084763431307,True
294,365,0.340407703803833,0.33702450476251306,-0.003383199041319951,True
295,365,0.3411657774048176,0.33759592688671763,-0.003569850518099993,True
296,365,0.34093231940245194,0.33743187737836794,-0.003500442024084005,True
297,365,0.34034772751896986,0.33729457652317474,-0.0030531509957951175,True
298,365,0.34009208594457263,0.33715758437556365,-0.002934501569008985,True
299,365,0.34126092580624545,0.3385695983905947,-0.002691327415650757,True
300,365,0.3437036569740967,0.34122937637930684,-0.0024742805947898794,True
301,365,0.3464246967275255,0.34405191124569684,-0.0023727854818286764,True
302,365,0.34858608199799057,0.3464164164061778,-0.0021696655918127528,True
303,365,0.3509322238739506,0.34882618646200525,-0.0021060374119453718,True
304,365,0.35259447164274876,0.35026298460556743,-0.0023314870371813345,True
305,365,0.3532641659857133,0.35108687758669505,-0.0021772883990182623,True
306,365,0.35424337771787234,0.3519074760749663,-0.0023359016429060353,True
307,365,0.3545018975055094,0.35207510770221695,-0.002426789803292473,True
308,365,0.35422581524695557,0.3518021614377254,-0.002423653809230153,True
309,365,0.3539817013846892,0.3515219771024955,-0.0024597242821937093,True
310,365,0.35450080461773936,0.3519450543459477,-0.002555750271791668,True
311,365,0.3558865910495873,0.3528006262255212,-0.0030859648240660897,True
312,365,0.3569556358618123,0.3537349126179747,-0.0032207232438375977,True
313,365,0.35815269506261393,0.35465133919586056,-0.003501355866753375,True
314,365,0.35894677314955126,0.3552355787543327,-0.0037111943952185533,True
315,365,0.35916220543090266,0.35527456659826506,-0.0038876388326375966,True
316,365,0.35848578030624584,0.35457818115352274,-0.003907599152723096,True
317,365,0.35692941895429586,0.352883210576175,-0.0040462083781208635,True
318,365,0.35517644916227237,0.3549477038682546,-0.00022874529401778476,True
319,365,0.3563058240553153,0.3563301841109284,2.4360055613126264e-05,False
320,365,0.3528757152232571,0.35331830160687433,0.00044258638361721614,False
321,365,0.3494922612272138,0.35020201549508306,0.0007097542678692892,False
322,365,0.3464523214589729,0.3471562508323725,0.0007039293733995811,False
323,365,0.34398086338126493,0.34494286254070833,0.0009619991594433941,False
324,365,0.342163499661106,0.3433611360923556,0.0011976364312495935,False
325,365,0.34081168833317127,0.3417479670819231,0.0009362787487518509,False
326,365,0.3392651005359068,0.3398929867209735,0.0006278861850667061,False
327,365,0.3381003682512784,0.3390545066207705,0.0009541383694920968,False
328,365,0.336839772755243,0.3374942483235271,0.0006544755682840742,False
329,365,0.334962794796435,0.335274596760628,0.00031180196419300366,False
330,365,0.3329610931647456,0.33292948453280025,-3.160863194534569e-05,True
331,365,0.3317562198364879,0.3315886745494058,-0.0001675452870820715,True
332,365,0.3316754398112142,0.33094109355859375,-0.0007343462526204769,True
333,365,0.33217021053820767,0.33133425765601,-0.0008359528821976769,True
334,365,0.332675421159225,0.3320818582001059,-0.0005935629591191094,True
335,365,0.33397921061845187,0.3332677704686906,-0.0007114401497612666,True
336,365,0.3352996848253657,0.33438652767382127,-0.0009131571515444414,True
337,365,0.33625035909895884,0.3353881336104518,-0.0008622254885070624,True
338,365,0.33701413644803874,0.3361270502850019,-0.0008870861630368432,True
339,365,0.3382784761839301,0.33722565105433927,-0.0010528251295908175,True
340,365,0.33981755035082556,0.3386042671524231,-0.0012132831984024706,True
341,365,0.34168116109427116,0.3403574141856693,-0.001323746908601875,True
342,365,0.3443901105947596,0.34282635011400864,-0.0015637604807509642,True
343,365,0.347059455577262,0.34519030363708003,-0.0018691519401819456,True
344,365,0.34899070812565147,0.3469606147821819,-0.0020300933434695967,True
345,365,0.35051928553397743,0.3483380800228743,-0.0021812055111031237,True
346,365,0.3521472941468392,0.3498928157138345,-0.002254478433004692,True
347,365,0.35386964553937716,0.3516176710283745,-0.0022519745110026745,True
348,365,0.35561181427791866,0.3532996809014014,-0.002312133376517256,True
349,365,0.3576543291806112,0.3551992505647189,-0.002455078615892281,True
350,365,0.3594830184806803,0.35652421051974775,-0.0029588079609325635,True
351,365,0.3606376649361487,0.35863098582833103,-0.002006679107817655,True
352,365,0.36144432055367,0.35919282276224845,-0.0022514977914215306,True
353,365,0.36168102866909935,0.35944013419966203,-0.0022408944694373156,True
354,365,0.36173763267055664,0.35944278741143754,-0.002294845259119105,True
355,365,0.36115198739508575,0.3587821756282363,-0.0023698117668494723,True
356,365,0.35987270141031785,0.35741426636982454,-0.002458435040493312,True
357,365,0.35749872350798306,0.3553267184711476,-0.002172005036835456,True
358,365,0.35630745508101624,0.35414345983131806,-0.0021639952496981807,True
359,365,0.3560456425976987,0.35382568082262156,-0.0022199617750771616,True
360,365,0.35619562888587913,0.3539290776585256,-0.0022665512273535304,True
361,365,0.35653482645684964,0.3543930755862848,-0.0021417508705648403,True
362,365,0.3577570984773935,0.35527035133569074,-0.002486747141702772,True
363,365,0.35839812567175,0.35583169454707925,-0.002566431124670754,True
364,365,0.3581070091894768,0.3552868555857994,-0.0028201536036773778,True
365,365,0.3569758608067324,0.35395581148913324,-0.0030200493175991383,True
366,365,0.35492667062060845,0.35167637146459774,-0.0032502991560107164,True
367,365,0.35194575294623387,0.3484022623043156,-0.0035434906419182788,True
368,365,0.34837096395847617,0.34441104097999786,-0.003959922978478303,True
369,365,0.3442139745477127,0.3400366553539635,-0.004177319193749196,True
370,365,0.34043558698872695,0.3364803452667845,-0.0039552417219424485,True
371,365,0.33864608279246106,0.33473914452316245,-0.00390693826929861,True
372,365,0.3386527820559901,0.3347698367197752,-0.0038829453362148603,True
373,365,0.3395327208057467,0.3357947179188884,-0.003738002886858327,True
374,365,0.34076255155859414,0.3370739322564808,-0.0036886193021133384,True
375,365,0.3416851078945428,0.33817631986034336,-0.0035087880341994615,True
376,365,0.3414228518222709,0.3378648472473202,-0.0035580045749507017,True
377,365,0.34103987652342393,0.337314080757507,-0.003725795765916917,True
378,365,0.34038211667413215,0.3373484037042078,-0.0030337129699243293,True
379,365,0.34040121417924485,0.33737394486637207,-0.0030272693128727823,True
380,365,0.341458878290759,0.3385510467794808,-0.002907831511278214,True
381,365,0.34363674335458183,0.3409778154524736,-0.0026589279021082546,True
382,365,0.34632749263568874,0.34389292390023674,-0.002434568735452003,True
383,365,0.3488239437591696,0.346567356017122,-0.0022565877420475666,True
384,365,0.35065359668766427,0.3488205049201496,-0.0018330917675146718,True
385,365,0.35256785647660155,0.34995872475569306,-0.0026091317209084863,True
386,365,0.35368446406901577,0.35107754001452396,-0.0026069240544918104,True
387,365,0.35424543888491233,0.3517849748069786,-0.0024604640779337106,True
388,365,0.3544553206848518,0.3520023349649298,-0.0024529857199220295,True
389,365,0.354291833002622,0.3519233123651032,-0.0023685206375188006,True
390,365,0.35431431282644227,0.3517543163475304,-0.0025599964789118634,True
391,365,0.35486215668831356,0.35197388633266263,-0.0028882703556509237,True
392,365,0.35595627772875493,0.3530778228843556,-0.0028784548443993585,True
393,365,0.3570939315764724,0.35365330665268946,-0.0034406249237829423,True
394,365,0.35808162563021234,0.35440768661322214,-0.003673939016990202,True
395,365,0.3591505261812069,0.35541276176442194,-0.003737764416784972,True
396,365,0.35981501717587294,0.35578749063586496,-0.004027526540007986,True
397,365,0.3590210124882188,0.35486188374406413,-0.004159128744154694,True
398,365,0.35664153250404373,0.3524985778894889,-0.004142954614554828,True
399,365,0.3542670804148088,0.3536776808760803,-0.0005893995387284967,True
400,365,0.3556905201388395,0.356118227195674,0.00042770705683448096,False
401,365,0.3529098019594705,0.3535350878505599,0.0006252858910893999,False
402,365,0.34974751859947617,0.35044808187780285,0.0007005632783266824,False
403,365,0.3469611516280453,0.34798166496862853,0.001020513340583229,False
404,365,0.3445678756345736,0.34589273026947454,0.0013248546349009516,False
405,365,0.3430511675370407,0.3442072428244387,0.0011560752873980285,False
406,365,0.34182553852328756,0.34287243144470564,0.0010468929214180744,False
407,365,0.3402988412180992,0.34117130252413613,0.0008724613060369091,False
408,365,0.33926093891220765,0.340176244296155,0.0009153053839473513,False
409,365,0.3377655216655758,0.338215533914707,0.0004500122491312153,False
410,365,0.33614248852542833,0.33620286042084735,6.0371895419020216e-05,False
411,365,0.33428271392690007,0.3342593438676352,-2.3370059264893328e-05,True
412,365,0.33299203874476263,0.3327830386665843,-0.0002090000781783119,True
413,365,0.33237619993962336,0.3320448367760977,-0.0003313631635256664,True
414,365,0.33282467904887386,0.33231448266594976,-0.0005101963829240996,True
415,365,0.33366636562421165,0.333165576066819,-0.0005007895573926335,True
416,365,0.3351803830934934,0.33460443504190834,-0.0005759480515850623,True
417,365,0.3364250282755316,0.3356742603764334,-0.0007507678990982258,True
418,365,0.3374560323085602,0.3367494595678364,-0.0007065727407237765,True
419,365,0.3384857229323843,0.33762768343466737,-0.0008580394977169559,True
420,365,0.33974279899348275,0.33876957435640626,-0.0009732246370764974,True
421,365,0.34157663061328886,0.3403113316462474,-0.0012652989670414727,True
422,365,0.34367366506739483,0.3423466429942895,-0.0013270220731053106,True
423,365,0.3463279766802704,0.3448978571235702,-0.0014301195567001934,True
424,365,0.34908389446841487,0.34731761641867154,-0.0017662780497433306,True
425,365,0.3512585067397694,0.3492996079541247,-0.0019588987856447027,True
426,365,0.35299218135906596,0.3510347856173583,-0.001957395741707668,True
427,365,0.3543914147263896,0.352265841208413,-0.0021255735179765978,True
428,365,0.3559492029237135,0.35386349754544594,-0.002085705378267577,True
429,365,0.35749699371247623,0.35530317034253084,-0.0021938233699453913,True
430,365,0.3590433207237661,0.35687368075365783,-0.0021696399701082725,True
431,365,0.361081157515927,0.3584043621852023,-0.002676795330724735,True
432,365,0.36229243090685886,0.3604065974525015,-0.0018858334543573885,True
433,365,0.3627649761095071,0.36057198252105305,-0.0021929935884540397,True
434,365,0.362851986506495,0.3604596190501117,-0.002392367456383271,True
435,365,0.3618634150928643,0.3596810198945026,-0.0021823951983617196,True
436,365,0.3608984170536515,0.3586878426632106,-0.0022105743904409225,True
437,365,0.3590885762439582,0.3568449941069418,-0.0022435821370163644,True
438,365,0.356961521877313,0.3549342486109517,-0.002027273266361318,True
439,365,0.356049179059649,0.3540684503053616,-0.0019807287542873975,True
440,365,0.35573498743004284,0.3536853488237208,-0.002049638606322013,True
441,365,0.35615759956282905,0.35409222783589783,-0.00206537172693122,True
442,365,0.3566039477036747,0.3546450787017657,-0.0019588690019090027,True
443,365,0.3574681486599414,0.3552105143788667,-0.0022576342810747274,True
444,365,0.35797638950329985,0.35543441606649034,-0.002541973436809508,True
445,365,0.3582172611488165,0.3555582374026233,-0.002659023746193201,True
446,365,0.3572928607501808,0.35433290123860833,-0.002959959511572463,True
447,365,0.3556828954194503,0.3525359557799508,-0.003146939639499524,True
448,365,0.3532281096324594,0.3497039304764651,-0.003524179155994289,True
449,365,0.3496001791144213,0.34584293663333926,-0.003757242481082057,True
450,365,0.3457030387921414,0.3417369572027941,-0.003966081589347303,True
451,365,0.34260488642664033,0.3385608618747516,-0.004044024551888736,True
452,365,0.3407495310389034,0.3369632408627817,-0.0037862901761216983,True
453,365,0.34061723140292005,0.33684254868637603,-0.00377468271654402,True
454,365,0.34117312601225686,0.3374117837515512,-0.00376134226070568,True
455,365,0.3415164123810912,0.33769222454470577,-0.00382418783638544,True
456,365,0.34196071512619836,0.338063774506361,-0.0038969406198373635,True
457,365,0.34138808736783793,0.3375896480494364,-0.003798439318401514,True
458,365,0.34079046036675886,0.33719270765792514,-0.0035977527088337236,True
459,365,0.3404858869430026,0.33747990954613455,-0.0030059773968680314,True
460,365,0.3411042853042047,0.33802627310272254,-0.003078012201482183,True
461,365,0.34234656682285475,0.3394425863511089,-0.0029039804717458373,True
462,365,0.3442847470786896,0.34156382653833,-0.002720920540359606,True
463,365,0.3467236020924986,0.3441597057512986,-0.002563896341199967,True
464,365,0.3490899558953458,0.34688384800872785,-0.0022061078866179584,True
465,365,0.35111415673010066,0.3489347801040997,-0.002179376626000984,True
466,365,0.3522462024693841,0.350166303429891,-0.0020798990394930716,True
467,365,0.35394920189529455,0.35133131691244246,-0.0026178849828520923,True
468,365,0.3545929316347105,0.3520338078188768,-0.0025591238158337304,True
469,365,0.35497425603873917,0.3525030799318587,-0.0024711761068804683,True
470,365,0.3549460875850503,0.3526398047220004,-0.002306282863049902,True
471,365,0.35544680433335246,0.3529216244002927,-0.0025251799330597846,True
472,365,0.35584189144864226,0.35309766857749025,-0.0027442228711520023,True
473,365,0.35687240723237607,0.35373120557914606,-0.003141201653230008,True
474,365,0.3576348925905289,0.3543446341460747,-0.003290258444454186,True
475,365,0.35866312340770057,0.3551017837280339,-0.003561339679666653,True
476,365,0.3599054733656181,0.35618979296638165,-0.003715680399236476,True
477,365,0.3608342481290279,0.35687069527857423,-0.003963552850453689,True
478,365,0.359773642816158,0.35575017164257033,-0.004023471173587645,True
479,365,0.3573039960077771,0.3530071036418329,-0.004296892365944216,True
480,365,0.35410859763241864,0.3533283285451563,-0.0007802690872623641,True
481,365,0.35693075489423387,0.35712693766467835,0.00019618277044447519,False
482,365,0.35471267778880333,0.3550493050305627,0.00033662724175936853,False
483,365,0.3516889662568837,0.35212381904181933,0.0004348527849356576,False
484,365,0.34808923782463874,0.34871248462188936,0.0006232467972506206,False
485,365,0.34532079729839427,0.34650305963172734,0.0011822623333330728,False
486,365,0.3436492317060965,0.3449869010345933,0.0013376693284967711,False
487,365,0.3424011121125744,0.3438298609472414,0.0014287488346669819,False
488,365,0.34164088368051654,0.3428721272260953,0.0012312435455787418,False
489,365,0.34046439794356,0.341196972408899,0.0007325744653390309,False
490,365,0.3395869062777912,0.34039321415135143,0.0008063078735602303,False
491,365,0.3382861407941762,0.3387808016290329,0.0004946608348567194,False
492,365,0.3372119195066227,0.33725577454257294,4.385503595022433e-05,False
493,365,0.33597713059269885,0.33581159139510613,-0.0001655391975927123,True
494,365,0.3346226154159779,0.33440018585755465,-0.00022242955842322054,True
495,365,0.3337733287908874,0.33339196921243536,-0.00038135957845203405,True
496,365,0.33369208813899887,0.33321273628853565,-0.0004793518504632166,True
497,365,0.3345975322529211,0.33411157427785876,-0.0004859579750623455,True
498,365,0.3356795207552414,0.33528941872286694,-0.00039010203237443974,True
499,365,0.3368486645017369,0.3361672680233494,-0.0006813964783874971,True
500,365,0.3379716059493099,0.33717330688854175,-0.0007982990607681706,True
501,365,0.3387999893972132,0.3379969677584536,-0.0008030216387595601,True
502,365,0.3401449994884451,0.3391747411946937,-0.0009702582937514137,True
503,365,0.34204185425834577,0.34083420471034936,-0.0012076495479964033,True
504,365,0.34445700764603804,0.3430930818154614,-0.001363925830576651,True
505,365,0.3471621313020132,0.34558049413810066,-0.0015816371639125193,True
506,365,0.34995791573917223,0.34820541127742216,-0.0017525044617500707,True
507,365,0.3525677825134358,0.35058491741233905,-0.0019828651010967424,True
508,365,0.3545119855412222,0.3526077309301064,-0.0019042546111158187,True
509,365,0.3560070112641665,0.35394132916068094,-0.0020656821034855666,True
510,365,0.3574005078875685,0.3552633257869227,-0.0021371821006457847,True
511,365,0.35894803931113517,0.35681308950889,-0.0021349498022451563,True
512,365,0.36056770520776743,0.35837039266098825,-0.0021973125467791843,True
513,365,0.362180601190884,0.35965605816267154,-0.002524543028212478,True
514,365,0.3629374364055028,0.3610164638526877,-0.0019209725528150923,True
515,365,0.3629983395139164,0.3606394209862523,-0.0023589185276641222,True
516,365,0.3620582832579483,0.3597880974625505,-0.0022701857953977833,True
517,365,0.36163076150380913,0.3591796717350735,-0.002451089768735648,True
518,365,0.359972022512539,0.3576833466897446,-0.002288675822794406,True
519,365,0.35834026644157785,0.35623377963835,-0.002106486803227836,True
520,365,0.3568201680658254,0.35494096580784096,-0.0018792022579844359,True
521,365,0.3560954009449254,0.35422501597606704,-0.0018703849688583851,True
522,365,0.3561057785968649,0.35430266303031455,-0.0018031155665503285,True
523,365,0.35664101022989914,0.35480443480508994,-0.0018365754248091948,True
524,365,0.35709078102550074,0.35529685842395814,-0.0017939226015425969,True
525,365,0.3578336251365302,0.3557663185561538,-0.0020673065803764046,True
526,365,0.35771908935893354,0.3554625248625907,-0.0022565644963428166,True
527,365,0.357695094674346,0.3553559260474169,-0.0023391686269291223,True
528,365,0.3567588576745625,0.35410834514773,-0.002650512526832516,True
529,365,0.3557990499340108,0.35266308703067606,-0.0031359629033347325,True
530,365,0.3534048444298498,0.350071957973788,-0.0033328864560618343,True
531,365,0.35005130221535097,0.34648712612982285,-0.0035641760855281146,True
532,365,0.3464623320576816,0.34270561394970117,-0.00375671810798045,True
533,365,0.34339642764204015,0.339413600855024,-0.003982826787016169,True
534,365,0.34187506734997297,0.3379219128890944,-0.003953154460878572,True
535,365,0.34088679542388955,0.33715073385949385,-0.0037360615643957096,True
536,365,0.3407128610074919,0.3369748046962167,-0.003738056311275162,True
537,365,0.34066285701678833,0.33684323437102104,-0.0038196226457672955,True
538,365,0.3410947618281638,0.33693162070699423,-0.004163141121169556,True
539,365,0.3406659954669266,0.3367903440793933,-0.0038756513875333187,True
540,365,0.3404567823718237,0.3367845037387572,-0.003672278633066517,True
541,365,0.3403583226385757,0.3373794658318676,-0.0029788568067080634,True
542,365,0.341259714100111,0.3382728817898037,-0.00298683231030733,True
543,365,0.34269019961089514,0.33975820451265737,-0.002931995098237772,True
544,365,0.3447989801090296,0.3420353085071024,-0.002763671601927198,True
545,365,0.347220318974471,0.34463667305474294,-0.0025836459197280393,True
546,365,0.3496184321247923,0.3471224254667907,-0.0024960066580016482,True
547,365,0.35109227840996277,0.3489523633284915,-0.0021399150814712664,True
548,365,0.3524224466206323,0.35024084038843495,-0.002181606232197375,True
549,365,0.3534326403255936,0.35120719333197703,-0.0022254469936165977,True
550,365,0.3547165005965196,0.3521761730440748,-0.002540327552444821,True
551,365,0.3553401169323231,0.3527592423165701,-0.002580874615753015,True
552,365,0.35560588497016615,0.3531571778684477,-0.0024487071017184614,True
553,365,0.3564079369584915,0.35392956183246704,-0.0024783751260244458,True
554,365,0.35708637855341135,0.3543262566240782,-0.0027601219293331702,True
555,365,0.3576281218260823,0.35452032897053126,-0.003107792855551017,True
556,365,0.3581100259682841,0.35484363799469226,-0.0032663879735918555,True
557,365,0.3590065269567567,0.35566469178832777,-0.0033418351684289527,True
558,365,0.36033101010316154,0.3567833120943533,-0.00354769800880822,True
559,365,0.36171470788134924,0.3579095941932085,-0.0038051136881407377,True
560,365,0.36074295085171504,0.35673258453423745,-0.004010366317477587,True
561,365,0.3580778803625835,0.3539544853703307,-0.004123394992252782,True
562,365,0.354797400030439,0.3538382306954171,-0.0009591693350219366,True
563,365,0.3559435513512004,0.35630170463664934,0.00035815328544891445,False
564,365,0.35355886964112554,0.35369819858303675,0.00013932894191120981,False
565,365,0.3496166420293201,0.3501036682038342,0.0004870261745141269,False
566,365,0.3455981941244398,0.34669455912754643,0.0010963650031066141,False
567,365,0.3427778499134516,0.34398903988480667,0.0012111899713550534,False
568,365,0.3413320268655494,0.342490272174992,0.0011582453094425849,False
569,365,0.34107244833092615,0.34218739679413374,0.001114948463207588,False
570,365,0.3401745797310355,0.34111850449488884,0.0009439247638533543,False
571,365,0.33999302753493815,0.34014150576162255,0.00014847822668440092,False
572,365,0.3394097922775747,0.3401294471999546,0.0007196549223799087,False
573,365,0.33870453462563865,0.33925764471477077,0.0005531100891321139,False
574,365,0.33772539497912635,0.3379042848681416,0.0001788898890152657,False
575,365,0.33688952591600313,0.33676619671171426,-0.00012332920428886895,True
576,365,0.3360028092530863,0.3356460482463457,-0.0003567610067405913,True
577,365,0.3349660867456514,0.3346527617099341,-0.00031332503571734893,True
578,365,0.3345564911187112,0.33425515335521383,-0.00030133776349738906,True
579,365,0.3349811225347815,0.3345429952128438,-0.0004381273219377091,True
580,365,0.3358914210632206,0.33535137720830527,-0.0005400438549153508,True
581,365,0.33662739596486296,0.3362462266369931,-0.0003811693278698569,True
582,365,0.33750201904611293,0.3369548275376312,-0.0005471915084817591,True
583,365,0.33834451167583834,0.33751790211140176,-0.0008266095644365867,True
584,365,0.3394530670552265,0.33865251804811314,-0.0008005490071133492,True
585,365,0.3416426392379621,0.340681785697231,-0.0009608535407311103,True
586,365,0.34429470168038667,0.34310676256987854,-0.0011879391105081294,True
587,365,0.34686273389900024,0.34550297864742346,-0.0013597552515767775,True
588,365,0.34975307857052884,0.348193000747267,-0.0015600778232618406,True
589,365,0.35279221044743064,0.35096840994934503,-0.0018238004980856148,True
590,365,0.3551605691240182,0.35329607473968333,-0.0018644943843348916,True
591,365,0.3567940873784104,0.35490576208520597,-0.0018883252932044292,True
592,365,0.3582167619711433,0.35629543131876384,-0.0019213306523794826,True
593,365,0.35992774748270556,0.35793777921281744,-0.0019899682698881205,True
594,365,0.36147185894874184,0.35925303338295944,-0.0022188255657824008,True
595,365,0.3626870248368428,0.3603207127874974,-0.002366312049345398,True
596,365,0.363206301925724,0.3611425799734999,-0.0020637219522240957,True
597,365,0.3623633735610153,0.36009984929802774,-0.0022635242629875374,True
598,365,0.3610465318550483,0.3585186790391092,-0.002527852815939091,True
599,365,0.36052794649604974,0.3578065563524498,-0.0027213901435999555,True
600,365,0.3593017876727369,0.3570238826333816,-0.0022779050393553213,True
601,365,0.3579796779501413,0.35590920041913154,-0.002070477531009751,True
602,365,0.3568725951292444,0.355122890525227,-0.0017497046040174102,True
603,365,0.3565072201830965,0.35476285411270936,-0.0017443660703871378,True
604,365,0.35684545344550717,0.3551327721034975,-0.001712681342009692,True
605,365,0.3577481432679282,0.356030805815342,-0.0017173374525861762,True
606,365,0.35815629392975945,0.356440024140725,-0.0017162697890344414,True
607,365,0.3584987073952158,0.3567374090794413,-0.0017612983157744844,True
608,365,0.3580138510336816,0.35597670596239256,-0.002037145071289048,True
609,365,0.3572991999655905,0.355264416328975,-0.0020347836366155225,True
610,365,0.35615812254585233,0.35391996243418894,-0.00223816011166339,True
611,365,0.3549452899360813,0.3521505947121015,-0.0027946952239798484,True
612,365,0.35299089383410287,0.34987967713443824,-0.0031112166996646318,True
613,365,0.35000167446076524,0.34653097912301956,-0.0034706953377456884,True
614,365,0.34660909229441234,0.34292967406447866,-0.003679418229933673,True
615,365,0.34356324584780046,0.33967533542501105,-0.003887910422789409,True
616,365,0.3416505336829324,0.3377795836285544,-0.0038709500543779862,True
617,365,0.34016536972023564,0.3363033896996821,-0.003861980020553546,True
618,365,0.33922742445092924,0.335561874995837,-0.003665549455092232,True
619,365,0.3390788865414635,0.3352653854809453,-0.0038135010605181985,True
620,365,0.33975240422479563,0.33568735568139885,-0.0040650485433967876,True
621,365,0.33999200853605027,0.3360215237243196,-0.003970484811730679,True
622,365,0.3403234056559152,0.3365059855270289,-0.0038174201288863063,True
623,365,0.3404118732949918,0.3373713610234843,-0.0030405122715074784,True
624,365,0.341424128415644,0.3383694491915804,-0.0030546792240636056,True
625,365,0.342933899796771,0.34007053919752656,-0.002863360599244469,True
626,365,0.3450064239042101,0.34229420039136355,-0.0027122235128465566,True
627,365,0.3473314310893218,0.3448416542089787,-0.0024897768803430753,True
628,365,0.3496191247187957,0.3472024978227574,-0.0024166268960382764,True
629,365,0.35115537381892464,0.3487707661185327,-0.0023846077003919497,True
630,365,0.35224470070060326,0.3502080469321298,-0.002036653768473451,True
631,365,0.3532316004786354,0.3512446131921038,-0.001986987286531572,True
632,365,0.3542197365362146,0.35215130348329926,-0.0020684330529153194,True
633,365,0.35547281619251014,0.3530641697502933,-0.002408646442216833,True
634,365,0.3562512849483406,0.3537205054991718,-0.0025307794491687963,True
635,365,0.35710334133474697,0.35442683770897415,-0.002676503625772819,True
636,365,0.3575489672890634,0.35478606010004776,-0.0027629071890156176,True
637,365,0.35779951813315136,0.35498701716578623,-0.002812500967365128,True
638,365,0.35844610245483055,0.3553827831571284,-0.0030633192977021495,True
639,365,0.3592914608594949,0.3559560474858341,-0.003335413373660834,True
640,365,0.3607688906317483,0.35745774803035146,-0.0033111426013968104,True
641,365,0.3620955899772009,0.35840575499171556,-0.003689834985485363,True
642,365,0.36183590649811914,0.3579534944158319,-0.0038824120822872343,True
643,365,0.35943694202828846,0.35520631933154045,-0.00423062269674801,True
644,365,0.35595876852901454,0.3549118500388893,-0.001046918490125226,True
645,365,0.35482020479309784,0.3553092514869261,0.0004890466938282656,False
646,365,0.3517561591076159,0.35188668456928096,0.0001305254616650875,False
647,365,0.3476267705698748,0.3485043179375879,0.0008775473677131163,False
648,365,0.3430822562604714,0.3441397018506835,0.0010574455902120916,False
649,365,0.33983274420094245,0.3409922147146,0.0011594705136575567,False
650,365,0.33870125701413123,0.3396882545511942,0.0009869975370629946,False
651,365,0.33883224878842794,0.3396028783162335,0.0007706295278055442,False
652,365,0.33889720904688836,0.33952321908075184,0.0006260100338634778,False
653,365,0.3390009283598845,0.3386535850786841,-0.00034734328120039626,True
654,365,0.3389224026683667,0.3393076581688551,0.00038525550048840174,False
655,365,0.33829338677463083,0.3386394824032193,0.0003460956285884498,False
656,365,0.33742746129924156,0.3376644899279924,0.00023702862875085717,False
657,365,0.3370297551199311,0.33691184001687136,-0.00011791510305975139,True
658,365,0.336515173918521,0.3362826636732845,-0.00023251024523646135,True
659,365,0.3360283972612785,0.335720435697813,-0.0003079615634654642,True
660,365,0.33551677706537575,0.3352400392664117,-0.00027673779896403294,True
661,365,0.3351661231625224,0.33489544731501536,-0.00027067584750706253,True
662,365,0.33542456390529923,0.33490565875379325,-0.0005189051515059884,True
663,365,0.33588628600324455,0.3353858899080605,-0.0005003960951840414,True
664,365,0.3363465435908356,0.33586442507460784,-0.0004821185162277586,True
665,365,0.33684474950794824,0.3361744821045331,-0.0006702674034151368,True
666,365,0.3380465616251633,0.3373545986902981,-0.0006919629348651757,True
667,365,0.340518205419984,0.33973034248999295,-0.0007878629299910567,True
668,365,0.3435092755048185,0.34253063459944033,-0.000978640905378192,True
669,365,0.3463985001243855,0.34528810837848156,-0.001110391745903938,True
670,365,0.3491256820270502,0.3478229958629153,-0.0013026861641348697,True
671,365,0.3520339348051904,0.35049226832467023,-0.0015416664805201763,True
672,365,0.35444338123633096,0.3527377934253264,-0.0017055878110045497,True
673,365,0.356267179108392,0.35451772298347184,-0.0017494561249201679,True
674,365,0.3581601215869236,0.3563797772922587,-0.0017803442946648929,True
675,365,0.3600147192647973,0.35808770120327243,-0.0019270180615248433,True
676,365,0.36179750215512696,0.35969920668786265,-0.0020982954672643106,True
677,365,0.36318888566792157,0.36075856450965293,-0.0024303211582686335,True
678,365,0.3630672152464707,0.3612095818793757,-0.0018576333670949907,True
679,365,0.3625526094078906,0.36020913966617973,-0.0023434697417108463,True
680,365,0.3609233547923347,0.358254947054528,-0.002668407737806744,True
681,365,0.36011215982714695,0.3573883749682929,-0.0027237848588540503,True
682,365,0.35898768243936796,0.3565678842992237,-0.002419798140144258,True
683,365,0.3579900217916698,0.3560276040026379,-0.0019624177890318895,True
684,365,0.35727234093956023,0.3556417316798153,-0.0016306092597449529,True
685,365,0.35721842911410273,0.3556133437299563,-0.001605085384146443,True
686,365,0.35769615697307994,0.35612860418245235,-0.001567552790627591,True
687,365,0.3584143403810103,0.35678686212698424,-0.001627478254026038,True
688,365,0.35887525890504435,0.35733243730032965,-0.0015428216047146948,True
689,365,0.3586860355148556,0.3572987829154014,-0.001387252599454214,True
690,365,0.35818175540192093,0.35644184267628354,-0.0017399127256373936,True
691,365,0.3572313603516458,0.3553340153483334,-0.0018973450033124006,True
692,365,0.3562095594039582,0.3538482323726237,-0.0023613270313345147,True
693,365,0.3545087910276391,0.35185237166380734,-0.0026564193638317635,True
694,365,0.35234245037845713,0.3495126942197026,-0.002829756158754526,True
695,365,0.34984526321676773,0.3465195191804385,-0.0033257440363292368,True
696,365,0.34679330387841995,0.34331873370042065,-0.003474570177999292,True
697,365,0.34404035789761633,0.34033598274990917,-0.003704375147707162,True
698,365,0.341192976288347,0.3373576243640799,-0.003835351924267094,True
699,365,0.33938693991534735,0.3354947477091597,-0.003892192206187639,True
700,365,0.3383661132860273,0.33449078810057303,-0.003875325185454248,True
701,365,0.3386853414495951,0.3346053034472126,-0.004080038002382491,True
702,365,0.33927895760620386,0.3352181695325158,-0.0040607880736880375,True
703,365,0.3400965331458892,0.3362228822586268,-0.0038736508872624364,True
704,365,0.3402779972741766,0.336755975316254,-0.0035220219579226164,True
705,365,0.3407954996689989,0.3379118256725836,-0.0028836739964153146,True
706,365,0.3415523853531991,0.3384883092744846,-0.003064076078714506,True
707,365,0.34290215664722434,0.34008533835565874,-0.0028168182915656037,True
708,365,0.3447659391656339,0.3423436940592272,-0.0024222451064067063,True
709,365,0.34713807225433796,0.3446223612093845,-0.0025157110449534614,True
710,365,0.3494218184674886,0.34696366405564594,-0.0024581544118426613,True
711,365,0.3506499208171999,0.34843449869274545,-0.002215422124454469,True
712,365,0.35158678606707927,0.3495907059272097,-0.0019960801398695716,True
713,365,0.3529112375626964,0.3509087948765878,-0.002002442686108552,True
714,365,0.3541984286745156,0.35228133357140184,-0.001917095103113775,True
715,365,0.35541435496229534,0.3533251865909024,-0.0020891683713929465,True
716,365,0.35617954327059387,0.3537789517946235,-0.0024005914759703817,True
717,365,0.3568387094608207,0.35417905486637175,-0.002659654594448946,True
718,365,0.35696306641849623,0.35423111562931786,-0.0027319507891783723,True
719,365,0.35739381607065995,0.35451381396696463,-0.0028800021036953227,True
720,365,0.3583734072226398,0.3552945307446227,-0.0030788764780170785,True
721,365,0.35963086680803585,0.3564415918443443,-0.003189274963691535,True
722,365,0.3612816033184672,0.35779670697136684,-0.0034848963471003636,True
723,365,0.36246012106588793,0.3588787674834001,-0.003581353582487845,True
724,365,0.3626065911410419,0.3584960264134688,-0.004110564727573096,True
725,365,0.3601780708967944,0.3558861932793031,-0.00429187761749128,True
726,365,0.3568157831356023,0.3558000131919048,-0.0010157699436975087,True
727,365,0.3540061792761077,0.3544872062900609,0.0004810270139531947,False
728,365,0.35050563902134807,0.351182329406258,0.0006766903849099171,False
729,365,0.3456795463495339,0.34666962944806534,0.0009900830985314357,False
730,365,0.3405647631412665,0.3415641537353185,0.0009993905940520187,False
731,365,0.33728924192971155,0.33829615077795344,0.0010069088482418942,False
732,365,0.3364221603132256,0.3372203595587269,0.0007981992455013409,False
733,365,0.33654068976230544,0.3372258278043254,0.0006851380420199726,False
734,365,0.33761951838099974,0.3378255814587601,0.0002060630777603878,False
735,365,0.3378051032174927,0.3370483352016208,-0.0007567680158718781,True
736,365,0.33786629164732196,0.3378430371593209,-2.325448800105656e-05,True
737,365,0.33737593242435854,0.33757752040393085,0.00020158797957231522,False
738,365,0.33681420214632235,0.3370206470793575,0.00020644493303517697,False
739,365,0.33629788430042135,0.3363507855764135,5.290127599216765e-05,False
740,365,0.3362967322537605,0.3362110377183359,-8.569453542461858e-05,True
741,365,0.33637745458925733,0.336198140101675,-0.00017931448758234936,True
742,365,0.3358924525020848,0.3357260948172391,-0.00016635768484574154,True
743,365,0.3349449554278451,0.3347330569401715,-0.00021189848767355635,True
744,365,0.3344364452947825,0.33404348642250803,-0.0003929588722744737,True
745,365,0.3346288608646067,0.33419529907931383,-0.0004335617852928575,True
746,365,0.33491611458852394,0.3344633671939467,-0.00045274739457723534,True
747,365,0.3352777078715029,0.3348042202114983,-0.0004734876600046012,True
748,365,0.33681916821664365,0.3362612051851702,-0.0005579630314734296,True
749,365,0.3393075373988118,0.33870998990869244,-0.0005975474901193656,True
750,365,0.3424281584789599,0.3417242354452896,-0.000703923033670284,True
751,365,0.34572004287617286,0.34481904299559135,-0.00090099988058151,True
752,365,0.3483661946435269,0.3474373288896156,-0.0009288657539113232,True
753,365,0.3506354613111973,0.3495311223261348,-0.001104338985062514,True
754,365,0.3527375822037628,0.3513236187931545,-0.0014139634106082877,True
755,365,0.3548195748469637,0.35317929745034343,-0.00164027739662026,True
756,365,0.35709192858039757,0.35533692986372184,-0.0017549987166757264,True
757,365,0.35951653057075356,0.35761332986397965,-0.001903200706773911,True
758,365,0.3615961678671117,0.35950674876217287,-0.0020894191049388167,True
759,365,0.36344657745570874,0.36097898368737613,-0.00246759376833261,True
760,365,0.36388015601103324,0.36200255265837533,-0.0018776033526579083,True
761,365,0.36337176600153204,0.36094719679716647,-0.0024245692043655676,True
762,365,0.3619467723082283,0.35926788226374007,-0.0026788900444882358,True
763,365,0.3607530708922488,0.3580180964264945,-0.0027349744657542696,True
764,365,0.3594186797756002,0.3570629464735448,-0.002355733302055407,True
765,365,0.35851302640783234,0.3565499557107254,-0.001963070697106939,True
766,365,0.35803203927421157,0.3563893104350695,-0.0016427288391420714,True
767,365,0.357728024468222,0.35635148995308646,-0.0013765345151355302,True
768,365,0.35783152217359254,0.3564359062730429,-0.0013956159005496516,True
769,365,0.3581613697271546,0.356811314627462,-0.0013500550996926042,True
770,365,0.35872826224605076,0.35731354619570804,-0.0014147160503427125,True
771,365,0.35835317798859045,0.35706943583216527,-0.0012837421564251827,True
772,365,0.3580794825096414,0.3563844393654501,-0.0016950431441912772,True
773,365,0.35673429715082733,0.35506269297622245,-0.0016716041746048793,True
774,365,0.35562182892657695,0.3533945561264686,-0.002227272800108371,True
775,365,0.35362149334136705,0.3511843024612526,-0.0024371908801144593,True
776,365,0.3514744012438854,0.3488015159377132,-0.0026728853061722124,True
777,365,0.3490637245259198,0.34614858644974617,-0.0029151380761736623,True
778,365,0.34681597972202816,0.3434733231026341,-0.0033426566193940355,True
779,365,0.34414790705446663,0.34067227228046415,-0.0034756347740024784,True
780,365,0.3416175371800257,0.33792362162272294,-0.0036939155573027516,True
781,365,0.33922336120142144,0.3354023729955224,-0.003820988205899045,True
782,365,0.33844953408160594,0.3342853216433432,-0.00416421243826276,True
783,365,0.3388893933674613,0.3346860775529997,-0.00420331581446165,True
784,365,0.3396870591688059,0.33572765938048355,-0.003959399788322382,True
785,365,0.34038437122048576,0.33673100681522367,-0.003653364405262094,True
786,365,0.3408842819210523,0.33734246259463996,-0.003541819326412343,True
787,365,0.3415083621189546,0.33855680162881735,-0.0029515604901372283,True
788,365,0.3418654999642176,0.33897561968635564,-0.002889880277861967,True
789,365,0.3426999178996237,0.33986371080380073,-0.00283620709582294,True
790,365,0.34426196943444215,0.3417961229588546,-0.002465846475587563,True
791,365,0.3463043760301337,0.343928994913255,-0.002375381116878683,True
792,365,0.34861409113008374,0.34621686532438717,-0.002397225805696568,True
793,365,0.3499132785477891,0.34772826102612714,-0.002185017521661947,True
794,365,0.35078012512978224,0.3488377201345496,-0.0019424049952326272,True
795,365,0.35217599321944126,0.350193430889668,-0.0019825623297732853,True
796,365,0.3539123416738466,0.35188089364097924,-0.0020314480328673667,True
797,365,0.3549135924339981,0.3530050880096514,-0.001908504424346702,True
798,365,0.35523765513791455,0.3530997786334318,-0.002137876504482772,True
799,365,0.35534565229932424,0.3528991297553583,-0.0024465225439659344,True
800,365,0.356120549491155,0.3532846233505495,-0.002835926140605516,True
801,365,0.3569960637356429,0.3539460233523972,-0.003050040383245689,True
802,365,0.3583993106176567,0.35522288947983555,-0.0031764211378211282,True
803,365,0.3598455789629711,0.3565688245849296,-0.00327675437804148,True
804,365,0.3616426490830883,0.35809111346622374,-0.003551535616864554,True
805,365,0.3632402499453165,0.35945822954439827,-0.00378202040091824,True
806,365,0.3629515597755433,0.3588933204510795,-0.004058239324463753,True
807,365,0.3608229946802036,0.35662189446991427,-0.004201100210289355,True
808,365,0.3577925005991503,0.3569055590598257,-0.000886941539324615,True
809,365,0.3567953402972976,0.35694799642036623,0.00015265612306863963,False
810,365,0.35356980640966784,0.35440352410863457,0.0008337176989667294,False
811,365,0.3495311756159533,0.35007909834661954,0.0005479227306662282,False
812,365,0.3442947666007574,0.345166711540778,0.0008719449400205748,False
813,365,0.3389281951777885,0.3399587195594845,0.0010305243816959853,False
814,365,0.33565044336825267,0.3364956565898289,0.0008452132215762131,False
815,365,0.33482391401912437,0.33546358880104676,0.0006396747819223947,False
816,365,0.33535635383218027,0.33564468308313,0.00028832925094973705,False
817,365,0.33571924838025824,0.33568384885320496,-3.539952705328142e-05,True
818,365,0.3364250725681941,0.3351579537159403,-0.001267118852253779,True
819,365,0.33691017038059834,0.336300487468246,-0.0006096829123523606,True
820,365,0.3369486030896088,0.33693420792211276,-1.4395167496017436e-05,True
821,365,0.33672116050830986,0.3366913100565746,-2.9850451735258243e-05,True
822,365,0.33666209875012154,0.33650454635864785,-0.00015755239147369204,True
823,365,0.33641852826409824,0.3362962670030288,-0.00012226126106945623,True
824,365,0.33656516322903673,0.33636510603595954,-0.0002000571930771966,True
825,365,0.3360331864813377,0.33582863041603617,-0.00020455606530150883,True
826,365,0.33505355622149524,0.3348479455710836,-0.00020561065041163618,True
827,365,0.33431271258105133,0.3339433031315088,-0.00036940944954255706,True
828,365,0.3340474900066435,0.3336544303290636,-0.00039305967757991,True
829,365,0.3339820103254876,0.33366854273678015,-0.00031346758870742786,True
830,365,0.33469320112514167,0.3342741885581013,-0.0004190125670403555,True
831,365,0.33607373690996,0.3357944738518677,-0.0002792630580922828,True
832,365,0.33854884604642027,0.3383443024791908,-0.00020454356722948708,True
833,365,0.34175229463037143,0.3413178929711584,-0.0004344016592130462,True
834,365,0.34479912056409706,0.3441824360452956,-0.0006166845188014802,True
835,365,0.34723291446859433,0.34645859021360625,-0.0007743242549880791,True
836,365,0.34900379477858906,0.34816524663343107,-0.0008385481451579913,True
837,365,0.3508453684363714,0.34960801108323336,-0.0012373573531380133,True
838,365,0.3529959700323306,0.3514528633401282,-0.0015431066922023673,True
839,365,0.35547501694740724,0.35380013750854244,-0.0016748794388647958,True
840,365,0.35841118064906013,0.35660513861136833,-0.0018060420376918018,True
841,365,0.36115627841828873,0.35924809744589276,-0.0019081809723959786,True
842,365,0.3632793221371267,0.36120260996979225,-0.00207671216733446,True
843,365,0.36451783500150897,0.36264844354316284,-0.0018693914583461368,True
844,365,0.36435916912047356,0.36209493153561123,-0.0022642375848623275,True
845,365,0.3634355688986803,0.36087874227393,-0.0025568266247502636,True
846,365,0.3626875178619596,0.3600334479436476,-0.002654069918311963,True
847,365,0.36088398623402074,0.35866682101814207,-0.002217165215878669,True
848,365,0.3594734222975996,0.357645329733239,-0.0018280925643606172,True
849,365,0.3584343998715898,0.3569455125230344,-0.001488887348555401,True
850,365,0.3576956778975709,0.3563612120191251,-0.001334465878445823,True
851,365,0.3572071034683087,0.35612431534352873,-0.0010827881247799653,True
852,365,0.3571015887599781,0.35590204094084266,-0.0011995478191354492,True
853,365,0.3574923878306144,0.3563086678901591,-0.0011837199404552967,True
854,365,0.3574147666682905,0.35614199339604125,-0.001272773272249228,True
855,365,0.35688524662412857,0.3553461345431236,-0.0015391120810049896,True
856,365,0.35584044673086973,0.35441756711017725,-0.0014228796206924854,True
857,365,0.35454752256356065,0.35259159785097943,-0.001955924712581214,True
858,365,0.3524556682150091,0.3501930266527504,-0.0022626415622586937,True
859,365,0.35032434719106265,0.3479123297533348,-0.0024120174377278425,True
860,365,0.3483126904315794,0.34564298979588,-0.0026697006356994346,True
861,365,0.3464828792225786,0.3433556245115112,-0.0031272547110673954,True
862,365,0.34420480768311157,0.3408205420375805,-0.0033842656455310705,True
863,365,0.3422320511091188,0.33850852608472903,-0.0037235250243897733,True
864,365,0.3402950425482481,0.33643592409476675,-0.0038591184534813583,True
865,365,0.33946561055108715,0.33521152387340974,-0.0042540866776774044,True
866,365,0.3394387671240312,0.3352418616798373,-0.004196905444193877,True
867,365,0.34009743134205217,0.3359092767082071,-0.004188154633845087,True
868,365,0.34069409806981715,0.33722080144045224,-0.003473296629364908,True
869,365,0.341294589867312,0.3377426242284194,-0.0035519656388925958,True
870,365,0.34161435294702114,0.33895196870988115,-0.002662384237139992,True
871,365,0.3422955172680694,0.3394424656290716,-0.0028530516389977945,True
872,365,0.3426664136430781,0.33999372877971057,-0.002672684863367525,True
873,365,0.34376966897005823,0.34113516924354254,-0.0026344997265156933,True
874,365,0.345313159372382,0.3428656081910076,-0.0024475511813744077,True
875,365,0.34718967589856203,0.3448584307063579,-0.0023312451922041233,True
876,365,0.3487085532611894,0.34645853645118424,-0.00225001681000514,True
877,365,0.34979405134038355,0.34770691963161354,-0.002087131708770007,True
878,365,0.35103976275590865,0.34907236892969734,-0.0019673938262113055,True
879,365,0.3529457219528862,0.3508150844781204,-0.0021306374747658285,True
880,365,0.3540943950889259,0.3517733683262739,-0.0023210267626519454,True
881,365,0.3541579759690866,0.3518217826088963,-0.0023361933601903084,True
882,365,0.3538393677424372,0.3515294165409581,-0.002309951201479088,True
883,365,0.35530476403181566,0.3523414565221064,-0.0029633075097092454,True
884,365,0.35653735500943007,0.3533689711062858,-0.0031683839031442784,True
885,365,0.35812500545907805,0.3548366879861115,-0.00328831747296654,True
886,365,0.3600774409858098,0.35654815862300787,-0.003529282362801922,True
887,365,0.3620703831556438,0.35823132103422567,-0.0038390621214181575,True
888,365,0.3633482266284254,0.35950096659338066,-0.003847260035044764,True
889,365,0.3632504850096855,0.3592949031635547,-0.003955581846130762,True
890,365,0.3613724140139366,0.35747544351015753,-0.0038969705037790736,True
891,365,0.35867654264350585,0.3577883150014726,-0.0008882276420332236,True
892,365,0.35693962624353587,0.35726677286083375,0.00032714661729787986,False
893,365,0.3531904674709813,0.35348640236810436,0.0002959348971230402,False
894,365,0.3488130077063771,0.34938891615133477,0.0005759084449576957,False
895,365,0.3440299194875709,0.3448577933656084,0.0008278738780375106,False
896,365,0.3385909655940155,0.3395288148170353,0.0009378492230197599,False
897,365,0.3349958351573823,0.33588605309369557,0.0008902179363132756,False
898,365,0.33322037208346206,0.3337711523618142,0.0005507802783521476,False
899,365,0.3339031299129333,0.33413301473053664,0.0002298848176033319,False
900,365,0.3344845512112752,0.33447926090151636,-5.2903097588208325e-06,True
901,365,0.33514738315688625,0.3337833066994266,-0.001364076457459673,True
902,365,0.3359311568969877,0.3349339888606299,-0.0009971680363577984,True
903,365,0.3368589826148334,0.3365709409655856,-0.0002880416492477833,True
904,365,0.3373501595139568,0.3370991074290266,-0.00025105208493020337,True
905,365,0.3375409361949859,0.33709617889496796,-0.00044475730001791725,True
906,365,0.33740625227390864,0.33703128047159525,-0.0003749718023133841,True
907,365,0.3372728510566981,0.33686169203479766,-0.0004111590219004202,True
908,365,0.33673958061201664,0.3363500878122271,-0.0003894927997895592,True
909,365,0.3360542050289108,0.3357749701046272,-0.0002792349242836112,True
910,365,0.3349808889958796,0.33455836179537435,-0.0004225272005052294,True
911,365,0.33430392053520647,0.3338353454751712,-0.00046857506003528115,True
912,365,0.3343043551284562,0.3339721498984704,-0.0003322052299857825,True
913,365,0.33491516912753083,0.3347593763162189,-0.00015579281131195,True
914,365,0.3365445418777967,0.3363771887955745,-0.00016735308222221024,True
915,365,0.33870905503779464,0.338559816558637,-0.00014923847915765398,True
916,365,0.3409556800442717,0.3409262549891167,-2.942505515496352e-05,True
917,365,0.3433801981022521,0.34309780499471365,-0.00028239310753847,True
918,365,0.3454751486080023,0.3449963278678679,-0.00047882074013444464,True
919,365,0.34693383585637894,0.346229486563587,-0.0007043492927919504,True
920,365,0.348766322711038,0.34767001906999334,-0.0010963036410446825,True
921,365,0.3509850846467543,0.3496381332247982,-0.0013469514219561218,True
922,365,0.3535753273473742,0.3521489338546022,-0.0014263934927719601,True
923,365,0.35635046546186266,0.3547729557290546,-0.001577509732808069,True
924,365,0.3598044773126456,0.35810952664113316,-0.0016949506715124296,True
925,365,0.3627274301304892,0.3607930113014064,-0.0019344188290827957,True
926,365,0.3645540112102738,0.3629100297517342,-0.0016439814585396118,True
927,365,0.36506053030733004,0.3628950014045533,-0.00216552890277677,True
928,365,0.36435105099500936,0.36192797795165615,-0.0024230730433532077,True
929,365,0.3641326525637342,0.3615399538757004,-0.002592698688033801,True
930,365,0.3623603099478501,0.3601017528023046,-0.0022585571455455145,True
931,365,0.36039861769860965,0.3585571436595813,-0.0018414740390283457,True
932,365,0.3585089323508522,0.35681471821584415,-0.001694214135008032,True
933,365,0.35688691675495837,0.3556688814292374,-0.0012180353257209564,True
934,365,0.3559452677641923,0.3547688605138519,-0.00117640725034035,True
935,365,0.3559085514665088,0.3545668131987743,-0.0013417382677344825,True
936,365,0.355789291565708,0.3545784333036553,-0.0012108582620526942,True
937,365,0.35562099089147675,0.3543757307795234,-0.0012452601119533613,True
938,365,0.3548447298265684,0.3536806933039083,-0.0011640365226601168,True
939,365,0.354309665571023,0.35268461440394977,-0.0016250511670732326,True
940,365,0.35300937253339904,0.3514217412815295,-0.001587631251869559,True
941,365,0.35115910804972555,0.349258811837471,-0.0019002962122545708,True
942,365,0.3493001518701583,0.34715012344872975,-0.0021500284214285292,True
943,365,0.3474794752762779,0.34508922185105884,-0.002390253425219091,True
944,365,0.3457397506191826,0.34302045610516974,-0.002719294514012871,True
945,365,0.34436782671939764,0.3412086438700771,-0.003159182849320541,True
946,365,0.342882035922053,0.33928845519199236,-0.0035935807300606637,True
947,365,0.34188465626066616,0.33801865770475437,-0.003865998555911798,True
948,365,0.340967141251907,0.33684038102896247,-0.004126760222944559,True
949,365,0.33991777775723075,0.3358392017177558,-0.004078576039474979,True
950,365,0.3397909101426719,0.33576406393185754,-0.004026846210814339,True
951,365,0.3403304988000156,0.33652584542217234,-0.003804653377843248,True
952,365,0.34102062907704056,0.3374931886656755,-0.003527440411365046,True
953,365,0.34172007106530883,0.3391736867870946,-0.002546384278214242,True
954,365,0.34197226247906964,0.33960362424472307,-0.002368638234346576,True
955,365,0.3426140526056313,0.34008736483717433,-0.002526687768456992,True
956,365,0.34324474482670597,0.34057905954756984,-0.002665685279136132,True
957,365,0.34407680322365414,0.3414795956073173,-0.0025972076163368607,True
958,365,0.34539263731813136,0.3429038622915631,-0.0024887750265682462,True
959,365,0.3469360907774604,0.3445613021892041,-0.0023747885882562936,True
960,365,0.3484192843444166,0.3461988311100493,-0.0022204532343673145,True
961,365,0.35010566861867953,0.34785846658373953,-0.002247202034939999,True
962,365,0.3516624414591652,0.3492116317194228,-0.0024508097397423767,True
963,365,0.3528405588377525,0.35024224438613333,-0.002598314451619177,True
964,365,0.3532913402785014,0.3506253892383013,-0.0026659510402001207,True
965,365,0.35380851878271485,0.3512623883502916,-0.0025461304324232437,True
966,365,0.3553579807613925,0.3521249510453921,-0.003233029716000424,True
967,365,0.3568220055443735,0.3533318816611021,-0.003490123883271412,True
968,365,0.3583043985919816,0.3547766938842266,-0.003527704707754986,True
969,365,0.3600503753477391,0.35631613284863467,-0.003734242499104423,True
970,365,0.3621718170746592,0.35819363264279724,-0.003978184431861931,True
971,365,0.3632328657518565,0.3594134558958729,-0.0038194098559835576,True
972,365,0.362949999662831,0.3591224570883065,-0.0038275425745245006,True
973,365,0.36140707029916674,0.3575374437276962,-0.0038696265714705524,True
974,365,0.35891553283032857,0.35808262436163085,-0.0008329084686977128,True
975,365,0.3571801749385284,0.35811603864472497,0.0009358637061965824,False
976,365,0.3534683069417405,0.35366961249893275,0.00020130555719227727,False
977,365,0.34923306250205033,0.349707903910179,0.0004748414081286456,False
978,365,0.3442449474365627,0.3450580116578423,0.0008130642212795802,False
979,365,0.3383189116518225,0.3393257841670717,0.0010068725152492242,False
980,365,0.33417797612120465,0.3350287277088306,0.0008507515876259308,False
981,365,0.3330080586094101,0.333468255910006,0.00046019730059593256,False
982,365,0.3330644352449189,0.3332674239483561,0.00020298870343721243,False
983,365,0.3335898227147797,0.3331655984298147,-0.0004242242849650246,True
984,365,0.3344850412567869,0.33292547869368966,-0.0015595625630972498,True
985,365,0.33585280082534863,0.33443681288185034,-0.001415987943498287,True
986,365,0.33736927405901296,0.3369254290004059,-0.0004438450586070619,True
987,365,0.3387074052593274,0.338121897318314,-0.000585507941013419,True
988,365,0.3393869728449302,0.3387312382784614,-0.0006557345664687797,True
989,365,0.33966281064174814,0.33882466250025434,-0.0008381481414937997,True
990,365,0.33954023641604253,0.3388346016027154,-0.0007056348133271384,True
991,365,0.33921917710174143,0.33871466422447705,-0.0005045128772643848,True
992,365,0.33893794439611297,0.3381693688049357,-0.0007685755911772674,True
993,365,0.33761829360591816,0.33703248527346463,-0.0005858083324535301,True
994,365,0.33653529894044937,0.33605597868585635,-0.00047932025459301864,True
995,365,0.3361314502003542,0.3355810025926531,-0.0005504476077010656,True
996,365,0.33632763675384,0.33606878199424917,-0.0002588547595908097,True
997,365,0.3377711685790902,0.3375623464395067,-0.0002088221395834533,True
998,365,0.33894884736109476,0.3388111277005176,-0.00013771966057718465,True
999,365,0.34078596756375124,0.3407557735163902,-3.019404736104292e-05,True
1000,365,0.34205911657889426,0.3421508808660645,9.176428717022622e-05,False
1001,365,0.3435153593852248,0.34323437990195627,-0.0002809794832685508,True
1002,365,0.3447627840113073,0.3442342663253509,-0.0005285176859563534,True
1003,365,0.34654627637322555,0.34569693953158304,-0.0008493368416425118,True
1004,365,0.3486196371201487,0.34733206389104293,-0.0012875732291057762,True
1005,365,0.3511563498148989,0.349860468793349,-0.0012958810215499272,True
1006,365,0.3541290062160345,0.3526496502415491,-0.0014793559744853968,True
1007,365,0.35761866337436743,0.35615962873266854,-0.0014590346416988864,True
1008,365,0.36051895678249596,0.3590671838134503,-0.0014517729690456393,True
1009,365,0.36300583110150764,0.3616102818112314,-0.0013955492902762434,True
1010,365,0.3642297892491079,0.36238360509429046,-0.0018461841548174651,True
1011,365,0.364470207738034,0.3621608726317702,-0.002309335106263799,True
1012,365,0.36464821601456393,0.3621191490524965,-0.00252906696206745,True
1013,365,0.36302424127775157,0.36074991099170794,-0.0022743302860436243,True
1014,365,0.3606948251411728,0.35877941369885175,-0.0019154114423210467,True
1015,365,0.3581472446862895,0.3564735714932549,-0.001673673193034575,True
1016,365,0.3559515681848331,0.35442399979632067,-0.0015275683885124236,True
1017,365,0.35457559660432575,0.35328531930191925,-0.001290277302406495,True
1018,365,0.35452343931710695,0.35299529461723395,-0.001528144699873002,True
1019,365,0.3542346071077039,0.35278664557549455,-0.0014479615322093298,True
1020,365,0.35403427519925457,0.35269844066463363,-0.0013358345346209388,True
1021,365,0.35333995775019883,0.35222984130524615,-0.0011101164449526801,True
1022,365,0.35293806960132723,0.3513768341623188,-0.0015612354390084349,True
1023,365,0.3516326940184951,0.35025391224017866,-0.0013787817783164624,True
1024,365,0.3500925167456666,0.3483528701575285,-0.0017396465881380774,True
1025,365,0.3484604353262978,0.3465837910151473,-0.0018766443111504771,True
1026,365,0.34697837320262037,0.3448168174448464,-0.002161555757773992,True
1027,365,0.34584531715419226,0.343386088993142,-0.002459228161050264,True
1028,365,0.34493488144679846,0.3420000507838507,-0.0029348306629477516,True
1029,365,0.34450807212319623,0.3410780295726145,-0.0034300425505817134,True
1030,365,0.3437472365008158,0.3398657386067915,-0.0038814978940243106,True
1031,365,0.3424793623010902,0.3385691252601201,-0.003910237040970099,True
1032,365,0.3409485124965061,0.337110567146041,-0.0038379453504651106,True
1033,365,0.3398472577494977,0.33599427209240673,-0.003852985657090968,True
1034,365,0.3397766353939719,0.33600858557253693,-0.003768049821434971,True
1035,365,0.3406900195090011,0.3370001641423083,-0.0036898553666927514,True
1036,365,0.3414228518222709,0.33889391131383767,-0.0025289405084332195,True
1037,365,0.34171741106828907,0.3393155849813321,-0.002401826086956993,True
1038,365,0.34234726324677045,0.3396375512895141,-0.0027097119572563333,True
1039,365,0.3427611346088274,0.33996434100118567,-0.0027967936076417343,True
1040,365,0.34294362204224765,0.3402611810611485,-0.0026824409810991545,True
1041,365,0.34337406843077806,0.34074176877953893,-0.002632299651239123,True
1042,365,0.34489617214149754,0.34229612672995385,-0.0026000454115436833,True
1043,365,0.34701642083332657,0.34454061880370235,-0.002475802029624219,True
1044,365,0.34897011646854836,0.34664949097556785,-0.0023206254929805104,True
1045,365,0.3508912672227305,0.34837282461521274,-0.002518442607517768,True
1046,365,0.3522345900342652,0.3495055635927646,-0.002729026441500637,True
1047,365,0.3532946090669442,0.3504799600305863,-0.002814649036357919,True
1048,365,0.3539415817645107,0.3512174290356342,-0.0027241527288764944,True
1049,365,0.35500361853756723,0.35199134949328376,-0.0030122690442834776,True
1050,365,0.3569157670314251,0.3533024540358148,-0.003613312995610296,True
1051,365,0.3579795946986952,0.35427597640373193,-0.0037036182949632956,True
1052,365,0.35965123133746224,0.3556820994228389,-0.003969131914623336,True
1053,365,0.3615568931758112,0.3575174589495604,-0.004039434226250804,True
1054,365,0.36266537215607214,0.35864282741758696,-0.004022544738485179,True
1055,365,0.36236137913122596,0.3585912409343496,-0.0037701381968763825,True
1056,365,0.36095223334821425,0.35724381143963874,-0.00370842190857551,True
1057,365,0.35855012017406174,0.35809999768124784,-0.00045012249281389805,True
1058,365,0.35772221354839534,0.35873883372882703,0.0010166201804316932,False
1059,365,0.3535376062461613,0.35367207727074657,0.00013447102458524762,False
1060,365,0.3491794884136284,0.34956657957564163,0.00038709116201324223,False
1061,365,0.34410094639704253,0.3448770318954856,0.0007760854984430465,False
1062,365,0.33885340154127364,0.3396296978036961,0.0007762962624224823,False
1063,365,0.3351466050794293,0.33578144929080267,0.0006348442113733865,False
1064,365,0.33339745555480554,0.333749610529183,0.000352154974377461,False
1065,365,0.332962816168524,0.3328181646876842,-0.00014465148083980806,True
1066,365,0.3335215389882767,0.3329626147789322,-0.0005589242093445024,True
1067,365,0.334687925244087,0.3332617230782271,-0.0014262021658599244,True
1068,365,0.33644574553186,0.33514210331011113,-0.0013036422217488908,True
1069,365,0.3383235803597597,0.3378307862850737,-0.0004927940746859982,True
1070,365,0.34014745274226005,0.33944874311808093,-0.0006987096241791169,True
1071,365,0.34136482179456906,0.3406156455514101,-0.0007491762431589555,True
1072,365,0.34272124499006473,0.3418021501406545,-0.000919094849410218,True
1073,365,0.34305533747702566,0.3421352999861161,-0.0009200374909095754,True
1074,365,0.34321868539917416,0.34236719778069735,-0.0008514876184768094,True
1075,365,0.3426928085745285,0.34174839220875713,-0.0009444163657713611,True
1076,365,0.34145519071664676,0.3406107567075312,-0.0008444340091155467,True
1077,365,0.33989078371648135,0.3391151730104543,-0.0007756107060270523,True
1078,365,0.3387586656215137,0.3381562925020915,-0.0006023731194221837,True
1079,365,0.3382968114925348,0.33779775853771343,-0.0004990529548213885,True
1080,365,0.33863403698524575,0.3382824296468205,-0.0003516073384252638,True
1081,365,0.3394615172302447,0.3392745765492812,-0.0001869406809634766,True
1082,365,0.3401333681960657,0.3402231116023604,8.974340629469557e-05,False
1083,365,0.3406486516143068,0.3407551066372109,0.00010645502290412834,False
1084,365,0.34139112094206037,0.34130859375,-8.252719206036652e-05,True
1085,365,0.3424928826615867,0.34205077414032603,-0.0004421085212606424,True
1086,365,0.34384524586425064,0.3430477794234799,-0.0007974664407707222,True
1087,365,0.3460081984997065,0.34479762957661464,-0.0012105689230918482,True
1088,365,0.3485278551272735,0.34727145985012775,-0.001256395277145772,True
1089,365,0.3511779483359099,0.34975991657464944,-0.0014180317612604298,True
1090,365,0.35368663382066035,0.35258937909866406,-0.001097254721996288,True
1091,365,0.3572558449933731,0.35599579358026756,-0.001260051413105534,True
1092,365,0.36028878510273793,0.35891123577635675,-0.0013775493263811778,True
1093,365,0.3624850335813399,0.36050868550206366,-0.0019763480792762134,True
1094,365,0.36326402192642154,0.36093076559282405,-0.0023332563335974887,True
1095,365,0.3637255136369171,0.3611517192044427,-0.0025737944324743522,True
1096,365,0.3622951249251327,0.36003475167176074,-0.0022603732533719723,True
1097,365,0.35999365092347874,0.35806343990847783,-0.0019302110150009044,True
1098,365,0.35707214839084833,0.35534657485210797,-0.001725573538740366,True
1099,365,0.3550562089088407,0.3533661984938826,-0.0016900104149580875,True
1100,365,0.3534686547367675,0.35194956346883904,-0.0015190912679284296,True
1101,365,0.35321677205418633,0.3516978956807656,-0.0015188763734207411,True
1102,365,0.3532299657966546,0.35169859477199805,-0.0015313710246565582,True
1103,365,0.35301959819395656,0.35158412654903565,-0.001435471644920916,True
1104,365,0.3532996070914428,0.35177605818344715,-0.0015235489079956643,True
1105,365,0.352422858870868,0.35080426359404826,-0.0016185952768197343,True
1106,365,0.3509671362288781,0.349464578319321,-0.0015025579095571118,True
1107,365,0.3496675283133803,0.3480384632982195,-0.0016290650151608022,True
1108,365,0.3480742759493488,0.34623979410561245,-0.0018344818437363575,True
1109,365,0.3469950356581825,0.34504666474124374,-0.0019483709169387797,True
1110,365,0.34665592810652734,0.3442964328860843,-0.002359495220443042,True
1111,365,0.34640737234853475,0.3437268726198261,-0.002680499728708652,True
1112,365,0.3465880259374038,0.343231254083116,-0.003356771854287788,True
1113,365,0.3458476438012738,0.34208977274849056,-0.003757871052783246,True
1114,365,0.3442896378537511,0.34040609508886643,-0.003883542764884673,True
1115,365,0.3419606497627138,0.338146168210127,-0.0038144815525867903,True
1116,365,0.3402826062603786,0.3365918705945949,-0.0036907356657837065,True
1117,365,0.3398540210267959,0.33597480211970965,-0.003879218907086257,True
1118,365,0.3400764107392578,0.3363118636290621,-0.003764547110195693,True
1119,365,0.34057581091420724,0.3381721999176485,-0.002403610996558725,True
1120,365,0.3411997128907479,0.3388561719703539,-0.002343540920394016,True
1121,365,0.3417377747802679,0.33893188826304566,-0.0028058865172222447,True
1122,365,0.341530767120207,0.33868749729894937,-0.0028432698212576546,True
1123,365,0.341435933950409,0.3387086920872213,-0.0027272418631876794,True
1124,365,0.3418932533621639,0.3391148873918909,-0.0027783659702730334,True
1125,365,0.34288907613728214,0.3401661472694292,-0.0027229288678529695,True
1126,365,0.3451514826661655,0.3424079228630398,-0.002743559803125739,True
1127,365,0.3480599984243336,0.34543349101219956,-0.0026265074121340493,True
1128,365,0.35072164645099824,0.34812392164436584,-0.0025977248066323955,True
1129,365,0.352501272780914,0.34993652934794667,-0.002564743432967309,True
1130,365,0.353497025227069,0.35051827588029316,-0.002978749346775833,True
1131,365,0.3539010575947261,0.3509200584004176,-0.002980999194308498,True
1132,365,0.35480273387236266,0.35166448597359956,-0.0031382478987631024,True
1133,365,0.3559268263572033,0.352518826059738,-0.0034080002974652968,True
1134,365,0.35737117553671305,0.35337781591072726,-0.003993359625985793,True
1135,365,0.3583922424612531,0.35431578479508585,-0.004076457666167266,True
1136,365,0.3603658492401525,0.3562944694002547,-0.004071379839897804,True
1137,365,0.3615655685927624,0.35754579990957,-0.004019768683192426,True
1138,365,0.3615732753206382,0.357819278936013,-0.0037539963846252022,True
1139,365,0.3602078986215846,0.35645269098875393,-0.0037552076328306594,True
1140,365,0.3576953654566758,0.35724358202653134,-0.000451783430144459,True
1141,365,0.35774589401730544,0.35866923067634116,0.0009233366590357117,False
1142,365,0.35427854210844223,0.3544454622606999,0.00016692015225766577,False
1143,365,0.35018934594777074,0.35051043236630314,0.0003210864185324014,False
1144,365,0.34537151833462676,0.3457889019429307,0.00041738360830395616,False
1145,365,0.34042464409581474,0.341133050703365,0.0007084066075502826,False
1146,365,0.3368596019127465,0.33739639254895926,0.0005367906362127584,False
1147,365,0.3347712499620013,0.3351064093639936,0.0003351594019923021,False
1148,365,0.33428275850342043,0.3339427118917422,-0.00034004661167824635,True
1149,365,0.33461268480130424,0.33384339106403965,-0.0007692937372645869,True
1150,365,0.335693081942357,0.33437738105781795,-0.0013157008845390283,True
1151,365,0.33746210388836895,0.3361998132740344,-0.001262290614334527,True
1152,365,0.3395979748925833,0.33884350696679194,-0.0007544679257913689,True
1153,365,0.34142636517030217,0.3405231174724184,-0.0009032476978837467,True
1154,365,0.34328435657677336,0.34228850837840114,-0.000995848198372229,True
1155,365,0.3453705799228613,0.34437775728468445,-0.000992822638176849,True
1156,365,0.34714078729724196,0.3459284742981888,-0.0012123129990531667,True
1157,365,0.34754539179561555,0.34644662249269387,-0.0010987693029216872,True
1158,365,0.34701576598557593,0.3457502128299767,-0.0012655531555992305,True
1159,365,0.34564358257744004,0.3444730674938886,-0.0011705150835514266,True
1160,365,0.3438504570779485,0.34283155508295726,-0.001018901994991217,True
1161,365,0.34197032342252665,0.3412102160476193,-0.0007601073749073373,True
1162,365,0.34065479751933747,0.33989926684943866,-0.0007555306698988073,True
1163,365,0.33980751940648646,0.33923622067030085,-0.0005712987361856103,True
1164,365,0.3394830258175358,0.3392327505286015,-0.0002502752889342874,True
1165,365,0.3396233688149647,0.33954974863610127,-7.362017886342054e-05,True
1166,365,0.33951364028282444,0.33938054053910577,-0.00013309974371866762,True
1167,365,0.33948627393472974,0.33934260282209283,-0.00014367111263691168,True
1168,365,0.34038084711718614,0.3398887122216198,-0.0004921348955663207,True
1169,365,0.3415782556276616,0.3406931467744754,-0.0008851088531862117,True
1170,365,0.3433814348722568,0.3423403642348578,-0.0010410706373989997,True
1171,365,0.345837044504468,0.3446262959451422,-0.0012107485593257916,True
1172,365,0.34821627012847145,0.3469395268194981,-0.0012767433089733715,True
1173,365,0.3503200298286152,0.34933794662783363,-0.0009820832007815805,True
1174,365,0.35387282476831233,0.35256399980512426,-0.001308824963188071,True
1175,365,0.3572828720871408,0.35596749665792576,-0.00131537542921506,True
1176,365,0.35994430727117954,0.357860379576288,-0.0020839276948915186,True
1177,365,0.36117014137559983,0.35866771425539723,-0.0025024271202025994,True
1178,365,0.36178910001812103,0.3591097599265326,-0.0026793400915884336,True
1179,365,0.3603892939799547,0.35806602008998306,-0.002323273889971611,True
1180,365,0.3581289998841394,0.35607554447357687,-0.0020534554105625102,True
1181,365,0.35546837272204823,0.353496171616269,-0.0019722011057792255,True
1182,365,0.35351155737122686,0.3517421793071659,-0.0017693780640609669,True
1183,365,0.3526491326191483,0.3508212221815775,-0.001827910437570801,True
1184,365,0.35247200832759956,0.35079548133579036,-0.0016765269918092018,True
1185,365,0.352745164978664,0.35106593136827824,-0.0016792336103857441,True
1186,365,0.35246051959529107,0.3509145275352127,-0.0015459920600783827,True
1187,365,0.35246913353734827,0.3507455021711892,-0.0017236313661590508,True
1188,365,0.3516143442709793,0.3500251748193228,-0.0015891694516564914,True
1189,365,0.35069822463063993,0.3491489746058207,-0.0015492500248192043,True
1190,365,0.34923770264265663,0.3475710625165702,-0.001666640126086416,True
1191,365,0.34803574455436975,0.34629897583758545,-0.0017367687167842982,True
1192,365,0.3472904466784185,0.345460116650778,-0.0018303300276404921,True
1193,365,0.34749834353580455,0.3451803964481059,-0.0023179470876986685,True
1194,365,0.34811240712782743,0.3455278523414271,-0.0025845547864003504,True
1195,365,0.3485428509727251,0.34527427668922106,-0.003268574283504022,True
1196,365,0.3473592947237012,0.3437368758904071,-0.0036224188332941165,True
1197,365,0.34558551749066685,0.3418070437417324,-0.0037784737489344744,True
1198,365,0.3430599417268782,0.339274883993718,-0.00378505773316018,True
1199,365,0.34077166890594257,0.3371139265263701,-0.0036577423795724484,True
1200,365,0.3395844380042864,0.33568630141728045,-0.0038981365870059403,True
1201,365,0.3394273421106215,0.33560535733942015,-0.0038219847712013255,True
1202,365,0.3395046537421633,0.3370423777498052,-0.0024622759923580984,True
1203,365,0.3403537037323568,0.3376046442351965,-0.002749059497160311,True
1204,365,0.34023662307995123,0.3374683519819039,-0.002768271098047337,True
1205,365,0.339806971258919,0.33704129456543436,-0.0027656766934846533,True
1206,365,0.3393759851634583,0.3365035167959525,-0.0028724683675058205,True
1207,365,0.3398111810095557,0.33687120247931585,-0.0029399785302398618,True
1208,365,0.3411652096009242,0.3382896316582381,-0.002875577942686114,True
1209,365,0.34373494678829336,0.34079038384749544,-0.0029445629407979235,True
1210,365,0.3467061529669006,0.3439969129701095,-0.002709239996791124,True
1211,365,0.3502247259209333,0.3475439769032534,-0.0026807490176798954,True
1212,365,0.3525789719074203,0.3499139918508013,-0.0026649800566190263,True
1213,365,0.353243739073979,0.3503111609910595,-0.002932578082919468,True
1214,365,0.3534394176812262,0.35028941331074126,-0.00315000437048496,True
1215,365,0.353789629047585,0.3505506471176334,-0.00323898192995159,True
1216,365,0.35480082293821413,0.351199248523196,-0.0036015744150181273,True
1217,365,0.35576504107088136,0.35175676276830325,-0.0040082783025781055,True
1218,365,0.35711821700995877,0.35314144965486055,-0.003976767355098221,True
1219,365,0.35862639451046646,0.3546078495884519,-0.004018544922014589,True
1220,365,0.35985787748630016,0.3559034226057626,-0.003954454880537583,True
1221,365,0.35977111629971464,0.35606987398187834,-0.0037012423178363063,True
1222,365,0.35839307401630044,0.3548066607047363,-0.0035864133115641184,True
1223,365,0.3561854421111361,0.3557160743251486,-0.0004693677859874956,True
1224,365,0.35865971658681106,0.3593513024851245,0.0006915858983134182,False
1225,365,0.35521791851650797,0.35519109089338596,-2.6827623122005484e-05,True
1226,365,0.3512670122893571,0.35159906621020764,0.0003320539208505613,False
1227,365,0.34679296013086974,0.3471332752689248,0.0003403151380550473,False
1228,365,0.34220244187780263,0.3425947957348698,0.0003923538570671514,False
1229,365,0.3388626032362545,0.33891555484926716,5.2951613012663934e-05,False
1230,365,0.3370851717998193,0.336837107397448,-0.00024806440237129523,True
1231,365,0.33654473005472274,0.33594152536863714,-0.0006032046860856011,True
1232,365,0.33658343691862447,0.3354903727555793,-0.0010930641630451654,True
1233,365,0.33744893394128866,0.33606609943669374,-0.0013828345045949209,True
1234,365,0.3386462257994708,0.3375127586849475,-0.0011334671145232789,True
1235,365,0.34072729333339064,0.3399196737258045,-0.0008076196075861297,True
1236,365,0.34256394551596303,0.3415860970313126,-0.0009778484846504343,True
1237,365,0.3447162097100375,0.3437028765890163,-0.0010133331210211982,True
1238,365,0.3473226146471111,0.3461145011588028,-0.0012081134883082933,True
1239,365,0.35003789287891507,0.34874527984419224,-0.0012926130347228337,True
1240,365,0.35159826096806085,0.3502571561961766,-0.0013411047718842606,True
1241,365,0.3511692496807337,0.34989344388314936,-0.0012758057975843506,True
1242,365,0.34952693372098353,0.3482776724322289,-0.0012492612887546328,True
1243,365,0.34735096160774237,0.34638093782757323,-0.000970023780169138,True
1244,365,0.34490361408354187,0.3441011087893343,-0.0008025052942075561,True
1245,365,0.34256603345769454,0.34179876054516184,-0.0007672729125327016,True
1246,365,0.3405471297156162,0.339948385945604,-0.0005987437700121778,True
1247,365,0.3393694867868272,0.33892295224656643,-0.000446534540260779,True
1248,365,0.3385020660812062,0.3382402606648866,-0.00026180541631959375,True
1249,365,0.3378785191831455,0.33747309868941977,-0.00040542049372571665,True
1250,365,0.3375517959938814,0.33713582798149766,-0.0004159680123837495,True
1251,365,0.3382100376119734,0.33762910678191976,-0.0005809308300536165,True
1252,365,0.33943784523519493,0.3386585021761189,-0.0007793430590760098,True
1253,365,0.3412235137595739,0.3401814788623312,-0.001042034897242694,True
1254,365,0.3435428602168207,0.3422879315534498,-0.0012549286633709023,True
1255,365,0.3454402635442056,0.3445706433635283,-0.0008696201806773218,True
1256,365,0.34806222464368536,0.34713967123474504,-0.0009225534089403187,True
1257,365,0.3514924191455095,0.3503962457858825,-0.001096173359626973,True
1258,365,0.3548870777132048,0.3536098628601859,-0.0012772148530189043,True
1259,365,0.3574172681501158,0.35519033574723086,-0.0022269324028849624,True
1260,365,0.3585814754404857,0.3559062068536243,-0.0026752685868614012,True
1261,365,0.3591101956208943,0.3563677141561383,-0.0027424814647559748,True
1262,365,0.35745856091611067,0.3549149359617351,-0.002543624954375545,True
1263,365,0.35533300889142333,0.3530674406419388,-0.0022655682494845397,True
1264,365,0.35308678048842773,0.3508710313014683,-0.002215749186959437,True
1265,365,0.3514142995635824,0.34949923224153356,-0.0019150673220488246,True
1266,365,0.3511399484788377,0.3492267475449835,-0.00191320093385422,True
1267,365,0.3513852520339003,0.34962580551665673,-0.0017594465172435791,True
1268,365,0.35159173420050266,0.3497805788900576,-0.0018111553104450673,True
1269,365,0.3517365130934448,0.35010173162112723,-0.001634781472317548,True
1270,365,0.3514735427208134,0.3497224656794684,-0.0017510770413449728,True
1271,365,0.35032626127561667,0.3487284980489639,-0.001597763226652782,True
1272,365,0.34933314785872027,0.34749068914948184,-0.001842458709238437,True
1273,365,0.34833597320639276,0.3467032733469759,-0.0016326998594168307,True
1274,365,0.3476529603438165,0.3457455797581764,-0.001907380585640106,True
1275,365,0.34748184458556874,0.34564478969311035,-0.0018370548924583896,True
1276,365,0.3482858336306638,0.34591758670713635,-0.0023682469235274395,True
1277,365,0.34930971825489066,0.3465061881887568,-0.0028035300661338747,True
1278,365,0.349375897237482,0.34616458934227373,-0.003211307895208293,True
1279,365,0.3483730491765606,0.34478533408620077,-0.003587715090359822,True
1280,365,0.34634801553221284,0.3425855746704332,-0.0037624408617796257,True
1281,365,0.3437627118101092,0.340022949678376,-0.0037397621317332153,True
1282,365,0.3410148939581482,0.33715396024891886,-0.0038609337092293528,True
1283,365,0.3391196110526071,0.3351126457962208,-0.0040069652563862745,True
1284,365,0.33807717394034986,0.3342200334585834,-0.003857140481766441,True
1285,365,0.3379217916237989,0.33551307969883715,-0.002408711924961726,True
1286,365,0.3382740931822066,0.33532761503283653,-0.0029464781493700465,True
1287,365,0.33787902635721956,0.33500691090045676,-0.0028721154567628027,True
1288,365,0.3373895027157172,0.3344954100060122,-0.0028940927097050317,True
1289,365,0.33682760705017506,0.3340688230595913,-0.0027587839905837686,True
1290,365,0.33727153665974036,0.33426160627670526,-0.0030099303830350976,True
1291,365,0.3392358692651618,0.3360889226619092,-0.0031469466032525983,True
1292,365,0.34172352685018476,0.33869244690115907,-0.0030310799490256835,True
1293,365,0.3450219615048446,0.3421488666063552,-0.0028730948984894145,True
1294,365,0.3486904983453133,0.3459046202268054,-0.0027858781185078896,True
1295,365,0.35063756493546777,0.3478949188337515,-0.0027426461017162618,True
1296,365,0.351218404859164,0.34836844029322894,-0.002849964565935059,True
1297,365,0.35101920639917755,0.34786998950572456,-0.0031492168934529885,True
1298,365,0.35127366174640196,0.34819322542458925,-0.0030804363218127073,True
1299,365,0.35206359543673105,0.3486213895919211,-0.00344220584480992,True
1300,365,0.35328872522597127,0.3497756477370136,-0.0035130774889576832,True
1301,365,0.355256258154396,0.3513675785115533,-0.003888679642842674,True
1302,365,0.35636328184410077,0.3525650458653931,-0.0037982359787076536,True
1303,365,0.3574311927456378,0.35347309172814195,-0.00395810101749583,True
1304,365,0.35703168739609253,0.3532738148388977,-0.0037578725571948413,True
1305,365,0.35579622296643837,0.35219577337869373,-0.0036004495877446363,True
1306,365,0.3540632316601997,0.35353646822861334,-0.0005267634315863634,True
1307,365,0.3601350211219284,0.36078429665648276,0.0006492755345543499,False
1308,365,0.3569511691044242,0.35664151161309265,-0.00030965749133154974,True
1309,365,0.353088753451954,0.35326599032460637,0.00017723687265236432,False
1310,365,0.34895065522168606,0.34924509473931675,0.00029443951763069576,False
1311,365,0.344714329316074,0.3445485009093687,-0.00016582840670525956,True
1312,365,0.34152510601475156,0.3411908908625881,-0.0003342151521634751,True
1313,365,0.3396992869643936,0.33907152550634323,-0.0006277614580503799,True
1314,365,0.3387518584809226,0.33780570975297874,-0.0009461487279438519,True
1315,365,0.33839609121746383,0.3370698540994231,-0.0013262371180407517,True
1316,365,0.33898752148203815,0.3377932259304174,-0.001194295551620761,True
1317,365,0.3401284943253575,0.3392344636409655,-0.0008940306843920331,True
1318,365,0.34167316922923835,0.34080929451433095,-0.0008638747149073978,True
1319,365,0.3437722263953333,0.34262006539886775,-0.0011521609964655344,True
1320,365,0.3461134786558452,0.34493558344487407,-0.0011778952109711138,True
1321,365,0.3491851747830389,0.34793688130996103,-0.001248293473077866,True
1322,365,0.3526346705759382,0.3512512842847213,-0.001383386291216926,True
1323,365,0.3547662773537954,0.35342573635380525,-0.0013405409999901474,True
1324,365,0.35469950769071396,0.3533034662771742,-0.0013960414135397725,True
1325,365,0.35311257585257794,0.35192885913243716,-0.0011837167201407817,True
1326,365,0.34994475831320543,0.3488744224419182,-0.0010703358712872424,True
1327,365,0.34709556243016637,0.34612296090949546,-0.0009726015206709127,True
1328,365,0.34404488399772704,0.3432058014777267,-0.0008390825200003116,True
1329,365,0.34143812698538517,0.3407669900099566,-0.0006711369754285879,True
1330,365,0.33955534393518827,0.33874961506374773,-0.0008057288714405364,True
1331,365,0.33784485655820307,0.3372331186605291,-0.0006117378976739918,True
1332,365,0.33662347839768,0.33601034838345645,-0.0006131300142235285,True
1333,365,0.3363526795004799,0.3354966242580596,-0.0008560552424203283,True
1334,365,0.33650244294763443,0.3357145545510546,-0.0007878883965798389,True
1335,365,0.3380722043109199,0.3371731853540079,-0.0008990189569119678,True
1336,365,0.34008209596011696,0.33903577277322283,-0.001046323186894127,True
1337,365,0.34265899921502424,0.34138323141054383,-0.00127576780448041,True
1338,365,0.34464005635730827,0.34372232065601366,-0.0009177357012946086,True
1339,365,0.3475919406860584,0.3465486520626793,-0.0010432886233791017,True
1340,365,0.3510394337787795,0.3498934332362212,-0.001146000542558312,True
1341,365,0.35369463861450257,0.35225685215303254,-0.0014377864614700253,True
1342,365,0.3556230440739644,0.35305447296117826,-0.0025685711127861333,True
1343,365,0.3564272105179805,0.3536284883016283,-0.0027987222163521897,True
1344,365,0.35623467897631167,0.3533407273939644,-0.0028939515823472872,True
1345,365,0.3548885892944774,0.3521689165183103,-0.002719672776167137,True
1346,365,0.35292702881276594,0.3503344917200327,-0.002592537092733216,True
1347,365,0.35095147970384655,0.34857870798730367,-0.0023727717165428763,True
1348,365,0.3495300991600439,0.34740316630130064,-0.002126932858743269,True
1349,365,0.34959169694756814,0.34749105364789196,-0.002100643299676186,True
1350,365,0.35014891947435617,0.34820474796717193,-0.0019441715071842336,True
1351,365,0.3505586597594782,0.34863908478894123,-0.0019195749705369636,True
1352,365,0.3512499479551718,0.34914309559031403,-0.0021068523648577475,True
1353,365,0.3502425422031034,0.3483229256326901,-0.0019196165704133406,True
1354,365,0.34880344905911526,0.3470364521363228,-0.0017669969227924742,True
1355,365,0.3480509542617901,0.3460856008323724,-0.0019653534294177266,True
1356,365,0.3475978030676933,0.34572396511905285,-0.0018738379486404333,True
1357,365,0.3474663848192636,0.3453213582693514,-0.002145026549912221,True
1358,365,0.34759993579260867,0.34548128413284696,-0.0021186516597617167,True
1359,365,0.348073954872015,0.3458401359995926,-0.002233818872422355,True
1360,365,0.3491861029433636,0.34620246815729977,-0.002983634786063838,True
1361,365,0.34900564138749784,0.34575873536503215,-0.00324690602246569,True
1362,365,0.3478735019933952,0.3443165899716917,-0.0035569120217034955,True
1363,365,0.3457217022920527,0.3420010093365939,-0.003720692955458793,True
1364,365,0.3433030864592388,0.33948507784113474,-0.003818008618104052,True
1365,365,0.34089835729824264,0.33708938238770014,-0.0038089749105424953,True
1366,365,0.33868700233475,0.3345739392263834,-0.004113063108366621,True
1367,365,0.3369127356461644,0.33318042476557364,-0.0037323108805907834,True
1368,365,0.3361416795038725,0.3335374552377277,-0.0026042242661448167,True
1369,365,0.3355286794220979,0.33271469013198246,-0.0028139892901154484,True
1370,365,0.334704999208,0.33174957220241097,-0.0029554270055890397,True
1371,365,0.3335717982410904,0.33068765419779966,-0.0028841440432907373,True
1372,365,0.3333658547729363,0.3305667781405139,-0.0027990766324224037,True
1373,365,0.3341645206686131,0.3312847946894233,-0.0028797259791897845,True
1374,365,0.3361462454630277,0.3330379259919237,-0.0031083194711039597,True
1375,365,0.3386056643908446,0.3356950350632893,-0.002910629327555314,True
1376,365,0.34187198358631204,0.3390341026086987,-0.0028378809776133385,True
1377,365,0.3449494287149653,0.34226397613427756,-0.0026854525806877527,True
1378,365,0.3469385496985063,0.3441242110184099,-0.0028143386800963954,True
1379,365,0.34729324634324704,0.3444938738870658,-0.002799372456181226,True
1380,365,0.34716456716080885,0.34424071615453683,-0.0029238510062720158,True
1381,365,0.34766796178056864,0.3445718326152349,-0.0030961291653337497,True
1382,365,0.34871979170718104,0.3454367910204963,-0.003283000686684745,True
1383,365,0.3506490177795424,0.3472391476744536,-0.003409870105088808,True
1384,365,0.35266395322121474,0.34884579347843886,-0.003818159742775884,True
1385,365,0.3535226958184172,0.3497021727769072,-0.0038205230415100377,True
1386,365,0.35405887571602707,0.3501060835969234,-0.003952792119103654,True
1387,365,0.35352105194478595,0.34971443387878187,-0.003806618066004075,True
1388,365,0.3526184436475262,0.3490979807212058,-0.0035204629263204112,True
1389,365,0.3515320022918142,0.3508700438945457,-0.0006619583972685139,True
1390,365,0.3618239017178655,0.3623804182915374,0.0005565165736718947,False
1391,365,0.3589154497959567,0.35830279745063354,-0.0006126523453231503,True
1392,365,0.35532816527767197,0.35498300837430824,-0.0003451569033637303,True
1393,365,0.3511566256393565,0.35115499190671806,-1.633732638450791e-06,True
1394,365,0.347059455577262,0.3467789091581411,-0.0002805464191208973,True
1395,365,0.343955076340093,0.3433634470241413,-0.0005916293159516917,True
1396,365,0.34210581305253085,0.34108115328054706,-0.0010246597719837935,True
1397,365,0.3410071705123003,0.3396657609168646,-0.0013414095954356609,True
1398,365,0.3403912223231074,0.3388593931153701,-0.001531829207737312,True
1399,365,0.3405499191830721,0.3394339381547161,-0.0011159810283559723,True
1400,365,0.3415185503591987,0.3404631615189275,-0.0010553888402711764,True
1401,365,0.3430821042442281,0.3420862879937208,-0.0009958162505072643,True
1402,365,0.34554886474312496,0.3442935547518181,-0.0012553099913068522,True
1403,365,0.3482118196452502,0.3469052078221794,-0.0013066118230708468,True
1404,365,0.3513985145433236,0.3500389252032247,-0.0013595893400988879,True
1405,365,0.3544974418650064,0.3530239247516622,-0.0014735171133442027,True
1406,365,0.3565400089254949,0.3549142851911226,-0.0016257237343723085,True
1407,365,0.3563247058573056,0.3548081726286076,-0.0015165332286979916,True
1408,365,0.35448138428086956,0.35319396923663415,-0.001287415044235407,True
1409,365,0.35149706125523156,0.3503774378920033,-0.0011196233632282393,True
1410,365,0.3481974728685948,0.3470524892271745,-0.001144983641420294,True
1411,365,0.34492828259505215,0.34394945513663683,-0.0009788274584153211,True
1412,365,0.3420892391477181,0.34123411443785884,-0.0008551247098592674,True
1413,365,0.33957532169197896,0.3386808317203442,-0.000894489971634771,True
1414,365,0.33731598031689014,0.33641635787456126,-0.0008996224423288846,True
1415,365,0.3359514056144408,0.3351383795786827,-0.0008130260357581132,True
1416,365,0.3358849218164459,0.3349210198197727,-0.0009639019966732332,True
1417,365,0.3362494063106245,0.3351715026621506,-0.0010779036484738769,True
1418,365,0.3375463109561979,0.33651871636389474,-0.0010275945923031715,True
1419,365,0.3397766902136624,0.33872978656891245,-0.0010469036447499636,True
1420,365,0.34273473407003957,0.3415941781782992,-0.0011405558917403913,True
1421,365,0.3458502504891347,0.3448724194990444,-0.0009778309900903004,True
1422,365,0.3491668884546733,0.3480187893890917,-0.0011480990655816092,True
1423,365,0.35217101098278775,0.3510206178963392,-0.0011503930864485423,True
1424,365,0.3541822313179709,0.352769073942567,-0.0014131573754038729,True
1425,365,0.3550775492278447,0.3525974721944539,-0.0024800770333907596,True
1426,365,0.3552022081370924,0.3523243173454989,-0.002877890791593507,True
1427,365,0.3545340521185988,0.3515583673870062,-0.0029756847315925983,True
1428,365,0.35311606784090155,0.35029926108288617,-0.0028168067580153777,True
1429,365,0.35113220372658077,0.3486278757979981,-0.0025043279285826836,True
1430,365,0.3493529503540095,0.34699603409177293,-0.0023569162622365525,True
1431,365,0.3478870590064891,0.34570951509766057,-0.0021775439088285165,True
1432,365,0.34802226826245325,0.3457560741155807,-0.002266194146872569,True
1433,365,0.348827350525888,0.3466779681955606,-0.002149382330327354,True
1434,365,0.3493505297537926,0.34741702046143386,-0.0019335092923587482,True
1435,365,0.35024874312034393,0.3481382179490354,-0.0021105251713085527,True
1436,365,0.348820280646862,0.3467577349426451,-0.0020625457042168782,True
1437,365,0.3477505116777749,0.34574549356090345,-0.0020050181168714265,True
1438,365,0.3469554610196287,0.3448596729773148,-0.0020957880423139175,True
1439,365,0.346983505152424,0.3448607316046856,-0.002122773547738377,True
1440,365,0.3470609797831359,0.3446975890349192,-0.002363390748216676,True
1441,365,0.3471647495812642,0.3447575865879679,-0.002407162993296297,True
1442,365,0.3476057444544166,0.34491196312492584,-0.002693781329490774,True
1443,365,0.3476832732938528,0.3444867150723848,-0.003196558221467971,True
1444,365,0.3469063890706182,0.3434920209904673,-0.0034143680801509424,True
1445,365,0.34534870449851546,0.34178477674598534,-0.003563927752530116,True
1446,365,0.34345074111779655,0.33958067522393304,-0.003870065893863517,True
1447,365,0.34139588949165356,0.3374356862001941,-0.003960203291459463,True
1448,365,0.33943430032979777,0.33537330490306677,-0.0040609954267309956,True
1449,365,0.337487150760053,0.3334371087341015,-0.004050042025951495,True
1450,365,0.33548011248836496,0.3316971163494106,-0.003782996138954331,True
1451,365,0.3338393850322382,0.3309466205309113,-0.0028927645013269165,True
1452,365,0.332160565494587,0.32925632132064575,-0.0029042441739412506,True
1453,365,0.33021818947548187,0.3274602059218835,-0.0027579835535983532,True
1454,365,0.3290539942019746,0.32626014931191005,-0.0027938448900645674,True
1455,365,0.32844171679227985,0.3255951402412813,-0.0028465765509985697,True
1456,365,0.3298361529004399,0.32680737381206976,-0.003028779088370126,True
1457,365,0.3316718456368755,0.32870021990724313,-0.002971625729632388,True
1458,365,0.33426953016015015,0.33123806850969456,-0.0030314616504555914,True
1459,365,0.3369316317635114,0.3341121652188091,-0.002819466544702276,True
1460,365,0.33925688704483575,0.3366874042976092,-0.0025694827472265702,True
1461,365,0.3411728967118912,0.33850438817502976,-0.002668508536861458,True
1462,365,0.34166763041910847,0.338889800095028,-0.002777830324080466,True
1463,365,0.3420362560695293,0.3389994887943127,-0.003036767275216623,True
1464,365,0.3428544820848318,0.3398865968725685,-0.0029678852122633215,True
1465,365,0.3446167184604657,0.34139903211492745,-0.003217686345538262,True
1466,365,0.34680363763006344,0.34339882512266523,-0.003404812507398214,True
1467,365,0.34828031441386176,0.3449296218157643,-0.003350692598097449,True
1468,365,0.3491866683731568,0.3454228358682234,-0.0037638325049333954,True
1469,365,0.3491606576549679,0.3453464176384582,-0.003814240016509707,True
1470,365,0.34945190335662946,0.3456831888603513,-0.003768714496278136,True
1471,365,0.3491668884546733,0.34558724223007353,-0.003579646224599775,True
1472,365,0.3484460987860425,0.3476377332235254,-0.000808365562517066,True
1473,365,0.36307620342764135,0.36361232151130846,0.0005361180836671031,False
1474,365,0.360457097341814,0.3596900719783509,-0.0007670253634631252,True
1475,365,0.3571225356383144,0.35664704767232835,-0.0004754879659860656,True
1476,365,0.3533773415227821,0.35302389309411547,-0.00035344842866663617,True
1477,365,0.3493559041033604,0.34887018323967584,-0.0004857208636845911,True
1478,365,0.3462125505411748,0.34539464344654397,-0.0008179070946308098,True
1479,365,0.34429670338618823,0.34314032153888313,-0.001156381847305099,True
1480,365,0.3431577022963987,0.34195920086893117,-0.0011985014274675243,True
1481,365,0.3424979948068659,0.3409669336643461,-0.001531061142519774,True
1482,365,0.34246884367884356,0.34139780998709174,-0.0010710336917518215,True
1483,365,0.34352481575548616,0.34280860481379116,-0.0007162109416949947,True
1484,365,0.3455274534276502,0.3446044381358165,-0.0009230152918336954,True
1485,365,0.34765158875158736,0.34640261901549263,-0.0012489697360947294,True
1486,365,0.3504723388753432,0.34914120702893475,-0.0013311318464084287,True
1487,365,0.353409840895368,0.3520085472138042,-0.0014012936815637755,True
1488,365,0.35579544816399683,0.3543615599678901,-0.0014338881961067362,True
1489,365,0.3568632001646351,0.3552625498222702,-0.0016006503423648955,True
1490,365,0.3563383386072761,0.3547589687990631,-0.0015793698082129937,True
1491,365,0.35435888973666935,0.352832217919886,-0.0015266718167833426,True
1492,365,0.35121068305098735,0.3498893873800735,-0.0013212956709138246,True
1493,365,0.34814417813618903,0.3468899371393478,-0.0012542409968412382,True
1494,365,0.3449809942849979,0.34399353417152895,-0.000987460113468952,True
1495,365,0.34209568586051775,0.34125126478638507,-0.0008444210741326841,True
1496,365,0.33966093517472684,0.33871629197106623,-0.0009446432036606112,True
1497,365,0.3376513168419436,0.3364219831410072,-0.0012293337009364191,True
1498,365,0.33641105364936946,0.3352474399813112,-0.0011636136680582831,True
1499,365,0.3359875087332,0.3346879808972748,-0.001299527835925185,True
1500,365,0.3365909077052685,0.3354760149563091,-0.0011148927489594285,True
1501,365,0.3379235003580406,0.3370001862508446,-0.0009233141071959827,True
1502,365,0.3407318743756864,0.33954493221657356,-0.0011869421591128582,True
1503,365,0.34369008669215384,0.34280003066844533,-0.0008900560237085076,True
1504,365,0.34797070244462763,0.3469765050681574,-0.0009941973764702183,True
1505,365,0.3515597025442086,0.3505019297138537,-0.0010577728303549083,True
1506,365,0.35451316246002296,0.35317978265215805,-0.0013333798078649095,True
1507,365,0.3558182517785723,0.3546237333676479,-0.0011945184109243834,True
1508,365,0.3557123250963354,0.3534228587807055,-0.0022894663156298733,True
1509,365,0.3552870023800097,0.3524291271291431,-0.002857875250866615,True
1510,365,0.3540529414449772,0.3510192913014229,-0.0030336501435542784,True
1511,365,0.3521093777423162,0.34927764797000127,-0.0028317297723149393,True
1512,365,0.35010727532658154,0.34757305607150935,-0.00253421925507219,True
1513,365,0.3480533410872762,0.34562177832483304,-0.0024315627624431624,True
1514,365,0.34648990003100777,0.3442400343830026,-0.002249865648005167,True
1515,365,0.3465523714351793,0.3442084116861565,-0.002343959749022795,True
1516,365,0.3473470148369835,0.3451083935068944,-0.002238621330089119,True
1517,365,0.348021850799486,0.345981582737834,-0.002040268061651973,True
1518,365,0.34894229605342575,0.3466934738641665,-0.0022488221892592586,True
1519,365,0.3479789778975291,0.3457105064681641,-0.002268471429364982,True
1520,365,0.3469570608416148,0.34455078225335556,-0.0024062785882592586,True
1521,365,0.3463879929662411,0.3439418842376603,-0.002446108728580809,True
1522,365,0.34649643688860743,0.34395188125498466,-0.0025445556336227693,True
1523,365,0.34645947191613696,0.3437325191387879,-0.0027269527773490787,True
1524,365,0.3465240128991522,0.3436948450229393,-0.0028291678762129013,True
1525,365,0.3461220675868075,0.3429037536520493,-0.0032183139347582435,True
1526,365,0.3456582401253866,0.3421454042295229,-0.0035128358958637085,True
1527,365,0.34436441910649396,0.34080298743167076,-0.003561431674823201,True
1528,365,0.3422298958177037,0.33857343842510285,-0.0036564573926008426,True
1529,365,0.34017049494132195,0.3361835244208409,-0.003986970520481081,True
1530,365,0.33828088791191335,0.334113179850833,-0.004167708061080355,True
1531,365,0.33659850006817627,0.3324577621471469,-0.004140737921029369,True
1532,365,0.335134166710258,0.3313017629269939,-0.003832403783264049,True
1533,365,0.33319614488059035,0.32924397723598997,-0.0039521676446003795,True
1534,365,0.33073000895275284,0.3278708381854081,-0.0028591707673447653,True
1535,365,0.32770199985208226,0.3249911793098684,-0.002710820542213832,True
1536,365,0.32537904194414413,0.32254209507998055,-0.002836946864163581,True
1537,365,0.3235707759391954,0.32068134796138703,-0.0028894279778083898,True
1538,365,0.32356248642860813,0.32042214215109793,-0.0031403442775101986,True
1539,365,0.32454248145352127,0.32148446862925095,-0.0030580128242703175,True
1540,365,0.32613097294169724,0.32316888168137214,-0.002962091260325095,True
1541,365,0.3282079932295131,0.3253591084873295,-0.0028488847421835883,True
1542,365,0.33055437029475576,0.32782257993708563,-0.0027317903576701275,True
1543,365,0.3325305774439221,0.3300083809026783,-0.002522196541243804,True
1544,365,0.33411388228658306,0.331640877965105,-0.0024730043214780673,True
1545,365,0.33519964359598514,0.33239510738843836,-0.0028045362075467817,True
1546,365,0.33614388491421787,0.33314654461326687,-0.0029973403009510013,True
1547,365,0.3373580881510931,0.3344516051413156,-0.002906483009777472,True
1548,365,0.33977419042678186,0.33665175247127177,-0.0031224379555100934,True
1549,365,0.34194425402737655,0.33866618018548733,-0.0032780738418892175,True
1550,365,0.3430501576220761,0.33964756531737766,-0.0034025923046984152,True
1551,365,0.34341728841717156,0.34004592362722885,-0.00337136478994271,True
1552,365,0.34403770501221764,0.3402225093765246,-0.003815195635693047,True
1553,365,0.3448314561195097,0.34099231303827543,-0.0038391430812342864,True
1554,365,0.34514239466891017,0.34150193704457876,-0.0036404576243314057,True
1555,365,0.3450222962196052,0.3439911624950096,-0.0010311337245955676,True
1556,365,0.36366391280786886,0.36390259632390964,0.00023868351604078297,False
1557,365,0.36133249641042353,0.3604194969918725,-0.0009129994185510526,True
1558,365,0.3583168747729835,0.35747561024785085,-0.0008412645251326678,True
1559,365,0.3547947540790999,0.35415959584900714,-0.0006351582300927472,True
1560,365,0.3511686237935762,0.3503415204090264,-0.0008271033845498321,True
1561,365,0.3482905505664052,0.34721687498213816,-0.0010736755842670198,True
1562,365,0.3463951232423986,0.3450342161722921,-0.0013609070701064985,True
1563,365,0.34523640393992283,0.3437470847786486,-0.0014893191612742052,True
1564,365,0.34457213533319575,0.3433415630698332,-0.0012305722633625393,True
1565,365,0.3446855493630406,0.34372202802770635,-0.0009635213353342276,True
1566,365,0.34568138916305813,0.34506533135467016,-0.0006160578083879709,True
1567,365,0.3474702980706214,0.3466059216745732,-0.0008643763960481943,True
1568,365,0.3496527085540427,0.348523387245287,-0.0011293213087557041,True
1569,365,0.3522200157806827,0.35092515393804286,-0.0012948618426398273,True
1570,365,0.35444634511583184,0.35294394873308677,-0.0015023963827450748,True
1571,365,0.35626345659239117,0.3546462761873719,-0.0016171804050192917,True
1572,365,0.35657536472579254,0.3547882021146651,-0.0017871626111274352,True
1573,365,0.3553288991627874,0.3536585734810902,-0.0016703256816972267,True
1574,365,0.35290927416269874,0.35131864567599846,-0.001590628486700274,True
1575,365,0.350119245600373,0.34863484272512635,-0.0014844028752466487,True
1576,365,0.34707039321615113,0.34576985420999673,-0.0013005390061543998,True
1577,365,0.34442879024797757,0.3433243001267265,-0.0011044901212510783,True
1578,365,0.3417412085842987,0.34080767676422374,-0.0009335318200749398,True
1579,365,0.3394703073838975,0.33846400788494646,-0.0010062994989510354,True
1580,365,0.3379889879767638,0.33682509643634284,-0.0011638915404209582,True
1581,365,0.3368722088013414,0.33545534886251976,-0.001416859938821624,True
1582,365,0.33636206035895033,0.3350435939045184,-0.0013184664544319546,True
1583,365,0.3369699735827104,0.3357093169147548,-0.0012606566679556064,True
1584,365,0.3387166549134959,0.3376129530932767,-0.0011037018202191828,True
1585,365,0.34154038751193627,0.34043377049285223,-0.001106617019084044,True
1586,365,0.3452298971776193,0.3442673258331035,-0.0009625713445158279,True
1587,365,0.3494782548239685,0.3485725628592341,-0.0009056919647343897,True
1588,365,0.3535411256476185,0.3524944879560829,-0.0010466376915356235,True
1589,365,0.35628666939991416,0.35502878146290895,-0.0012578879370052087,True
1590,365,0.3570234026557743,0.3558943998182909,-0.001129002837483406,True
1591,365,0.35651957117238936,0.35422034651535744,-0.0022992246570319175,True
1592,365,0.355737123730845,0.3527358607433032,-0.003001262987541775,True
1593,365,0.354032781015285,0.3509657351310254,-0.0030670458842596005,True
1594,365,0.35149392412843683,0.34868064787279573,-0.002813276255641095,True
1595,365,0.3489873563264667,0.34628488330503054,-0.002702473021436169,True
1596,365,0.3465226583393597,0.3440762835313421,-0.0024463748080175707,True
1597,365,0.3448384565354162,0.34251807283485913,-0.0023203837005570938,True
1598,365,0.34468351749184184,0.34230116563217394,-0.002382351859667897,True
1599,365,0.3454481035547658,0.3429432418478824,-0.00250486170688341,True
1600,365,0.34725562597239207,0.34464334234461874,-0.0026122836277733263,True
1601,365,0.34759525235437955,0.3451252649783589,-0.002469987376020666,True
1602,365,0.3470880064911107,0.3445132084315853,-0.0025747980595254294,True
1603,365,0.34599118704335396,0.34340676597968156,-0.002584421063672404,True
1604,365,0.34534409840170727,0.34257872395479394,-0.002765374446913327,True
1605,365,0.3452816025905378,0.3423736283789099,-0.0029079742116279172,True
1606,365,0.34578618705868996,0.34276701440254376,-0.0030191726561462073,True
1607,365,0.34574871516937156,0.3425553326217984,-0.003193382547573176,True
1608,365,0.34520508834673524,0.34191853129298166,-0.0032865570537535804,True
1609,365,0.3440133624801395,0.3404009077520908,-0.003612454728048664,True
1610,365,0.3420920813789768,0.33840561358150434,-0.003686467797472448,True
1611,365,0.33951277345959746,0.33576747006861724,-0.003745303390980226,True
1612,365,0.33730090503084903,0.3332159113694643,-0.004084993661384706,True
1613,365,0.3348901412484092,0.3307660625432705,-0.004124078705138701,True
1614,365,0.33304604677208743,0.32875819645661136,-0.004287850315476072,True
1615,365,0.3310568817876152,0.3273300919152966,-0.0037267898723186144,True
1616,365,0.32867887842665827,0.3249992833679808,-0.0036795950586774873,True
1617,365,0.3258387411970429,0.32299005407707376,-0.002848687119969162,True
1618,365,0.3223508895438387,0.31955228703646926,-0.002798602507369463,True
1619,365,0.31961074577043186,0.3168102087561512,-0.0028005370142806796,True
1620,365,0.3177594459046585,0.314773929038569,-0.0029855168660894993,True
1621,365,0.31766615910796425,0.3145170798333668,-0.003149079274597455,True
1622,365,0.3185711957535391,0.3154721069157332,-0.003099088837805908,True
1623,365,0.3204308151751696,0.31729742221951335,-0.0031333929556562334,True
1624,365,0.3221412187370901,0.31918663944511566,-0.0029545792919744573,True
1625,365,0.3239713782211881,0.32112486101520954,-0.0028465172059785604,True
1626,365,0.32618031519403,0.3234895641237023,-0.002690751070327735,True
1627,365,0.327553649013419,0.324903477493936,-0.002650171519482991,True
1628,365,0.3287751251308646,0.3259707190353845,-0.0028044060954801053,True
1629,365,0.330052527163059,0.32704007076245517,-0.0030124564006038246,True
1630,365,0.3319843034653069,0.32913507805928083,-0.002849225406026057,True
1631,365,0.33448086470952354,0.33147561199500863,-0.0030052527145149055,True
1632,365,0.336085741469958,0.33297500001222974,-0.003110741457728272,True
1633,365,0.33763980927837284,0.3343101719375654,-0.0033296373408074342,True
1634,365,0.33852579250776776,0.3351050531191609,-0.003420739388606875,True
1635,365,0.33949607296485684,0.335671019764488,-0.0038250532003688553,True
1636,365,0.340379665111635,0.3363580510984419,-0.0040216140131930644,True
1637,365,0.34075307319427944,0.3367731656671135,-0.003979907527165927,True
1638,365,0.34077912439717967,0.33952333977407617,-0.0012557846231034953,True
1639,365,0.3637609698421007,0.3620011942722579,-0.001759775569842803,True
1640,365,0.36155734652817,0.3598035454827708,-0.0017538010453991837,True
1641,365,0.3586729905417113,0.35783462456012854,-0.0008383659815827671,True
1642,365,0.3554193022154343,0.3548050227799386,-0.0006142794354956904,True
1643,365,0.35232213920412214,0.3516535111350057,-0.0006686280691164392,True
1644,365,0.3498928157138345,0.34869475041557557,-0.0011980652982589435,True
1645,365,0.3480757207936859,0.3464629664467798,-0.001612754346906109,True
1646,365,0.3468667398792385,0.3455285100090808,-0.0013382298701576922,True
1647,365,0.34648731965853313,0.34524476651403735,-0.0012425531444957838,True
1648,365,0.3467613553846721,0.34608394316132646,-0.0006774122233456636,True
1649,365,0.34751539913197765,0.34705803870382645,-0.00045736042815119893,True
1650,365,0.3490070930500696,0.3480228141748087,-0.0009842788752609244,True
1651,365,0.3511246497762583,0.3499885293238941,-0.0011361204523641644,True
1652,365,0.3532169829891974,0.3518389780297102,-0.0013780049594872001,True
1653,365,0.3549938592916945,0.35356816275507175,-0.001425696536622778,True
1654,365,0.35610661549110134,0.3544609539469772,-0.001645661544124155,True
1655,365,0.35574826579766994,0.35399481399961646,-0.0017534517980534736,True
1656,365,0.35431570068275664,0.3525184139217305,-0.00179728676102614,True
1657,365,0.35177745605385624,0.3501330986863589,-0.001644357367497351,True
1658,365,0.3489393174508285,0.34743717877887303,-0.0015021386719554775,True
1659,365,0.3460667739584951,0.3447707258686068,-0.001296048089888313,True
1660,365,0.34361343488731544,0.342487204827818,-0.0011262300594974128,True
1661,365,0.3416322038974796,0.3405741045489171,-0.0010580993485624912,True
1662,365,0.3399137775576275,0.33885693053627103,-0.001056847021356444,True
1663,365,0.3386056643908446,0.33745296335938446,-0.001152701031460146,True
1664,365,0.3377167359016108,0.3364534740372668,-0.0012632618643440008,True
1665,365,0.33732279434596907,0.3361006717510031,-0.0012221225949659575,True
1666,365,0.33783901239364944,0.33661689368345454,-0.0012221187101948972,True
1667,365,0.339688824823879,0.33863386097027454,-0.0010549638536044847,True
1668,365,0.342442072490918,0.34131560093313307,-0.0011264715577849471,True
1669,365,0.3462006711594397,0.3453181003099164,-0.000882570849523312,True
1670,365,0.35080249016904486,0.34970990658888,-0.001092583580164841,True
1671,365,0.35467312401361256,0.3535769077526024,-0.0010962162610101411,True
1672,365,0.35729525882186763,0.35608565069798986,-0.00120960812387777,True
1673,365,0.3575963496038942,0.3564364288477193,-0.0011599207561748814,True
1674,365,0.35670434606063156,0.35448228806473936,-0.0022220579958922015,True
1675,365,0.35558030191167417,0.35273571288741185,-0.002844589024262323,True
1676,365,0.35363843270574874,0.3507126815489785,-0.00292575115677024,True
1677,365,0.35055515292285266,0.34772835744511804,-0.0028267954777346227,True
1678,365,0.3475019348214165,0.34475404235414614,-0.002747892467270363,True
1679,365,0.34467248249281435,0.34212873424559026,-0.002543748247224087,True
1680,365,0.3430828426082074,0.34049656528961597,-0.002586277318591401,True
1681,365,0.3426155639686517,0.3400406650634724,-0.0025748989051793125,True
1682,365,0.34315128639160164,0.3405084467447966,-0.002642839646805062,True
1683,365,0.34512592341317805,0.3423202213714086,-0.0028057020417694423,True
1684,365,0.3460740615548994,0.34341299269813075,-0.0026610688567686447,True
1685,365,0.3457531219363541,0.3431416351684248,-0.0026114867679293274,True
1686,365,0.3449277965862498,0.34222693499120427,-0.0027008615950455117,True
1687,365,0.34435599188088484,0.34158149472720767,-0.002774497153677169,True
1688,365,0.3443782657046131,0.34145429609207245,-0.0029239696125406556,True
1689,365,0.3451289349269131,0.3417461793632949,-0.0033827555636182227,True
1690,365,0.3452690438073985,0.3417145330154052,-0.0035545107919932595,True
1691,365,0.34475046566661344,0.34114400363266434,-0.0036064620339490983,True
1692,365,0.3435417433095322,0.33975612124485893,-0.0037856220646732552,True
1693,365,0.3412617991052962,0.33731808969878657,-0.003943709406509621,True
1694,365,0.3384395286344276,0.3344374478040158,-0.004002080830411814,True
1695,365,0.33557838274249635,0.3312491461904786,-0.004329236552017723,True
1696,365,0.33262857674113144,0.3283110840253289,-0.004317492715802562,True
1697,365,0.3297191225045618,0.3253109815014258,-0.0044081410031360235,True
1698,365,0.32700024564905883,0.3229484375839545,-0.004051808065104356,True
1699,365,0.3238945914643998,0.3200826867197271,-0.0038119047446726895,True
1700,365,0.32015143974045407,0.31736254113823714,-0.002788898602216927,True
1701,365,0.3166158594083896,0.3138269622986318,-0.0027888971097578263,True
1702,365,0.31368374736735527,0.3107850942474624,-0.0028986531198928467,True
1703,365,0.31268136007047814,0.3093782063520334,-0.0033031537184447513,True
1704,365,0.31241034175249566,0.3090832847340795,-0.0033270570184161796,True
1705,365,0.3134360599199494,0.3101163434892733,-0.0033197164306760785,True
1706,365,0.31525378445192287,0.31207728405952173,-0.003176500392401138,True
1707,365,0.31695835781502674,0.31386020987350216,-0.003098147941524576,True
1708,365,0.31869193417729313,0.3156811093038675,-0.0030108248734256327,True
1709,365,0.32051295311784445,0.3177070839132954,-0.0028058692045490607,True
1710,365,0.3224758156313711,0.31950942993277015,-0.0029663856986009707,True
1711,365,0.32363299805492546,0.32067035828259444,-0.0029626397723310216,True
1712,365,0.32501844803096813,0.32189676387131344,-0.003121684159654692,True
1713,365,0.3267643852051672,0.3238770741278878,-0.0028873110772794086,True
1714,365,0.32914300086057846,0.32638461775837124,-0.002758383102207218,True
1715,365,0.33102107369694705,0.3280446658113446,-0.002976407885602439,True
1716,365,0.33267743678821254,0.3295703232247384,-0.003107113563474151,True
1717,365,0.33417143240207414,0.33084840452343645,-0.0033230278786376966,True
1718,365,0.3353620857449489,0.33155887885817314,-0.0038032068867757673,True
1719,365,0.33582646730699206,0.3318373618900832,-0.003989105416908834,True
1720,365,0.33603464984051906,0.33187580958050333,-0.004158840260015728,True
1721,365,0.3361353624192847,0.3347065908043232,-0.0014287716149615215,True
1722,365,0.36191881715025986,0.3601204976439605,-0.001798319506299384,True
1723,365,0.3594735673821884,0.358500993487845,-0.0009725738943434092,True
1724,365,0.35653146199131386,0.3558472933848666,-0.0006841686064472663,True
1725,365,0.3538243331588082,0.35296259875972485,-0.0008617343990833248,True
1726,365,0.35179177331582073,0.35045724488488716,-0.001334528430933568,True
1727,365,0.3503370862903317,0.3485316495753717,-0.0018054367149600292,True
1728,365,0.3490418991218483,0.3477496118234844,-0.0012922872983638922,True
1729,365,0.34837397950060256,0.3473079844365393,-0.001065995064063241,True
1730,365,0.3483417054285127,0.3478498562701884,-0.0004918491583243423,True
1731,365,0.348671555703795,0.3483317488405399,-0.0003398068632550766,True
1732,365,0.35025361443287645,0.3491485584900112,-0.0011050559428652518,True
1733,365,0.35198717958094417,0.350762707872269,-0.0012244717086751788,True
1734,365,0.35351741642787854,0.3522207984482298,-0.001296617979648751,True
1735,365,0.35501297876649385,0.35356559189538117,-0.001447386871112677,True
1736,365,0.3558852302546687,0.3541831569011564,-0.0017020733535123012,True
1737,365,0.35554363174652437,0.35366445116897566,-0.0018791805775487114,True
1738,365,0.3539621473215041,0.35214088334514465,-0.0018212639763594551,True
1739,365,0.3516252249816327,0.34992480832723066,-0.001700416654402015,True
1740,365,0.3487775272525827,0.3471796540816743,-0.001597873170908426,True
1741,365,0.3458038011067306,0.34444070910898894,-0.00136309199774165,True
1742,365,0.34352034786986746,0.3421318483604536,-0.001388499509413832,True
1743,365,0.3417702146759216,0.34048438800893843,-0.0012858266669831808,True
1744,365,0.3407184044049765,0.3395202895114471,-0.001198114893529445,True
1745,365,0.3401551080946533,0.33907642555645917,-0.0010786825381941534,True
1746,365,0.33960550002824325,0.33861497183194705,-0.000990528196296192,True
1747,365,0.33955273280708836,0.3384276956281088,-0.0011250371789795488,True
1748,365,0.33979549284573335,0.3387222859704597,-0.0010732068752736246,True
1749,365,0.34095172480026503,0.33978868454927125,-0.0011630402509937854,True
1750,365,0.34344594686462654,0.34258396530827684,-0.0008619815563497002,True
1751,365,0.3473042517034937,0.34635148967578405,-0.0009527620277096638,True
1752,365,0.3514422104933824,0.3503956929396387,-0.0010465175537437421,True
1753,365,0.3552836470686232,0.35412692333201384,-0.0011567237366093552,True
1754,365,0.35784478520826696,0.3565068231052754,-0.00133796210299153,True
1755,365,0.3578986651357063,0.3567339838679192,-0.001164681267787071,True
1756,365,0.3565370415534723,0.35456174898328613,-0.0019752925701861934,True
1757,365,0.3545596266142075,0.3517599822744734,-0.0027996443397340642,True
1758,365,0.3519707534558254,0.3489568257180665,-0.0030139277377588813,True
1759,365,0.3485631151814647,0.34580205590164814,-0.002761059279816569,True
1760,365,0.3453514120349485,0.3427596021506422,-0.0025918098843062953,True
1761,365,0.3424854971084441,0.3399772053152847,-0.002508291793159423,True
1762,365,0.3406949400186509,0.33802380445415775,-0.0026711355644931656,True
1763,365,0.34013519724862357,0.3376191321911383,-0.0025160650574852506,True
1764,365,0.3407587143286786,0.3380832233463253,-0.0026754909823533124,True
1765,365,0.34269011264509863,0.3397462529606678,-0.0029438596844308385,True
1766,365,0.3438510204476717,0.3409234030385248,-0.0029276174091468765,True
1767,365,0.3441394312271734,0.3412640478400655,-0.0028753833871079104,True
1768,365,0.343755765346383,0.34061524088467,-0.0031405244617130346,True
1769,365,0.34328525728396614,0.34003470525957186,-0.003250552024394282,True
1770,365,0.34331416547417476,0.34003489150502486,-0.0032792739691498984,True
1771,365,0.34423837864651213,0.3406979469617865,-0.00354043168472562,True
1772,365,0.3445598534195765,0.3408018178211901,-0.003758035598386389,True
1773,365,0.34413667085521443,0.34058427698478955,-0.003552393870424886,True
1774,365,0.3430291985006221,0.3390996394055091,-0.003929559095113,True
1775,365,0.3411116352363754,0.3371538387074111,-0.003957796528964275,True
1776,365,0.33792764538068665,0.33381665351810574,-0.004110991862580904,True
1777,365,0.3347324003204006,0.33042792119889963,-0.004304479121500948,True
1778,365,0.3308659243245098,0.3264074445696237,-0.004458479754886113,True
1779,365,0.32692551490578037,0.3224250630248148,-0.004500451880965595,True
1780,365,0.3236509429696907,0.31952476168436256,-0.0041261812853281565,True
1781,365,0.3198313239087316,0.3159495813982135,-0.0038817425105180936,True
1782,365,0.3154702883829789,0.312654719198846,-0.0028155691841328934,True
1783,365,0.31221864670954225,0.3092042461384384,-0.003014400571103859,True
1784,365,0.30954334370202496,0.3062121197570254,-0.003331223944999573,True
1785,365,0.30839097326231674,0.30488797463855594,-0.0035029986237608,True
1786,365,0.3081707650953627,0.3045909802072256,-0.003579784888137094,True
1787,365,0.309355134518853,0.3059044401602595,-0.0034506943585934646,True
1788,365,0.3109987797567525,0.30767426945122345,-0.0033245103055290492,True
1789,365,0.31301763102352737,0.3096506273315656,-0.003367003691961745,True
1790,365,0.315078788187212,0.3119275452644434,-0.003151242922768638,True
1791,365,0.3167308978558461,0.3133955639922945,-0.003335333863551615,True
1792,365,0.31832208005419327,0.31531079534744705,-0.00301128470674622,True
1793,365,0.3195450124598185,0.3164934108916047,-0.0030516015682137687,True
1794,365,0.32113683276948113,0.3181445444207637,-0.0029922883487174534,True
1795,365,0.32287640346217644,0.3201599222906277,-0.002716481171548768,True
1796,365,0.32496323194128246,0.3221752502414089,-0.002787981699873543,True
1797,365,0.3268514395295355,0.3238293711013655,-0.0030220684281699883,True
1798,365,0.32893858816324556,0.32579395534704964,-0.0031446328161959247,True
1799,365,0.3303005778092814,0.32719614620498283,-0.0031044316042985742,True
1800,365,0.3313400254184595,0.32800070361172406,-0.0033393218067354624,True
1801,365,0.3318717236725317,0.32793906029762077,-0.0039326633749109385,True
1802,365,0.33223291892239576,0.3280385107766971,-0.004194408145698658,True
1803,365,0.332758947550206,0.3309651369040445,-0.00179381064616152,True
1804,365,0.3625036346319103,0.3615614266738193,-0.0009422079580910236,True
1805,365,0.3604927303372208,0.35965997343682354,-0.0008327569003972468,True
1806,365,0.3580431307339479,0.35718286579693564,-0.000860264937012245,True
1807,365,0.35540487952250294,0.3543246164785323,-0.0010802630439706307,True
1808,365,0.3536073976547151,0.3525112912554294,-0.0010961063992857012,True
1809,365,0.3525931721001071,0.3513371062959861,-0.0012560658041210204,True
1810,365,0.35173541161326505,0.35067024386136686,-0.0010651677518981884,True
1811,365,0.35063960480149553,0.3494711767932948,-0.001168428008200717,True
1812,365,0.3500468218513513,0.3483685579221001,-0.0016782639292511892,True
1813,365,0.350259730067756,0.3487773777186498,-0.0014823523491062085,True
1814,365,0.35120970720600275,0.350941650233606,-0.0002680569723967352,True
1815,365,0.3527344772321821,0.351928245181577,-0.0008062320506050935,True
1816,365,0.3542027618676933,0.35314005718368685,-0.0010627046840064325,True
1817,365,0.35521806533920663,0.3540296453129298,-0.0011884200262768374,True
1818,365,0.35612772549770916,0.3547557975115197,-0.0013719279861894584,True
1819,365,0.3558547052104243,0.3540426719749723,-0.001812033235451982,True
1820,365,0.3547243561270175,0.3530935855834373,-0.00163077054358024,True
1821,365,0.3524523493673736,0.3506456818320317,-0.001806667535341866,True
1822,365,0.34962915119520355,0.3480215189695907,-0.0016076322256128317,True
1823,365,0.3467838721814295,0.3451598257118777,-0.0016240464695517765,True
1824,365,0.34465143827835276,0.34311811935321546,-0.0015333189251373058,True
1825,365,0.34299388002685705,0.3416278203051519,-0.0013660597217051706,True
1826,365,0.34237610918654354,0.3411434685525638,-0.0012326406339797646,True
1827,365,0.34227171475605417,0.3411869820197611,-0.0010847327362930592,True
1828,365,0.3424247968384989,0.3414541651712064,-0.0009706316672924986,True
1829,365,0.3425538753682856,0.3415105874136449,-0.0010432879546407037,True
1830,365,0.34246510171256694,0.34141997128635393,-0.0010451304262130146,True
1831,365,0.3431005085784036,0.34220766722243,-0.0008928413559735615,True
1832,365,0.3447545826360459,0.34396160721833346,-0.0007929754177124493,True
1833,365,0.3482318998604762,0.34748907034309967,-0.0007428295173765309,True
1834,365,0.351649888091854,0.3510507461701833,-0.0005991419216707095,True
1835,365,0.3548405724487744,0.3543324596699889,-0.0005081127787855411,True
1836,365,0.35751910528737474,0.3566762724627169,-0.0008428328246578576,True
1837,365,0.3574793409834015,0.3563824323817766,-0.001096908601624924,True
1838,365,0.35541663993098943,0.3538752249619642,-0.0015414149690252121,True
1839,365,0.35249662275928495,0.35142764578037217,-0.0010689769789127834,True
1840,365,0.34945068807112545,0.348055396098797,-0.0013952919723284607,True
1841,365,0.34546879730845403,0.34462720395470653,-0.0008415933537475051,True
1842,365,0.34195836203288266,0.3412614170372365,-0.0006969449956461538,True
1843,365,0.33934989211076666,0.33842420618818425,-0.0009256859225824088,True
1844,365,0.337830664987068,0.336748386503799,-0.0010822784832689725,True
1845,365,0.3375438167244711,0.3362952035703678,-0.0012486131541032952,True
1846,365,0.3390314545020296,0.3373710628864931,-0.001660391615536494,True
1847,365,0.3401430609673357,0.33844004597503174,-0.001703014992303964,True
1848,365,0.34142372470714466,0.339463580357911,-0.001960144349233639,True
1849,365,0.34178270583075093,0.33973316059457803,-0.0020495452361729005,True
1850,365,0.3415469645625672,0.33955415905601793,-0.001992805506549289,True
1851,365,0.34175254534308586,0.33946094657569764,-0.0022915987673882143,True
1852,365,0.34175851879162433,0.3394152801277586,-0.00234323866386571,True
1853,365,0.34210848091881535,0.339962576777054,-0.0021459041417613567,True
1854,365,0.34360743947707134,0.3406993902850651,-0.002908049192006268,True
1855,365,0.3431438607276585,0.3403854437664219,-0.0027584169612366316,True
1856,365,0.3419366278360965,0.3388966154573074,-0.003040012378789092,True
1857,365,0.34077816240747577,0.33738125460531004,-0.0033969078021657273,True
1858,365,0.3378916613612516,0.3344576978471104,-0.003433963514141214,True
1859,365,0.33424037469259454,0.33053263008512646,-0.0037077446074680886,True
1860,365,0.33020130093824834,0.32624978145869743,-0.003951519479550913,True
1861,365,0.32593071754033304,0.32170544111857785,-0.004225276421755186,True
1862,365,0.3216770577337708,0.31696161344810175,-0.004715444285669057,True
1863,365,0.317568915164374,0.31344131319078844,-0.004127601973585582,True
1864,365,0.3132658276840529,0.310284653803927,-0.0029811738801259202,True
1865,365,0.30944768841635606,0.30675697549025444,-0.002690712926101624,True
1866,365,0.30745679518873265,0.30409708038143446,-0.0033597148072981864,True
1867,365,0.3058308642900121,0.3024101859543475,-0.0034206783356646175,True
1868,365,0.30591865150284386,0.30254873921511954,-0.0033699122877243193,True
1869,365,0.3071018322290327,0.3037760379604313,-0.003325794268601412,True
1870,365,0.308668236253629,0.30537991219753335,-0.0032883240560956373,True
1871,365,0.3109383424910437,0.3077466904053963,-0.0031916520856473674,True
1872,365,0.3131394995494098,0.3100310426020575,-0.0031084569473522894,True
1873,365,0.3144866972825358,0.31160774405589686,-0.0028789532266389473,True
1874,365,0.3154976479273387,0.3129908997519903,-0.0025067481753484055,True
1875,365,0.31685107951571034,0.31455295470800543,-0.0022981248077049155,True
1876,365,0.3182255165132168,0.31606852792381795,-0.002156988589398834,True
1877,365,0.32017802695461406,0.31803873215223655,-0.0021392948023775116,True
1878,365,0.32204242259360616,0.3199433316032594,-0.0020990909903467747,True
1879,365,0.32400941410266265,0.3215918925488118,-0.002417521553850832,True
1880,365,0.3259422270449434,0.3233083098394631,-0.002633917205480285,True
1881,365,0.32746312962166557,0.32466670194584213,-0.002796427675823443,True
1882,365,0.3282206713756324,0.3253641349020385,-0.0028565364735938514,True
1883,365,0.32899871939841796,0.32578856965402303,-0.00321014974439493,True
1884,365,0.329050699712551,0.32571297760370027,-0.003337722108850749,True
1885,365,0.3301996086524363,0.32831195773013283,-0.0018876509223034743,True
1886,365,0.36350345993756566,0.36305311689763375,-0.0004503430399319108,True
1887,365,0.3619239225243605,0.3618222749674283,-0.00010164755693220506,True
1888,365,0.3597906652759487,0.3596339951067467,-0.00015667016920201116,True
1889,365,0.3573060603713346,0.35769163697426754,0.0003855766029329244,False
1890,365,0.35551420906229886,0.3558083473578364,0.00029413829553753823,False
1891,365,0.3546349524337472,0.35477251470815024,0.0001375622744030358,False
1892,365,0.3538366935704889,0.3537936934793188,-4.300009117008674e-05,True
1893,365,0.35259077374460646,0.3528298950975308,0.0002391213529243652,False
1894,365,0.35179880465715935,0.3509551736452494,-0.0008436310119099288,True
1895,365,0.3521387992805126,0.35023081015024116,-0.0019079891302714591,True
1896,365,0.3531942540172541,0.35208318087708074,-0.0011110731401733354,True
1897,365,0.35450170835209804,0.3528364728684472,-0.0016652354836508287,True
1898,365,0.3556385682640136,0.3537811420266302,-0.001857426237383386,True
1899,365,0.35646153243275647,0.35435361229137385,-0.002107920141382613,True
1900,365,0.35747898666940797,0.35512521932958363,-0.002353767339824342,True
1901,365,0.35727202812844927,0.3550179316128986,-0.0022540965155506965,True
1902,365,0.3561454243010033,0.35412879582426543,-0.0020166284767378917,True
1903,365,0.3538213640688574,0.35197344180453877,-0.0018479222643186244,True
1904,365,0.35123905561915786,0.3496427253714268,-0.001596330247731037,True
1905,365,0.34871071124184344,0.3470654020890532,-0.0016453091527902641,True
1906,365,0.346381733688821,0.34486599228638026,-0.0015157414024407623,True
1907,365,0.3448837073389357,0.3434651234757835,-0.0014185838631521897,True
1908,365,0.3442688732216458,0.3428295339561744,-0.0014393392654714066,True
1909,365,0.34434462183118336,0.3426968198173696,-0.0016478020138137595,True
1910,365,0.344865797847828,0.34353153916316154,-0.0013342586846664672,True
1911,365,0.34548389358490417,0.34389002072327435,-0.0015938728616298192,True
1912,365,0.34512722948508584,0.34343300638565266,-0.0016942230994331786,True
1913,365,0.3450001719550381,0.3434931489047455,-0.0015070230502925996,True
1914,365,0.3457519798456577,0.3445114242489303,-0.0012405555967274218,True
1915,365,0.348494932547633,0.34732150989465677,-0.0011734226529762082,True
1916,365,0.3508593521169121,0.3498664102886629,-0.0009929418282492164,True
1917,365,0.3534334097675318,0.35258887195331734,-0.0008445378142144522,True
1918,365,0.35541068640384965,0.3542172335073538,-0.0011934528964958613,True
1919,365,0.3550864458945155,0.35384349477129245,-0.001242951123223035,True
1920,365,0.35384722168966226,0.352069129412805,-0.0017780922768572682,True
1921,365,0.35027891651444587,0.3488516668255004,-0.0014272496889454755,True
1922,365,0.3466342950036194,0.34503936624184306,-0.0015949287617763597,True
1923,365,0.34274979860354127,0.3411846454275237,-0.0015651531760175752,True
1924,365,0.3393115776823799,0.33786870631750426,-0.001442871364875642,True
1925,365,0.33667137140151493,0.3351576202649113,-0.001513751136603625,True
1926,365,0.33482759674385204,0.3335922571725074,-0.0012353395713446402,True
1927,365,0.33537860332548064,0.3337031066825938,-0.0016754966428868534,True
1928,365,0.33604671122498686,0.3342586305926352,-0.0017880806323516407,True
1929,365,0.3370815468946319,0.3353052066141327,-0.0017763402804991668,True
1930,365,0.3380397291245886,0.3360901419261036,-0.001949587198484981,True
1931,365,0.33843770142511376,0.336320204425548,-0.00211749699956576,True
1932,365,0.33854299202684024,0.33662907807011466,-0.001913913956725577,True
1933,365,0.33882424469973893,0.33682264110427484,-0.0020016035954640854,True
1934,365,0.3396911388051415,0.33729096491322236,-0.002400173891919155,True
1935,365,0.34018625341730513,0.3376007821465535,-0.002585471270751649,True
1936,365,0.3409324505237111,0.3383756254843549,-0.0025568250393561698,True
1937,365,0.34166513356392075,0.3387153351209783,-0.002949798442942464,True
1938,365,0.3404671005552199,0.33739072832134137,-0.0030763722338785215,True
1939,365,0.3392173431100228,0.3357807281546889,-0.003436614955333872,True
1940,365,0.3368492395817374,0.33344174524480996,-0.0034074943369274413,True
1941,365,0.33339333242609737,0.32977341802444754,-0.0036199144016498264,True
1942,365,0.32930758222411005,0.32520493501740416,-0.0041026472067058894,True
1943,365,0.325168001328282,0.32073795162029234,-0.004430049707989658,True
1944,365,0.32060196055718904,0.31606891687271144,-0.0045330436844776,True
1945,365,0.31648115754875633,0.31218039142736725,-0.004300766121389077,True
1946,365,0.31266468000509473,0.3090353715096951,-0.003629308495399608,True
1947,365,0.30925085630660665,0.30582767288173807,-0.003423183424868581,True
1948,365,0.30700536769265585,0.303458154605923,-0.0035472130867328366,True
1949,365,0.30574807179545566,0.3022346556044489,-0.0035134161910067574,True
1950,365,0.30599545682856766,0.30247821429911254,-0.0035172425294551224,True
1951,365,0.3067517291900906,0.3033292401848941,-0.003422489005196483,True
1952,365,0.30849260773218223,0.30523052487509345,-0.0032620828570887883,True
1953,365,0.31068605626917495,0.30745123367980215,-0.003234822589372799,True
1954,365,0.31229103969886823,0.30930891342611944,-0.0029821262727487974,True
1955,365,0.31342182097388654,0.3108636571910859,-0.00255816378280066,True
1956,365,0.3144583257399105,0.3121370234077576,-0.002321302332152886,True
1957,365,0.3151637275879172,0.31314568571188267,-0.0020180418760345487,True
1958,365,0.3166727191990779,0.314733463215015,-0.0019392559840629153,True
1959,365,0.31853179709066515,0.3165774059081323,-0.001954391182532822,True
1960,365,0.32028809896428817,0.318281737614194,-0.002006361350094188,True
1961,365,0.32208406362331515,0.3198332224736031,-0.0022508411497120795,True
1962,365,0.32362314461890457,0.32132303353989095,-0.0023001110790136226,True
1963,365,0.32531848213053,0.32277213087005563,-0.0025463512604743666,True
1964,365,0.3265538063899864,0.3238763149835473,-0.002677491406439081,True
1965,365,0.3270409592537275,0.3244408340936819,-0.0026001251600455966,True
1966,365,0.32810960461057914,0.32526165626275416,-0.00284794834782498,True
1967,365,0.3292556424645879,0.32773179381744255,-0.0015238486471453316,True
1968,365,0.36448100107099685,0.36132129972042953,-0.003159701350567312,True
1969,365,0.3632500132595514,0.36136099176164355,-0.0018890214979078723,True
1970,365,0.36142354169315083,0.36063762361721974,-0.0007859180759310913,True
1971,365,0.3591622884082274,0.35963105326368855,0.00046876485546115676,False
1972,365,0.3573166113765884,0.35908152165505125,0.0017649102784628723,False
1973,365,0.35624358857392,0.35920167972845257,0.0029580911545325494,False
1974,365,0.355518610046004,0.3594127718107624,0.0038941617647584303,False
1975,365,0.35458977987403895,0.3590795919933574,0.0044898121193184815,False
1976,365,0.35418528152613815,0.3536605537882786,-0.0005247277378595538,True
1977,365,0.35488157718256597,0.35398088051462995,-0.0009006966679360184,True
1978,365,0.35614121934584003,0.3547350889369379,-0.0014061304089021398,True
1979,365,0.3574033847049251,0.35579622296643837,-0.0016071617384867398,True
1980,365,0.35823957783991484,0.35639102470124334,-0.0018485531386714937,True
1981,365,0.358987267350758,0.35694522029868253,-0.0020420470520754463,True
1982,365,0.35991932239790675,0.3574781946721526,-0.0024411277257541664,True
1983,365,0.35932467979083005,0.3570307900657446,-0.0022938897250854295,True
1984,365,0.35785673609319696,0.35562863788855864,-0.002228098204638318,True
1985,365,0.3555517414173219,0.35332114840061213,-0.0022305930167097476,True
1986,365,0.35313992004607725,0.351252185774006,-0.0018877342720712287,True
1987,365,0.35076672241441653,0.3487626910378703,-0.002004031376546256,True
1988,365,0.34837063246111805,0.3466228707190016,-0.0017477617421164382,True
1989,365,0.34692262545973807,0.34516020346467335,-0.0017624219950647113,True
1990,365,0.3458421179888976,0.34448655286186936,-0.0013555651270282243,True
1991,365,0.3457092672545905,0.34437683779992856,-0.001332429454661943,True
1992,365,0.3462252687752456,0.3448773451473394,-0.0013479236279062001,True
1993,365,0.34687045584099235,0.3455154211091754,-0.001355034731816973,True
1994,365,0.3465496840313049,0.3450077088330963,-0.001541975198208645,True
1995,365,0.34619483892248154,0.3446792267457554,-0.0015156121767261332,True
1996,365,0.34654434141050494,0.3448312400550295,-0.0017131013554754215,True
1997,365,0.34816732238387,0.3462793967441236,-0.0018879256397463795,True
1998,365,0.3491240387905723,0.3476260097081603,-0.001498029082411978,True
1999,365,0.3510967666537123,0.34961061104497365,-0.0014861556087386596,True
2000,365,0.35225450438549527,0.35054298499040193,-0.0017115193950933416,True
2001,365,0.3519965247726388,0.35008699408859084,-0.0019095306840479775,True
2002,365,0.35003288020934503,0.3478572778591018,-0.002175602350243222,True
2003,365,0.34749215786133014,0.344745386922677,-0.0027467709386531647,True
2004,365,0.3438917756316815,0.34116448892539086,-0.0027272867062906325,True
2005,365,0.3398897205699019,0.3370674668626408,-0.0028222537072611353,True
2006,365,0.3362368093087203,0.3334807787572027,-0.0027560305515175743,True
2007,365,0.33373204118652106,0.3310459214571864,-0.002686119729334635,True
2008,365,0.33296093652759634,0.32993268301746775,-0.003028253510128587,True
2009,365,0.3327353920957986,0.3295590986817475,-0.0031762934140511234,True
2010,365,0.33342983542716814,0.33018688238527705,-0.0032429530418910946,True
2011,365,0.33415166669381685,0.33086797349514036,-0.003283693198676496,True
2012,365,0.33474666759892047,0.3313290069935327,-0.0034176606053877845,True
2013,365,0.3351569644769198,0.33151747278264093,-0.0036394916942788513,True
2014,365,0.33556519437259913,0.33155798000235337,-0.00400721437024576,True
2015,365,0.33630948208878164,0.332337473858038,-0.003972008230743618,True
2016,365,0.3372258719918075,0.33315173308442564,-0.004074138907381841,True
2017,365,0.3379196198652285,0.33393619702952615,-0.003983422835702355,True
2018,365,0.33863765627280906,0.3345167813118733,-0.004120874960935772,True
2019,365,0.33875578442522886,0.3346894167463196,-0.004066367678909277,True
2020,365,0.33888308353133134,0.3343942703505401,-0.004488813180791251,True
2021,365,0.33700076107227855,0.3326272551916339,-0.004373505880644668,True
2022,365,0.33491941811950915,0.33008674745753075,-0.0048326706619784,True
2023,365,0.3316415968702115,0.3266578183853129,-0.0049837784848986155,True
2024,365,0.32778862332573916,0.32265472042284615,-0.005133902902893006,True
2025,365,0.32414289529317497,0.31894382119049125,-0.005199074102683721,True
2026,365,0.32051405729153015,0.3149990886531241,-0.005514968638406059,True
2027,365,0.3168977287613144,0.31180526278613496,-0.005092465975179428,True
2028,365,0.31336459718288756,0.3083840393996037,-0.004980557783283879,True
2029,365,0.3105828606250776,0.30551564327418057,-0.005067217350897046,True
2030,365,0.308277233385697,0.3034875545016005,-0.004789678884096538,True
2031,365,0.30771583307579947,0.30280894929912255,-0.004906883776676918,True
2032,365,0.3080352485546596,0.30311927937487537,-0.0049159691797842076,True
2033,365,0.3090149383282684,0.3038517174912487,-0.0051632208370197,True
2034,365,0.310223404943273,0.3050948623188392,-0.005128542624433796,True
2035,365,0.311655716032196,0.3067482194623437,-0.004907496569852288,True
2036,365,0.31281912721364724,0.30830977447607305,-0.00450935273757419,True
2037,365,0.3136097515150126,0.30915208598137567,-0.004457665533636912,True
2038,365,0.3141519632596276,0.31000678162694056,-0.004145181632687012,True
2039,365,0.314751548613298,0.3107988906426005,-0.003952657970697493,True
2040,365,0.31637995810826824,0.31245504294309123,-0.003924915165177012,True
2041,365,0.31782666202000476,0.3141785246009273,-0.003648137419077435,True
2042,365,0.31943043934947746,0.3159460205642193,-0.003484418785258181,True
2043,365,0.3206599142536074,0.31710569755036466,-0.0035542167032427407,True
2044,365,0.32220459562468917,0.31862912129953985,-0.0035754743251493193,True
2045,365,0.3238482714047222,0.3201192877876875,-0.00372898361703472,True
2046,365,0.32593994117766245,0.3217956699831286,-0.004144271194533866,True
2047,365,0.3265849712616603,0.32269614390991225,-0.0038888273517480587,True
2048,365,0.3272996695252547,0.3236993858179259,-0.0036002837073287886,True
2049,365,0.32884706793828367,0.3275511696749623,-0.0012958982633213822,True
2050,365,0.3645068179174483,0.3621092935210201,-0.002397524396428208,True
2051,365,0.36298220641949125,0.3616123215911709,-0.0013698848283203446,True
2052,365,0.36104603658908896,0.3609256048843358,-0.00012043170475317666,True
2053,365,0.3592526600791653,0.3604959131596474,0.0012432530804821207,False
2054,365,0.358048998871975,0.3606592740873394,0.0026102752153643882,False
2055,365,0.3574622084576574,0.36121422286884275,0.0037520144111853337,False
2056,365,0.357117006950135,0.36164472988433594,0.004527722934200951,False
2057,365,0.3572333625659312,0.3568535752888487,-0.0003797872770824884,True
2058,365,0.35823558464782806,0.35738960495653416,-0.0008459796912939077,True
2059,365,0.35961522490628495,0.35853894049616397,-0.0010762844101209756,True
2060,365,0.36079817390645874,0.3593456214838137,-0.001452552422645026,True
2061,365,0.36149871510822096,0.3598676290469418,-0.0016310860612791522,True
2062,365,0.36218685485808716,0.36025329738698886,-0.0019335574710983017,True
2063,365,0.3628003824331356,0.36071178347395494,-0.0020885989591806764,True
2064,365,0.36194922188412915,0.3598999460245735,-0.002049275859555666,True
2065,365,0.3600660190380513,0.3578326257101405,-0.002233393327910782,True
2066,365,0.35777051004627575,0.3556932641599424,-0.0020772458863333454,True
2067,365,0.35514693312165957,0.3533324404565008,-0.0018144926651587623,True
2068,365,0.35276979203125786,0.3509555876190183,-0.0018142044122395617,True
2069,365,0.35043942888782553,0.34878172485753994,-0.0016577040302855894,True
2070,365,0.3487412633963746,0.3471118543640647,-0.001629409032309903,True
2071,365,0.34736284454893085,0.3459436366631899,-0.0014192078857409585,True
2072,365,0.3467782001490158,0.34557889872329517,-0.0011993014257206114,True
2073,365,0.3470438267139128,0.3458454464127741,-0.001198380301138724,True
2074,365,0.34747542275506593,0.3462797194854069,-0.0011957032696590097,True
2075,365,0.3475703229690883,0.34619055614716787,-0.001379766821920425,True
2076,365,0.3472752143900394,0.34585548534838556,-0.0014197290416538277,True
2077,365,0.3471151384162355,0.34549465467069257,-0.001620483745542911,True
2078,365,0.3482629860718066,0.3463992851909592,-0.0018637008808474187,True
2079,365,0.3488373784015859,0.3470584358583274,-0.0017789425432584993,True
2080,365,0.349053052127195,0.3473257679988646,-0.0017272841283303975,True
2081,365,0.3492527640075645,0.347579100974649,-0.0016736630329154956,True
2082,365,0.34795121741865076,0.3460970751428282,-0.0018541422758225345,True
2083,365,0.3464823953943997,0.34421328190059025,-0.002269113493809427,True
2084,365,0.34436394311978535,0.3413971989215333,-0.002966744198252047,True
2085,365,0.34137076928943877,0.3383889134896545,-0.002981855799784272,True
2086,365,0.33698528476842915,0.33427271749207754,-0.0027125672763516073,True
2087,365,0.33416862313410517,0.3310309770133377,-0.0031376461207674455,True
2088,365,0.33174381156042154,0.32850522763085965,-0.003238583929561889,True
2089,365,0.33036188196774463,0.3270945718174913,-0.003267310150253333,True
2090,365,0.33060550881029094,0.3273711627780474,-0.0032343460322435402,True
2091,365,0.331282928017781,0.32802952785281553,-0.0032534001649654476,True
2092,365,0.3317895458320044,0.3284574708937358,-0.003332074938268592,True
2093,365,0.33207279394210076,0.32852241881032695,-0.0035503751317738086,True
2094,365,0.33227570454556715,0.3285146738190551,-0.0037610307265120713,True
2095,365,0.332235565153275,0.32845959179856643,-0.003775973354708584,True
2096,365,0.33332105206673845,0.32930751434913447,-0.004013537717603988,True
2097,365,0.33456270439730335,0.3303613407004539,-0.004201363696849425,True
2098,365,0.33598881706576567,0.3315515643481721,-0.004437252717593543,True
2099,365,0.33654580376811133,0.3321177089545557,-0.004428094813555605,True
2100,365,0.33713212627139233,0.3325590762740161,-0.004573049997376233,True
2101,365,0.3371326787680184,0.3323270041511291,-0.004805674616889299,True
2102,365,0.3361744377788541,0.33106594010305496,-0.0051084976757991285,True
2103,365,0.33306236603315953,0.32801745559675105,-0.0050449104364084785,True
2104,365,0.3299270713120525,0.3245715439438285,-0.005355527368224033,True
2105,365,0.32684921700887276,0.3214931245820628,-0.005356092426809955,True
2106,365,0.3240316954440531,0.3185700497644768,-0.005461645679576299,True
2107,365,0.32123680037532837,0.3156473808096217,-0.005589419565706688,True
2108,365,0.3181390877810162,0.3129984575780518,-0.005140630202964402,True
2109,365,0.31542261310592506,0.3103472229814438,-0.005075390124481272,True
2110,365,0.31322523838764565,0.3081836510562777,-0.005041587331367947,True
2111,365,0.31180362597569145,0.30676326607447274,-0.005040359901218705,True
2112,365,0.31157264201301876,0.3066716512546198,-0.004900990758398949,True
2113,365,0.3119275810928607,0.30675777700043394,-0.005169804092426733,True
2114,365,0.3123857527748669,0.30718786161989364,-0.0051978911549732665,True
2115,365,0.3130832712460916,0.3078859396526952,-0.005197331593396415,True
2116,365,0.31395300194698916,0.3089898741916351,-0.004963127755354069,True
2117,365,0.3145809742963309,0.3099944401250135,-0.004586534171317436,True
2118,365,0.3146537590879189,0.3099834441178664,-0.004670314970052547,True
2119,365,0.3150422282334803,0.3106877349387589,-0.004354493294721429,True
2120,365,0.3155331279634148,0.3113690893775323,-0.00416403858588249,True
2121,365,0.316553634884701,0.31249405139983405,-0.004059583484866958,True
2122,365,0.31806348144011026,0.313980897104441,-0.00408258433566927,True
2123,365,0.31921889700491757,0.3154632621352044,-0.0037556348697131425,True
2124,365,0.32097604687247633,0.31697787935938054,-0.003998167513095785,True
2125,365,0.32265917705104163,0.31841312726967286,-0.004246049781368777,True
2126,365,0.32405315904388593,0.32003369641959034,-0.004019462624295589,True
2127,365,0.325440723734362,0.3215827643012233,-0.0038579594331387135,True
2128,365,0.3266383165206301,0.32269156080354783,-0.003946755717082251,True
2129,365,0.32820102401311546,0.32409597852957933,-0.004105045483536129,True
2130,365,0.32982433878180967,0.32801667196364476,-0.0018076668181649103,True
2131,365,0.3658822377384689,0.3628754143457941,-0.0030068233926747734,True
2132,365,0.3647341439001638,0.3630344824320727,-0.0016996614680910849,True
2133,365,0.36322265070343795,0.36272870363546217,-0.0004939470679757862,True
2134,365,0.3616787420767847,0.36256339817761146,0.000884656100826775,False
2135,365,0.36059334766442525,0.36288028041192144,0.0022869327474961954,False
2136,365,0.3602506087812247,0.36374974549012606,0.0034991367089013403,False
2137,365,0.3602927555388203,0.3646707725120867,0.0043780169732663965,False
2138,365,0.3607406789668606,0.3610619673035799,0.00032128833671934975,False
2139,365,0.36173678820724003,0.3612858515574174,-0.000450936649822653,True
2140,365,0.36291555230764877,0.3617724599160049,-0.0011430923916438962,True
2141,365,0.36397418723307456,0.3624435734405248,-0.001530613792549762,True
2142,365,0.36458415530884136,0.36295207296904863,-0.0016320823397927287,True
2143,365,0.3650419574947278,0.36353367065263864,-0.001508286842089146,True
2144,365,0.365526154190317,0.36367915522154615,-0.00184699896877083,True
2145,365,0.3643946454557657,0.3624190281178289,-0.0019756173379368303,True
2146,365,0.3622602245264743,0.3603136616445775,-0.0019465628818967629,True
2147,365,0.3597647585118035,0.3579313472287594,-0.0018334112830440952,True
2148,365,0.35724856651451015,0.355634294465528,-0.0016142720489821238,True
2149,365,0.35476043892274434,0.3532572481757593,-0.001503190746985017,True
2150,365,0.352349174694585,0.35092068473090576,-0.0014284899636792248,True
2151,365,0.3501601116915619,0.3488257486021082,-0.0013343630894537273,True
2152,365,0.34862229788175164,0.34720476172838965,-0.0014175361533619868,True
2153,365,0.34746597740973995,0.3462470457832373,-0.0012189316265026617,True
2154,365,0.34738051806333126,0.3463701612560629,-0.0010103568072683533,True
2155,365,0.34786659478119436,0.34669145376090726,-0.001175141020287096,True
2156,365,0.3482750090377464,0.3468756860434132,-0.0013993229943332075,True
2157,365,0.34877387433387547,0.347359895300912,-0.001413979032963475,True
2158,365,0.3488302873670446,0.34720358149506775,-0.0016267058719768301,True
2159,365,0.34880420735243034,0.34701427378690497,-0.00178993356552537,True
2160,365,0.3487622424167959,0.3469203382366196,-0.0018419041801762681,True
2161,365,0.34840743743464203,0.3463647298229853,-0.0020427076116567577,True
2162,365,0.34730278219700733,0.3456332033642786,-0.0016695788327287242,True
2163,365,0.3458930533715434,0.34410707394640727,-0.0017859794251361416,True
2164,365,0.34373458914457705,0.3416025208622797,-0.002132068282297339,True
2165,365,0.3415923569378389,0.33860809579198964,-0.002984261145849265,True
2166,365,0.3391780911137533,0.33576681547172665,-0.0034112756420266455,True
2167,365,0.33520942346211086,0.3318381477268878,-0.003371275735223056,True
2168,365,0.33146639629286107,0.3282940406431862,-0.003172355649674885,True
2169,365,0.32911647004455363,0.3259575876572591,-0.0031588823872945593,True
2170,365,0.3279635736203256,0.3248390675033403,-0.0031245061169852817,True
2171,365,0.3284248276469843,0.3252596404914157,-0.0031651871555685718,True
2172,365,0.3295463815925677,0.3261994904117709,-0.0033468911807968404,True
2173,365,0.33003889223144706,0.3266525495752578,-0.0033863426561892562,True
2174,365,0.32986543789195344,0.3265148461173706,-0.003350591774582856,True
2175,365,0.32976810861974887,0.32617333691663397,-0.0035947717031148962,True
2176,365,0.33021492916382916,0.3263694028020127,-0.0038455263618164537,True
2177,365,0.3307469155462586,0.32691788021980334,-0.003829035326455288,True
2178,365,0.33219567883633405,0.32801974970029946,-0.004175929136034595,True
2179,365,0.3334661780326008,0.3289435825318265,-0.004522595500774329,True
2180,365,0.33510326331225054,0.3302454890918418,-0.004857774220408728,True
2181,365,0.33581325540008583,0.33095139323925515,-0.004861862160830677,True
2182,365,0.33516153273609517,0.33030242747573485,-0.004859105260360319,True
2183,365,0.3337946682052473,0.3290020144083508,-0.004792653796896473,True
2184,365,0.33207125703223866,0.3265979519450463,-0.005473305087192348,True
2185,365,0.32921963845935603,0.3236655260771315,-0.00555411238222453,True
2186,365,0.3267481732357536,0.3210348033398316,-0.005713369895922027,True
2187,365,0.32463434309251227,0.31902983340385016,-0.005604509688662107,True
2188,365,0.3223266543775001,0.31677796463788216,-0.005548689739617918,True
2189,365,0.32029479838514624,0.3151599569296526,-0.005134841455493644,True
2190,365,0.3182914638050896,0.313382571381141,-0.0049088924239485965,True
2191,365,0.31739496061110983,0.31232931721075374,-0.00506564340035609,True
2192,365,0.316618506738863,0.3115013019027874,-0.005117204836075584,True
2193,365,0.3166329078289211,0.31149855128650955,-0.005134356542411567,True
2194,365,0.31649703618932357,0.3113341399105952,-0.005162896278728346,True
2195,365,0.3165028389333345,0.3113993573993111,-0.005103481534023346,True
2196,365,0.3165681566032395,0.31160373908396116,-0.004964417519278341,True
2197,365,0.3169903132864497,0.31211137448698056,-0.004878938799469157,True
2198,365,0.31726317278175686,0.3124218604623687,-0.004841312319388169,True
2199,365,0.31692882052561655,0.31213815721089233,-0.0047906633147242195,True
2200,365,0.31681520618314674,0.31221833648593167,-0.004596869697215067,True
2201,365,0.3171873341639795,0.3129223830051863,-0.004264951158793162,True
2202,365,0.3177923055063618,0.3135928476051686,-0.004199457901193193,True
2203,365,0.31907182089541364,0.3147813493782825,-0.004290471517131134,True
2204,365,0.3206968560111388,0.31633380955444873,-0.004363046456690056,True
2205,365,0.32213502029151964,0.31792911170000876,-0.004205908591510876,True
2206,365,0.32314101880430773,0.3190092579827059,-0.0041317608216018264,True
2207,365,0.3246995394423261,0.32072638312322616,-0.003973156319099946,True
2208,365,0.32676992582041725,0.3225898845300226,-0.004180041290394676,True
2209,365,0.32770419385340394,0.32362372017832414,-0.004080473675079799,True
2210,365,0.32835539040971684,0.32438039771497046,-0.003974992694746382,True
2211,365,0.3295549275305795,0.32774255808274877,-0.0018123694478307528,True
2212,365,0.36664711979580494,0.3646974135345065,-0.0019497062612984228,True
2213,365,0.3658097371020342,0.36505534634261394,-0.0007543907594202426,True
2214,365,0.3648223388728004,0.3653963515196097,0.0005740126468092854,False
2215,365,0.3640951043783897,0.3659954403387387,0.0019003359603489978,False
2216,365,0.363965139345418,0.36705077446218126,0.003085635116763241,False
2217,365,0.36415530237598187,0.36814860101506813,0.003993298639086262,False
2218,365,0.3646262915597874,0.36471782201969716,9.153045990978326e-05,False
2219,365,0.3652925088077267,0.36443549519345464,-0.0008570136142720397,True
2220,365,0.3659626233331797,0.3650266903433359,-0.0009359329898437907,True
2221,365,0.3668217765309781,0.3652136689706847,-0.0016081075602933925,True
2222,365,0.3671730119809428,0.3657354701487765,-0.0014375418321663225,True
2223,365,0.3672585722946601,0.3656628996613877,-0.0015956726332723714,True
2224,365,0.3673709046108627,0.3655176339272626,-0.0018532706836000834,True
2225,365,0.3660710792506608,0.36407138666268024,-0.0019996925879805505,True
2226,365,0.36389889049172197,0.3619261869817527,-0.0019727035099692536,True
2227,365,0.3613704759676803,0.35978735196490547,-0.0015831240027748272,True
2228,365,0.35892578742758013,0.35758224391586096,-0.0013435435117191696,True
2229,365,0.35649971742739184,0.35525367853835943,-0.0012460388890324081,True
2230,365,0.35390048917077443,0.3527255106812293,-0.0011749784895451199,True
2231,365,0.35151450571310217,0.350372440712571,-0.0011420650005311561,True
2232,365,0.34967412295761624,0.3485831644732815,-0.0010909584843347142,True
2233,365,0.3482877268302345,0.3470768654740815,-0.0012108613561530035,True
2234,365,0.34783963927836237,0.34669634282037487,-0.0011432964579874971,True
2235,365,0.34849281598968584,0.3472369912768238,-0.0012558247128620637,True
2236,365,0.3493700646920241,0.34810728111923245,-0.001262783572791637,True
2237,365,0.34991217132829283,0.3483245512586893,-0.001587620069603557,True
2238,365,0.3500312093035362,0.34841601258468696,-0.0016151967188492433,True
2239,365,0.34991241619444474,0.34822989937951204,-0.0016825168149326997,True
2240,365,0.3492584491839556,0.34735273120507026,-0.0019057179788853351,True
2241,365,0.34832031605930036,0.34644936445986935,-0.0018709515994310144,True
2242,365,0.3470687295150936,0.34512713233941156,-0.0019415971756820416,True
2243,365,0.3451699817217533,0.34311076897326215,-0.002059212748491135,True
2244,365,0.3429108368763147,0.34029343330068273,-0.002617403575631949,True
2245,365,0.3399116404453955,0.33683144482458033,-0.003080195620815185,True
2246,365,0.3371908074040873,0.33382609448216005,-0.0033647129219272487,True
2247,365,0.33340856204892505,0.3300847272946218,-0.0033238347543032565,True
2248,365,0.33014888117917096,0.3269615094785857,-0.003187371700585251,True
2249,365,0.3277705071483885,0.32450876708156284,-0.003261740066825669,True
2250,365,0.3270091998872417,0.3236814666070843,-0.0033277332801573967,True
2251,365,0.32700698983088755,0.32370688926473534,-0.0033001005661522087,True
2252,365,0.32813853281361444,0.3248098569127164,-0.003328675900898026,True
2253,365,0.32863352742962443,0.32528400070943336,-0.003349526720191065,True
2254,365,0.32871600695104813,0.32541796648390303,-0.0032980404671451025,True
2255,365,0.32863486503922273,0.32518790067640346,-0.0034469643628192714,True
2256,365,0.3289199690324805,0.32516436959448736,-0.00375559943799314,True
2257,365,0.3291079919566227,0.32529852205894133,-0.0038094698976813834,True
2258,365,0.3307904001555194,0.326473382261343,-0.004317017894176434,True
2259,365,0.3319914962307131,0.32750168133806384,-0.004489814892649269,True
2260,365,0.3332436696794177,0.32862140934543443,-0.004622260333983275,True
2261,365,0.3339614079481214,0.3291993038479523,-0.0047621041001690845,True
2262,365,0.3339311880849923,0.3289034668902081,-0.005027721194784174,True
2263,365,0.3326745477162044,0.3276450984696193,-0.005029449246585105,True
2264,365,0.33031401021245843,0.32522531319464665,-0.005088697017811783,True
2265,365,0.32920286843656826,0.32360577375397315,-0.005597094682595116,True
2266,365,0.3268689228317144,0.32130381077828535,-0.005565112053429078,True
2267,365,0.32506110598076926,0.31945204884120915,-0.005609057139560114,True
2268,365,0.3234822398953044,0.3182102041115005,-0.005272035783803863,True
2269,365,0.3222969617924421,0.31745679726616843,-0.0048401645262736714,True
2270,365,0.32145401450911004,0.3167248993376839,-0.004729115171426157,True
2271,365,0.32125117997498276,0.3165432315584538,-0.00470794841652894,True
2272,365,0.32113973283660013,0.31624226971553143,-0.004897463121068701,True
2273,365,0.32111012772050584,0.3162377815562579,-0.0048723461642479204,True
2274,365,0.32128741603070005,0.3163175105233412,-0.004969905507358818,True
2275,365,0.3210606444247468,0.31619957661380205,-0.0048610678109447525,True
2276,365,0.32069936510825525,0.31603413352001625,-0.004665231588239005,True
2277,365,0.3204313615910773,0.3157172648910245,-0.00471409670005285,True
2278,365,0.320076739378284,0.31547181170008975,-0.004604927678194259,True
2279,365,0.31960237686078463,0.3151154739410844,-0.00448690291970022,True
2280,365,0.31936602202858616,0.3147230707424435,-0.004642951286142671,True
2281,365,0.31981642618950723,0.31524704880509063,-0.004569377384416595,True
2282,365,0.320659635431709,0.3160342042457288,-0.004625431185980189,True
2283,365,0.3217046189504844,0.31680218919090347,-0.00490242975958094,True
2284,365,0.3224940328637406,0.31764246956224335,-0.004851563301497275,True
2285,365,0.3236448770322117,0.3191362742544171,-0.004508602777794579,True
2286,365,0.3249715201113712,0.32068424053093225,-0.004287279580438952,True
2287,365,0.32703348673909016,0.32252935542084354,-0.004504131318246618,True
2288,365,0.32787384911923095,0.3237702703389851,-0.0041035787802458645,True
2289,365,0.32848583544497345,0.32448570337747823,-0.004000132067495221,True
2290,365,0.32884287642700316,0.32498338455129233,-0.00385949187571083,True
2291,365,0.32986578798603633,0.32794197972827444,-0.0019238082577618942,True
2292,365,0.36868267818724565,0.3662587655942116,-0.002423912593034039,True
2293,365,0.3684933148881485,0.36749508332187886,-0.0009982315662696584,True
2294,365,0.3682023896117529,0.36840312693886246,0.00020073732710956804,False
2295,365,0.3680155527920317,0.36943486511189183,0.0014193123198601443,False
2296,365,0.36803885438002165,0.3705518078058463,0.0025129534258246378,False
2297,365,0.36820740786108735,0.3715865827925801,0.0033791749314927566,False
2298,365,0.3685229143720156,0.3685613052429013,3.839087088569615e-05,False
2299,365,0.3687591398043954,0.36750406457638474,-0.0012550752280106603,True
2300,365,0.36859866124043006,0.36748032358264515,-0.001118337657784907,True
2301,365,0.3688021930029453,0.36717006966633936,-0.0016321233366059507,True
2302,365,0.3687006836580912,0.3672651452290822,-0.001435538429009009,True
2303,365,0.36829475086763724,0.36659137547057025,-0.0017033753970669974,True
2304,365,0.36799069073942425,0.3659079760817718,-0.0020827146576524735,True
2305,365,0.36681007710870644,0.3647251148650689,-0.0020849622436375226,True
2306,365,0.36500201254119996,0.3629530172432026,-0.002048995297997347,True
2307,365,0.3624692065215276,0.361121825014433,-0.0013473815070945694,True
2308,365,0.35994536293186247,0.35861324348738294,-0.0013321194444795292,True
2309,365,0.35777205109496835,0.3564781696382254,-0.0012938814567429735,True
2310,365,0.3553194424127955,0.3543104225941613,-0.0010090198186342159,True
2311,365,0.35282389792183233,0.3519727750113003,-0.0008511229105320206,True
2312,365,0.3509143682959599,0.3500217477819704,-0.0008926205139894727,True
2313,365,0.34952269177453305,0.3484704523798428,-0.0010522393946902353,True
2314,365,0.34921944039978464,0.34810331081853113,-0.001116129581253511,True
2315,365,0.34932304890037996,0.34819136380811483,-0.0011316850922651334,True
2316,365,0.3499613008221557,0.3486800068345714,-0.0012812939875843088,True
2317,365,0.3507597872108811,0.3491158545040932,-0.001643932706787865,True
2318,365,0.35096520441068124,0.34932285694269494,-0.0016423474679863048,True
2319,365,0.3510041253120541,0.34949834754864273,-0.0015057777634113756,True
2320,365,0.34990073695280993,0.3479510889423311,-0.0019496480104788105,True
2321,365,0.3480766626149138,0.34633047218826757,-0.0017461904266462547,True
2322,365,0.34727686637474103,0.3451561129195432,-0.0021207534551978546,True
2323,365,0.34529685809235816,0.34301145283398893,-0.002285405258369233,True
2324,365,0.3426865252867603,0.33976364287787,-0.002922882408890326,True
2325,365,0.33970293876776547,0.3363068900676358,-0.0033960487001296613,True
2326,365,0.3364807549063342,0.33308056347111814,-0.0034001914352160822,True
2327,365,0.33363720211084213,0.3299416141264345,-0.003695587984407611,True
2328,365,0.3303750976355961,0.3269454440145536,-0.003429653621042472,True
2329,365,0.32787413316816433,0.3245572081512211,-0.0033169250169432507,True
2330,365,0.3267919391475464,0.32349723365682814,-0.0032947054907182527,True
2331,365,0.3268840347631508,0.32365786053193385,-0.0032261742312169606,True
2332,365,0.32791184131985285,0.32472583458170806,-0.0031860067381447865,True
2333,365,0.32850716678648734,0.32525142838474513,-0.003255738401742203,True
2334,365,0.32867205520744636,0.3254614763184232,-0.0032105788890231524,True
2335,365,0.3283346732389797,0.3250985560085305,-0.003236117230449198,True
2336,365,0.3287315212611634,0.3250223793981022,-0.003709141863061205,True
2337,365,0.32882793382098474,0.32478276567005426,-0.004045168150930478,True
2338,365,0.3294226328231272,0.3252573727337273,-0.004165260089399936,True
2339,365,0.3302705643955827,0.32589784406552863,-0.004372720330054092,True
2340,365,0.33174789904379764,0.3270410959444782,-0.004706803099319423,True
2341,365,0.33249689997038157,0.32764838435273724,-0.004848515617644322,True
2342,365,0.33236250341579604,0.32726442928282456,-0.005098074132971475,True
2343,365,0.33159415702446127,0.3265002191281423,-0.005093937896318956,True
2344,365,0.32959342672025277,0.32464320193610674,-0.004950224784146029,True
2345,365,0.3277412850307344,0.32271089714530815,-0.005030387885426257,True
2346,365,0.32636105881511973,0.32098940525218145,-0.005371653562938283,True
2347,365,0.3252888221442076,0.3199160145652493,-0.005372807578958305,True
2348,365,0.3241609958546561,0.31896078022010604,-0.005200215634550032,True
2349,365,0.32352173809364143,0.31874517455842866,-0.0047765635352127744,True
2350,365,0.32342232700822937,0.3189171194030629,-0.0045052076051664836,True
2351,365,0.3232647061067316,0.31870997027944575,-0.004554735827285827,True
2352,365,0.3237792793864161,0.3191462312016855,-0.004633048184730593,True
2353,365,0.3242578827554939,0.31960449824858794,-0.004653384506905944,True
2354,365,0.32485672791333553,0.32008894818484457,-0.004767779728490962,True
2355,365,0.32482687667319826,0.31999078737349024,-0.004836089299708024,True
2356,365,0.32423799526591934,0.319460165142607,-0.004777830123312343,True
2357,365,0.3232678175615889,0.3185848420615713,-0.0046829755000176165,True
2358,365,0.3225781630268661,0.3181283967112212,-0.004449766315644921,True
2359,365,0.3223658088092699,0.3179582397261008,-0.004407569083169083,True
2360,365,0.32259419193106365,0.31784243828076486,-0.0047517536502987845,True
2361,365,0.3237602714985901,0.31882691717538314,-0.004933354323206962,True
2362,365,0.3239815085279436,0.3191401380070644,-0.004841370520879185,True
2363,365,0.32424766917115216,0.3191931752487834,-0.005054493922368786,True
2364,365,0.3243321369862292,0.31966290081913296,-0.004669236167096247,True
2365,365,0.32621296606665307,0.32117480997439385,-0.005038156092259216,True
2366,365,0.32753399576034026,0.3227061180020647,-0.004827877758275534,True
2367,365,0.32803786346929403,0.3235198151151967,-0.004518048354097359,True
2368,365,0.3287717598614248,0.3244701812361342,-0.004301578625290625,True
2369,365,0.32869807788810873,0.3248065881908635,-0.0038914896972452317,True
2370,365,0.3290063057979267,0.3250988195644293,-0.003907486233497404,True
2371,365,0.32960012914362247,0.32766493833534915,-0.0019351908082733127,True
2372,365,0.37107471618024684,0.3696970303646034,-0.001377685815643459,True
2373,365,0.3715037440115176,0.3712299297828794,-0.0002738142286382028,True
2374,365,0.3719583177594657,0.37278560656540066,0.000827288805934967,False
2375,365,0.37223672024088506,0.3740516034469636,0.0018148832060785325,False
2376,365,0.37230450726341535,0.3749286265797688,0.0026241193163534238,False
2377,365,0.3724051343205385,0.3722311358171396,-0.00017399850339888667,True
2378,365,0.3721254362988565,0.37100365197499835,-0.001121784323858177,True
2379,365,0.3717706630097513,0.3702197171924148,-0.001550945817336502,True
2380,365,0.3707399589158893,0.3689922054573693,-0.0017477534585199628,True
2381,365,0.36983912347011844,0.36819811999899343,-0.0016410034711250021,True
2382,365,0.36873588373352484,0.3667073052095029,-0.00202857852402194,True
2383,365,0.36789414202227566,0.3656951527255235,-0.002198989296752163,True
2384,365,0.3668711090531424,0.3647681335572119,-0.002102975495930526,True
2385,365,0.36540136752548674,0.3636181407529363,-0.0017832267725504392,True
2386,365,0.3634203572711655,0.36182252206923166,-0.0015978352019338504,True
2387,365,0.3609145194330128,0.3594895056040368,-0.001425013828975974,True
2388,365,0.35904203414691593,0.3576719316116961,-0.0013701025352198526,True
2389,365,0.3571448790118343,0.3562138263005039,-0.0009310527113303713,True
2390,365,0.35503683993768365,0.3540791819548972,-0.000957657982786464,True
2391,365,0.3530673034761237,0.3521259243539656,-0.0009413791221580814,True
2392,365,0.35168917810823724,0.3507171215409432,-0.000972056567294044,True
2393,365,0.350834134369764,0.3499497509546016,-0.000884383415162393,True
2394,365,0.3505697857634719,0.34948659051361824,-0.0010831952498536745,True
2395,365,0.3511539204285878,0.34982982270433144,-0.0013240977242563456,True
2396,365,0.3520127803699914,0.35018823960113993,-0.001824540768851468,True
2397,365,0.3519582640074772,0.3503257508540915,-0.0016325131533856951,True
2398,365,0.35157881804848434,0.3500476625891092,-0.0015311554593751553,True
2399,365,0.3508346334332882,0.3486854556219132,-0.0021491778113749693,True
2400,365,0.34903490830043854,0.3467265782411591,-0.00230833005927944,True
2401,365,0.3471070033543401,0.34490421893679735,-0.002202784417542736,True
2402,365,0.3451511480766852,0.3426203807142268,-0.002530767362458386,True
2403,365,0.34262908982720636,0.33946450217685803,-0.0031645876503483272,True
2404,365,0.34009403570994423,0.3364246850072,-0.003669350702744212,True
2405,365,0.337157451786251,0.33355046690546636,-0.003606984880784647,True
2406,365,0.3340630801082531,0.3305506512311926,-0.0035124288770604917,True
2407,365,0.3314917950470646,0.32787823480733,-0.003613560239734581,True
2408,365,0.32930367939029026,0.3258214541539752,-0.003482225236315084,True
2409,365,0.32844822721811545,0.3248692501677725,-0.0035789770503429352,True
2410,365,0.3280198746262697,0.3246811246934454,-0.003338749932824292,True
2411,365,0.328605606420261,0.32538141189482944,-0.003224194525431545,True
2412,365,0.329774739714031,0.3264875426347562,-0.003287197079274773,True
2413,365,0.33026957179716726,0.326879704115153,-0.0033898676820142692,True
2414,365,0.32969747410733147,0.32628590766206333,-0.0034115664452681327,True
2415,365,0.3287918603194996,0.3252158974670601,-0.003575962852439496,True
2416,365,0.3284508018631075,0.32466211223386005,-0.0037886896292474437,True
2417,365,0.32894001513343507,0.32473372729705413,-0.00420628783638094,True
2418,365,0.32949017183222074,0.3250742850320944,-0.004415886800126334,True
2419,365,0.3299874739906679,0.32543562982006086,-0.004551844170607056,True
2420,365,0.33065527618685897,0.32580485224131367,-0.004850423945545301,True
2421,365,0.33070513745620883,0.3257809883683798,-0.004924149087829011,True
2422,365,0.3302668308565048,0.325240673303842,-0.0050261575526628355,True
2423,365,0.3284521061909741,0.3234205301412465,-0.005031576049727593,True
2424,365,0.32701893990609227,0.32192240847357445,-0.005096531432517815,True
2425,365,0.3253410745836279,0.32041471292638385,-0.004926361657244027,True
2426,365,0.3243610690181203,0.31932547315898313,-0.005035595859137154,True
2427,365,0.3241923677672131,0.31932922962854604,-0.004863138138667067,True
2428,365,0.32397229812591055,0.31932749139191213,-0.004644806733998419,True
2429,365,0.324273380594678,0.31989517007301677,-0.004378210521661208,True
2430,365,0.3250871656059622,0.3208226235674678,-0.004264542038494357,True
2431,365,0.32587391841227525,0.3214415562273824,-0.004432362184892846,True
2432,365,0.3267501228189274,0.3222076132607752,-0.004542509558152219,True
2433,365,0.3274170413396615,0.3227663023352885,-0.004650739004372961,True
2434,365,0.3277454792637686,0.32298113835626624,-0.004764340907502385,True
2435,365,0.3273277588354739,0.32252127015402715,-0.00480648868144673,True
2436,365,0.3257756596366897,0.32125215405361707,-0.004523505583072629,True
2437,365,0.32498423281349714,0.3203141980009896,-0.004670034812507551,True
2438,365,0.3245670102748349,0.320093615107986,-0.004473395166848915,True
2439,365,0.32566121952462723,0.3209573488495636,-0.004703870675063615,True
2440,365,0.32636796459240175,0.32153730455011564,-0.004830660042286106,True
2441,365,0.3269312009217344,0.3221374372369075,-0.004793763684826868,True
2442,365,0.3277123558640686,0.32243050489991937,-0.005281850964149237,True
2443,365,0.327352477255497,0.3222249670101329,-0.005127510245364064,True
2444,365,0.32777100723196684,0.3230102605954133,-0.0047607466365535145,True
2445,365,0.32887471924555595,0.3240162550283641,-0.004858464217191827,True
2446,365,0.32921112908086847,0.3245867284043054,-0.004624400676563056,True
2447,365,0.3291030680002251,0.32479772233405174,-0.004305345666173355,True
2448,365,0.3289682361609279,0.3248823682023598,-0.0040858679585681346,True
2449,365,0.3289239103962734,0.32511782940250394,-0.003806080993769445,True
2450,365,0.3300419849722824,0.3277608803907907,-0.0022811045814916664,True
2451,365,0.3734759913443044,0.3714592188070244,-0.0020167725372799983,True
2452,365,0.37451703044203194,0.3737254536902522,-0.0007915767517797656,True
2453,365,0.3755094921535211,0.3756660268914079,0.00015653473788679317,False
2454,365,0.37602520912838716,0.3770883149754083,0.0010631058470211285,False
2455,365,0.37585774315285736,0.3777004798743199,0.0018427367214625678,False
2456,365,0.37549723005606517,0.37548641606178895,-1.0813994276215322e-05,True
2457,365,0.37470597422840674,0.3741567389092261,-0.0005492353191806076,True
2458,365,0.37385298228756053,0.3722181251859477,-0.0016348571016128188,True
2459,365,0.37224898966619474,0.3703015353997952,-0.0019474542663995287,True
2460,365,0.3707002058808625,0.3688936163982037,-0.0018065894826587714,True
2461,365,0.3688752163828542,0.36701864052813066,-0.0018565758547235411,True
2462,365,0.36757728503594417,0.3652779864216746,-0.002299298614269585,True
2463,365,0.36631549614118875,0.3643410513424806,-0.0019744447987081193,True
2464,365,0.3650504276308659,0.36305424560656574,-0.001996182024300186,True
2465,365,0.36370293948606397,0.3618298732706931,-0.0018730662153708666,True
2466,365,0.362340776234704,0.3607150056736032,-0.0016257705611008033,True
2467,365,0.3611867679708007,0.3598802580639782,-0.0013065099068224617,True
2468,365,0.35964677734257,0.35862491945921987,-0.0010218578833501302,True
2469,365,0.3575513428052701,0.35655595290302317,-0.000995389902246957,True
2470,365,0.35568637264691744,0.35467169554196765,-0.0010146771049497905,True
2471,365,0.3538116353867908,0.35280317098212677,-0.0010084644046640112,True
2472,365,0.3523960193171599,0.3515138910385362,-0.0008821282786237172,True
2473,365,0.3519961966897035,0.3508793445205393,-0.0011168521691641842,True
2474,365,0.35247473512903793,0.350985986819759,-0.00148874830927892,True
2475,365,0.3529985661470778,0.3512078191503998,-0.0017907469966780276,True
2476,365,0.3528375709113594,0.3512813715653302,-0.0015561993460292411,True
2477,365,0.35228616620324177,0.3503517814037546,-0.0019343847994871544,True
2478,365,0.3504494637851638,0.3483678949224894,-0.00208156886267441,True
2479,365,0.348502543498271,0.34612095900243467,-0.0023815844958363086,True
2480,365,0.34655830514912783,0.34416308291850056,-0.0023952222306272697,True
2481,365,0.34507140939200454,0.34212660008057355,-0.002944809311430985,True
2482,365,0.3426905257324355,0.3396243231067785,-0.003066202625657044,True
2483,365,0.3404802959947581,0.33684758069445175,-0.003632715300306344,True
2484,365,0.33790904750105183,0.33424938016960976,-0.0036596673314420736,True
2485,365,0.33519139716894963,0.3316540763652198,-0.0035373208037298154,True
2486,365,0.33247051353858165,0.3290727981991897,-0.003397715339391927,True
2487,365,0.3306184668517441,0.32708122360051234,-0.003537243251231781,True
2488,365,0.3299665431741755,0.32635799968029905,-0.0036085434938764593,True
2489,365,0.33024043544878384,0.32650225005973726,-0.0037381853890465777,True
2490,365,0.3310868014173115,0.32733025124697057,-0.003756550170340933,True
2491,365,0.3314413889808391,0.3278474996699776,-0.0035938893108614645,True
2492,365,0.3314669919496475,0.32789778789979346,-0.003569204049854058,True
2493,365,0.3302696169153418,0.32696652265328013,-0.0033030942620616566,True
2494,365,0.32939430370260747,0.3259444100332317,-0.0034498936693757587,True
2495,365,0.32862923117213944,0.3249552072321752,-0.003674023939964244,True
2496,365,0.32862887976073096,0.32468636812704876,-0.0039425116336822,True
2497,365,0.3286183599161785,0.3244351733261511,-0.004183186590027366,True
2498,365,0.3289389052682671,0.32449036446726603,-0.004448540801001044,True
2499,365,0.32895462423403404,0.32429396664558924,-0.004660657588444805,True
2500,365,0.32878190088873904,0.32395102466095016,-0.004830876227788883,True
2501,365,0.32850889047076903,0.3235156121584446,-0.004993278312324434,True
2502,365,0.3271268011880978,0.3220186153859592,-0.005108185802138565,True
2503,365,0.32543224146436844,0.32042918754779526,-0.005003053916573186,True
2504,365,0.3245489323573637,0.3197585526240432,-0.004790379733320527,True
2505,365,0.32366396075532583,0.3190448612639242,-0.004619099491401657,True
2506,365,0.3237677275101204,0.31914122358473784,-0.004626503925382552,True
2507,365,0.3238753257927973,0.31970748518210623,-0.004167840610691087,True
2508,365,0.3254483472863595,0.32126984930129965,-0.00417849798505987,True
2509,365,0.32647489988110934,0.32243495307355674,-0.004039946807552597,True
2510,365,0.3274456097850397,0.3234059359863833,-0.00403967379865644,True
2511,365,0.3283982955298872,0.3242450381732437,-0.004153257356643514,True
2512,365,0.32935502340986467,0.3250948432853376,-0.004260180124527058,True
2513,365,0.3298921343229955,0.32541787490221535,-0.004474259420780169,True
2514,365,0.32992485821888473,0.32508278810163155,-0.004842070117253183,True
2515,365,0.3281857343505253,0.32351383883976464,-0.0046718955107606375,True
2516,365,0.32712774638319325,0.3222733930171738,-0.00485435336601947,True
2517,365,0.326698779914704,0.3219842780818322,-0.004714501832871754,True
2518,365,0.32730597503405223,0.3226335448249767,-0.00467243020907554,True
2519,365,0.3291732076204258,0.32399170750658335,-0.005181500113842441,True
2520,365,0.32966658087437756,0.32451547120571095,-0.005151109668666609,True
2521,365,0.329198862515248,0.32418119833539355,-0.005017664179854442,True
2522,365,0.329192423516966,0.324143263060674,-0.005049160456292001,True
2523,365,0.32934064698632903,0.3244672305675819,-0.004873416418747112,True
2524,365,0.32974810156301027,0.3252145228854851,-0.004533578677525185,True
2525,365,0.3298638116435997,0.3253272536392382,-0.0045365580043614795,True
2526,365,0.3294535376238845,0.3251330227234188,-0.0043205149004656995,True
2527,365,0.3296132849375271,0.32504063728170174,-0.004572647655825379,True
2528,365,0.32937279229989574,0.3250353193348344,-0.0043374729650613175,True
2529,365,0.3298890627624064,0.3275059582626905,-0.0023831044997159045,True
2530,365,0.37699468907301104,0.37557172902131547,-0.0014229600516955654,True
2531,365,0.3783185668337855,0.37776996874841373,-0.0005485980853717765,True
2532,365,0.3788976373381861,0.37919281416992545,0.00029517683173935216,False
2533,365,0.37836740463593077,0.3794410510122428,0.0010736463763120208,False
2534,365,0.3774224951424515,0.3773390222731095,-8.347286934201614e-05,True
2535,365,0.3761419947909101,0.3757851646044966,-0.0003568301864134704,True
2536,365,0.37489595559300054,0.37283796682293713,-0.0020579887700634125,True
2537,365,0.37299016950938035,0.3710274486541399,-0.001962720855240463,True
2538,365,0.37099953509504696,0.36904136897616296,-0.001958166118883997,True
2539,365,0.36869387361145767,0.3666523015755714,-0.0020415720358862854,True
2540,365,0.36695245565280693,0.3648555239098902,-0.0020969317429167522,True
2541,365,0.36536476541280344,0.3633551368638456,-0.0020096285489578647,True
2542,365,0.3643197628245568,0.3623032891177107,-0.0020164737068461003,True
2543,365,0.36385652666758117,0.36197060865353,-0.001885918014051191,True
2544,365,0.36381563240148446,0.36188190397617653,-0.0019337284253079234,True
2545,365,0.36359158458318996,0.36174424413228995,-0.0018473404509000146,True
2546,365,0.3622849040015388,0.3610048858689716,-0.0012800181325671733,True
2547,365,0.3604577587752055,0.35938768779084607,-0.0010700709843594058,True
2548,365,0.3578813028609971,0.3567374926207749,-0.0011438102402221983,True
2549,365,0.3553466796875,0.3542640729732298,-0.0010826067142701845,True
2550,365,0.3537776039528027,0.35275549334297923,-0.00102211060982349,True
2551,365,0.3530339811553218,0.3519423022707229,-0.0010916788845989345,True
2552,365,0.35299413374451727,0.35149446464890133,-0.0014996690956159409,True
2553,365,0.3531816601659433,0.35151906274963696,-0.0016625974163063661,True
2554,365,0.35323722161764953,0.35117600706934654,-0.002061214548302992,True
2555,365,0.3515169644006175,0.349552767981831,-0.0019641964187865346,True
2556,365,0.3496230032198598,0.34752129496361234,-0.0021017082562474476,True
2557,365,0.3473930326841703,0.34514188737460094,-0.00225114530956938,True
2558,365,0.34560387474397414,0.34296365225789854,-0.002640222486075594,True
2559,365,0.34382559205248836,0.340923020591229,-0.0029025714612593845,True
2560,365,0.34171354095367973,0.33859576257689356,-0.0031177783767861733,True
2561,365,0.34004921018828177,0.3365300187293741,-0.0035191914589076667,True
2562,365,0.3382620671672074,0.3346683236157261,-0.0035937435514812877,True
2563,365,0.3362901743745186,0.33269901445117844,-0.003591159923340137,True
2564,365,0.33401463466336334,0.33051766243267294,-0.0034969722306903983,True
2565,365,0.33216732826962947,0.3286254223058693,-0.0035419059637601946,True
2566,365,0.3319897794069514,0.328064174918174,-0.003925604488777379,True
2567,365,0.3320671174367177,0.3281660508407877,-0.0039010665959299806,True
2568,365,0.33281993320384645,0.3288762144568713,-0.003943718746975133,True
2569,365,0.3329680634432892,0.3290729906487537,-0.0038950727945354924,True
2570,365,0.33228966249959724,0.3285745765145771,-0.003715085985020128,True
2571,365,0.3312221317444341,0.3275534556711865,-0.003668676073247612,True
2572,365,0.3300472335354772,0.32641337927907055,-0.0036338542564066656,True
2573,365,0.3288775170975521,0.32514804347624443,-0.003729473621307655,True
2574,365,0.3284820362569043,0.3245752970851845,-0.0039067391717197975,True
2575,365,0.3275678764139317,0.32374573868631357,-0.0038221377276181356,True
2576,365,0.32807188512423247,0.3238957991250475,-0.004176085999184953,True
2577,365,0.32791432929185493,0.323452906771454,-0.004461422520400937,True
2578,365,0.32733666997276906,0.32264725023700236,-0.004689419735766698,True
2579,365,0.32639878198271344,0.3215836910386842,-0.00481509094402921,True
2580,365,0.32542591109721564,0.3205002490353621,-0.00492566206185352,True
2581,365,0.32440875127717533,0.3195596197354001,-0.004849131541775242,True
2582,365,0.32369253819550314,0.31924702050962783,-0.004445517685875311,True
2583,365,0.32375881019225555,0.319490832638296,-0.004267977553959579,True
2584,365,0.3241867256434768,0.32018454252147127,-0.004002183122005509,True
2585,365,0.3251828257136622,0.32132589714600557,-0.0038569285676566256,True
2586,365,0.3263897881709667,0.32248428324911527,-0.0039055049218514326,True
2587,365,0.32814616180481626,0.3243264283765624,-0.0038197334282538686,True
2588,365,0.3290578433918208,0.32531856228899103,-0.0037392811028297834,True
2589,365,0.3301085057469476,0.3262322649757564,-0.0038762407711911973,True
2590,365,0.33117606039567876,0.32702964789612804,-0.004146412499550722,True
2591,365,0.3318986179008395,0.32751701430903307,-0.004381603591806449,True
2592,365,0.3322024969661362,0.3274720484511674,-0.004730448514968788,True
2593,365,0.33065374395467956,0.32584419465722914,-0.004809549297450422,True
2594,365,0.3287649045763815,0.32415846758298794,-0.004606436993393581,True
2595,365,0.3293177972484451,0.3242083513361775,-0.0051094459122676406,True
2596,365,0.3296721631139296,0.324723058319366,-0.004949104794563619,True
2597,365,0.330493710524406,0.3256372764857827,-0.004856434038623292,True
2598,365,0.331234941950011,0.3261795956731493,-0.005055346276861716,True
2599,365,0.33091048529340206,0.3260100071539796,-0.0049004781394224595,True
2600,365,0.3309432435730512,0.3260772362198412,-0.004866007353210022,True
2601,365,0.3310925284845161,0.3263849145171597,-0.004707613967356417,True
2602,365,0.33094690194251086,0.32644167038183425,-0.004505231560676615,True
2603,365,0.33139831578434503,0.3265834199328225,-0.004814895851522505,True
2604,365,0.33095368951780224,0.3262082610707421,-0.004745428447060163,True
2605,365,0.3304499050385553,0.3257027410229062,-0.004747164015649119,True
2606,365,0.32973384395857214,0.325348585969113,-0.004385257989459157,True
2607,365,0.3298038607266988,0.32759204224477323,-0.002211818481925587,True
2608,365,0.37848907787029756,0.3762929798683825,-0.002196098001915059,True
2609,365,0.37977388678633595,0.37857759123988954,-0.001196295546446402,True
2610,365,0.3800694416618537,0.37963977089873074,-0.00042967076312294683,True
2611,365,0.3791081981677617,0.3794502600313714,0.0003420618636096884,False
2612,365,0.3776512796235094,0.37715307674389476,-0.000498202879614662,True
2613,365,0.376014509391596,0.3754581196233003,-0.0005563897682956953,True
2614,365,0.3746012713656666,0.3729924666587431,-0.001608804706923539,True
2615,365,0.3724367034821652,0.37088790002752253,-0.0015488034546426444,True
2616,365,0.3701335530953128,0.36845206574047146,-0.00168148735484136,True
2617,365,0.3679133403875403,0.3661083026749969,-0.0018050377125434225,True
2618,365,0.36614959202985525,0.36410255293664867,-0.002047039093206582,True
2619,365,0.36445933231411504,0.3625377101028318,-0.0019216222112832249,True
2620,365,0.36365655770501465,0.361617534309854,-0.002039023395160655,True
2621,365,0.363763243345666,0.3618398187761298,-0.0019234245695362029,True
2622,365,0.3645079012447427,0.362519912337255,-0.001987988907487692,True
2623,365,0.36500215542823117,0.36300000204396315,-0.002002153384268013,True
2624,365,0.364123485843589,0.3623236268226683,-0.0017998590209207244,True
2625,365,0.36183063515137853,0.3605613821299643,-0.0012692530214142295,True
2626,365,0.3590355804418608,0.3579379873657106,-0.001097593076150205,True
2627,365,0.356322322163402,0.3552653810364615,-0.0010569411269404916,True
2628,365,0.35449712660530225,0.35330590197105993,-0.001191224634242316,True
2629,365,0.3531206253084604,0.35197017133036795,-0.001150453978092436,True
2630,365,0.3531006226522778,0.35104497328803574,-0.0020556493642420737,True
2631,365,0.3528648941864484,0.3509718701999437,-0.001893023986504705,True
2632,365,0.35153330575737124,0.34933679492925834,-0.0021965108281128964,True
2633,365,0.34961411670047915,0.34750475422262206,-0.0021093624778570907,True
2634,365,0.34790148283134475,0.3456122176478004,-0.002289265183544331,True
2635,365,0.345979806127436,0.3435767343982109,-0.0024030717292251036,True
2636,365,0.3441033064908131,0.34141279166302774,-0.002690514827785373,True
2637,365,0.3421564771794488,0.3393081741858287,-0.0028483029936201,True
2638,365,0.3404603713406468,0.3372083291062767,-0.0032520422343700894,True
2639,365,0.3389382081816638,0.3354865640566442,-0.0034516441250196372,True
2640,365,0.33760607871401127,0.3342183949601052,-0.003387683753906079,True
2641,365,0.33677011261868883,0.33323213287771164,-0.003537979740977193,True
2642,365,0.3356090869896113,0.3319396509716033,-0.00366943601800801,True
2643,365,0.33435584485812614,0.3305447569932298,-0.003811087864896312,True
2644,365,0.33340660670707684,0.32951746393110537,-0.003889142775971466,True
2645,365,0.33381663119872546,0.3294740826800143,-0.004342548518711131,True
2646,365,0.33392552085893534,0.32969381317313357,-0.004231707685801778,True
2647,365,0.33405441531326796,0.3296940052601977,-0.004360410053070252,True
2648,365,0.3334364048726225,0.3291426499976997,-0.004293754874922784,True
2649,365,0.331999350866723,0.3280533757829579,-0.003945975083765096,True
2650,365,0.3305941954614328,0.3268340692732321,-0.0037601261882007075,True
2651,365,0.32926015683107895,0.3254098728527403,-0.0038502839783386422,True
2652,365,0.3282020682699494,0.3242050765497853,-0.0039969917201641,True
2653,365,0.3278087272463307,0.32362596485028,-0.004182762396050699,True
2654,365,0.3274313770718526,0.3232613410922148,-0.004170035979637776,True
2655,365,0.3270896631081922,0.3226244345027811,-0.004465228605411098,True
2656,365,0.3265732904869108,0.3219614732192691,-0.004611817267641705,True
2657,365,0.32568740270580593,0.321092504884111,-0.004594897821694921,True
2658,365,0.32471004857547214,0.3201436085995531,-0.0045664399759190455,True
2659,365,0.32388566613752334,0.3194214242723846,-0.004464241865138718,True
2660,365,0.32365302631098325,0.3194946454633737,-0.004158380847609555,True
2661,365,0.32402844186589336,0.32002658411332296,-0.0040018577525703924,True
2662,365,0.32487062621025375,0.32113569593602515,-0.0037349302742286095,True
2663,365,0.3262569636299635,0.32280727297307593,-0.0034496906568875496,True
2664,365,0.3282465709542037,0.3242362373875428,-0.004010333566660862,True
2665,365,0.3298961769951798,0.32614549084700944,-0.003750686148170368,True
2666,365,0.3313134344109724,0.32741311597019396,-0.0039003184407784275,True
2667,365,0.3320428509649014,0.3282626635279734,-0.003780187436927984,True
2668,365,0.3335750704143067,0.3294173290733518,-0.004157741340954868,True
2669,365,0.33408001874302484,0.3298416757992753,-0.004238342943749529,True
2670,365,0.3343776818640283,0.3298432118037833,-0.004534470060244988,True
2671,365,0.3335320047058871,0.3287309546447503,-0.004801050061136847,True
2672,365,0.33293158813850676,0.3276944969386275,-0.005237091199879251,True
2673,365,0.3319148925648757,0.3268647401450426,-0.005050152419833143,True
2674,365,0.33219325657232096,0.3270823283797617,-0.005110928192559261,True
2675,365,0.33243570937742856,0.3274647222876066,-0.0049709870898219655,True
2676,365,0.3326139274074524,0.32768529995127527,-0.004928627456177115,True
2677,365,0.332269919390343,0.32749268368927964,-0.004777235701063365,True
2678,365,0.3326126954004377,0.3280205446829343,-0.004592150717503407,True
2679,365,0.3335813801457553,0.328494408973598,-0.005086971172157284,True
2680,365,0.3334742883839526,0.32850013587533705,-0.004974152508615548,True
2681,365,0.3328440199061076,0.3279708999992221,-0.004873119906885548,True
2682,365,0.33216885351993036,0.3275835588196941,-0.004585294700236275,True
2683,365,0.33172914561487793,0.32693967848533095,-0.004789467129546976,True
2684,365,0.33109122330699264,0.32633747534019564,-0.004753747966797006,True
2685,365,0.3311201047827105,0.3287991455823466,-0.0023209592003639035,True
2686,365,0.37959431576186153,0.37777939600146027,-0.001814919760401268,True
2687,365,0.37943229340078977,0.37835098165921877,-0.0010813117415710005,True
2688,365,0.37822845635767227,0.37792061886022904,-0.00030783749744323075,True
2689,365,0.3765061055292478,0.3773587668137844,0.0008526612845365933,False
2690,365,0.37470247466235035,0.3738261566588621,-0.0008763180034882523,True
2691,365,0.37322869787986135,0.37193361910252165,-0.0012950787773396977,True
2692,365,0.3708685944791204,0.36934561310777597,-0.001522981371344434,True
2693,365,0.3686951669237582,0.3671336438879465,-0.001561523035811696,True
2694,365,0.36686359485269315,0.36516953979126815,-0.0016940550614250038,True
2695,365,0.3656298286575597,0.3636817160482593,-0.0019481126093004453,True
2696,365,0.36417754160678345,0.36233869943063945,-0.0018388421761439955,True
2697,365,0.36333602574354124,0.36146281026143623,-0.0018732154821050062,True
2698,365,0.363509321914422,0.36138952609898767,-0.002119795815434311,True
2699,365,0.3644350863098593,0.3625550548904987,-0.001880031419360606,True
2700,365,0.36493838142854346,0.3630223941450165,-0.001915987283526932,True
2701,365,0.36406780533751937,0.36225465084562825,-0.0018131544918911224,True
2702,365,0.36214097840831383,0.36057818143576126,-0.0015627969725525714,True
2703,365,0.3593236223066355,0.35806279486019643,-0.0012608274464390723,True
2704,365,0.3567556415117144,0.35557116615568934,-0.001184475356025061,True
2705,365,0.3543286747735348,0.3531184942777105,-0.0012101804958242757,True
2706,365,0.35299150593672013,0.35159665047823463,-0.0013948554584855,True
2707,365,0.3515526452272758,0.34980806639810985,-0.0017445788291659547,True
2708,365,0.3503213484375679,0.3482315361375193,-0.0020898123000486213,True
2709,365,0.3489378334780382,0.3467756434071009,-0.00216219007093732,True
2710,365,0.34732586452958913,0.34513306896928037,-0.002192795560308769,True
2711,365,0.3455173187069439,0.34312521986615585,-0.0023920988407880595,True
2712,365,0.34391675502360636,0.34156225598842216,-0.002354499035184199,True
2713,365,0.3424441176615936,0.33972467331384587,-0.002719444347747735,True
2714,365,0.34057289039917793,0.3375067542424579,-0.003066136156720023,True
2715,365,0.33940423848285156,0.3360929129646409,-0.0033113255182106727,True
2716,365,0.33820957499323906,0.3347504624590767,-0.0034591125341623674,True
2717,365,0.3375052531151444,0.33389556551713667,-0.003609687598007727,True
2718,365,0.33737342589096997,0.33362020749451377,-0.003753218396456204,True
2719,365,0.3366740712663249,0.332917287833518,-0.0037567834328069427,True
2720,365,0.3362709320211119,0.33231398941963236,-0.003956942601479552,True
2721,365,0.3352919519462018,0.33107704604724375,-0.004214905898958066,True
2722,365,0.3347767137006304,0.3303969271372924,-0.004379786563337984,True
2723,365,0.3348676701811832,0.33020867920304886,-0.004658990978134325,True
2724,365,0.3349756398880791,0.3302484896558175,-0.004727150232261612,True
2725,365,0.33426218580759953,0.32961433602211987,-0.004647849785479663,True
2726,365,0.3329456752405711,0.32864666524057345,-0.0042990099999976605,True
2727,365,0.33150003236666903,0.32734559224777954,-0.004154440118889491,True
2728,365,0.3298811127080766,0.32575898677582166,-0.004122125932254916,True
2729,365,0.32816462050514106,0.3240892082545699,-0.004075412250571175,True
2730,365,0.3273261882650574,0.32323847650431864,-0.004087711760738744,True
2731,365,0.3266598027203162,0.3225327396223517,-0.004127063097964512,True
2732,365,0.3262570207213115,0.32197936088377616,-0.004277659837535364,True
2733,365,0.3261000731238547,0.3216965361156687,-0.00440353700818602,True
2734,365,0.3257098895070694,0.3212699768519716,-0.0044399126550978,True
2735,365,0.3246804018502241,0.3201233956908601,-0.0045570061593639966,True
2736,365,0.32384567167188094,0.319529973146457,-0.004315698525423961,True
2737,365,0.3232183649325813,0.3192991883016986,-0.003919176630882704,True
2738,365,0.32403407524908723,0.32026793007012516,-0.003766145178962066,True
2739,365,0.3256426875606152,0.3223008107715177,-0.003341876789097531,True
2740,365,0.3276408688414565,0.3246155459371735,-0.003025322904282979,True
2741,365,0.3299738137916696,0.3261728229623142,-0.0038009908293554218,True
2742,365,0.33179760734561714,0.3283295447999125,-0.003468062545704642,True
2743,365,0.33333763725760585,0.3296270504896018,-0.003710586768004065,True
2744,365,0.3348596047026887,0.3310353771418069,-0.003824227560881799,True
2745,365,0.3359827632130057,0.3320413700132273,-0.003941393199778376,True
2746,365,0.3369545511436221,0.3328444340209694,-0.00411011712265269,True
2747,365,0.33816082024295097,0.33332437140616444,-0.004836448836786522,True
2748,365,0.33775012452330083,0.3327755271719734,-0.004974597351327437,True
2749,365,0.3369382213831761,0.33182161108281144,-0.0051166103003646435,True
2750,365,0.335829096314622,0.3307269451737575,-0.005102151140864486,True
2751,365,0.33545104002701087,0.33036993321399005,-0.005081106813020819,True
2752,365,0.3353125614511055,0.33020812640298963,-0.005104435048115863,True
2753,365,0.3348485018365846,0.32986413915259344,-0.0049843626839911614,True
2754,365,0.3354154678090313,0.3301608078006069,-0.005254660008424394,True
2755,365,0.3352715411772039,0.33013661560443347,-0.005134925572770455,True
2756,365,0.3352801745174644,0.3303263819762977,-0.0049537925411666794,True
2757,365,0.3350882218863741,0.3301214155893032,-0.004966806297070914,True
2758,365,0.3345004550491682,0.32970762055817054,-0.004792834490997655,True
2759,365,0.33394422903319093,0.32918475087301474,-0.004759478160176189,True
2760,365,0.3333742245785621,0.32868967967843904,-0.004684544900123044,True
2761,365,0.33305129273554157,0.3284296143163147,-0.004621678419226893,True
2762,365,0.3329992880527229,0.3306105794087358,-0.002388708643987103,True
2763,365,0.37855448567644173,0.3760178976745213,-0.0025365880019204146,True
2764,365,0.3780727854846405,0.37648847335101426,-0.0015843121336262533,True
2765,365,0.37680705111131385,0.3760027393294542,-0.0008043117818596346,True
2766,365,0.37521945968996706,0.3763880669939484,0.0011686073039813283,False
2767,365,0.37356377784927847,0.3727265225736487,-0.000837255275629778,True
2768,365,0.37212175228942834,0.3708119175474144,-0.00130983474201396,True
2769,365,0.3697141601932786,0.3683006781922683,-0.0014134820010102689,True
2770,365,0.3678377764758588,0.3665720468954353,-0.0012657295804234803,True
2771,365,0.3665134858633578,0.3650377529686165,-0.0014757328947412884,True
2772,365,0.3659265049390996,0.3643189038957095,-0.0016076010433901389,True
2773,365,0.36476899142824915,0.3631777872399422,-0.0015912041883069383,True
2774,365,0.36376875294851724,0.36157937464657386,-0.002189378301943379,True
2775,365,0.3633357386589634,0.36132911475793494,-0.0020066239010284592,True
2776,365,0.3640690946186357,0.36222900258162555,-0.0018400920370101326,True
2777,365,0.36454385362036634,0.3628258054923705,-0.0017180481279958637,True
2778,365,0.3635771991813525,0.3620011325273133,-0.0015760666540391988,True
2779,365,0.36179929376204284,0.36023009199029826,-0.0015692017717445772,True
2780,365,0.35946734941871783,0.35821389168602324,-0.001253457732694585,True
2781,365,0.35670025213188283,0.3554735707385812,-0.0012266813933016207,True
2782,365,0.3540471964708018,0.3530103856151564,-0.001036810855645387,True
2783,365,0.35162158045782466,0.3500821736635195,-0.0015394067943051426,True
2784,365,0.3494934976863808,0.34745913714692417,-0.002034360539456659,True
2785,365,0.34779105626757223,0.3455536729427263,-0.0022373833248459096,True
2786,365,0.34660076263792877,0.3441604418033848,-0.0024403208345439853,True
2787,365,0.34516983062496515,0.3428397263988053,-0.002330104226159868,True
2788,365,0.34369332756697313,0.3412737739931071,-0.002419553573866029,True
2789,365,0.3426429413186566,0.33996379310647273,-0.002679148212183846,True
2790,365,0.3412976242725733,0.33843467440002406,-0.0028629498725492586,True
2791,365,0.3398286224155328,0.33631585128665553,-0.003512771128877268,True
2792,365,0.33890544224700414,0.3352321494354643,-0.00367329281153983,True
2793,365,0.3379449084122291,0.33409166007172797,-0.003853248340501103,True
2794,365,0.33750118016990316,0.33370283875879786,-0.0037983414111052993,True
2795,365,0.3377366018122605,0.33368616007900065,-0.0040504417332598575,True
2796,365,0.33805005496323254,0.33390465839097694,-0.0041453965722556,True
2797,365,0.33782914324475055,0.33356418165898394,-0.0042649615857666134,True
2798,365,0.3370217855978903,0.3326151146098945,-0.004406670987995798,True
2799,365,0.3364764370589771,0.33185307827260807,-0.004623358786369047,True
2800,365,0.3357310215023611,0.33092450083056413,-0.004806520671796988,True
2801,365,0.33562848938206047,0.33053865978370883,-0.005089829598351636,True
2802,365,0.3346439452018416,0.3295681981643652,-0.005075747037476375,True
2803,365,0.3332645064564145,0.3285394276671877,-0.004725078789226789,True
2804,365,0.331607143837302,0.3271919449301163,-0.0044151989071857245,True
2805,365,0.330256318066563,0.3259003817049807,-0.004355936361582324,True
2806,365,0.3283107209265446,0.32412636831048447,-0.00418435261606015,True
2807,365,0.3270914512080443,0.3228379571520691,-0.004253494055975193,True
2808,365,0.32648847827035293,0.3221808697770316,-0.0043076084933213465,True
2809,365,0.3259789130215842,0.32173973870976347,-0.004239174311820748,True
2810,365,0.32572539831888575,0.3215233664430872,-0.00420203187579854,True
2811,365,0.32558160468904485,0.32133825557440504,-0.004243349114639805,True
2812,365,0.32457028140945826,0.32017506000077106,-0.0043952214086872,True
2813,365,0.3235922355745355,0.3194697971522735,-0.004122438422261954,True
2814,365,0.3232031392371101,0.319246717115743,-0.003956422121367098,True
2815,365,0.3240211873036731,0.3202299034809698,-0.003791283822703273,True
2816,365,0.32666643989118826,0.32317293929343593,-0.0034935005977523303,True
2817,365,0.3292339862218146,0.32609302458524786,-0.0031409616365667414,True
2818,365,0.3313668841048415,0.3279739781654049,-0.0033929059394365857,True
2819,365,0.3340971795254766,0.3303749397723763,-0.003722239753100265,True
2820,365,0.33587153474633646,0.33229943832389597,-0.003572096422440496,True
2821,365,0.3373195806152071,0.3338198786528741,-0.003499701962333013,True
2822,365,0.3400729053534041,0.3358756829096187,-0.004197222443785398,True
2823,365,0.34163133154528047,0.33722653480334364,-0.004404796741936834,True
2824,365,0.3423058344408127,0.3376695648491375,-0.0046362695916751795,True
2825,365,0.3423276104902956,0.33739108164826215,-0.0049365288420334386,True
2826,365,0.3417874580175959,0.33664749214638245,-0.005139965871213459,True
2827,365,0.3408723917086011,0.3355283019284612,-0.0053440897801398934,True
2828,365,0.33981400940647377,0.3344504467349691,-0.005363562671504674,True
2829,365,0.33941666305200763,0.3337595445003972,-0.0056571185516104405,True
2830,365,0.3386256871742776,0.33309987828717147,-0.005525808887106132,True
2831,365,0.33810050047081747,0.33268622702742556,-0.005414273443391904,True
2832,365,0.33799107111474086,0.3327027206966649,-0.00528835041807596,True
2833,365,0.3376249360264898,0.33246617722396543,-0.005158758802524366,True
2834,365,0.3372406192405236,0.33210650320523183,-0.005134116035291791,True
2835,365,0.3365524894939936,0.3315553957782978,-0.004997093715695788,True
2836,365,0.33610250058170354,0.331048149561957,-0.00505435101974655,True
2837,365,0.33526611883697144,0.3304837798359913,-0.004782339000980129,True
2838,365,0.3347285384797504,0.3302251838071036,-0.004503354672646842,True
2839,365,0.334519220159928,0.33230256607851116,-0.002216654081416858,True
2840,365,0.3766871487413474,0.37440773765065277,-0.0022794110906946274,True
2841,365,0.3756918485570992,0.3745631415165742,-0.0011287070405249788,True
2842,365,0.3745048950051115,0.37580382106826965,0.0012989260631581234,False
2843,365,0.37325185366998737,0.37232079672490265,-0.0009310569450847184,True
2844,365,0.37211999035898297,0.37124987881591054,-0.0008701115430724271,True
2845,365,0.3698939956423158,0.3688454229738205,-0.0010485726684952845,True
2846,365,0.3681626256616214,0.36714263398419206,-0.0010199916774293327,True
2847,365,0.3673332006447882,0.3661106430044126,-0.0012225576403755989,True
2848,365,0.3670699763420817,0.36564262543279363,-0.0014273509092880832,True
2849,365,0.36596956563745825,0.36404427003855583,-0.0019252955989024212,True
2850,365,0.364541278411755,0.36268246432274,-0.001858814089015004,True
2851,365,0.36356529288410255,0.3617069629701382,-0.0018583299139643406,True
2852,365,0.3636600201535803,0.36191803486883306,-0.0017419852847472272,True
2853,365,0.36361719820603544,0.3620431578171521,-0.0015740403888833687,True
2854,365,0.3629723332688429,0.36154842362496104,-0.0014239096438818377,True
2855,365,0.3613782693245944,0.359954863738689,-0.0014234055859053685,True
2856,365,0.3588634249854422,0.35766853618059163,-0.0011948888048505801,True
2857,365,0.3558681256655662,0.3547805580032281,-0.0010875676623380848,True
2858,365,0.35278928546876087,0.3514150628239578,-0.0013742226448030803,True
2859,365,0.3498240509722858,0.3481054190431405,-0.0017186319291452867,True
2860,365,0.3476729978320656,0.34558010606490697,-0.0020928917671586555,True
2861,365,0.3461375981576805,0.34352117204731375,-0.0026164261103667763,True
2862,365,0.34495922374591226,0.3424098594414706,-0.002549364304441637,True
2863,365,0.34400675678063025,0.34142026588773383,-0.0025864908928964203,True
2864,365,0.3430219113765164,0.3403085292763162,-0.002713382100200168,True
2865,365,0.3417815068740905,0.33884162696497655,-0.0029398799091139294,True
2866,365,0.3410050621013563,0.33768280341486473,-0.0033222586864915526,True
2867,365,0.33958224396833186,0.3356514755476283,-0.0039307684207035565,True
2868,365,0.3389767516387375,0.33471698607947903,-0.004259765559258444,True
2869,365,0.33801267327018936,0.33379169951904486,-0.004220973751144497,True
2870,365,0.3371286013216019,0.33307322645533366,-0.004055374866268224,True
2871,365,0.33751892857983135,0.3333505673225019,-0.004168361257329445,True
2872,365,0.33792852729383893,0.33344518627613834,-0.004483341017700593,True
2873,365,0.33841534483046437,0.33387701082356036,-0.00453833400690401,True
2874,365,0.33823014990042277,0.3335263753745827,-0.004703774525840088,True
2875,365,0.33784711700983205,0.33295045285945285,-0.004896664150379204,True
2876,365,0.3368499141935636,0.33180706084882966,-0.005042853344733922,True
2877,365,0.3359154427850002,0.3307861882211913,-0.0051292545638088605,True
2878,365,0.33481945241617406,0.32949940888926343,-0.005320043526910623,True
2879,365,0.3327759413720693,0.3277864980794842,-0.004989443292585105,True
2880,365,0.3308316495013366,0.3262115271673399,-0.004620122333996668,True
2881,365,0.3291441213556545,0.3247634953329677,-0.0043806260226867955,True
2882,365,0.3276190944883118,0.3233690502694364,-0.004250044218875371,True
2883,365,0.3266919039365014,0.32259855701339024,-0.004093346923111141,True
2884,365,0.3260995362065014,0.32191963117847233,-0.004179905028029063,True
2885,365,0.32578633988244166,0.3215501877825258,-0.004236152099915846,True
2886,365,0.3255645786137755,0.32138851910587896,-0.004176059507896568,True
2887,365,0.32501860849586367,0.3209892891956727,-0.004029319300190959,True
2888,365,0.3242446705211809,0.3201809357062016,-0.004063734814979292,True
2889,365,0.3232760454867928,0.31927006593314333,-0.0040059795536494525,True
2890,365,0.3229336144501688,0.31917918146280283,-0.0037544329873659965,True
2891,365,0.32384263478938985,0.3201426195116688,-0.0037000152777210693,True
2892,365,0.3260598018688891,0.3227989869368325,-0.0032608149320565993,True
2893,365,0.3301621956386932,0.32683385270909215,-0.003328342929601047,True
2894,365,0.33324009241928537,0.32957659659431193,-0.0036634958249734395,True
2895,365,0.3358496839496556,0.33217881233503593,-0.003670871614619653,True
2896,365,0.3388652526624338,0.33492828298942795,-0.00393696967300583,True
2897,365,0.3413980718719963,0.3374960475266338,-0.003902024345362465,True
2898,365,0.34347771567935564,0.33947764879846976,-0.004000066880885889,True
2899,365,0.34555565657508563,0.3415135653588533,-0.004042091216232335,True
2900,365,0.3470270592523643,0.3423579923486848,-0.00466906690367952,True
2901,365,0.34729959645721536,0.34240694369000124,-0.004892652767214123,True
2902,365,0.34678754606200923,0.3415614816174067,-0.005226064444602552,True
2903,365,0.34661565914698833,0.3408330242770379,-0.005782634869950454,True
2904,365,0.34518872800294675,0.3392258211204503,-0.005962906882496455,True
2905,365,0.34327914762135314,0.33753669812990456,-0.005742449491448587,True
2906,365,0.34217021715597046,0.33643081949168163,-0.005739397664288826,True
2907,365,0.34159140814405153,0.33609864339986006,-0.0054927647441914695,True
2908,365,0.3409863698674018,0.3356138044937278,-0.0053725653736739765,True
2909,365,0.34018711852445277,0.33495249612475775,-0.005234622399695021,True
2910,365,0.339063263378075,0.33389497419283937,-0.005168289185235653,True
2911,365,0.33858098633161077,0.3333974890759682,-0.005183497255642544,True
2912,365,0.33798193386921577,0.3329744965564443,-0.005007437312771479,True
2913,365,0.3374817640181576,0.33257177897504137,-0.004909985043116238,True
2914,365,0.33672274257479,0.3321661282516023,-0.004556614323187713,True
2915,365,0.3367819817421723,0.3348293323946346,-0.0019526493475376938,True
2916,365,0.3750220133360211,0.3732945883001757,-0.0017274250358453869,True
2917,365,0.37433392259560455,0.3760770390993452,0.0017431165037406493,False
2918,365,0.37364617985345183,0.3730452971899409,-0.0006008826635109377,True
2919,365,0.3728870428917498,0.37238378660906346,-0.0005032562826863263,True
2920,365,0.3709362900608965,0.370361328125,-0.0005749619358965119,True
2921,365,0.36935594122267773,0.3685066187754593,-0.0008493224472184147,True
2922,365,0.3685227930675073,0.36678434112876546,-0.0017384519387418362,True
2923,365,0.3681393521462847,0.36628114154554675,-0.0018582106007379307,True
2924,365,0.366971155104982,0.36520389694911115,-0.0017672581558708655,True
2925,365,0.3651437902059132,0.3634411654693416,-0.001702624736571623,True
2926,365,0.36333848645918937,0.36175079368551694,-0.0015876927736724333,True
2927,365,0.3627086351420056,0.36119561729808564,-0.0015130178439199393,True
2928,365,0.3623651212481982,0.3610056288523383,-0.001359492395859918,True
2929,365,0.36156736134893513,0.3602425014792883,-0.0013248598696468106,True
2930,365,0.36022597608204376,0.35894220662804865,-0.0012837694539951094,True
2931,365,0.35758970312302013,0.35648051048924556,-0.0011091926337745694,True
2932,365,0.35479156211154106,0.3534151218928929,-0.001376440218648134,True
2933,365,0.3509859337508229,0.3492240273847082,-0.0017619063661146739,True
2934,365,0.34789849531761696,0.3458789658410419,-0.002019529476575077,True
2935,365,0.3459974103187106,0.3434529538274573,-0.002544456491253344,True
2936,365,0.3447909308576464,0.342037399675859,-0.002753531181787394,True
2937,365,0.3439162025935341,0.341061820782584,-0.002854381810950102,True
2938,365,0.34352398074244356,0.3407098104603446,-0.00281417028209896,True
2939,365,0.3429465766812353,0.3398388610137403,-0.0031077156674950146,True
2940,365,0.3420188727825234,0.33867220807086623,-0.003346664711657177,True
2941,365,0.3412455335436555,0.3375772445197564,-0.003668289023899096,True
2942,365,0.34014772654181147,0.33587566072706365,-0.004272065814747816,True
2943,365,0.3391760921496397,0.3346158354654572,-0.004560256684182473,True
2944,365,0.3379705257430848,0.3335249010102068,-0.004445624732877962,True
2945,365,0.3373442073923167,0.3329057732917698,-0.004438434100546895,True
2946,365,0.3371067436000634,0.3328245223475241,-0.004282221252539298,True
2947,365,0.3376358151905095,0.33310435173856134,-0.004531463451948159,True
2948,365,0.33852306339306365,0.3337359480453532,-0.0047871153477104245,True
2949,365,0.3389358780688618,0.3340723579922017,-0.004863520076660077,True
2950,365,0.33882420072070735,0.3338288731547658,-0.004995327565941565,True
2951,365,0.3377691833468185,0.3325862173467404,-0.005182966000078115,True
2952,365,0.33628261936186504,0.33110533245326845,-0.00517728690859659,True
2953,365,0.3343738159265677,0.3293905149928055,-0.004983300933762147,True
2954,365,0.33274935315812293,0.3277376818120673,-0.005011671346055624,True
2955,365,0.33053690160258553,0.32585661037079866,-0.0046802912317868706,True
2956,365,0.32889101894749606,0.32448557709086273,-0.00440544185663333,True
2957,365,0.32759845584122943,0.3233846367836681,-0.004213819057561352,True
2958,365,0.32674764878449336,0.3226220442996041,-0.004125604484889245,True
2959,365,0.3261061962039104,0.3219044250630601,-0.004201771140850297,True
2960,365,0.3258530091766201,0.32158443242673007,-0.004268576749890007,True
2961,365,0.32546812648045026,0.32145779246006423,-0.0040103340203860305,True
2962,365,0.3251425439676316,0.3212625324461649,-0.0038800115214667197,True
2963,365,0.32425852612011463,0.320375564228652,-0.003882961891462644,True
2964,365,0.32285404238985965,0.31917918146280283,-0.003674860927056822,True
2965,365,0.32244984534332805,0.3189327015576543,-0.0035171437856737486,True
2966,365,0.3237464866300261,0.3198721696855877,-0.003874316944438405,True
2967,365,0.3263657387793192,0.32276542516054835,-0.003600313618770834,True
2968,365,0.3299315087449557,0.32672464050718614,-0.0032068682377695557,True
2969,365,0.33426365691997234,0.33041754882826224,-0.0038461080917100987,True
2970,365,0.3375274713250157,0.3336275324812897,-0.003899938843726025,True
2971,365,0.3410430333504919,0.3369149470663207,-0.004128086284171217,True
2972,365,0.3442160416581822,0.3402217100569506,-0.003994331601231582,True
2973,365,0.3468887021391328,0.34284567003944233,-0.00404303209969048,True
2974,365,0.34908452409336427,0.34499856305859733,-0.004085961034766938,True
2975,365,0.35079107419468514,0.3463807549943256,-0.004410319200359558,True
2976,365,0.3519267738122253,0.34689376024257507,-0.0050330135696502465,True
2977,365,0.35188127476533276,0.3462581166717301,-0.005623158093602643,True
2978,365,0.35067846623249127,0.34484055231130223,-0.005837913921189042,True
2979,365,0.3492724750676277,0.3432103494378322,-0.006062125629795523,True
2980,365,0.3475216379907374,0.3414421966099836,-0.006079441380753781,True
2981,365,0.34606056269536944,0.3400531321095689,-0.006007430585800555,True
2982,365,0.3451623836298725,0.33951547267400756,-0.005646910955864948,True
2983,365,0.3447536209336765,0.3392710738590658,-0.005482547074610711,True
2984,365,0.3433385250283882,0.3381172368432937,-0.005221288185094486,True
2985,365,0.34160474554359754,0.3364836334404569,-0.005121112103140646,True
2986,365,0.3406592592456931,0.3354672422939297,-0.005192016951763412,True
2987,365,0.33979770743128246,0.334888072193365,-0.004909635237917431,True
2988,365,0.3394709987346422,0.3346412623546733,-0.004829736379968919,True
2989,365,0.3389369551984688,0.33439869306527964,-0.0045382621331891415,True
2990,365,0.3388664949173679,0.33695368879285664,-0.0019128061245112793,True
2991,365,0.37437291165439684,0.3761346063740476,0.0017616947196507637,False
2992,365,0.3740839498388341,0.3734145025729605,-0.0006694472658735906,True
2993,365,0.3736674155659676,0.37252989492209126,-0.001137520643876344,True
2994,365,0.3718617573151309,0.3704938154939942,-0.0013679418211366978,True
2995,365,0.3701720587082777,0.36873750018900847,-0.0014345585192692134,True
2996,365,0.3692573685695345,0.367680624313171,-0.0015767442563635048,True
2997,365,0.3684667258929716,0.3670060135377275,-0.001460712355244087,True
2998,365,0.3670015269944129,0.3654539498818077,-0.0015475771126052251,True
2999,365,0.36467790285376317,0.3632288659177205,-0.001449036936042647,True
3000,365,0.362526941120435,0.36128139709200413,-0.001245544028430856,True
3001,365,0.36104516987202534,0.3597725659424664,-0.001272603929558913,True
3002,365,0.3601043804492855,0.3587507340626401,-0.001353646386645424,True
3003,365,0.3594085636221998,0.3581357819829835,-0.0012727816392162916,True
3004,365,0.3582727071389924,0.35708554395542597,-0.001187163183566431,True
3005,365,0.3562562205792139,0.3547762108663922,-0.001480009712821695,True
3006,365,0.3531432535298083,0.35127789315353136,-0.0018653603762769366,True
3007,365,0.3490324641481632,0.34727292948915656,-0.001759534659006634,True
3008,365,0.3460491194698539,0.34374180697300805,-0.002307312496845848,True
3009,365,0.344311396632536,0.3417629225079956,-0.002548474124540401,True
3010,365,0.3432255993176755,0.3404984689760728,-0.0027271303416027126,True
3011,365,0.34288438267652405,0.34007484427442003,-0.002809538402104017,True
3012,365,0.3428723119302838,0.3399252958132178,-0.0029470161170659925,True
3013,365,0.34273382104672806,0.33944988446724644,-0.0032839365794816167,True
3014,365,0.3421890297946962,0.3388524230906701,-0.0033366067040260794,True
3015,365,0.341700393138349,0.337984744507836,-0.003715648630512991,True
3016,365,0.3406863673514456,0.3361391305191153,-0.00454723683233027,True
3017,365,0.3397004055389665,0.3351356006476721,-0.004564804891294405,True
3018,365,0.33808424809836496,0.33361223468892176,-0.0044720134094431985,True
3019,365,0.33664195917643747,0.33214439259524325,-0.004497566581194212,True
3020,365,0.3362882247100827,0.3316589512159232,-0.00462927349415948,True
3021,365,0.3366975392611127,0.33198148691096485,-0.004716052350147826,True
3022,365,0.3377386754768331,0.33289628384625297,-0.004842391630580145,True
3023,365,0.33851128833140187,0.33340563461857614,-0.005105653712825731,True
3024,365,0.3386168530921525,0.33357635470560304,-0.0050404983865494635,True
3025,365,0.3380502533220398,0.3328798445321497,-0.005170408789890113,True
3026,365,0.3363627027222144,0.331419279821669,-0.004943422900545391,True
3027,365,0.3346081313155328,0.32983212078705926,-0.00477601052847354,True
3028,365,0.3322610732896258,0.3277623806833008,-0.004498692606324961,True
3029,365,0.33034635401013296,0.32737349554854495,-0.0029728584615880127,True
3030,365,0.32845131225288954,0.3244740273980488,-0.003977284854840724,True
3031,365,0.32723976113189446,0.32376204346750204,-0.0034777176643924212,True
3032,365,0.32653545057712835,0.3223968932093802,-0.004138557367748152,True
3033,365,0.32606346932944025,0.32182385769803346,-0.004239611631406792,True
3034,365,0.32622540200339,0.3219041010284314,-0.004321300974958586,True
3035,365,0.3256417723745722,0.3217055684965452,-0.0039362038780270114,True
3036,365,0.32499205047715307,0.32126714753426117,-0.0037249029428919056,True
3037,365,0.32365517869922866,0.32002934291536966,-0.0036258357838589994,True
3038,365,0.32309440622909674,0.31919224157073867,-0.003902164658358076,True
3039,365,0.3224042883130473,0.3186861596035342,-0.003718128709513102,True
3040,365,0.3235414278140459,0.3197502341854917,-0.003791193628554179,True
3041,365,0.326926346733929,0.3229083616460305,-0.0040179850878985235,True
3042,365,0.3305398882508667,0.3268991459959911,-0.0036407422548755952,True
3043,365,0.3344242033007391,0.33062678226646786,-0.00379742103427122,True
3044,365,0.33853204297790085,0.3346056597154034,-0.003926383262497446,True
3045,365,0.34206936464856846,0.33811048289669765,-0.003958881751870813,True
3046,365,0.3458971567415622,0.34166759770933314,-0.004229559032229047,True
3047,365,0.34912815753753157,0.3449374842324921,-0.004190673305039472,True
3048,365,0.35243468707606473,0.3479113553644934,-0.004523331711571321,True
3049,365,0.35417539454906893,0.349358164717762,-0.004817229831306946,True
3050,365,0.3547069645048694,0.3495623061392547,-0.005144658365614674,True
3051,365,0.35422154543681833,0.34893314664483377,-0.005288398791984561,True
3052,365,0.3532105283208099,0.3475639134916619,-0.005646614829148022,True
3053,365,0.3523204157137811,0.34627791213034625,-0.006042503583434833,True
3054,365,0.350993257188153,0.3448994016832386,-0.0060938555049143694,True
3055,365,0.3496355867416231,0.34380913355860315,-0.005826453183019942,True
3056,365,0.34895173346508007,0.3433059403435026,-0.00564579312157748,True
3057,365,0.3479752844790892,0.3426087573459027,-0.005366527133186527,True
3058,365,0.3461958827064251,0.34109869357068295,-0.005097189135742142,True
3059,365,0.34427834135670504,0.3393015756968746,-0.004976765659830462,True
3060,365,0.34298504984015366,0.3380751354093985,-0.004909914430755169,True
3061,365,0.3422618863498691,0.3373067474744103,-0.004955138875458787,True
3062,365,0.3412348568005184,0.33654380023829894,-0.004691056562219464,True
3063,365,0.34035856343291543,0.335847520976212,-0.004511042456703418,True
3064,365,0.3399956681522532,0.3380615816207883,-0.0019340865314648736,True
3065,365,0.3741508645301179,0.37292836089241393,-0.0012225036377039866,True
3066,365,0.3738048901008951,0.3719211990445818,-0.001883691056313308,True
3067,365,0.37214607809004946,0.37097949226590615,-0.001166585824143307,True
3068,365,0.3704486459838346,0.3693611051718302,-0.0010875408120044061,True
3069,365,0.36920986838036535,0.3680515066659895,-0.001158361714375833,True
3070,365,0.3680969905721962,0.3668997834524959,-0.0011972071197002832,True
3071,365,0.36633095364120216,0.36506795916780155,-0.0012629944734006138,True
3072,365,0.36385189890416453,0.3627682006103053,-0.0010836982938592365,True
3073,365,0.3615659395085619,0.36040562583388364,-0.0011603136746782816,True
3074,365,0.3596678867179452,0.35835097411816236,-0.001316912599782838,True
3075,365,0.3585056279763514,0.35713630482930053,-0.0013693231470508493,True
3076,365,0.3578233184178469,0.35647189942583307,-0.001351418992013853,True
3077,365,0.35680866272934864,0.35534223463973097,-0.0014664280896176662,True
3078,365,0.35485665577138104,0.3528855752741996,-0.001971080497181421,True
3079,365,0.35168435845837076,0.3498156700774433,-0.0018686883809274635,True
3080,365,0.34784412665240066,0.3460053669039186,-0.0018387597484820772,True
3081,365,0.34517587444490005,0.34278137110905277,-0.0023945033358472867,True
3082,365,0.3430474427821639,0.3405355230978574,-0.0025119196843065295,True
3083,365,0.34218155058822997,0.339629577148168,-0.002551973440061972,True
3084,365,0.3419742559920307,0.3391774430992048,-0.002796812892825906,True
3085,365,0.3425065547601297,0.33948861124307766,-0.0030179435170520352,True
3086,365,0.34281131067826026,0.33949590836982185,-0.0033154023084384088,True
3087,365,0.3426979177374426,0.3392780243030803,-0.003419893434362331,True
3088,365,0.3425385303299596,0.33880890666630337,-0.0037296236636562563,True
3089,365,0.34182613792492283,0.33732630622292525,-0.004499831701997581,True
3090,365,0.34031577598249035,0.33568676751340426,-0.004629008469086093,True
3091,365,0.3384544981705892,0.3341071143124468,-0.0043473838581424284,True
3092,365,0.33691567683178686,0.3322703342207172,-0.004645342611069636,True
3093,365,0.3358348201587853,0.33111552576859066,-0.004719294390194639,True
3094,365,0.33567550334257706,0.3310929447900577,-0.004582558552519378,True
3095,365,0.33649932101862795,0.33168917593740144,-0.004810145081226513,True
3096,365,0.3374660779541837,0.33245170002240315,-0.005014377931780556,True
3097,365,0.3376405705770519,0.3327362093994707,-0.004904361177581196,True
3098,365,0.33725187532074613,0.3325734031831324,-0.004678472137613743,True
3099,365,0.33619366349362434,0.33146927341762594,-0.004724390075998397,True
3100,365,0.3345975099856294,0.3300081438446856,-0.004589366140943851,True
3101,365,0.3321863485371971,0.32790486580910905,-0.004281482728088037,True
3102,365,0.3293089170957863,0.32720320513613954,-0.002105711959646761,True
3103,365,0.3264828073646973,0.3233685088175242,-0.0031142985471731,True
3104,365,0.32629087413137403,0.3231198981341638,-0.0031709759972102236,True
3105,365,0.3259800329646466,0.32266718959043494,-0.0033128433742116714,True
3106,365,0.3260897230293567,0.3218948080393706,-0.004194914989986087,True
3107,365,0.32597925586170584,0.3219416868700004,-0.004037568991705431,True
3108,365,0.32566393059390064,0.32152940288780235,-0.00413452770609829,True
3109,365,0.32449868767536166,0.3205396149436305,-0.003959072731731184,True
3110,365,0.3244745440431908,0.32007710017905444,-0.0043974438641363744,True
3111,365,0.32397705859111536,0.31974207864348875,-0.004234979947626616,True
3112,365,0.32500478530075155,0.3207028731648319,-0.004301912135919628,True
3113,365,0.32730036382008093,0.3232025744548975,-0.004097789365183457,True
3114,365,0.33057155633292595,0.3268719999784724,-0.0036995563544535703,True
3115,365,0.3348078252662904,0.33088615651375464,-0.003921668752535745,True
3116,365,0.33924643322314263,0.3350879328353624,-0.004158500387780206,True
3117,365,0.3433208930071095,0.33929446104255095,-0.004026431964558541,True
3118,365,0.34812419987146553,0.3436159501096505,-0.00450824976181502,True
3119,365,0.35163694229350245,0.3469914713341888,-0.004645470959313669,True
3120,365,0.35433780051065333,0.3495695102063072,-0.004768290304346112,True
3121,365,0.3559277264707571,0.35103775705184737,-0.004889969418909734,True
3122,365,0.3567643919128913,0.3515018516786132,-0.005262540234278079,True
3123,365,0.35664360070214507,0.3511872938460685,-0.005456306856076565,True
3124,365,0.3559879451770759,0.35053127362071895,-0.005456671556356929,True
3125,365,0.355339634680357,0.3496941298571355,-0.005645504823221514,True
3126,365,0.3543908891361938,0.3486727095997177,-0.005718179536476131,True
3127,365,0.3537584177100787,0.3479122226777714,-0.005846195032307322,True
3128,365,0.3526408294294472,0.3470786686687241,-0.005562160760723078,True
3129,365,0.35135594764022104,0.346161694455531,-0.005194253184690023,True
3130,365,0.34918363851225254,0.34404791580182054,-0.005135722710432,True
3131,365,0.34719415021376365,0.3421615616883192,-0.00503258852544447,True
3132,365,0.34514391654736426,0.3403303455546376,-0.004813570992726668,True
3133,365,0.3443477591802127,0.33955510257124816,-0.004792656608964552,True
3134,365,0.34289410632598405,0.3382155229001616,-0.004678583425822447,True
3135,365,0.3412101287046126,0.3366358285395354,-0.004574300165077205,True
3136,365,0.34060902864302156,0.3387677159374839,-0.0018413127055376677,True
3137,365,0.37308150525156797,0.37137805688884545,-0.001703448362722515,True
3138,365,0.37138814792964925,0.370443798883729,-0.0009443490459202231,True
3139,365,0.36952941845687964,0.3684962466370984,-0.0010331718197812423,True
3140,365,0.3681890342601435,0.3671501221807381,-0.0010389120794053741,True
3141,365,0.3669569630997759,0.3660275623243571,-0.0009294007754187539,True
3142,365,0.36525687490098996,0.36419077811231426,-0.0010660967886756967,True
3143,365,0.3629052872667589,0.36188927455940173,-0.0010160127073571834,True
3144,365,0.3609287426038901,0.35990843366692643,-0.0010203089369636431,True
3145,365,0.35934980967596114,0.3580577592820552,-0.0012920503939059524,True
3146,365,0.3583825754922392,0.35701225864643593,-0.0013703168458032433,True
3147,365,0.3574948887693049,0.3557548210235573,-0.0017400677457475866,True
3148,365,0.35665346103728557,0.35470585124397846,-0.0019476097933071035,True
3149,365,0.3544330179734592,0.3523934081919988,-0.002039609781460394,True
3150,365,0.3513577818870688,0.34951969680143563,-0.0018380850856331565,True
3151,365,0.3477466979936139,0.345715172336814,-0.0020315256567999262,True
3152,365,0.3448287012872466,0.342350865041599,-0.002477836245647569,True
3153,365,0.3425917401973804,0.3401185382690455,-0.002473201928334945,True
3154,365,0.3414958172942746,0.3389262387056022,-0.0025695785886724054,True
3155,365,0.3415447504120688,0.3387444243552881,-0.0028003260567806554,True
3156,365,0.34192116793502875,0.33884834435041444,-0.0030728235846143037,True
3157,365,0.34272539720500433,0.33928893829907697,-0.0034364589059273642,True
3158,365,0.3431388884827386,0.33979986718645583,-0.0033390212962827737,True
3159,365,0.34330539778178076,0.33970967202000996,-0.003595725761770807,True
3160,365,0.3430514715968778,0.3384864933342254,-0.004564978262652397,True
3161,365,0.34164580139942224,0.33689769760413985,-0.004748103795282399,True
3162,365,0.33996330000047614,0.33563228537113055,-0.0043310146293455976,True
3163,365,0.3383018989515894,0.3338535788893423,-0.004448320062247102,True
3164,365,0.3364557770532554,0.3318227786665265,-0.004632998386728926,True
3165,365,0.3355566016709226,0.3312137075551979,-0.004342894115724694,True
3166,365,0.3355085828467828,0.33099136196992174,-0.004517220876861072,True
3167,365,0.3361190150264686,0.3314071624326038,-0.004711852593864807,True
3168,365,0.33631032393750554,0.33183061484322285,-0.004479709094282691,True
3169,365,0.3360914609432966,0.3318051971153554,-0.004286263827941228,True
3170,365,0.3350240353246105,0.33077033104621845,-0.0042537042783920564,True
3171,365,0.333845645133223,0.32969388096858077,-0.0041517641646422465,True
3172,365,0.3314738138293431,0.32740775691154683,-0.004066056917796268,True
3173,365,0.328980341469654,0.3276681558049502,-0.0013121856647038133,True
3174,365,0.32682552057979225,0.3250965506849114,-0.0017289698948808607,True
3175,365,0.32542622017767564,0.3224682719865449,-0.002957948191130766,True
3176,365,0.326091219586515,0.3228644500578714,-0.0032267695286435916,True
3177,365,0.32627036840427925,0.3230090957562597,-0.003261272648019564,True
3178,365,0.3267065679540341,0.3220728789089055,-0.004633689045128564,True
3179,365,0.32610286051037485,0.3214556137698415,-0.004647246740533351,True
3180,365,0.32570582918731356,0.3211618420874134,-0.004543987099900171,True
3181,365,0.32568301039247444,0.3212461008028227,-0.004436909589651761,True
3182,365,0.32656768949847925,0.3221405827080545,-0.00442710679042474,True
3183,365,0.3285419108866234,0.3240967141706373,-0.004445196715986088,True
3184,365,0.3315523059187487,0.32774004607357954,-0.0038122598451691414,True
3185,365,0.335723065535764,0.3317146362466475,-0.0040084292891164885,True
3186,365,0.34100132592144816,0.3365603594415258,-0.00444096647992237,True
3187,365,0.3454461947927905,0.3406972252978543,-0.004748969494936195,True
3188,365,0.3494320105201829,0.3446396780343896,-0.004792332485793305,True
3189,365,0.3530027241122199,0.34823653194608284,-0.004766192166137051,True
3190,365,0.3558074050624313,0.3508765734694004,-0.0049308315930309266,True
3191,365,0.35737993171440613,0.3523998566846145,-0.004980075029791642,True
3192,365,0.35875636218075163,0.35349477000394125,-0.005261592176810381,True
3193,365,0.35942286711643234,0.35384633733970294,-0.0055765297767294,True
3194,365,0.35963505167830956,0.3541818105975415,-0.0054532410807680565,True
3195,365,0.3593558845411875,0.3539413923116553,-0.0054144922295322195,True
3196,365,0.3588816947325855,0.3533168571138723,-0.0055648376187132365,True
3197,365,0.35810199503882173,0.35272304985647723,-0.005378945182344497,True
3198,365,0.35684334465903805,0.35143769486089654,-0.00540564979814151,True
3199,365,0.3546488602214823,0.3494555172069736,-0.005193343014508689,True
3200,365,0.3519124726284858,0.346721453232819,-0.005191019395666796,True
3201,365,0.3492178829446905,0.3441795894287995,-0.005038293515891024,True
3202,365,0.34696669182883744,0.34202357812034806,-0.004943113708489377,True
3203,365,0.34512436907322686,0.3403993756121827,-0.004724993461044158,True
3204,365,0.343498408840692,0.33883928519374074,-0.004659123646951258,True
3205,365,0.34143030400507807,0.33686673481556334,-0.004563569189514727,True
3206,365,0.3402809641109334,0.33831981456734483,-0.0019611495435885584,True
3207,365,0.3722175447010353,0.3710361837609908,-0.0011813609400445069,True
3208,365,0.37042127210902936,0.36922449844412036,-0.001196773664909001,True
3209,365,0.36840084162107545,0.36760679613561825,-0.0007940454854571954,True
3210,365,0.3668947067036944,0.366150670496686,-0.0007440362070084139,True
3211,365,0.3656799943434365,0.3648511334474703,-0.0008288608959662325,True
3212,365,0.36430129540804995,0.3635543084155424,-0.0007469869925075256,True
3213,365,0.3625288524326448,0.3616908546715376,-0.000837997761107212,True
3214,365,0.3609668678457209,0.3599462529963071,-0.0010206148494137923,True
3215,365,0.3599656061789762,0.3586362626549967,-0.0013293435239795093,True
3216,365,0.3591091997472909,0.35741207755580184,-0.0016971221914890422,True
3217,365,0.35780793066313893,0.3560587001287754,-0.001749230534363544,True
3218,365,0.3566283918541006,0.35470513707477486,-0.001923254779325756,True
3219,365,0.35437976746489136,0.3523762503984397,-0.002003517066451632,True
3220,365,0.35134358477874866,0.34932297425018166,-0.0020206105285670017,True
3221,365,0.34800006710112136,0.3456775957584343,-0.002322471342687038,True
3222,365,0.34484055231130223,0.34241429829902137,-0.0024262540122808596,True
3223,365,0.34252462023630537,0.33994117524211237,-0.002583444994192996,True
3224,365,0.3415447504120688,0.3389073328868824,-0.0026374175251863696,True
3225,365,0.34115343837657425,0.33859293500575977,-0.002560503370814482,True
3226,365,0.34199535601513537,0.3388871838389082,-0.003108172176227164,True
3227,365,0.342910934649859,0.3396161512107349,-0.0032947834391240938,True
3228,365,0.3441110362258913,0.34075650598873886,-0.003354530237152431,True
3229,365,0.34490667074180764,0.3416799399755602,-0.0032267307662474654,True
3230,365,0.3441387817298809,0.33970588869437746,-0.004432893035503427,True
3231,365,0.34342745256869334,0.33874330262394065,-0.004684149944752691,True
3232,365,0.34205025136977707,0.33777709111937226,-0.004273160250404806,True
3233,365,0.3405412225326361,0.3363095817815037,-0.0042316407511323595,True
3234,365,0.338561577089181,0.33437528654781434,-0.004186290541366655,True
3235,365,0.33730244020067923,0.33279240820686545,-0.004510031993813779,True
3236,365,0.33606614377666205,0.3316657803793588,-0.004400363397303264,True
3237,365,0.33506299568826975,0.3308572658755331,-0.004205729812736647,True
3238,365,0.3348709964391843,0.3308100739085065,-0.004060922530677802,True
3239,365,0.33457910556228204,0.3307521867124741,-0.0038269188498079587,True
3240,365,0.3337603369730067,0.3300044524911134,-0.0037558844818933457,True
3241,365,0.3325797319182989,0.32869293245177356,-0.0038867994665253702,True
3242,365,0.330698006831629,0.3270484088163534,-0.0036495980152755902,True
3243,365,0.32822241926425866,0.3257230537450096,-0.002499365519249064,True
3244,365,0.3262117213049192,0.32376798064330065,-0.0024437406616185653,True
3245,365,0.3267487204883452,0.32334367017633464,-0.003405050312010549,True
3246,365,0.32709493626628805,0.3233322294739105,-0.003762706792377557,True
3247,365,0.3269510727137755,0.32235773099681897,-0.004593341716956523,True
3248,365,0.3268609677032555,0.3222886857538308,-0.004572281949424717,True
3249,365,0.3272969150952029,0.3226497441668097,-0.004647170928393229,True
3250,365,0.3283236901122576,0.3236617278567074,-0.004661962255550212,True
3251,365,0.3301887891001596,0.3256728186247553,-0.004515970475404307,True
3252,365,0.33374354954533164,0.3294522372607654,-0.004291312284566251,True
3253,365,0.3377002885583137,0.3331903086228886,-0.004509979935425068,True
3254,365,0.3425376494103682,0.3379534514126354,-0.004584197997732797,True
3255,365,0.3469126496201935,0.34223722157611386,-0.004675428044079666,True
3256,365,0.3508344529210316,0.3458843187394093,-0.004950134181622323,True
3257,365,0.35428998240166587,0.3491383474928263,-0.005151634908839575,True
3258,365,0.35700382736702885,0.35198412090825254,-0.005019706458776307,True
3259,365,0.3589612403363732,0.3538915626897132,-0.005069677646659998,True
3260,365,0.3604790480142693,0.35520699054244204,-0.005272057471827241,True
3261,365,0.3618503199447961,0.35649566294772594,-0.005354656997070162,True
3262,365,0.36310411051742947,0.3575488839373309,-0.005555226580098549,True
3263,365,0.3635452910664338,0.35804198622773453,-0.005503304838699263,True
3264,365,0.36347076640973097,0.35812939516336356,-0.00534137124636741,True
3265,365,0.3629411109979856,0.3576301426522755,-0.005310968345710099,True
3266,365,0.3608629892898726,0.35565976889719425,-0.005203220392678343,True
3267,365,0.3575287956031515,0.3526361072992408,-0.004892688303910708,True
3268,365,0.35428224342020503,0.34923374519327194,-0.005048498226933096,True
3269,365,0.35082876142813546,0.34563547754875906,-0.005193283879376398,True
3270,365,0.3480070465966661,0.34288714226539996,-0.005119904331266134,True
3271,365,0.34576726846400474,0.3408089775233608,-0.004958290940643928,True
3272,365,0.34327126892609205,0.3384232375044747,-0.004848031421617327,True
3273,365,0.3410224205991717,0.33618984060045354,-0.004832579998718167,True
3274,365,0.3391778165314686,0.3371722793679208,-0.002005537163547788,True
3275,365,0.37021742296339255,0.36893980427028394,-0.0012776186931086064,True
3276,365,0.36814621292678124,0.36776363544093693,-0.0003825774858443043,True
3277,365,0.3663717298371509,0.3661191087667524,-0.00025262107039847326,True
3278,365,0.36508934691096473,0.36450788080463487,-0.0005814661063298643,True
3279,365,0.36358685098814997,0.3629309903824466,-0.0006558606057033844,True
3280,365,0.3625609116515358,0.3615199018292105,-0.0010410098223253006,True
3281,365,0.36116669631535986,0.3600319165744377,-0.0011347797409221316,True
3282,365,0.36058442156893206,0.35919346578119854,-0.0013909557877335166,True
3283,365,0.35958058240522633,0.3581156641557147,-0.0014649182495116153,True
3284,365,0.3583490613139736,0.35640189546553064,-0.0019471658484429555,True
3285,365,0.3564878255496125,0.35449588658107906,-0.0019919389685334465,True
3286,365,0.3540424825762116,0.35196095245158754,-0.002081530124624087,True
3287,365,0.35131258028643997,0.34889664270726967,-0.002415937579170302,True
3288,365,0.3476253452923434,0.3453011303751705,-0.0023242149171728843,True
3289,365,0.34483539927249235,0.34241100180001566,-0.0024243974724766915,True
3290,365,0.34289356311261576,0.3402815881286561,-0.002611974983959653,True
3291,365,0.3419733409383439,0.3393153763833762,-0.0026579645549676956,True
3292,365,0.34216286818803276,0.33928024226630427,-0.002882625921728499,True
3293,365,0.3426306337417374,0.33966607897473355,-0.0029645547670038574,True
3294,365,0.3443635320398257,0.3409028376923328,-0.0034606943474929097,True
3295,365,0.3455260087090362,0.34218066874961983,-0.0033453399594163824,True
3296,365,0.34642694420916914,0.34321843575743943,-0.003208508451729708,True
3297,365,0.3460448025950424,0.3417368263902168,-0.004307976204825592,True
3298,365,0.34559753658939407,0.3410257305207911,-0.004571806068602968,True
3299,365,0.34482927386203854,0.3408692442299981,-0.0039600296320404516,True
3300,365,0.34335808737451545,0.3393105676159981,-0.0040475197585173595,True
3301,365,0.34105434962539793,0.3370628581215802,-0.0039914915038177234,True
3302,365,0.3389143237659922,0.33466715482819304,-0.0042471689377991395,True
3303,365,0.33683144482458033,0.3327117342029637,-0.004119710621616646,True
3304,365,0.33528254114720696,0.33122393127644445,-0.0040586098707625085,True
3305,365,0.3343738159265677,0.33044285909536186,-0.003930956831205812,True
3306,365,0.3338637664037643,0.3300168019951901,-0.0038469644085741828,True
3307,365,0.3323515861423165,0.32905563577373914,-0.0032959503685773828,True
3308,365,0.33088279019744504,0.3275204493420886,-0.003362340855356416,True
3309,365,0.32912060147688327,0.3264479468169626,-0.00267265465992067,True
3310,365,0.3272854077007605,0.3246992181970908,-0.002586189503669678,True
3311,365,0.32686192506420625,0.3233772756189023,-0.0034846494453039667,True
3312,365,0.3269800692340554,0.32340307927915685,-0.0035769899548985795,True
3313,365,0.32737354106585276,0.32280469947762663,-0.004568841588226125,True
3314,365,0.32779441938185544,0.3232572961140208,-0.00453712326783462,True
3315,365,0.32965028561823173,0.32465668481571297,-0.004993600802518761,True
3316,365,0.33185975750979646,0.32683139070667555,-0.0050283668031209094,True
3317,365,0.33476837895973205,0.330776142428702,-0.003992236531030036,True
3318,365,0.33861763419712027,0.334282067566687,-0.004335566630433274,True
3319,365,0.343372365122109,0.33877160870862705,-0.0046007564134819545,True
3320,365,0.348174437620068,0.34341121364723737,-0.0047632239728306325,True
3321,365,0.3518787551022277,0.34693066820439034,-0.004948086897837378,True
3322,365,0.35502149929842797,0.34991212874285765,-0.005109370555570314,True
3323,365,0.35743771710750244,0.3522197619421858,-0.005217955165316646,True
3324,365,0.3596829877581965,0.35455840782226133,-0.005124579935935181,True
3325,365,0.36160525442568847,0.3563324004796851,-0.005272853946003353,True
3326,365,0.3635167414838483,0.3581059897205484,-0.005410751763299915,True
3327,365,0.365273050310674,0.3597802903689301,-0.005492759941743863,True
3328,365,0.36629839043681484,0.36083724210676205,-0.00546114833005279,True
3329,365,0.3665249914766325,0.36097784848949566,-0.005547142987136822,True
3330,365,0.36581798579203684,0.36045490633503585,-0.005363079457000985,True
3331,365,0.3637929000004905,0.3585604891176241,-0.005232410882866412,True
3332,365,0.3603028261882739,0.35533068144890023,-0.004972144739373685,True
3333,365,0.35613326954370333,0.35119198241922994,-0.0049412871244733925,True
3334,365,0.3524672839356365,0.347340783566855,-0.005126500368781484,True
3335,365,0.34975111874407594,0.3444040102431123,-0.005347108500963649,True
3336,365,0.3465036831951762,0.341326886343111,-0.005176796852065235,True
3337,365,0.3435246964680329,0.3383571623274249,-0.005167534140607999,True
3338,365,0.34029180215082655,0.33526998559676346,-0.0050218165540630855,True
3339,365,0.33783348791118584,0.33581408739948365,-0.002019400511702185,True
3340,365,0.3709235553964518,0.3696248546867098,-0.0012987007097419734,True
3341,365,0.3689400869941516,0.36858910024442204,-0.0003509867497295538,True
3342,365,0.3671473217348673,0.36694616137746305,-0.00020116035740425087,True
3343,365,0.3656861066698787,0.36541168478451796,-0.00027442188536075385,True
3344,365,0.36388855081563554,0.3631731303124031,-0.0007154205032324223,True
3345,365,0.3630007204187879,0.3619895037083022,-0.0010112167104857073,True
3346,365,0.3617490018383984,0.3606964776325335,-0.0010525242058649353,True
3347,365,0.3610303528156358,0.3597481283267748,-0.0012822244888610057,True
3348,365,0.35977594151652353,0.35828374955793924,-0.001492191958584299,True
3349,365,0.3582356262438084,0.3563325886613031,-0.001903037582505318,True
3350,365,0.3562254763410817,0.3541368537397393,-0.0020886226013424047,True
3351,365,0.353574147306864,0.3513274678738832,-0.0022466794329807915,True
3352,365,0.35092432591821343,0.34840822866680143,-0.0025160972514119972,True
3353,365,0.34736090341032433,0.34493373664687194,-0.002427166763452393,True
3354,365,0.3450362351814656,0.3425143096538002,-0.002521925527665392,True
3355,365,0.3436647331083654,0.34093937802518665,-0.0027253550831787265,True
3356,365,0.3431282489393497,0.340351591273315,-0.0027766576660346876,True
3357,365,0.3433259711220788,0.34048122600229935,-0.002844745119779446,True
3358,365,0.34460603806206025,0.34133060804543525,-0.0032754300166250028,True
3359,365,0.3462243649567732,0.34293017376818424,-0.0032941911885889796,True
3360,365,0.34753229310220723,0.34430559731123683,-0.003226695790970402,True
3361,365,0.3484636211440311,0.3451057704209311,-0.00335785072310002,True
3362,365,0.34868087223589583,0.34477451844612234,-0.003906353789773498,True
3363,365,0.34873449087694364,0.3442168208798495,-0.004517669997094131,True
3364,365,0.3479735394590597,0.3442497954911654,-0.0037237439678942663,True
3365,365,0.34644027825015233,0.3425888694896433,-0.0038514087605090452,True
3366,365,0.34387370614613016,0.3401003778469563,-0.0037733282991738726,True
3367,365,0.34118167553018247,0.3374356972401949,-0.0037459782899875727,True
3368,365,0.3385793139236886,0.3345375499283585,-0.004041763995330128,True
3369,365,0.336503051831122,0.3326891159980106,-0.0038139358331114037,True
3370,365,0.3345000207106979,0.3309118136990961,-0.003588207011601785,True
3371,365,0.33299247505016805,0.3296924459619736,-0.003300029088194434,True
3372,365,0.33153212561875123,0.3282829313312308,-0.003249194287520407,True
3373,365,0.32980173717111244,0.3264958377495427,-0.0033058994215697246,True
3374,365,0.32860185396410946,0.32584459480270517,-0.0027572591614042907,True
3375,365,0.32745583738796463,0.3235151054969565,-0.003940731891008131,True
3376,365,0.3277817474792063,0.32384110483401385,-0.003940642645192449,True
3377,365,0.3284304423349742,0.3236085135547112,-0.004821928780262996,True
3378,365,0.32972418413772087,0.3248334595489322,-0.004890724588788642,True
3379,365,0.33196359954992605,0.3272224911812967,-0.004741108368629343,True
3380,365,0.3353052066141327,0.3313912000750512,-0.003914006539081527,True
3381,365,0.3393725932898286,0.33523287175165306,-0.004139721538175545,True
3382,365,0.34382700057692056,0.3394944050648091,-0.004332595512111459,True
3383,365,0.3485894162820438,0.343964141555597,-0.004625274726446804,True
3384,365,0.3525455400289228,0.34777278232951936,-0.00477275769940344,True
3385,365,0.3552462122270285,0.3501752184896795,-0.005070993737349039,True
3386,365,0.3573321870935498,0.3521253953822485,-0.005206791711301284,True
3387,365,0.35959587358567235,0.35427517724601065,-0.005320696339661701,True
3388,365,0.36176399541196286,0.3565636216395905,-0.005200373772372369,True
3389,365,0.3644195279482236,0.3589199128662139,-0.00549961508200969,True
3390,365,0.36603472730036335,0.3605812395277622,-0.005453487772601129,True
3391,365,0.36742890315762855,0.36187910393873296,-0.00554979921889559,True
3392,365,0.3676457487812263,0.3621212682653521,-0.005524480515874175,True
3393,365,0.3669736117482962,0.3612968225065415,-0.005676789241754687,True
3394,365,0.3649386468363971,0.3593764927045256,-0.0055621541318714995,True
3395,365,0.3620517186884657,0.3566929623159001,-0.0053587563725656095,True
3396,365,0.3584212418039297,0.3532571110836444,-0.00516413072028532,True
3397,365,0.3544285614670485,0.3493303645424296,-0.005098196924618881,True
3398,365,0.35113351928558323,0.34578689810186086,-0.0053466211837223665,True
3399,365,0.3479837846355733,0.3424112193916874,-0.005572565243885885,True
3400,365,0.3438554840366968,0.3384303814816535,-0.005425102555043304,True
3401,365,0.34004024875703454,0.33478272259738284,-0.005257526159651693,True
3402,365,0.3371941770329113,0.3350891779764056,-0.002104999056505741,True
3403,365,0.37222098756382954,0.37066243855863057,-0.0015585490051989725,True
3404,365,0.3704068904605015,0.3691403020625241,-0.0012665883979774417,True
3405,365,0.3686629540135474,0.3685386836181178,-0.00012427039542955987,True
3406,365,0.3670074752051524,0.36678537710285486,-0.00022209810229756322,True
3407,365,0.3653054193768261,0.3647493211636622,-0.0005560982131638803,True
3408,365,0.36409050011095023,0.36320394288198865,-0.000886557228961582,True
3409,365,0.362734721912988,0.361630514270976,-0.0011042076420120228,True
3410,365,0.36169942388132714,0.360383381252894,-0.0013160426284331561,True
3411,365,0.3603566900782716,0.3586793676818072,-0.001677322396464398,True
3412,365,0.35825396960043104,0.3563152546263431,-0.0019387149740879295,True
3413,365,0.35594244195791175,0.3539985182779628,-0.0019439236799489445,True
3414,365,0.35383324027917484,0.3512866103278553,-0.0025466299513195456,True
3415,365,0.3513156978249219,0.3487332624090114,-0.0025824354159104668,True
3416,365,0.34802170094086277,0.34558394365844725,-0.0024377572824155203,True
3417,365,0.34577758978463446,0.343095731147003,-0.0026818586376314846,True
3418,365,0.34438237630625634,0.34181407340240916,-0.002568302903847186,True
3419,365,0.34396798634784415,0.3411463405032671,-0.0028216458445770587,True
3420,365,0.34491606736613045,0.34197714275249613,-0.0029389246136343194,True
3421,365,0.3462320903766569,0.34310930322135347,-0.0031227871553034525,True
3422,365,0.3475631632106567,0.3442426965308598,-0.0033204666797969073,True
3423,365,0.34900303691892587,0.3458471052269527,-0.003155931691973146,True
3424,365,0.35050524577284353,0.34759200499059806,-0.0029132407822454742,True
3425,365,0.35150159732149083,0.3478864807560538,-0.00361511656543706,True
3426,365,0.35165729304373977,0.3471848474361747,-0.004472445607565045,True
3427,365,0.35098819448039015,0.3471874977338432,-0.0038006967465469277,True
3428,365,0.34941403563293044,0.34582924562742406,-0.0035847900055063775,True
3429,365,0.34711357151940225,0.343544475930647,-0.0035690955887552334,True
3430,365,0.34405866766310267,0.34057788916807746,-0.003480778495025205,True
3431,365,0.3410842769598721,0.337728957821712,-0.0033553191381601177,True
3432,365,0.33828403744859614,0.3347405690238562,-0.0035434684247399595,True
3433,365,0.3355205188032443,0.3320807251813856,-0.0034397936218587,True
3434,365,0.3327759973450157,0.3297406678017993,-0.003035329543216392,True
3435,365,0.3310835834146652,0.3278641799467765,-0.003219403467888682,True
3436,365,0.3302073028420014,0.3270985807319226,-0.0031087221100787876,True
3437,365,0.3286524461644154,0.3254281776804386,-0.003224268483976833,True
3438,365,0.327749230158416,0.32391843330299663,-0.0038307968554193716,True
3439,365,0.3286354771638333,0.3247796113776621,-0.0038558657861711976,True
3440,365,0.3299205449028041,0.32538658679961363,-0.004533958103190461,True
3441,365,0.3322783392243517,0.32774562702709725,-0.004532712197254429,True
3442,365,0.3355105148350501,0.3316916131137807,-0.0038189017212694187,True
3443,365,0.3395205089557165,0.3355470872729588,-0.003973421682757716,True
3444,365,0.34372878009150065,0.33974289767874677,-0.003985882412753883,True
3445,365,0.3484601680583852,0.34402720155082894,-0.004432966507556257,True
3446,365,0.3516856719519148,0.34705463603717707,-0.004631035914737736,True
3447,365,0.35445187342058915,0.3494843840268831,-0.004967489393706059,True
3448,365,0.3564894557426125,0.35125016007131277,-0.005239295671299715,True
3449,365,0.3586377792089268,0.3533002186592056,-0.005337560549721232,True
3450,365,0.3609873840407402,0.3553793868197664,-0.005607997220973826,True
3451,365,0.3635420119749395,0.3580677263288302,-0.0054742856461093,True
3452,365,0.3657204152994803,0.360056541857086,-0.005663873442394274,True
3453,365,0.36695448604117736,0.36121350094106425,-0.005740985100113116,True
3454,365,0.3670380876796588,0.3615581089831279,-0.005479978696530885,True
3455,365,0.3661118233387904,0.36033287103242767,-0.005778952306362717,True
3456,365,0.3645674588516726,0.3586906052976951,-0.00587685355397749,True
3457,365,0.36231237850611614,0.35655871115969173,-0.005753667346424407,True
3458,365,0.35938198663305637,0.3539220886391499,-0.0054598979939064485,True
3459,365,0.35598091286083816,0.35061267123926904,-0.005368241621569125,True
3460,365,0.3520830962313845,0.34651201518531166,-0.0055710810460728455,True
3461,365,0.3482169762095237,0.34281683101022026,-0.00540014519930343,True
3462,365,0.3441609288958116,0.3388029471857238,-0.0053579817100878335,True
3463,365,0.3405371093224906,0.33508813294762785,-0.005448976374862746,True
3464,365,0.33814462585395016,0.33607160863296737,-0.002073017220982798,True
3465,365,0.372131022308793,0.3709375554689721,-0.0011934668398209114,True
3466,365,0.3705219280186353,0.3696317080513754,-0.0008902199672599087,True
3467,365,0.3688021121945168,0.36859061627513273,-0.00021149591938407486,True
3468,365,0.36701971644131115,0.36643399375527624,-0.0005857226860349063,True
3469,365,0.3656725575418259,0.364771279074485,-0.0009012784673409491,True
3470,365,0.36415505685711475,0.3629804411773443,-0.0011746156797704521,True
3471,365,0.362626768012538,0.3613754860021331,-0.0012512820104049194,True
3472,365,0.3609545245428519,0.35935617480521465,-0.001598349737637228,True
3473,365,0.35844327557807043,0.3565262376030202,-0.0019170379750502176,True
3474,365,0.3560073251868033,0.35389242587342296,-0.002114899313380325,True
3475,365,0.35447419596432295,0.3519671019256707,-0.0025070940386522356,True
3476,365,0.35223802727034015,0.34965650144945226,-0.0025815258208878866,True
3477,365,0.34915895056715096,0.34707594240653206,-0.0020830081606189044,True
3478,365,0.3470201244571824,0.34456499976765514,-0.002455124689527244,True
3479,365,0.34540205307790994,0.34286083835181214,-0.002541214726097807,True
3480,365,0.3455546108572719,0.3425803659641998,-0.002974244893072131,True
3481,365,0.3459250174443893,0.3429099895044295,-0.00301502793995978,True
3482,365,0.34716168061260905,0.34409411502521176,-0.003067565587397292,True
3483,365,0.3483680339386413,0.3452568622144697,-0.0031111717241715797,True
3484,365,0.3499791730917107,0.34701825654748264,-0.002960916544228087,True
3485,365,0.35198292494941835,0.3489555446551285,-0.0030273802942898387,True
3486,365,0.3534245979760393,0.3496441850434535,-0.003780412932585797,True
3487,365,0.35433698046554635,0.34992062443456307,-0.004416356030983282,True
3488,365,0.35389219428775626,0.35034167990865317,-0.003550514379103087,True
3489,365,0.35237168330336366,0.34878620011100037,-0.0035854831923632924,True
3490,365,0.3502069725567676,0.3466740567461962,-0.0035329158105713576,True
3491,365,0.34722551172075805,0.3437120568402135,-0.003513454880544553,True
3492,365,0.3439123138939961,0.3406073771301387,-0.0033049367638574023,True
3493,365,0.34004535395341623,0.3371818804869235,-0.0028634734664927386,True
3494,365,0.33710103030170385,0.33378654331709745,-0.003314486984606402,True
3495,365,0.33469491521205763,0.33117208959127514,-0.003522825620782488,True
3496,365,0.3320731080541898,0.3286361006229127,-0.003437007431277117,True
3497,365,0.3299833647010171,0.32704360193145,-0.002939762769567089,True
3498,365,0.32906870012881584,0.3254708048205769,-0.003597895308238952,True
3499,365,0.3307965152481398,0.32719750107615975,-0.003599014171980053,True
3500,365,0.3333052931356412,0.32894094379324906,-0.00436434934239216,True
3501,365,0.3359895155802189,0.33222807491974143,-0.0037614406604774553,True
3502,365,0.3394707243892771,0.3356782223149704,-0.003792502074306703,True
3503,365,0.343162424586235,0.33923090562868846,-0.003931518957546565,True
3504,365,0.34705446429286557,0.3429281532226335,-0.0041263110702320915,True
3505,365,0.3503144788558564,0.3456910018088323,-0.004623477047024149,True
3506,365,0.3526104355521985,0.34770516255081324,-0.0049052730013852686,True
3507,365,0.35474351112985275,0.3494753447473852,-0.005268166382467576,True
3508,365,0.3568252837496474,0.3514231193601523,-0.00540216438949509,True
3509,365,0.359424877851871,0.35378920786027934,-0.005635669991591652,True
3510,365,0.3618724331740033,0.35635090452989066,-0.00552152864411265,True
3511,365,0.36391807441942875,0.3583741348716531,-0.005543939547775656,True
3512,365,0.3655148005900423,0.35966649879903,-0.005848301791012311,True
3513,365,0.3654561516921335,0.3594999510774327,-0.005956200614700813,True
3514,365,0.36447558400254965,0.35854089384791804,-0.0059346901546316055,True
3515,365,0.3631856649021257,0.35723025495770117,-0.005955409944424561,True
3516,365,0.3615576762386194,0.35542999307812373,-0.006127683160495667,True
3517,365,0.35912668937580516,0.35320887244732674,-0.0059178169284784254,True
3518,365,0.35608550423301777,0.35023543707205573,-0.005850067160962036,True
3519,365,0.3524936847594517,0.3468852655936556,-0.005608419165796075,True
3520,365,0.3487835833229892,0.34316267426871644,-0.00562090905427276,True
3521,365,0.34498438500919604,0.3394361550991588,-0.005548229910037228,True
3522,365,0.3416692550006767,0.3364824709584871,-0.005186784042189585,True
3523,365,0.33945813718547957,0.33751428185374016,-0.001943855331739408,True
3524,365,0.37263467994178984,0.37171907441749225,-0.0009156055242975913,True
3525,365,0.37090155995417085,0.370693814449141,-0.0002077455050298327,True
3526,365,0.36933812907843133,0.36881449587963433,-0.0005236331987970022,True
3527,365,0.36769452496862415,0.36682573718834893,-0.0008687877802752153,True
3528,365,0.3657161982008142,0.3646820706680029,-0.0010341275328112909,True
3529,365,0.36370144405272353,0.3623631679502043,-0.0013382761025192424,True
3530,365,0.36167987507478355,0.3599783352452367,-0.0017015398295468498,True
3531,365,0.35877769007801014,0.3569991733824619,-0.0017785166955482379,True
3532,365,0.3566690657139842,0.35463278848420543,-0.0020362772297787823,True
3533,365,0.35493330399494377,0.35277118596395557,-0.0021621180309882027,True
3534,365,0.3526381356045263,0.35061459437482606,-0.002023541229700221,True
3535,365,0.3503886015460426,0.34804332273235344,-0.002345278813689178,True
3536,365,0.347981215340647,0.3457024030085207,-0.0022788123321263454,True
3537,365,0.34663142553386134,0.34369733797176777,-0.002934087562093568,True
3538,365,0.3461303334243692,0.34292644769911274,-0.0032038857252564834,True
3539,365,0.3465250126898884,0.34333956664562626,-0.00318544604426213,True
3540,365,0.3475469245891744,0.3444509403975374,-0.0030959841916370356,True
3541,365,0.34882091074763677,0.34579489185022616,-0.0030260188974106095,True
3542,365,0.35023699000222847,0.3472968397497035,-0.0029401502525249756,True
3543,365,0.35241947629057724,0.3494327354665813,-0.002986740823995915,True
3544,365,0.3543926971631959,0.35040791914329794,-0.003984778019897939,True
3545,365,0.35545835374992996,0.35121417273532324,-0.004244181014606718,True
3546,365,0.355256111347482,0.35179311817661474,-0.0034629931708672346,True
3547,365,0.35416235173158717,0.3508724327774907,-0.0032899189540964713,True
3548,365,0.35209476656473715,0.3487566346046746,-0.0033381319600625514,True
3549,365,0.349152431548757,0.34586575018188226,-0.0032866813668747663,True
3550,365,0.346068603945434,0.34267905693847606,-0.003389547006957927,True
3551,365,0.34329259307623045,0.3395878167919322,-0.0037047762842982723,True
3552,365,0.33950803332382296,0.3357629877185968,-0.0037450456052261494,True
3553,365,0.33596646383645073,0.3321479592246397,-0.0038185046118110466,True
3554,365,0.3331065437078116,0.32939961913245464,-0.0037069245753569846,True
3555,365,0.3306633202893151,0.3277752806423366,-0.002888039646978535,True
3556,365,0.33182948096664194,0.3284782370248937,-0.0033512439417482387,True
3557,365,0.33404047533875764,0.3306164499377957,-0.0034240254009619275,True
3558,365,0.33693393151118894,0.33324912492718745,-0.0036848065840014987,True
3559,365,0.3396356098720682,0.335926233147046,-0.0037093767250221954,True
3560,365,0.34268056801480046,0.33870009114467226,-0.003980476870128202,True
3561,365,0.3454383870916294,0.3413825657570821,-0.004055821334547294,True
3562,365,0.3484402186026811,0.34411085218659776,-0.004329366416083336,True
3563,365,0.3512221278131621,0.34645497736028985,-0.0047671504528722375,True
3564,365,0.3534451198346742,0.34825680328181147,-0.005188316552862726,True
3565,365,0.3555858125867669,0.3501425040022408,-0.00544330858452613,True
3566,365,0.35809071814474225,0.3524466840011141,-0.005644034143628129,True
3567,365,0.36049893061470006,0.35464566694081434,-0.0058532636738857224,True
3568,365,0.3624681582113454,0.35668886825649343,-0.005779289954851996,True
3569,365,0.3635208816197444,0.357744623600982,-0.005776258018762359,True
3570,365,0.3636373190027388,0.3577470186443845,-0.005890300358354306,True
3571,365,0.36302773028060836,0.3569819343280763,-0.006045795952532074,True
3572,365,0.36197964464700366,0.3556879436722748,-0.006291700974728864,True
3573,365,0.36040072635541454,0.3541474781261112,-0.006253248229303343,True
3574,365,0.3585179516834632,0.3523602758790808,-0.006157675804382368,True
3575,365,0.35558495351375935,0.3497422780860748,-0.005842675427684574,True
3576,365,0.35258137034320036,0.34675761676734246,-0.005823753575857904,True
3577,365,0.3495035810607739,0.34360546628119965,-0.005898114779574248,True
3578,365,0.3461345200818855,0.3406256855074083,-0.005508834574477206,True
3579,365,0.3430234643831585,0.33774293306737896,-0.005280531315779546,True
3580,365,0.3404112495160986,0.33874970304117175,-0.0016615464749268338,True
3581,365,0.3744475149255321,0.3730134000288793,-0.001434114896652794,True
3582,365,0.3729207289952202,0.37175475027593413,-0.001165978719286087,True
3583,365,0.3715665716296281,0.37103997895022767,-0.0005265926794004172,True
3584,365,0.3698013286492436,0.36888600201359634,-0.0009153266356472511,True
3585,365,0.36758257531807376,0.36651122941980546,-0.0010713458982682944,True
3586,365,0.36548764835992503,0.3641883436133985,-0.0012993047465265084,True
3587,365,0.36258183081849,0.36125778338353265,-0.0013240474349573428,True
3588,365,0.35925743004290234,0.3579879197474681,-0.0012695102954342619,True
3589,365,0.35685747955392116,0.3551178132591823,-0.001739666294738873,True
3590,365,0.3549114721689418,0.35286619272838654,-0.00204527944055527,True
3591,365,0.3527545851349311,0.35104226721684884,-0.00171231791808224,True
3592,365,0.35077927552752874,0.34863096391631204,-0.0021483116112167022,True
3593,365,0.34899125252311713,0.34612987062878486,-0.002861381894332271,True
3594,365,0.347233590363795,0.3441573027467642,-0.0030762876170307707,True
3595,365,0.3468104693383751,0.3436896422888763,-0.003120827049498842,True
3596,365,0.34674478913594997,0.34350483995190106,-0.003239949184048907,True
3597,365,0.34747254951033446,0.34441088955025423,-0.003061659960080232,True
3598,365,0.34874169068025607,0.3458642207086929,-0.0028774699715631846,True
3599,365,0.34993548607591635,0.347874465779543,-0.0020610202963733393,True
3600,365,0.3520380089251086,0.3498776647800856,-0.00216034414502303,True
3601,365,0.35415326354900745,0.35031292626919025,-0.0038403372798171964,True
3602,365,0.35526858971860265,0.35123201307215934,-0.004036576646443302,True
3603,365,0.35539854844628205,0.35206363776192595,-0.003334910684356096,True
3604,365,0.3545576933560692,0.3513988431842838,-0.0031588501717853545,True
3605,365,0.3540783613108299,0.350492810389861,-0.003585550920968905,True
3606,365,0.35117734368026216,0.3476935270233819,-0.0034838166568802453,True
3607,365,0.3472906826663632,0.34372570212060327,-0.0035649805457599326,True
3608,365,0.3435123445702559,0.33995967290994406,-0.003552671660311868,True
3609,365,0.3400264994027624,0.3363679523346356,-0.003658547068126794,True
3610,365,0.3367508313148223,0.33305210926399936,-0.0036987220508229446,True
3611,365,0.33392415981788204,0.3301376650228583,-0.0037864947950237426,True
3612,365,0.33196625914954836,0.3287240418458692,-0.0032422173036791846,True
3613,365,0.33507038919560533,0.33194592445412474,-0.0031244647414805926,True
3614,365,0.33785912471639007,0.3340200327080832,-0.0038390920083068436,True
3615,365,0.339709946172404,0.33593314190189005,-0.003776804270513967,True
3616,365,0.34219990537966516,0.338394065616447,-0.003805839763218133,True
3617,365,0.34473688256050655,0.34075638573219263,-0.0039804968283139175,True
3618,365,0.3476351935192833,0.343292603927878,-0.004342589591405266,True
3619,365,0.35000917814346005,0.3454533552917599,-0.004555822851700142,True
3620,365,0.35256634551170674,0.34746819671372725,-0.005098148797979485,True
3621,365,0.3550767728572066,0.34967709530102864,-0.005399677556177984,True
3622,365,0.3571039255244252,0.35151544891853564,-0.00558847660588957,True
3623,365,0.359410222027516,0.35369539695399843,-0.00571482507351756,True
3624,365,0.3613573011011469,0.35551100259700724,-0.0058462985041396465,True
3625,365,0.36223455608873323,0.356351887203993,-0.005882668884740205,True
3626,365,0.3627431226863178,0.356793795030037,-0.005949327656280812,True
3627,365,0.36185233778151593,0.35584187051074545,-0.006010467270770481,True
3628,365,0.360728823626483,0.3543440243808846,-0.006384799245598427,True
3629,365,0.35940222015124995,0.35298718953527103,-0.006415030615978923,True
3630,365,0.3577175272539705,0.35131357705345295,-0.006403950200517539,True
3631,365,0.35547143285388677,0.349231654447191,-0.006239778406695762,True
3632,365,0.35290965417645404,0.3469485355306433,-0.005961118645810726,True
3633,365,0.3501346414308331,0.3443404134112179,-0.005794228019615211,True
3634,365,0.3471013902651179,0.34132894910982253,-0.005772441155295349,True
3635,365,0.3438826543433794,0.33856868513815486,-0.0053139692052245335,True
3636,365,0.34076515341640434,0.3392514185942561,-0.0015137348221482272,True
3637,365,0.3750682808383338,0.3732445677357487,-0.0018237131025851117,True
3638,365,0.3740626979371633,0.37095402546606193,-0.003108672471101359,True
3639,365,0.3722749082482578,0.3692312785253619,-0.003043629722895902,True
3640,365,0.3701306343152207,0.3673514142326068,-0.002779220082613887,True
3641,365,0.36728317962090257,0.3644086101204643,-0.00287456950043824,True
3642,365,0.36385196033503786,0.36095293515712584,-0.002899025177912018,True
3643,365,0.36008207587576024,0.35725820160374755,-0.002823874272012694,True
3644,365,0.35726608466530263,0.3541260186411988,-0.003140066024103827,True
3645,365,0.3550336921177444,0.3515670140294511,-0.0034666780882932624,True
3646,365,0.35302060069375446,0.349259270486966,-0.0037613302067884824,True
3647,365,0.35126764860648235,0.34725459610167947,-0.004013052504802883,True
3648,365,0.3496983164596503,0.345333408137001,-0.004364908322649352,True
3649,365,0.34830847647872437,0.34374429958125274,-0.004564176897471628,True
3650,365,0.3472665788875562,0.342517202738867,-0.0047493761486891994,True
3651,365,0.3470376007344019,0.3427547221494964,-0.004282878584905447,True
3652,365,0.34784150277723486,0.34431403658972887,-0.00352746618750599,True
3653,365,0.3485263587138485,0.3455928799119561,-0.0029334788018924307,True
3654,365,0.3494931139581419,0.34705132994425136,-0.0024417840138905578,True
3655,365,0.35112418295377174,0.34906753449322714,-0.0020566484605445967,True
3656,365,0.3530943135625797,0.34923943067926533,-0.00385488288331437,True
3657,365,0.35427938331905656,0.350085759725579,-0.00419362359347758,True
3658,365,0.35613860429893374,0.3518016955142615,-0.004336908784672244,True
3659,365,0.3556987311923198,0.35142351158154167,-0.004275219610778147,True
3660,365,0.3541431652948277,0.34984870263121215,-0.00429446266361555,True
3661,365,0.35115136372003897,0.3466992010078213,-0.0044521627122176555,True
3662,365,0.34707574920603657,0.34252613199393733,-0.004549617212099233,True
3663,365,0.3434150320865973,0.3388503892236337,-0.004564642862963597,True
3664,365,0.33996189738395294,0.33512645224399207,-0.00483544513996087,True
3665,365,0.3376508755236312,0.33258619494478725,-0.005064680578843961,True
3666,365,0.33509711564179334,0.32997854412293165,-0.005118571518861692,True
3667,365,0.3325696506903634,0.32901256727649325,-0.003557083413870177,True
3668,365,0.3355201413004261,0.3320109753869951,-0.003509165913431034,True
3669,365,0.3377968321703642,0.33385271968716435,-0.003944112483199869,True
3670,365,0.3400758301622224,0.3376076566336678,-0.002468173528554607,True
3671,365,0.3418608251419112,0.3395597762243125,-0.0023010489175986915,True
3672,365,0.3438544764840434,0.34156702214883283,-0.002287454335210548,True
3673,365,0.34642100824518895,0.34406115797579745,-0.0023598502693915058,True
3674,365,0.3491006378369882,0.34645780528141656,-0.002642832555571628,True
3675,365,0.35159103489679244,0.34871103173288087,-0.002880003163911571,True
3676,365,0.35392552001229427,0.35092335989260987,-0.003002160119684405,True
3677,365,0.35618460540211133,0.353021645401041,-0.0031629600010703585,True
3678,365,0.3580536392109006,0.35465436436145725,-0.0033992748494433567,True
3679,365,0.35969000983667543,0.3562083671737288,-0.003481642662946649,True
3680,365,0.36104595404469636,0.35744007251879,-0.0036058815259063515,True
3681,365,0.36172704584153637,0.3580518288616132,-0.0036752169799231793,True
3682,365,0.3611443129379944,0.35741718476767037,-0.0037271281703240566,True
3683,365,0.359934785485899,0.3559604011449387,-0.003974384340960313,True
3684,365,0.3587215121186397,0.3544184920787705,-0.004303020039869154,True
3685,365,0.3574094301152152,0.3530901355749166,-0.004319294540298613,True
3686,365,0.3559624314389111,0.35188397438435276,-0.004078457054558338,True
3687,365,0.3533984775233275,0.3497316690014828,-0.0036668085218447,True
3688,365,0.3508422254823334,0.34766394360205244,-0.0031782818802809643,True
3689,365,0.3478507130273538,0.3447890832848398,-0.003061629742514005,True
3690,365,0.3446394294219598,0.3419452998917756,-0.0026941295301842194,True
3691,365,0.3405723872367562,0.33942532266383874,-0.0011470645729174667,True
3692,365,0.3773216462226566,0.37685829906878626,-0.00046334715387036374,True
3693,365,0.37620941481838127,0.37583534263798324,-0.0003740721803980329,True
3694,365,0.3749512203597544,0.372902947267602,-0.0020482730921524417,True
3695,365,0.3726190240528593,0.37072862430899767,-0.001890399743861626,True
3696,365,0.3692061754588461,0.36742728094511773,-0.0017788945137283685,True
3697,365,0.3650753062437576,0.3634029307698093,-0.0016723754739483288,True
3698,365,0.3610548068232815,0.358836226252476,-0.002218580570805484,True
3699,365,0.3575882029597785,0.35513969533848033,-0.0024485076212981682,True
3700,365,0.3550713801818748,0.35226910893757807,-0.002802271244296717,True
3701,365,0.3530603290517453,0.349876120902498,-0.003184208149247303,True
3702,365,0.35170516192482615,0.34814073258263,-0.0035644293421961404,True
3703,365,0.3503763640360525,0.3464311810487878,-0.003945182987264706,True
3704,365,0.34884340139602454,0.3447959333004069,-0.0040474680956176234,True
3705,365,0.3476533353876245,0.3434504807980757,-0.004202854589548777,True
3706,365,0.3472202009566074,0.3429395050579764,-0.004280695898631004,True
3707,365,0.3478430342659609,0.3443646030102734,-0.0034784312556875308,True
3708,365,0.3484606063776543,0.3452606602417244,-0.0031999461359298875,True
3709,365,0.3489539219686557,0.3463550175630065,-0.002598904405649194,True
3710,365,0.35024352074279347,0.34798527267687634,-0.0022582480659171233,True
3711,365,0.35153352829978823,0.3478207145605139,-0.0037128137392743454,True
3712,365,0.3545141712444566,0.3500815139092289,-0.0044326573352276855,True
3713,365,0.35539200761332806,0.35146151257817965,-0.003930495035148418,True
3714,365,0.3552927902176774,0.35149907493673066,-0.003793715280946741,True
3715,365,0.35365450749646793,0.34977430576972374,-0.0038802017267441924,True
3716,365,0.35076092361656597,0.346657464832972,-0.004103458783593972,True
3717,365,0.3471908025301235,0.3428859688996156,-0.0043048336305079316,True
3718,365,0.3433761948424813,0.33896177219591694,-0.004414422646564331,True
3719,365,0.34049500075772093,0.33608169565969165,-0.004413305098029285,True
3720,365,0.33771923988697156,0.332968656413702,-0.004750583473269565,True
3721,365,0.3353710388855359,0.33055767233733574,-0.0048133665482001375,True
3722,365,0.33318652953559513,0.3299022747868789,-0.003284254748716242,True
3723,365,0.3375691113529961,0.33418710590023265,-0.003382005452763459,True
3724,365,0.3399193668645561,0.33540854839112166,-0.00451081847343443,True
3725,365,0.3412321821039511,0.33694431334979835,-0.004287868754152768,True
3726,365,0.34278695712910223,0.3386436626646763,-0.004143294464425906,True
3727,365,0.3446075406887276,0.340373733132898,-0.004233807555829638,True
3728,365,0.34731936473422376,0.34309550313156834,-0.004223861602655421,True
3729,365,0.3498919426630834,0.3455535543556485,-0.004338388307434882,True
3730,365,0.35222753566316867,0.3477339068486549,-0.0044936288145137615,True
3731,365,0.3541004338696226,0.3496384741751125,-0.004461959694510076,True
3732,365,0.35624854522541893,0.3516182961162195,-0.004630249109199458,True
3733,365,0.35818845329896654,0.3532297865084931,-0.004958666790473409,True
3734,365,0.3595691032327171,0.35461039188135834,-0.00495871135135878,True
3735,365,0.3601495026392894,0.35528819770203607,-0.004861304937253341,True
3736,365,0.36011534601318573,0.35520059301196893,-0.004914753001216798,True
3737,365,0.3597036807466607,0.35478099901413407,-0.004922681732526635,True
3738,365,0.35877393130986623,0.35374049416565606,-0.005033437144210173,True
3739,365,0.3575879320963002,0.35278738474760035,-0.004800547348699835,True
3740,365,0.3561764683043412,0.3514532343289726,-0.0047232339753686126,True
3741,365,0.35422531044449895,0.34982796979704195,-0.004397340647457004,True
3742,365,0.35184717308850577,0.34789233817435344,-0.003954834914152328,True
3743,365,0.3483834643866952,0.3446546376870532,-0.0037288266996420294,True
3744,365,0.34433799003036936,0.34065291657797114,-0.003685073452398213,True
3745,365,0.34015467002477184,0.33821609565604766,-0.0019385743687241885,True
3746,365,0.37779964999424526,0.3819089463624691,0.004109296368223825,False
3747,365,0.37691782257326784,0.3804397423121771,0.0035219197389092516,False
3748,365,0.37446426827086154,0.3764813490043665,0.002017080733504928,False
3749,365,0.3710211632661225,0.3726388187450245,0.0016176554789020248,False
3750,365,0.36672471690514485,0.36811516636924857,0.0013904494641037157,False
3751,365,0.3617762493134908,0.36305902718912075,0.0012827778756299701,False
3752,365,0.35808901201544757,0.35879691940285413,0.0007079073874065589,False
3753,365,0.3555811609959199,0.35578378404226685,0.00020262304634693917,False
3754,365,0.35349863759740063,0.3532719694502004,-0.00022666814720023742,True
3755,365,0.35151466468048737,0.3510256482987115,-0.000489016381775842,True
3756,365,0.3505114101581112,0.34920301209900734,-0.0013083980591038769,True
3757,365,0.34937287968041636,0.34771197654631786,-0.0016609031340985014,True
3758,365,0.3479635295125161,0.3460715641979355,-0.0018919653145805793,True
3759,365,0.3477113230085133,0.3453913538212605,-0.0023199691872528017,True
3760,365,0.3480258327335512,0.34568382467931086,-0.002342008054240341,True
3761,365,0.34850482033744007,0.34617976288793467,-0.0023250574495053966,True
3762,365,0.3489303708141638,0.3465771805635279,-0.002353190250635906,True
3763,365,0.34955204328437156,0.3470893803104464,-0.002462662973925167,True
3764,365,0.351798254015018,0.34859277190751314,-0.0032054821075048756,True
3765,365,0.3529583347771481,0.34981629838528944,-0.0031420363918586713,True
3766,365,0.3541911504734736,0.3511895744946783,-0.003001575978795301,True
3767,365,0.3542789206534659,0.35131911224008866,-0.0029598084133772296,True
3768,365,0.3535760648706931,0.35001969367207053,-0.0035563711986225655,True
3769,365,0.3510004849525645,0.3473262506522189,-0.00367423430034558,True
3770,365,0.34723378347646777,0.3435244253600306,-0.003709358116437189,True
3771,365,0.3436029401402752,0.3400299723997078,-0.003572967740567423,True
3772,365,0.3405189712234668,0.3367022968352684,-0.0038166743881983822,True
3773,365,0.3379379746440971,0.33365016522762875,-0.004287809416468336,True
3774,365,0.3356507208361387,0.331197218468551,-0.004453502367587736,True
3775,365,0.33366930193166866,0.3295034224624775,-0.004165879469191169,True
3776,365,0.3389076736406224,0.33428144349357125,-0.004626230147051158,True
3777,365,0.34085989998167826,0.33548004586222774,-0.005379854119450522,True
3778,365,0.34187523079956744,0.3365904981997776,-0.005284732599789843,True
3779,365,0.34304565097605233,0.3377610437725111,-0.005284607203541236,True
3780,365,0.34522019615502364,0.3398496254599414,-0.005370570695082233,True
3781,365,0.3475877501479115,0.3418264866672088,-0.005761263480702716,True
3782,365,0.3497019916800871,0.3436458061270671,-0.00605618555302001,True
3783,365,0.3516892840338662,0.3453806542331678,-0.006308629800698351,True
3784,365,0.35418917313290454,0.34737069478889787,-0.006818478344006673,True
3785,365,0.35654333151697254,0.3495233099508384,-0.007020021566134127,True
3786,365,0.35821946584188574,0.350965055808841,-0.0072544100330447225,True
3787,365,0.3590004669335179,0.3517398069222486,-0.007260660011269293,True
3788,365,0.3593238089217195,0.3520473210221605,-0.007276487899558981,True
3789,365,0.35974918456313215,0.3524613757142914,-0.007287808848840727,True
3790,365,0.35963832495874104,0.3523220334687612,-0.007316291489979865,True
3791,365,0.35842905771279193,0.3510775081814668,-0.007351549531325108,True
3792,365,0.35665120488295793,0.3496042176617463,-0.007046987221211609,True
3793,365,0.3549495300495128,0.3479168054824065,-0.0070327245671062966,True
3794,365,0.3521795156499576,0.3453857452075473,-0.006793770442410307,True
3795,365,0.3486320110920903,0.34205689485273033,-0.006575116239359968,True
3796,365,0.343800941940807,0.33721784082183576,-0.006583101118971257,True
3797,365,0.33967454578506584,0.3374607681501838,-0.0022137776348820637,True
3798,365,0.37805051621703406,0.3810172511823413,0.0029667349653072494,False
3799,365,0.3761170360169568,0.3779951329700043,0.0018780969530475256,False
3800,365,0.37292350606489316,0.37447067493401426,0.001547168869121096,False
3801,365,0.36826284687088956,0.3696345501447417,0.001371703273852165,False
3802,365,0.36329047898905875,0.36424079425727685,0.0009503152682180938,False
3803,365,0.3592439495471773,0.35980509853122133,0.0005611489840440242,False
3804,365,0.35595849642563254,0.3563520962832396,0.0003935998576070632,False
3805,365,0.35362985778066375,0.35358405109611074,-4.580668455300696e-05,True
3806,365,0.3518441449623998,0.35100546257748666,-0.0008386823849131364,True
3807,365,0.350464058520226,0.34906546409598377,-0.0013985944242422277,True
3808,365,0.3492891240737084,0.34752801608966766,-0.0017611079840407218,True
3809,365,0.3483556933656539,0.3460083815298156,-0.002347311835838306,True
3810,365,0.34805584563094977,0.34541209411508894,-0.002643751515860826,True
3811,365,0.3484596014497325,0.34590934809445745,-0.002550253355275034,True
3812,365,0.34893230322169644,0.3463337098679654,-0.002598593353731027,True
3813,365,0.34961817639742887,0.34692486971565245,-0.0026933066817764195,True
3814,365,0.35138861276509353,0.34814372871809346,-0.003244884047000074,True
3815,365,0.3524130387277707,0.3493187938136153,-0.0030942449141553863,True
3816,365,0.3532420411721816,0.3500473326795968,-0.003194708492584797,True
3817,365,0.3540407148495591,0.35058842395123885,-0.003452290898320276,True
3818,365,0.353763830399838,0.3501606223545357,-0.0036032080453022863,True
3819,365,0.3526518580510128,0.34901070083236946,-0.0036411572186433316,True
3820,365,0.3503644769750738,0.34645960094558736,-0.003904876029486415,True
3821,365,0.34699170752546565,0.34310737059074736,-0.003884336934718291,True
3822,365,0.3437439202724684,0.33983572588688427,-0.003908194385584152,True
3823,365,0.3409216984129865,0.3368719433980221,-0.004049755014964351,True
3824,365,0.3387230888283783,0.3343470428045084,-0.004376046023869928,True
3825,365,0.33647447740228104,0.3320760584496669,-0.004398418952614114,True
3826,365,0.3342622972557332,0.33131255737733084,-0.0029497398784023576,True
3827,365,0.3375214340326741,0.33269355018312896,-0.004827883849545134,True
3828,365,0.33941238255391815,0.3345663454585541,-0.00484603709536402,True
3829,365,0.3407542976344874,0.33532029385499,-0.005434003779497376,True
3830,365,0.34191214661272257,0.3363203151917058,-0.0055918314210167686,True
3831,365,0.3428033994963762,0.33745308479315556,-0.005350314703220671,True
3832,365,0.344580308617613,0.3390130490398001,-0.0055672595778129,True
3833,365,0.3466689954371514,0.34084902535848005,-0.005819970078671355,True
3834,365,0.3490607469594951,0.34295841670708277,-0.006102330252412358,True
3835,365,0.3521464055278292,0.34546398792754573,-0.006682417600283486,True
3836,365,0.35480432980947874,0.3478735019933952,-0.006930827816083562,True
3837,365,0.3568267035999093,0.3496306109239011,-0.007196092676008237,True
3838,365,0.3578016004609743,0.3505261723573246,-0.007275428103649728,True
3839,365,0.3590497120372009,0.351791953336855,-0.007257758700345895,True
3840,365,0.3597340655903566,0.35254524415743876,-0.007188821432917825,True
3841,365,0.36021160105864364,0.35288254550200054,-0.007329055556643094,True
3842,365,0.3592165929556153,0.3518387450924326,-0.007377847863182685,True
3843,365,0.35713645086332957,0.34988816296701797,-0.0072482878963116,True
3844,365,0.35478238504484094,0.34777273948211185,-0.007009645562729094,True
3845,365,0.3519743520281902,0.34511902597625277,-0.006855326051937449,True
3846,365,0.3480424557457736,0.3412029883381854,-0.006839467407588173,True
3847,365,0.34302648349483156,0.33647655884517474,-0.006549924649656813,True
3848,365,0.33872770797395385,0.3362093646018358,-0.002518343372118037,True
3849,365,0.3786158677967934,0.3806813728855277,0.0020655050887343207,False
3850,365,0.3769573547442218,0.37942113991688037,0.0024637851726585502,False
3851,365,0.37367648773249396,0.37520887597592156,0.001532388243427607,False
3852,365,0.37031501576015746,0.371399201617926,0.0010841858577685382,False
3853,365,0.36528706298061575,0.3662852707762506,0.0009982077956348645,False
3854,365,0.36081869969343594,0.3615127504192179,0.0006940507257819362,False
3855,365,0.3572861043573082,0.35749697287151544,0.00021086851420726305,False
3856,365,0.3543498696729728,0.35386730847207676,-0.0004825612008960145,True
3857,365,0.3520613416127523,0.35114197481733056,-0.000919366795421761,True
3858,365,0.3501760801958396,0.34902096893171897,-0.0011551112641206562,True
3859,365,0.3495317724613656,0.34756542476705526,-0.001966347694310311,True
3860,365,0.34897631864554796,0.3464083832299566,-0.0025679354155913603,True
3861,365,0.3493108913721082,0.34640745838111103,-0.002903432990997157,True
3862,365,0.34983497671666974,0.34712335914262465,-0.0027116175740450887,True
3863,365,0.3502464776178535,0.34736209383362904,-0.0028843837842244535,True
3864,365,0.3524015163595221,0.3489167582479362,-0.003484758111585884,True
3865,365,0.352915607671864,0.34899323796550147,-0.003922369706362505,True
3866,365,0.35419664069100715,0.3505943424843106,-0.0036022982066965525,True
3867,365,0.35442736324586077,0.3507939945955821,-0.00363336865027869,True
3868,365,0.3547226758142643,0.3508835700659706,-0.003839105748293714,True
3869,365,0.3542414217013252,0.350277565840004,-0.003963855861321197,True
3870,365,0.3528672484500177,0.3488597718820601,-0.004007476567957635,True
3871,365,0.3505352057939176,0.3465843606904428,-0.00395084510347482,True
3872,365,0.34747851039456196,0.3434045638205215,-0.004073946574040477,True
3873,365,0.3444805834617736,0.34048943184110214,-0.003991151620671485,True
3874,365,0.34154045295584995,0.3373244067216899,-0.0042160462341600535,True
3875,365,0.33932345671572955,0.3348016944246757,-0.004521762291053832,True
3876,365,0.3371918901081679,0.33269094118742554,-0.004500948920742376,True
3877,365,0.33512251713084484,0.33208037742238916,-0.0030421397084556823,True
3878,365,0.33354307321319004,0.3294877070657663,-0.004055366147423745,True
3879,365,0.33696833740042137,0.33265100868292347,-0.004317328717497904,True
3880,365,0.33852623268549825,0.3336479210031496,-0.004878311682348646,True
3881,365,0.3397627986212364,0.3343615493564667,-0.0054012492647696475,True
3882,365,0.3407703024125881,0.3351482168092999,-0.005622085603288196,True
3883,365,0.3416961194443218,0.33609218141268665,-0.0056039380316351695,True
3884,365,0.34322221292601574,0.33763616826095366,-0.005586044665062073,True
3885,365,0.3458992784124801,0.33989307440244887,-0.006006204010031213,True
3886,365,0.3494701747713447,0.34288865242471295,-0.00658152234663173,True
3887,365,0.3528075635478527,0.34597095524151666,-0.006836608306336034,True
3888,365,0.355138016990878,0.348183542770388,-0.006954474220490003,True
3889,365,0.3570425803892924,0.3499079234056045,-0.00713465698368787,True
3890,365,0.35851198731150313,0.351255918975591,-0.007256068335912136,True
3891,365,0.35984597235658833,0.35264013220614737,-0.007205840150440956,True
3892,365,0.3603393635326108,0.35305063215714266,-0.007288731375468149,True
3893,365,0.3595766662666199,0.352236451433965,-0.007340214832654901,True
3894,365,0.35720143008164773,0.3499355605954502,-0.007265869486197507,True
3895,365,0.3545249314331436,0.34731507437360964,-0.007209857059533975,True
3896,365,0.3512866315372614,0.3443567166953013,-0.006929914841960094,True
3897,365,0.3475160101591749,0.34064969052063154,-0.006866319638543339,True
3898,365,0.3429394616066915,0.33624948386326425,-0.006689977743427222,True
3899,365,0.338675991944102,0.335989914730683,-0.002686077213418958,True
3900,365,0.3771039828904217,0.3798055104348082,0.002701527544386517,False
3901,365,0.3745738429301858,0.3767266062325141,0.0021527633023282755,False
3902,365,0.3711364119250487,0.37242874142378846,0.0012923294987397527,False
3903,365,0.3673002597469343,0.36827156662702976,0.0009713068800954461,False
3904,365,0.36322511218715997,0.36397097341638357,0.0007458612292235989,False
3905,365,0.35947016824215183,0.3595318659213882,6.169767923636105e-05,False
3906,365,0.35624216639957607,0.3561143566695519,-0.0001278097300241865,True
3907,365,0.353445509812233,0.3529401278363339,-0.0005053819758991107,True
3908,365,0.3515338674117717,0.35027603436032045,-0.0012578330514512737,True
3909,365,0.3506411878143495,0.3486059483027211,-0.002035239511628373,True
3910,365,0.35031370256338346,0.34764028362514765,-0.0026734189382358053,True
3911,365,0.3507657559547654,0.347744737572278,-0.003021018382487417,True
3912,365,0.3509201220950946,0.3479849086961383,-0.0029352133989563045,True
3913,365,0.35315460401691035,0.3492577025431793,-0.0038969014737310625,True
3914,365,0.3539511174272298,0.3498830523271283,-0.004068065100101492,True
3915,365,0.3545065632577086,0.3505756939849916,-0.003930869272716964,True
3916,365,0.3556057173557893,0.35167590537447896,-0.003929811981310316,True
3917,365,0.35591315691113634,0.3523673804536156,-0.003545776457520744,True
3918,365,0.3557805800065143,0.35183038042435477,-0.00395019958215953,True
3919,365,0.35486667073583833,0.35087495966708254,-0.003991711068755788,True
3920,365,0.3532634594473105,0.3491812807501908,-0.004082178697119743,True
3921,365,0.35130716164181924,0.3469013848451127,-0.004405776796706562,True
3922,365,0.34860152416716766,0.3442156520466871,-0.004385872120480583,True
3923,365,0.34555310156824964,0.3412437322760604,-0.004309369292189225,True
3924,365,0.34284024796554485,0.3382445229554226,-0.004595725010122231,True
3925,365,0.3405086983733422,0.33581464206460365,-0.004694056308738537,True
3926,365,0.3383651114069805,0.33343545521589135,-0.004929656191089149,True
3927,365,0.33638285901525833,0.33141367080703815,-0.004969188208220177,True
3928,365,0.3343677662574998,0.33090691658390226,-0.0034608496735975547,True
3929,365,0.3355976981063905,0.331172145835296,-0.004425552271094535,True
3930,365,0.33642786299417154,0.331855188701575,-0.004572674292596557,True
3931,365,0.3374792251550755,0.33201257989788463,-0.005466645257190872,True
3932,365,0.3381846036573726,0.3325151843712526,-0.00566941928611997,True
3933,365,0.33940737759538325,0.3337377116980714,-0.005669665897311826,True
3934,365,0.34196757822255175,0.3361995695010963,-0.005768008721455442,True
3935,365,0.34606775354094244,0.33991059928328676,-0.006157154257655673,True
3936,365,0.3503188600907125,0.3436644837906447,-0.006654376300067821,True
3937,365,0.35376048170271296,0.34679453921836595,-0.00696594248434701,True
3938,365,0.35607977112820577,0.3491133682356551,-0.006966402892550683,True
3939,365,0.3580211763858493,0.35087409967728944,-0.007147076708559852,True
3940,365,0.35978368657901577,0.3525627635480778,-0.007220923030937965,True
3941,365,0.3602658715229686,0.35301814192602077,-0.007247729596947805,True
3942,365,0.3589631498784483,0.3517734742265516,-0.00718967565189671,True
3943,365,0.35664046706397745,0.3492221179262112,-0.007418349137766234,True
3944,365,0.35372813039245515,0.3465217230449841,-0.007206407347471078,True
3945,365,0.3503501545510619,0.3433537475159498,-0.006996407035112062,True
3946,365,0.34665288687257306,0.3398051185135959,-0.006847768358977158,True
3947,365,0.34253087386667563,0.33577717792354805,-0.00675369594312758,True
3948,365,0.33854480766404277,0.3358197893132191,-0.0027250183508236714,True
3949,365,0.3750749552838531,0.3771711914531662,0.0020962361693130926,False
3950,365,0.372070152302705,0.373494164704696,0.0014240124019909706,False
3951,365,0.3686220674524245,0.36984824925253645,0.0012261818001119695,False
3952,365,0.36518682078478376,0.3659539096387847,0.0007670888540009524,False
3953,365,0.3615269500545295,0.36204636816761676,0.0005194181130872555,False
3954,365,0.3582384131634875,0.35830957625982995,7.116309634247475e-05,False
3955,365,0.3551757149621557,0.354708665896839,-0.00046704906531669366,True
3956,365,0.3528143423520582,0.35150024074706276,-0.0013141016049954546,True
3957,365,0.35183786628222413,0.3498278739567428,-0.0020099923254813246,True
3958,365,0.3516753863188469,0.34921134369098844,-0.002464042627858487,True
3959,365,0.3519676628878385,0.3492046762997205,-0.002762986588117966,True
3960,365,0.35406754546514,0.35026215502036956,-0.0038053904447704623,True
3961,365,0.35471278281154367,0.3507094630507628,-0.004003319760780888,True
3962,365,0.35581624160131425,0.3519113928708104,-0.0039048487305038404,True
3963,365,0.35695267194492497,0.3525066942059548,-0.004445977738970153,True
3964,365,0.3577475184775071,0.3537126908661699,-0.004034827611337166,True
3965,365,0.3580289177883143,0.354421813537003,-0.003607104251311277,True
3966,365,0.3577029889366062,0.35349676176716543,-0.004206227169440746,True
3967,365,0.3563292222862352,0.3521889086257669,-0.004140313660468298,True
3968,365,0.3543224506336792,0.34994804771607485,-0.004374402917604325,True
3969,365,0.3524429739824468,0.34798617192177356,-0.004456802060673226,True
3970,365,0.3501160535673782,0.3455100517135696,-0.004606001853808606,True
3971,365,0.3473755421162397,0.3426508562052266,-0.0047246859110131045,True
3972,365,0.3443865950306091,0.339552173277026,-0.0048344217535830625,True
3973,365,0.3417333162340262,0.33672194601077804,-0.005011370223248157,True
3974,365,0.3394698903780056,0.33451243811377607,-0.004957452264229556,True
3975,365,0.33781761968369617,0.33279100894938607,-0.0050266107343101,True
3976,365,0.3361373905488545,0.33270958441990955,-0.0034278061289449435,True
3977,365,0.33457505266758814,0.3304065447399831,-0.004168507927605036,True
3978,365,0.33279802756564625,0.3282460715951476,-0.004551955970498622,True
3979,365,0.33287981095886,0.32798939127891247,-0.004890419679947522,True
3980,365,0.3334050647722753,0.32825719350325255,-0.005147871269022719,True
3981,365,0.3353910992732539,0.3295517963065293,-0.00583930296672458,True
3982,365,0.3385832088609342,0.3328117733262416,-0.005771435534692559,True
3983,365,0.342679643976113,0.3368575228366762,-0.005822121139436809,True
3984,365,0.34744611025518735,0.3410863958029909,-0.006359714452196463,True
3985,365,0.3517708055298335,0.3451131754600422,-0.006657630069791254,True
3986,365,0.3549879196623366,0.3481970770132824,-0.006790842649054218,True
3987,365,0.3571708297844365,0.3502176842508637,-0.006953145533572791,True
3988,365,0.35896707271019024,0.3517418933509034,-0.0072251793592868485,True
3989,365,0.3592982210157729,0.3519694198578993,-0.007328801157873599,True
3990,365,0.35779562414760196,0.3503855182866699,-0.007410105860932048,True
3991,365,0.3550159378906633,0.3477044018606395,-0.007311536030023824,True
3992,365,0.35200742541888197,0.3448941631136521,-0.0071132623052298505,True
3993,365,0.34853778473645053,0.34153042898359526,-0.007007355752855271,True
3994,365,0.34502758682914253,0.3380423188789615,-0.006985267950181007,True
3995,365,0.3413144112501854,0.33431598864546713,-0.00699842260471828,True
3996,365,0.33755011848678734,0.3350086345022455,-0.002541483984541848,True
3997,365,0.37456590640923415,0.3739665613181317,-0.0005993450911024323,True
3998,365,0.3719557938843556,0.3735108810216096,0.0015550871372539965,False
3999,365,0.3690800087221272,0.37044488496146516,0.0013648762393379532,False
4000,365,0.36592711576457504,0.36688954865496876,0.0009624328903937163,False
4001,365,0.362678478961661,0.36321801486380306,0.0005395359021420632,False
4002,365,0.359234720300702,0.35939029992747584,0.00015557962677381632,False
4003,365,0.3559655919765866,0.35533529438320993,-0.000630297593376683,True
4004,365,0.3542652296845509,0.35283368551340005,-0.0014315441711508226,True
4005,365,0.35333412738064546,0.35147794130452503,-0.0018561860761204252,True
4006,365,0.35332604061479017,0.3509540378685552,-0.002372002746234947,True
4007,365,0.3552074310239069,0.35148473515336304,-0.0037226958705438573,True
4008,365,0.3552165971094894,0.3511882485379865,-0.00402834857150286,True
4009,365,0.3557182526298852,0.3518483800965424,-0.0038698725333428108,True
4010,365,0.3568407347575383,0.3525354591248877,-0.004305275632650596,True
4011,365,0.35783724803379335,0.35314980436660187,-0.004687443667191482,True
4012,365,0.35834244958607175,0.3542697092763956,-0.004072740309676137,True
4013,365,0.35872633068410287,0.35513153429877814,-0.003594796385324728,True
4014,365,0.3587932646644974,0.3545136248199114,-0.004279639844586014,True
4015,365,0.35758922390489095,0.3535586799831955,-0.00403054392169544,True
4016,365,0.35612362494024136,0.3515970107200205,-0.0045266142202208814,True
4017,365,0.3541960306710393,0.34983528552904747,-0.004360745141991806,True
4018,365,0.3524856526924778,0.34779059568186704,-0.004695057010610737,True
4019,365,0.34959567165690564,0.3447857770772129,-0.0048098945796927195,True
4020,365,0.34657672911345205,0.34144881919296927,-0.005127909920482787,True
4021,365,0.34354198187255897,0.3383034846374736,-0.005238497235085349,True
4022,365,0.34145303052159814,0.3361826822545932,-0.005270348267004954,True
4023,365,0.340102776655518,0.3347950627527207,-0.005307713902797329,True
4024,365,0.3387759852736151,0.3334648933169751,-0.0053110919566399795,True
4025,365,0.33639028995923725,0.3326786237640141,-0.0037116661952231733,True
4026,365,0.32974429432326524,0.3255994994159958,-0.0041447949072694334,True
4027,365,0.32989764499237123,0.32507623319435214,-0.004821411798019093,True
4028,365,0.3305021530656903,0.3258995015349765,-0.004602651530713819,True
4029,365,0.331813280702852,0.3265339902817038,-0.005279290421148164,True
4030,365,0.33463058641364035,0.32904188028127124,-0.0055887061323691145,True
4031,365,0.3389150602181316,0.3333032030654132,-0.005611857152718391,True
4032,365,0.3447516326865636,0.3383401075085878,-0.00641152517797583,True
4033,365,0.34915742485035145,0.34264487656879766,-0.006512548281553787,True
4034,365,0.3527654940374327,0.34608230701069004,-0.006683187026742643,True
4035,365,0.3549148100062258,0.34800666122939755,-0.006908148776828271,True
4036,365,0.35631521280618,0.3492567639067959,-0.007058448899384118,True
4037,365,0.3563223012537358,0.34917819749885737,-0.00714410375487845,True
4038,365,0.3549971333911834,0.34763393973439893,-0.00736319365678445,True
4039,365,0.3524960097973125,0.3450871599710359,-0.007408849826276598,True
4040,365,0.34974804051622677,0.3423699941808869,-0.0073780463353398384,True
4041,365,0.3461264265491849,0.33893504274150377,-0.00719138380768114,True
4042,365,0.34285717672180394,0.33567686838044986,-0.00718030834135408,True
4043,365,0.33937151754289124,0.33221896979768123,-0.007152547745210014,True
4044,365,0.336200190013682,0.33345868192639655,-0.0027415080872854602,True
4045,365,0.3738941536910273,0.3756679308536338,0.0017737771626065157,False
4046,365,0.371695221793308,0.37337876580238644,0.0016835440090784415,False
4047,365,0.3690155867073313,0.3708200147823086,0.0018044280749772712,False
4048,365,0.3659032928154431,0.36704647115469446,0.0011431783392513717,False
4049,365,0.3629786759266126,0.3635730801794282,0.0005944042528155946,False
4050,365,0.36002535644613204,0.36014133099750706,0.00011597455137501989,False
4051,365,0.3572874806699223,0.35672554601143236,-0.0005619346584899154,True
4052,365,0.35514298907259323,0.3540519944776286,-0.001090994594964645,True
4053,365,0.3543600881893911,0.3524983136833383,-0.0018617745060527935,True
4054,365,0.3560565029815743,0.3527548385885751,-0.003301664392999226,True
4055,365,0.35555314539839206,0.352293420313902,-0.0032597250844900727,True
4056,365,0.355141163886126,0.3515901448718769,-0.0035510190142490905,True
4057,365,0.356009920269998,0.3520183045622534,-0.003991615707744589,True
4058,365,0.35687560146568376,0.35260564962476243,-0.004269951840921327,True
4059,365,0.35782173594586053,0.3533194614144993,-0.004502274531361206,True
4060,365,0.3586504515321836,0.3546747625475324,-0.003975688984651227,True
4061,365,0.3589353982517483,0.3555488077076381,-0.003386590544110224,True
4062,365,0.3589524397068243,0.35495861883488183,-0.003993820871942444,True
4063,365,0.3582001015172588,0.3542845146605512,-0.003915586856707565,True
4064,365,0.35720186810368076,0.35290813411897776,-0.004293733984703008,True
4065,365,0.35579953156328376,0.3511616328764589,-0.004637898686824848,True
4066,365,0.3543061538036431,0.3494786705472166,-0.0048274832564265124,True
4067,365,0.3519703089237448,0.3470524140885839,-0.004917894835160919,True
4068,365,0.3490393376157525,0.3438773352856728,-0.005162002330079685,True
4069,365,0.3460947717001411,0.3408594628175897,-0.005235308882551359,True
4070,365,0.34390539211667076,0.338559321407772,-0.005346070708898754,True
4071,365,0.34236567444024457,0.33690395616494073,-0.00546171827530384,True
4072,365,0.3410524381188305,0.3355368620474312,-0.005515576071399297,True
4073,365,0.3389377575478902,0.33501420556737316,-0.003923551980517026,True
4074,365,0.3366911772836427,0.33239510738843836,-0.004296069895204313,True
4075,365,0.32804977599221946,0.3235653992947241,-0.004484376697495351,True
4076,365,0.3293987935500411,0.3246958336297617,-0.004702959920279415,True
4077,365,0.3317284493593817,0.32630829613634876,-0.005420153223032964,True
4078,365,0.335509848633456,0.32980348797590975,-0.005706360657546261,True
4079,365,0.34023280181696247,0.3342943927719986,-0.005938409044963844,True
4080,365,0.34494030299484657,0.3387265311976083,-0.0062137717972382545,True
4081,365,0.3489563559955353,0.34238496595838125,-0.006571390037154068,True
4082,365,0.35152385287319127,0.3446869759888526,-0.00683687688433865,True
4083,365,0.3524057659373503,0.34534703250326393,-0.007058733434086362,True
4084,365,0.35207236722462765,0.3448485139829718,-0.007223853241655864,True
4085,365,0.3508580780005324,0.3434640388543982,-0.007394039146134235,True
4086,365,0.3488550946787241,0.341433959115815,-0.007421135562909131,True
4087,365,0.3463346241574163,0.3386259181994849,-0.007708705957931383,True
4088,365,0.3437735051008363,0.3361759670114017,-0.007597538089434641,True
4089,365,0.3403344393717484,0.3329972743718976,-0.00733716499985082,True
4090,365,0.3370768278285575,0.32977194947425326,-0.007304878354304267,True
4091,365,0.3343581734639309,0.3312991429709033,-0.0030590304930275813,True
4092,365,0.36805474558127343,0.36996660213908683,0.0019118565578133961,False
4093,365,0.36533556265757006,0.36724305239935956,0.0019074897417895031,False
4094,365,0.3630799176567138,0.36387571282875536,0.0007957951720415357,False
4095,365,0.3604518265011034,0.3607820043807901,0.0003301778796866994,False
4096,365,0.357946937825607,0.3577349391315492,-0.00021199869405780225,True
4097,365,0.3579225420922937,0.35626157440657436,-0.0016609676857193278,True
4098,365,0.35731008480337384,0.3548789528535558,-0.002431131949818033,True
4099,365,0.35677276620086046,0.35399902340382494,-0.0027737427970355166,True
4100,365,0.35665312679310057,0.3531796982692817,-0.003473428523818878,True
4101,365,0.35573601369379404,0.3522708009537134,-0.0034652127400806587,True
4102,365,0.3559820221342349,0.3524300361758927,-0.0035519859583422186,True
4103,365,0.3569754851216062,0.3531662283941637,-0.0038092567274425337,True
4104,365,0.358200413517897,0.3540481013630293,-0.004152312154867721,True
4105,365,0.35899756140664346,0.35490389369227066,-0.004093667714372806,True
4106,365,0.35929438474637804,0.35599776088621216,-0.0032966238601658815,True
4107,365,0.35930763525463966,0.355231132316345,-0.004076502938294646,True
4108,365,0.35873762913551427,0.35464119209781697,-0.004096437037697298,True
4109,365,0.35821393328452256,0.35378956586952115,-0.004424367415001407,True
4110,365,0.35709040546127896,0.35207484317828325,-0.005015562282995711,True
4111,365,0.35605472432867163,0.35105251834106266,-0.005002205987608976,True
4112,365,0.35436353634654455,0.34917910434031096,-0.005184432006233586,True
4113,365,0.3515648735813971,0.3461766636645728,-0.005388209916824316,True
4114,365,0.34863357116445703,0.3431238193178969,-0.005509751846560107,True
4115,365,0.3466313825453698,0.3410823437770901,-0.005549038768279668,True
4116,365,0.3451898503732032,0.3397028729698538,-0.005486977403349413,True
4117,365,0.343712587921623,0.3381219744414738,-0.00559061348014922,True
4118,365,0.34163503902674314,0.33604442757696,-0.005590611449783123,True
4119,365,0.338810786849678,0.33464313255745975,-0.00416765429221827,True
4120,365,0.3363992046605346,0.33206489616906615,-0.0043343084914684304,True
4121,365,0.3273485055910327,0.3229360484900319,-0.0044124571010008,True
4122,365,0.32945929308249317,0.3246103931691054,-0.004848899913387772,True
4123,365,0.3324604065883782,0.3268437575221642,-0.005616649066214008,True
4124,365,0.3367782650812019,0.330886246581948,-0.005892018499253915,True
4125,365,0.34043661560257465,0.33421908602847006,-0.006217529574104597,True
4126,365,0.3435758669832487,0.33706433911478756,-0.006511527868461153,True
4127,365,0.34633517272992825,0.3393190652546255,-0.007016107475302735,True
4128,365,0.34691326170902886,0.33985612561723294,-0.007057136091795924,True
4129,365,0.34699264155303094,0.3397354084822536,-0.007257233070777358,True
4130,365,0.34627112370654756,0.3389076956247229,-0.007363428081824663,True
4131,365,0.3451192958316187,0.3375321951274497,-0.007587100704169014,True
4132,365,0.3434657742469707,0.3357810055149159,-0.007684768732054814,True
4133,365,0.3412303152624954,0.3335530915151213,-0.007677223747374118,True
4134,365,0.3386303406516377,0.3310033932897998,-0.0076269473618379435,True
4135,365,0.3356059123495141,0.3278265913124767,-0.007779321037037379,True
4136,365,0.33294371718023963,0.32965532570721195,-0.003288391473027674,True
4137,365,0.3651086315402622,0.36669127434100957,0.0015826428007473803,False
4138,365,0.36296293197350216,0.3642024184746337,0.001239486501131537,False
4139,365,0.36089885058866067,0.3614434960184737,0.0005446454298130288,False
4140,365,0.3610397012520967,0.3601373588920021,-0.0009023423600946212,True
4141,365,0.3597084861552374,0.35810469977611226,-0.0016037863791251161,True
4142,365,0.35891549131314504,0.3568339280446166,-0.00208156326852843,True
4143,365,0.3586737175829535,0.3557407051475254,-0.002933012435428095,True
4144,365,0.35754148639368705,0.35433605528417295,-0.003205431109514101,True
4145,365,0.35687127984908845,0.3537189889262148,-0.0031522909228736684,True
4146,365,0.35719442165606835,0.3539190361626868,-0.0032753854933815774,True
4147,365,0.3582491446815604,0.35493668360951275,-0.0033124610720476344,True
4148,365,0.35915901078932444,0.3554984069860958,-0.0036606038032286348,True
4149,365,0.3595818256149126,0.3558267949052271,-0.0037550307096854696,True
4150,365,0.3597181174920826,0.35644821792881587,-0.0032698995632667316,True
4151,365,0.3598658071193792,0.35572554147566393,-0.00414026564371528,True
4152,365,0.35923413957614075,0.35512188346996454,-0.004112256106176215,True
4153,365,0.35878431455142173,0.3545779290032109,-0.004206385548210845,True
4154,365,0.35799605729553285,0.3536202502466001,-0.004375807048932756,True
4155,365,0.3572139656427948,0.3520444004364157,-0.005169565206379068,True
4156,365,0.35585068525639896,0.3503575869733524,-0.00549309828304656,True
4157,365,0.353584093239302,0.34787056778357256,-0.005713525455729451,True
4158,365,0.35107451586120514,0.3454718166165177,-0.005602699244687426,True
4159,365,0.34901435127235936,0.3434363364632971,-0.005578014809062282,True
4160,365,0.3473555303678892,0.34179022646296003,-0.005565303904929153,True
4161,365,0.34559132767219974,0.34005017424016526,-0.005541153432034485,True
4162,365,0.3435665855060705,0.3379456580002626,-0.005620927505807893,True
4163,365,0.3408635721378867,0.3353140723946172,-0.005549499743269515,True
4164,365,0.33861645703824095,0.3343372154278271,-0.004279241610413875,True
4165,365,0.3365035500077015,0.3315791923498939,-0.0049243576578075765,True
4166,365,0.32727915870874713,0.3228039955134144,-0.004475163195332754,True
4167,365,0.32963326627299433,0.3247033140500341,-0.004929952222960221,True
4168,365,0.3326738870334219,0.3266007122698958,-0.00607317476352609,True
4169,365,0.3350915681895496,0.3289156538645136,-0.006175914325036003,True
4170,365,0.33737543553595967,0.33067953182837484,-0.006695903707584827,True
4171,365,0.3392672746620239,0.33246628927415056,-0.006800985387873326,True
4172,365,0.3401740650283301,0.3331678459032272,-0.007006219125102908,True
4173,365,0.3413279231850797,0.33397399038488745,-0.007353932800192253,True
4174,365,0.3415908628590732,0.33402663515657305,-0.007564227702500148,True
4175,365,0.34143847612398215,0.3336317085450621,-0.007806767578920071,True
4176,365,0.34057236536011226,0.33264694349566737,-0.007925421864444893,True
4177,365,0.33882466250025434,0.3307838795178554,-0.008040782982398964,True
4178,365,0.33695004036135134,0.32896310627458153,-0.007986934086769815,True
4179,365,0.33430584834198296,0.3263890348709177,-0.007916813471065265,True
4180,365,0.33195141225127417,0.32850222248402633,-0.00344918976724784,True
4181,365,0.36447989722207114,0.36496434965174834,0.0004844524296772068,False
4182,365,0.3632533154976242,0.36337275019297943,0.0001194346953552472,False
4183,365,0.3624407366288899,0.3617252538767802,-0.0007154827521097529,True
4184,365,0.36239836682147425,0.360821198225612,-0.001577168595862266,True
4185,365,0.3612410775571023,0.3592404652752447,-0.00200061228185755,True
4186,365,0.36040543977895584,0.3577995597798266,-0.002605879999129257,True
4187,365,0.3596111226790427,0.35699293319135067,-0.0026181894876920464,True
4188,365,0.35879970196277783,0.3560938944864419,-0.0027058074763359197,True
4189,365,0.359017795837589,0.35643973150195235,-0.002578064335636676,True
4190,365,0.35970266580301724,0.3567982219940412,-0.0029044438089760316,True
4191,365,0.3600005220700823,0.3567367616334426,-0.003263760436639729,True
4192,365,0.35978497050374614,0.35625479845529706,-0.003530172048449076,True
4193,365,0.35975632960998805,0.3567904121242927,-0.0029659174856953574,True
4194,365,0.35973584676263454,0.3560939781787471,-0.003641868583887431,True
4195,365,0.3594823759796635,0.3558101900616392,-0.003672185918024262,True
4196,365,0.35896786142250725,0.35495565923286615,-0.004012202189641101,True
4197,365,0.3583686254923684,0.3540817701275738,-0.004286855364794617,True
4198,365,0.3576661197805416,0.3531721037278441,-0.004494016052697503,True
4199,365,0.35686374299154494,0.3515832471023879,-0.005280495889157022,True
4200,365,0.3551752324869669,0.3494182575756556,-0.00575697491131133,True
4201,365,0.35307998581309974,0.3474474933804485,-0.005632492432651237,True
4202,365,0.35094484537238374,0.3453989684471924,-0.005545876925191318,True
4203,365,0.34906736373927993,0.3436006199773129,-0.005466743761967041,True
4204,365,0.3470831122155342,0.3415488296732776,-0.0055342825422565745,True
4205,365,0.3448549739288399,0.3394422132101276,-0.005412760718712328,True
4206,365,0.3426062021091611,0.3371198274620845,-0.005486374647076575,True
4207,365,0.3399169229240103,0.33443830550397446,-0.005478617420035858,True
4208,365,0.33786438415593606,0.33279350522061496,-0.005070878935321099,True
4209,365,0.3269652123991317,0.32243512637778116,-0.004530086021350521,True
4210,365,0.3286572521883962,0.3235578695396603,-0.005099382648735884,True
4211,365,0.3304629706380158,0.3241188400939582,-0.00634413054405758,True
4212,365,0.331730762718779,0.3251947511776957,-0.0065360115410832975,True
4213,365,0.33298918596456145,0.32624871953442564,-0.006740466430135816,True
4214,365,0.33432901458400816,0.3273730517544624,-0.006955962829545748,True
4215,365,0.3358936281167128,0.32870466256909714,-0.007188965547615667,True
4216,365,0.33688279158829976,0.32966453553622427,-0.007218256052075489,True
4217,365,0.33826330062432014,0.33054935518405854,-0.007713945440261605,True
4218,365,0.33852536333392946,0.3303429370848834,-0.008182426249046082,True
4219,365,0.33751623547321635,0.32922279547336275,-0.008293439999853602,True
4220,365,0.3356737498711482,0.327244883881976,-0.008428865989172196,True
4221,365,0.33352082413539097,0.3254515065438592,-0.008069317591531788,True
4222,365,0.33154398000841034,0.3279121139752398,-0.003631866033170561,True
4223,365,0.3637288115579949,0.36355057853917117,-0.00017823301882374798,True
4224,365,0.36343864394817244,0.3626865934393158,-0.0007520505088566276,True
4225,365,0.3630059747742792,0.3616502511603086,-0.0013557236139706275,True
4226,365,0.36272059009986096,0.36079449813923536,-0.0019260919606255977,True
4227,365,0.36238432469103354,0.3601662384104503,-0.0022180862805832313,True
4228,365,0.3617035230228779,0.35975887694020453,-0.0019446460826733625,True
4229,365,0.3616623235074036,0.3593513646853717,-0.0023109588220319166,True
4230,365,0.3615999797165388,0.3589889069479709,-0.002611072768567868,True
4231,365,0.3614630369966868,0.35861737790522447,-0.002845659091462338,True
4232,365,0.3610269064214786,0.3580756331832029,-0.002951273238275709,True
4233,365,0.35973093816188056,0.3565136987587559,-0.003217239403124683,True
4234,365,0.3591800658580287,0.35605566596955046,-0.0031243998884782354,True
4235,365,0.35901767132150136,0.35572891356355407,-0.0032887577579472915,True
4236,365,0.3583994353485768,0.35509370574507754,-0.0033057296034992856,True
4237,365,0.35803840702105677,0.3543525399721645,-0.0036858670488922884,True
4238,365,0.35778925207983364,0.35360067619522306,-0.004188575884610579,True
4239,365,0.3571929198326965,0.3528417413316689,-0.004351178501027619,True
4240,365,0.356414626381396,0.35172777529524535,-0.004686851086150634,True
4241,365,0.3554758972455511,0.3497667437943013,-0.005709153451249838,True
4242,365,0.35423875056450915,0.3485645473119821,-0.005674203252527044,True
4243,365,0.3526323887092499,0.34711735996332116,-0.005515028745928741,True
4244,365,0.3510117349211678,0.3455700052287713,-0.00544172969239648,True
4245,365,0.3486545246105851,0.3430459550407791,-0.005608569569805988,True
4246,365,0.3459550941459141,0.3406392575701054,-0.005315836575808697,True
4247,365,0.3442261822244885,0.33884128614481707,-0.0053848960796714085,True
4248,365,0.3419536884800864,0.3364952912518396,-0.005458397228246814,True
4249,365,0.33996365065370276,0.33563249625815345,-0.004331154395549319,True
4250,365,0.3257792845559237,0.32101320755531765,-0.0047660770006060504,True
4251,365,0.32662052433014693,0.3212762035822867,-0.005344320747860232,True
4252,365,0.3274153687966859,0.32092369894943873,-0.0064916698472471945,True
4253,365,0.3281202543006306,0.32145542834871516,-0.006664825951915421,True
4254,365,0.3298273092931435,0.32302351178671607,-0.006803797506427456,True
4255,365,0.33196012071656833,0.32503968601742345,-0.006920434699144884,True
4256,365,0.3341177958301566,0.3266558682512377,-0.007461927578918892,True
4257,365,0.33568948639456164,0.3280586902283095,-0.007630796166252118,True
4258,365,0.33616316778532057,0.328431168267424,-0.007731999517896548,True
4259,365,0.3362718625920364,0.3280036679235796,-0.008268194668456796,True
4260,365,0.3349341445750506,0.3263737288070053,-0.008560415768045282,True
4261,365,0.3328143477948253,0.3247928591998517,-0.008021488594973647,True
4262,365,0.33115172862808845,0.3273708782927032,-0.003780850335385222,True
4263,365,0.3644601091408714,0.3630362679344128,-0.0014238412064586092,True
4264,365,0.3641770096815139,0.3623128103492122,-0.001864199332301697,True
4265,365,0.3642308734003652,0.3623331680825344,-0.001897705317830789,True
4266,365,0.3642911716761639,0.3621959060272747,-0.002095265648889233,True
4267,365,0.3641594147923993,0.36242928637364197,-0.0017301284187573596,True
4268,365,0.36408184393053283,0.3618123495721364,-0.0022694943583964067,True
4269,365,0.3634644938355766,0.3611608582041159,-0.0023036356314606876,True
4270,365,0.3626775750592411,0.3603151918163477,-0.0023623832428933955,True
4271,365,0.361321773988737,0.3586321284548642,-0.0026896455338727976,True
4272,365,0.35977627285950925,0.356886520099594,-0.002889752759915265,True
4273,365,0.358787782487159,0.3558099597241858,-0.0029778227629732035,True
4274,365,0.35826642674135917,0.3555565400759822,-0.0027098866653769704,True
4275,365,0.3579453350852851,0.35485468213917676,-0.00309065294610833,True
4276,365,0.35746571006252653,0.3541666432922954,-0.0032990667702311183,True
4277,365,0.35711170767433476,0.353339114303051,-0.0037725933712837723,True
4278,365,0.3567424632949119,0.3526534848491414,-0.004088978445770497,True
4279,365,0.35608414419825674,0.3515659438070531,-0.004518200391203653,True
4280,365,0.3556249924912812,0.3503386813035193,-0.005286311187761905,True
4281,365,0.3552126538339264,0.34954928302587684,-0.005663370808049573,True
4282,365,0.35424140066883053,0.3486778272957932,-0.005563573373037312,True
4283,365,0.35281385664767745,0.34727584729419786,-0.005538009353479589,True
4284,365,0.35093048294199053,0.3452056171311912,-0.00572486581079934,True
4285,365,0.34878872075354106,0.34328000493403327,-0.005508715819507792,True
4286,365,0.3470888221969971,0.341554741243434,-0.005534080953563114,True
4287,365,0.3451729173033682,0.3395350797378402,-0.005637837565527992,True
4288,365,0.34264895360495473,0.3383275222846945,-0.0043214313202602495,True
4289,365,0.3395893855033403,0.3351791271769373,-0.0044102583264029604,True
4290,365,0.32365430393354,0.3185137976827221,-0.005140506250817911,True
4291,365,0.3240971969341741,0.3180192991561861,-0.006077897777988006,True
4292,365,0.3248102124559168,0.31861815437215274,-0.0061920580837640515,True
4293,365,0.3264588332928057,0.3201405365989541,-0.006318296693851588,True
4294,365,0.3292903641569557,0.322636593088273,-0.006653771068682646,True
4295,365,0.3318234185904736,0.3248886403621403,-0.0069347782283332715,True
4296,365,0.3338734403493108,0.32647699943366637,-0.007396440915644453,True
4297,365,0.33499580179615723,0.3274313770718526,-0.00756442472430463,True
4298,365,0.334433638252942,0.32686141219261705,-0.007572226060324927,True
4299,365,0.33345654813063075,0.3256680257527942,-0.00778852237783656,True
4300,365,0.3326233913091718,0.32404361728697356,-0.008579774022198228,True
4301,365,0.33089447645965026,0.32737750104740443,-0.0035169754122458263,True
4302,365,0.36412013011154787,0.3624615805096354,-0.0016585496019124735,True
4303,365,0.36458053814860997,0.3633507282718548,-0.0012298098767551946,True
4304,365,0.36480659279314015,0.36329739032288966,-0.0015092024702504925,True
4305,365,0.36504436589078254,0.36330015892121936,-0.0017442069695631779,True
4306,365,0.3647555920693183,0.363024713321276,-0.001730878748042286,True
4307,365,0.3637452392659852,0.3617008451969754,-0.002044394069009803,True
4308,365,0.36227953635877996,0.3600263704800843,-0.002253165878695673,True
4309,365,0.3607643471744398,0.3578877357444561,-0.0028766114299836887,True
4310,365,0.3593783378446066,0.35620671477786553,-0.0031716230667410694,True
4311,365,0.35876913415078066,0.3562713407515803,-0.0024977933992003654,True
4312,365,0.3580050687377811,0.3552008447202635,-0.0028042240175176203,True
4313,365,0.3570658886089482,0.3540752891392286,-0.0029905994697196348,True
4314,365,0.3562133452313909,0.3527401274151839,-0.0034732178162070193,True
4315,365,0.3559614476896696,0.351997710101986,-0.003963737587683591,True
4316,365,0.3560987695304203,0.35181235865354454,-0.004286410876875757,True
4317,365,0.3562661334617583,0.35150233919591667,-0.004763794265841614,True
4318,365,0.3564995711325357,0.3509743751453473,-0.005525195987188425,True
4319,365,0.3559556497931655,0.350316254751346,-0.005639395041819539,True
4320,365,0.3551709740905761,0.3493938740867991,-0.005777100003776958,True
4321,365,0.35367601665669696,0.34783594438038645,-0.005840072276310504,True
4322,365,0.35192187273181075,0.3461516536384414,-0.005770219093369333,True
4323,365,0.3504826279272215,0.3447282158917337,-0.005754412035487821,True
4324,365,0.34919264266974365,0.34316118702690634,-0.006031455642837302,True
4325,365,0.34626314095235755,0.3402398968499245,-0.006023244102433045,True
4326,365,0.3418272495397189,0.337480064085859,-0.00434718545385987,True
4327,365,0.3376016869827128,0.33333456391862376,-0.004267123064089051,True
4328,365,0.3222118564024054,0.3172781551641849,-0.004933701238220511,True
4329,365,0.3221751461750101,0.31672698118921233,-0.005448164985797754,True
4330,365,0.3231272190467888,0.31740832886461545,-0.005718890182173364,True
4331,365,0.32489834075837504,0.3188899364158399,-0.006008404342535134,True
4332,365,0.326595613635083,0.3206717174916075,-0.005923896143475493,True
4333,365,0.3291973348205489,0.3230225545822353,-0.006174780238313637,True
4334,365,0.33118505920962044,0.32456882375003165,-0.006616235459588782,True
4335,365,0.3329390513557796,0.32600089977146085,-0.0069381515843187636,True
4336,365,0.3332793619251736,0.32577917020577535,-0.007500191719398253,True
4337,365,0.3321992000590011,0.3246971186221903,-0.0075020814368108035,True
4338,365,0.3308266611151084,0.3229031816353558,-0.007923479479752582,True
4339,365,0.33021482763111554,0.326719064917611,-0.0034957627135045466,True
4340,365,0.36436004840280334,0.3632643705979159,-0.0010956778048874516,True
4341,365,0.36483651180561544,0.3638867694952367,-0.0009497423103787539,True
4342,365,0.36519341060589167,0.3639319345362167,-0.0012614760696749716,True
4343,365,0.36521217972332426,0.3637496021111269,-0.0014625776121973688,True
4344,365,0.3645476755234222,0.36256463115942356,-0.001983044363998654,True
4345,365,0.3634019261577851,0.3612331781133609,-0.0021687480444241847,True
4346,365,0.3618920951060048,0.35881857711676995,-0.0030735179892348308,True
4347,365,0.36036828888735095,0.35727282058273174,-0.003095468304619209,True
4348,365,0.35959407100064783,0.35741280716196544,-0.00218126383868239,True
4349,365,0.35868811269609097,0.35621639896342844,-0.0024717137326625283,True
4350,365,0.35707625892127187,0.3542839889117662,-0.0027922700095056596,True
4351,365,0.35582199989125624,0.35265369612107506,-0.00316830377018118,True
4352,365,0.3553407040207897,0.35169290667117176,-0.003647797349617954,True
4353,365,0.35579695588611393,0.35163196301338057,-0.004164992872733364,True
4354,365,0.356549391509743,0.35227412151175425,-0.004275269997988773,True
4355,365,0.357263999216204,0.352588607814827,-0.004675391401377016,True
4356,365,0.3572741135306822,0.3516244197993911,-0.00564969373129115,True
4357,365,0.35700253344018906,0.35121314386543045,-0.005789389574758608,True
4358,365,0.3558593950993923,0.34995473287970696,-0.0059046622196853304,True
4359,365,0.3547662773537954,0.34878433097871,-0.005981946375085423,True
4360,365,0.3536538754739349,0.3475760035108188,-0.006077871963116099,True
4361,365,0.35207959399786404,0.3459191805598781,-0.0061604134379859565,True
4362,365,0.34824010492152474,0.3422590237598911,-0.00598108116163365,True
4363,365,0.3431912779939637,0.33724938995752946,-0.005941888036434251,True
4364,365,0.3381400207772195,0.3339315004489861,-0.004208520328233378,True
4365,365,0.33380090682441954,0.32931853253697524,-0.004482374287444302,True
4366,365,0.3222140415407391,0.3181199536738331,-0.0040940878669060154,True
4367,365,0.3219976524806488,0.3179397626031058,-0.0040578898775430194,True
4368,365,0.3225922403275303,0.3174215791941717,-0.005170661133358623,True
4369,365,0.3234229144433469,0.31820581395216363,-0.005217100491183291,True
4370,365,0.3247427325591846,0.31946243906938127,-0.005280293489803356,True
4371,365,0.3268839207994649,0.3210790579745758,-0.005804862824889068,True
4372,365,0.32842152684621273,0.3223454694383096,-0.006076057407903124,True
4373,365,0.329894505728887,0.3234305625208367,-0.006463943208050327,True
4374,365,0.3307293781770445,0.32394521733724996,-0.006784160839794551,True
4375,365,0.3302753243147127,0.32287168445871184,-0.007403639856000843,True
4376,365,0.3291376020581088,0.32135084537951647,-0.007786756678592355,True
4377,365,0.3280296754881924,0.3245700059467612,-0.0034596695414311762,True
4378,365,0.36462085621610496,0.36285397823965687,-0.001766877976448089,True
4379,365,0.365090632584609,0.36344577796279587,-0.00164485462181313,True
4380,365,0.3649389122440578,0.3636267260133149,-0.0013121862307428622,True
4381,365,0.36408290805836924,0.3624606349552017,-0.0016222731031675375,True
4382,365,0.36305250123673727,0.3612716011994069,-0.0017809000373303907,True
4383,365,0.36164312292996975,0.3587028395660816,-0.00294028336388813,True
4384,365,0.36052598324440516,0.35750664294680035,-0.003019340297604811,True
4385,365,0.35969740462068095,0.35768424238300933,-0.0020131622376716174,True
4386,365,0.358335359515886,0.3561011547207556,-0.0022342047951304234,True
4387,365,0.35666246462215384,0.3542039608486753,-0.0024585037734785598,True
4388,365,0.35491909246846515,0.352008229725038,-0.0029108627434271672,True
4389,365,0.35468623207302585,0.35126179444545014,-0.003424437627575716,True
4390,365,0.3555728843662502,0.35177270115379156,-0.003800183212458619,True
4391,365,0.35694709887962733,0.35289129693332805,-0.004055801946299287,True
4392,365,0.35770969579826356,0.3534146897184155,-0.004295006079848063,True
4393,365,0.3578638564655619,0.3531905518512848,-0.004673304614277118,True
4394,365,0.3574469093769163,0.35181144801077596,-0.0056354613661403485,True
4395,365,0.35666597407859035,0.3508207655741178,-0.0058452085044725655,True
4396,365,0.3561431440080962,0.3501619947575875,-0.005981149250508688,True
4397,365,0.3549078403983758,0.3486012249482432,-0.006306615450132613,True
4398,365,0.35279025694451055,0.3462982873607699,-0.006491969583740653,True
4399,365,0.3488901187876485,0.34246525400269034,-0.006424864784958129,True
4400,365,0.34340653817076816,0.3371780135558798,-0.0062285246148883755,True
4401,365,0.33807580757501643,0.33194846074792755,-0.006127346827088875,True
4402,365,0.333875705373341,0.32920744010642533,-0.004668265266915661,True
4403,365,0.3220186153859592,0.3182494318867877,-0.003769183499171491,True
4404,365,0.32209538673894744,0.3174959655940933,-0.004599421144854121,True
4405,365,0.32238509535689,0.3175238662670653,-0.00486122908982467,True
4406,365,0.32307264831759774,0.3178417936494963,-0.00523085466810147,True
4407,365,0.3239220675053438,0.3185939158897099,-0.00532815161563388,True
4408,365,0.3253906167569566,0.31947658369655546,-0.005914033060401114,True
4409,365,0.32645156427111766,0.3201238728093415,-0.0063276914617761415,True
4410,365,0.3269927722040248,0.3205760127748807,-0.006416759429144103,True
4411,365,0.32683212019080654,0.3198461626984017,-0.006985957492404826,True
4412,365,0.3263260368552511,0.318918626256361,-0.007407410598890052,True
4413,365,0.32550072289971094,0.32219097544426395,-0.0033097474554469875,True
4414,365,0.36353893779980156,0.3612968225065415,-0.002242115293260072,True
4415,365,0.3626439236342116,0.36096948919516975,-0.0016744344390418608,True
4416,365,0.3616468106736114,0.3602240525510063,-0.0014227581226050612,True
4417,365,0.36065793130018503,0.35750122440235166,-0.0031567068978333723,True
4418,365,0.3596363982846258,0.35630954612868543,-0.003326852155940363,True
4419,365,0.3588047478932634,0.35714517107282084,-0.0016595768204425432,True
4420,365,0.35756151150328586,0.3557420455515134,-0.0018194659517724587,True
4421,365,0.35589862862419497,0.3536825260271662,-0.0022161025970287573,True
4422,365,0.3544544798917816,0.3518211367054076,-0.002633343186373982,True
4423,365,0.35444722796876477,0.35138163682660495,-0.003065591142159818,True
4424,365,0.35531329853568683,0.35166489911237836,-0.0036483994233084682,True
4425,365,0.3566772542404048,0.35282933550622314,-0.0038479187341816656,True
4426,365,0.35748563520875576,0.3532564678045483,-0.004229167404207479,True
4427,365,0.35777921480174235,0.3532197040395467,-0.004559510762195629,True
4428,365,0.35737768014634697,0.3526354417590269,-0.004742238387320075,True
4429,365,0.3566780689049453,0.3511644228949708,-0.005513646009974504,True
4430,365,0.35564355429733513,0.34966454523474566,-0.005979009062589469,True
4431,365,0.35392343593073167,0.347900283545762,-0.006023152384969643,True
4432,365,0.3516524729568656,0.34536677231792695,-0.006285700638938629,True
4433,365,0.34784496200442216,0.3415164560134313,-0.006328505990990885,True
4434,365,0.3427031355273329,0.3363681738354681,-0.0063349616918648155,True
4435,365,0.33763125834195706,0.33130219021400503,-0.006329068127952031,True
4436,365,0.3332294945607426,0.3280482883700008,-0.005181206190741805,True
4438,365,0.3481795091432774,0.3441464132456525,-0.004033095897624905,True
4439,365,0.3451658481214891,0.3424740214484718,-0.002691826673017317,True
4440,365,0.321997097153344,0.318723201560164,-0.0032738955931800318,True
4441,365,0.32140999694924866,0.31817211892622055,-0.003237878023028107,True
4442,365,0.3207530388223569,0.3163064516706916,-0.004446587151665293,True
4443,365,0.32097459610272505,0.31609483393409266,-0.0048797621686323955,True
4444,365,0.3213379657480372,0.31596355315718566,-0.0053744125908515294,True
4445,365,0.32187980907514163,0.3162240928660716,-0.005655716209070016,True
4446,365,0.32299279910068135,0.3168307388588398,-0.0061620602418415715,True
4447,365,0.3234284431921766,0.31690685089568954,-0.006521592296487078,True
4448,365,0.3233396031854922,0.3163987971240483,-0.006940806061443927,True
4449,365,0.3231895611383196,0.3155975721735757,-0.00759198896474389,True
4450,365,0.3232831439206607,0.31981126598890175,-0.00347187793175896,True
4451,365,0.36025033991954475,0.3585548994838987,-0.0016954404356460673,True
4452,365,0.35968831129338885,0.3571163810555138,-0.002571930237875053,True
4453,365,0.3589438879449955,0.35571427302461733,-0.0032296149203781543,True
4454,365,0.3580759660995566,0.35645014093342486,-0.0016258251661317447,True
4455,365,0.3569905748298535,0.355187042452175,-0.0018035323776785517,True
4456,365,0.3555480114108327,0.35378158428337075,-0.0017664271274619447,True
4457,365,0.35446982405139216,0.35226013054098027,-0.002209693510411892,True
4458,365,0.35435497896801577,0.35158862970523097,-0.002766349262784795,True
4459,365,0.3549477458495384,0.35180921374934593,-0.0031385321001924926,True
4460,365,0.3558553123870326,0.35219624935814275,-0.003659063028889853,True
4461,365,0.3566190740251417,0.35275004405961546,-0.0038690299655262383,True
4462,365,0.356992641005816,0.35252117206691047,-0.004471468938905543,True
4463,365,0.35675163170963303,0.3519340247455339,-0.004817606964099108,True
4464,365,0.35557969426546665,0.3508777944333271,-0.004701899832139533,True
4465,365,0.35427315831321127,0.3491505430378761,-0.005122615275335141,True
4466,365,0.352646227581373,0.34677832905987366,-0.005867898521499326,True
4467,365,0.34999535208408833,0.34407389077119555,-0.005921461312892784,True
4468,365,0.34623420999515214,0.33994755310620484,-0.006286656888947306,True
4469,365,0.3412680649604445,0.33487656979408287,-0.006391495166361616,True
4470,365,0.3366651306475325,0.33032019051339145,-0.006344940134141053,True
4471,365,0.3325186686007475,0.327705603463083,-0.004813065137664552,True
4473,365,0.34014192194412995,0.33514957287946273,-0.004992349064667223,True
4474,365,0.34739329004953357,0.3427426250987381,-0.004650664950795469,True
4475,365,0.3531310165365343,0.34857731866347863,-0.004553697873055651,True
4476,365,0.35654287178917987,0.35236261236955013,-0.004180259419629739,True
4477,365,0.3568564356369625,0.3514433340924511,-0.005413101544511412,True
4478,365,0.35489442561730405,0.351415645868961,-0.0034787797483430416,True
4479,365,0.3518789880130194,0.3476528210417276,-0.0042261669712918,True
4480,365,0.34721845214174535,0.34421528407987007,-0.003003168061875283,True
4481,365,0.33679215810397667,0.3330015813966094,-0.003790576707367266,True
4482,365,0.3319553512890023,0.32824585596259315,-0.003709495326409129,True
4483,365,0.3279978755650979,0.32497193279481357,-0.00302594277028434,True
4484,365,0.32119141924015154,0.3185495148127101,-0.002641904427441444,True
4485,365,0.319835074437067,0.3164444535350549,-0.003390620902012087,True
4486,365,0.3190145245761168,0.3145166771208931,-0.004497847455223691,True
4487,365,0.31871991716805714,0.3137454961932215,-0.004974420974835636,True
4488,365,0.31926182811456216,0.3137433589369237,-0.005518469177638485,True
4489,365,0.31977804301978213,0.3137142670561236,-0.006063775963658535,True
4490,365,0.3204630288701924,0.3138472958464823,-0.006615733023710102,True
4491,365,0.32051724193959025,0.3133090989061233,-0.007208143033466952,True
4492,365,0.3205466810017128,0.3127516925028036,-0.007794988498909194,True
4493,365,0.3210228161761835,0.31741630964308337,-0.003606506533100129,True
4494,365,0.3586692722220302,0.35618960470932204,-0.0024796675127081724,True
4495,365,0.3582217121189821,0.3557476374949155,-0.0024740746240666245,True
4496,365,0.3576832425392194,0.3561365750093027,-0.0015466675299167232,True
4497,365,0.3563935751795589,0.35498321825980184,-0.0014103569197570498,True
4498,365,0.3555322737054135,0.3539254147559439,-0.0016068589494696028,True
4499,365,0.3547609429637469,0.3528835906179977,-0.0018773523457492058,True
4500,365,0.35422798168266334,0.35180198142191477,-0.002426000260748573,True
4501,365,0.3541886262069684,0.35143063509384476,-0.0027579911131236368,True
4502,365,0.35421748591442737,0.3511555011229012,-0.00306198479152614,True
4503,365,0.354790386116254,0.35133393593110035,-0.00345645018515367,True
4504,365,0.35527211294404376,0.35124816617453053,-0.004023946769513231,True
4505,365,0.3551996910557821,0.3504787057932778,-0.004720985262504307,True
4506,365,0.3547493288371194,0.34979537193209537,-0.004953956905024037,True
4507,365,0.35349477000394125,0.34835246378477824,-0.0051423062191630065,True
4508,365,0.3515249762113018,0.3459631378473929,-0.005561838363908889,True
4509,365,0.34882313211078037,0.3430098454700032,-0.005813286640777182,True
4510,365,0.3451741368575075,0.3392201874402488,-0.005953949417258686,True
4511,365,0.34099862754383375,0.33484439657543164,-0.006154230968402119,True
4512,365,0.3364472292415099,0.3300675949132521,-0.006379634328257777,True
4513,365,0.33267296879415525,0.32786441855493376,-0.0048085502392214985,True
4514,365,0.3276183440148338,0.32325495668757587,-0.004363387327257939,True
4515,365,0.32977262726746326,0.32584277699501674,-0.003929850272446522,True
4516,365,0.34182007847090623,0.33693032709198495,-0.004889751378921281,True
4517,365,0.35063422887899426,0.34585822123095317,-0.004776007648041092,True
4518,365,0.3577784859427821,0.3534223949938377,-0.004356090948944402,True
4519,365,0.36178866754990674,0.3582800687894386,-0.0035085987604681623,True
4520,365,0.36262391208773465,0.35941071954761866,-0.0032131925401159833,True
4521,365,0.36013715201030677,0.35743350651059813,-0.00270364549970864,True
4522,365,0.35618799406152246,0.3538420840066394,-0.002345910054883049,True
4523,365,0.35142692494920497,0.3470865897342254,-0.004340335214979563,True
4524,365,0.34605507257795154,0.34163260735961837,-0.004422465218333171,True
4525,365,0.34032397486429256,0.3376655711132389,-0.0026584037510536396,True
4526,365,0.33495286314549627,0.3327056767057644,-0.002247186439731874,True
4527,365,0.33066308370085956,0.32595762194353045,-0.00470546175732911,True
4528,365,0.32718076403878954,0.3237797281063627,-0.0034010359324268546,True
4529,365,0.31979951253496586,0.3167019392538366,-0.003097573281129251,True
4530,365,0.3187250833496432,0.31428133376857115,-0.004443749581072076,True
4531,365,0.31801238779839947,0.31308699552341773,-0.0049253922749817325,True
4532,365,0.318208448055034,0.3124797695287281,-0.00572867852630593,True
4533,365,0.3178381719695174,0.31170622625982847,-0.006131945709688946,True
4534,365,0.31835196784828074,0.3116645612917556,-0.006687406556525111,True
4535,365,0.3184738421455535,0.3115322028095875,-0.006941639335966032,True
4536,365,0.31876500739503405,0.311169462086878,-0.007595545308156038,True
4537,365,0.31904301638992555,0.31550316205835677,-0.0035398543315687814,True
4538,365,0.3573704458455545,0.35513166017742126,-0.0022387856681332363,True
4539,365,0.35689887883856497,0.35509282449945617,-0.001806054339108798,True
4540,365,0.3562619299313237,0.354923458847351,-0.0013384710839727254,True
4541,365,0.3555023890078358,0.3540481013630293,-0.00145428764480654,True
4542,365,0.35463610793537625,0.35291821493344383,-0.0017178930019324246,True
4543,365,0.3539269093931849,0.3519435512921459,-0.001983358101039001,True
4544,365,0.3533975709677056,0.3509229034180478,-0.0024746675496577497,True
4545,365,0.35321031738194414,0.35044971890592685,-0.002760598476017284,True
4546,365,0.3536300684692754,0.35047208377104594,-0.003157984698229477,True
4547,365,0.35419155014735393,0.3506117043549765,-0.003579845792377412,True
4548,365,0.3546515702858095,0.3505556630103603,-0.004095907275449229,True
4549,365,0.3543016115858252,0.34958408839667476,-0.004717523189150419,True
4550,365,0.35324618572556993,0.34826802421570735,-0.0049781615098625775,True
4551,365,0.3514748993982868,0.34625238223237587,-0.005222517165910934,True
4552,365,0.34923009704656766,0.343593800342204,-0.005636296704363664,True
4553,365,0.3458094352580847,0.339829345924036,-0.005980089334048699,True
4554,365,0.3417410014669381,0.335659721769955,-0.006081279696983077,True
4555,365,0.33724071865798944,0.33108111925862643,-0.006159599399363003,True
4556,365,0.33386454747090033,0.3291833023301947,-0.004681245140705614,True
4557,365,0.3307737660811495,0.3267533834992912,-0.004020382581858328,True
4558,365,0.3283425359335906,0.32319088669940593,-0.005151649234184652,True
4559,365,0.3276429609224259,0.32133664413648605,-0.006306316785939847,True
4560,365,0.32954217636711114,0.3247153374319431,-0.004826838935168054,True
4561,365,0.3344187003839934,0.3288139648723909,-0.00560473551160251,True
4562,365,0.3420001814957466,0.337065576954864,-0.004934604540882626,True
4563,365,0.3510867396470952,0.3464644717721949,-0.004622267874900277,True
4564,365,0.3588995276001324,0.3542700878308573,-0.004629439769275101,True
4565,365,0.36282765362592595,0.3591070835067137,-0.00372057011921223,True
4566,365,0.36303793029076653,0.36003727633817595,-0.0030006539525905818,True
4567,365,0.36050048066740753,0.35799233194482355,-0.0025081487225839805,True
4568,365,0.35690973413462046,0.3545900740395536,-0.0023196600950668445,True
4569,365,0.3526240851252823,0.350546715117644,-0.0020773700076383017,True
4570,365,0.34799638461147786,0.3459900565055396,-0.00200632810593826,True
4571,365,0.34298010787752853,0.3407791353288652,-0.0022009725486633047,True
4572,365,0.338200785117053,0.3359957023591273,-0.0022050827579256915,True
4573,365,0.33350669430686886,0.3309946146336769,-0.002512079673191947,True
4574,365,0.32951441148882415,0.3239195488694465,-0.0055948626193776385,True
4575,365,0.32630224534883406,0.3223303065268003,-0.003971938822033783,True
4576,365,0.32128510864051163,0.3181630330686735,-0.0031220755718381343,True
4577,365,0.31977232300886915,0.3156713970943346,-0.004100925914534537,True
4578,365,0.31877912453753493,0.3141178926801583,-0.004661231857376658,True
4579,365,0.3182889357262953,0.3130963714631502,-0.005192564263145072,True
4580,365,0.3179552520586323,0.312076173909467,-0.005879078149165273,True
4581,365,0.31826668542601655,0.3118074730639744,-0.006459212362042166,True
4582,365,0.3188331098290687,0.31172926748788643,-0.007103842341182276,True
4583,365,0.3189740361339717,0.3113527218855443,-0.00762131424842738,True
4584,365,0.3191579270079279,0.3154035622374409,-0.003754364770486962,True
4585,365,0.35656169924700437,0.35419592549507656,-0.0023657737519278133,True
4586,365,0.35580526918360733,0.3540183018355342,-0.001786967348073154,True
4587,365,0.3549555752721653,0.35312876952530914,-0.001826805746856175,True
4588,365,0.3541952313329394,0.3526507488661679,-0.001544482466771524,True
4589,365,0.3535254882785389,0.35164952790423754,-0.0018759603743013775,True
4590,365,0.3530594427307624,0.35089869880008323,-0.0021607439306791654,True
4591,365,0.3528897240141421,0.35028682902230035,-0.002602894991841742,True
4592,365,0.3533641849100217,0.35035179203675393,-0.0030123928732677663,True
4593,365,0.35394753895257086,0.3505192005106214,-0.0034283384419494523,True
4594,365,0.35461883804593697,0.3507870280718112,-0.003831809974125744,True
4595,365,0.3546640909343121,0.35027326917171,-0.004390821762602137,True
4596,365,0.3541233676734088,0.349412425737295,-0.004710941936113822,True
4597,365,0.3527471081705061,0.34772349360934585,-0.005023614561160239,True
4598,365,0.3508584920888633,0.34533875870439534,-0.005519733384467984,True
4599,365,0.34760955968500307,0.34183789688261956,-0.005771662802383504,True
4600,365,0.3439980067407446,0.3380442694468154,-0.005953737293929173,True
4601,365,0.340133948674889,0.33389847749509777,-0.00623547117979123,True
4602,365,0.3362877594475808,0.3300148717101253,-0.006272887737455546,True
4603,365,0.3326704940147308,0.3261621553720291,-0.006508338642701728,True
4604,365,0.3299025345051339,0.3233425065382867,-0.006560027966847182,True
4605,365,0.3282275720765606,0.3219159859422884,-0.00631158613427224,True
4606,365,0.3293591857819851,0.32329357234356954,-0.006065613438415551,True
4607,365,0.33382342738107734,0.32824476644857287,-0.005578660932504476,True
4608,365,0.34088777896343314,0.3358857314564338,-0.005002047506999341,True
4609,365,0.34920660718932656,0.3441281297993804,-0.005078477389946157,True
4610,365,0.3557507371110712,0.3509990309208754,-0.00475170619019577,True
4611,365,0.35916318041325734,0.3551642402659725,-0.003998940147284857,True
4612,365,0.3592765300022956,0.35600106761000777,-0.00327546239228782,True
4613,365,0.35713004617193567,0.3543731868031451,-0.002756859368790554,True
4614,365,0.3538571178360753,0.35156206554809855,-0.002295052287976773,True
4615,365,0.3506893759802905,0.3485138099655642,-0.0021755660147262934,True
4616,365,0.3475313498057203,0.3453087577789659,-0.0022225920267543997,True
4617,365,0.34409618285572086,0.3414849629219281,-0.0026112199337927633,True
4618,365,0.3403806172830949,0.3376837742225923,-0.0026968430605025517,True
4619,365,0.3366047088557451,0.3337908513181375,-0.0028138575376076003,True
4620,365,0.33288575337839754,0.329920228741292,-0.002965524637105532,True
4621,365,0.3289805000020799,0.323001460765925,-0.005979039236154893,True
4622,365,0.3263096546939703,0.3206536871734534,-0.005655967520516891,True
4623,365,0.3237274422942821,0.31995930621560636,-0.00376813607867571,True
4624,365,0.3219830748214828,0.3178549438686753,-0.004128130952807507,True
4625,365,0.32066934758497817,0.3161302233785219,-0.0045391242064562465,True
4626,365,0.31996498795540657,0.31492848924274175,-0.005036498712664816,True
4627,365,0.3197921503893811,0.3141369740829689,-0.005655176306412157,True
4628,365,0.3205580003161912,0.31410372022312966,-0.006454280093061537,True
4629,365,0.32046626052373084,0.3136683201380582,-0.006797940385672663,True
4630,365,0.32071095781135034,0.3132798477864456,-0.0074311100249047635,True
4631,365,0.32054173012866755,0.31689103981292993,-0.0036506903157376147,True
4632,365,0.35434255252955066,0.3520626325371721,-0.002279919992378532,True
4633,365,0.3537915454434948,0.3517919215684439,-0.001999623875050871,True
4634,365,0.3532191977992084,0.35145718798576076,-0.0017620098134476514,True
4635,365,0.353059231701629,0.35097068140603893,-0.0020885502955900748,True
4636,365,0.35302010472052603,0.35064875217978875,-0.0023713525407372815,True
4637,365,0.35368246282997057,0.3507698341839949,-0.00291262864597569,True
4638,365,0.3547191891399075,0.3513445602518938,-0.0033746288880137087,True
4639,365,0.3552366903551335,0.3516979592345714,-0.0035387311205620775,True
4640,365,0.3556701802078984,0.3514692606731893,-0.0042009195347091355,True
4641,365,0.35546715704592424,0.35082584131665023,-0.004641315729274009,True
4642,365,0.354705053054774,0.3496901243075571,-0.005014928747216929,True
4643,365,0.35292570938376294,0.34757267022305866,-0.005353039160704287,True
4644,365,0.35032477254408956,0.34461938850834745,-0.0057053840357421115,True
4645,365,0.3470252450546258,0.3409892431412544,-0.006036001913371392,True
4646,365,0.34335707836229307,0.33713709870843145,-0.006219979653861618,True
4647,365,0.33927008563271527,0.3328316857623979,-0.006438399870317357,True
4648,365,0.3353957976291804,0.32893267636365603,-0.006463121265524396,True
4649,365,0.33222030418462334,0.32566182579946196,-0.0065584783851613815,True
4650,365,0.33018742393855255,0.3237917282578305,-0.006395695680722069,True
4651,365,0.3300693668806186,0.3238346398299899,-0.006234727050628719,True
4652,365,0.332825384204035,0.32692107085652466,-0.005904313347510348,True
4653,365,0.3377680694058223,0.332599232626395,-0.0051688367794273105,True
4654,365,0.3442395149371178,0.3389302175866043,-0.005309297350513498,True
4655,365,0.3496002750171413,0.34453609921595824,-0.005064175801183068,True
4656,365,0.3531400993798637,0.3485381267631583,-0.004601972616705363,True
4657,365,0.3535195977425094,0.3498076084681675,-0.003711989274341909,True
4658,365,0.35210584403011796,0.3488707385033546,-0.003235105526763371,True
4659,365,0.3497102048591947,0.34687440803408587,-0.002835796825108816,True
4660,365,0.3473233654477444,0.3448188917450248,-0.0025044737027196118,True
4661,365,0.3453509697694916,0.34266457635840947,-0.002686393411082122,True
4662,365,0.34347464630449703,0.3407936085729886,-0.0026810377315084066,True
4663,365,0.34111855909893335,0.3382249952767286,-0.0028935638222047366,True
4664,365,0.33873741897221105,0.33571495402843543,-0.0030224649437756157,True
4665,365,0.33573904385517994,0.332440763266365,-0.003298280588814928,True
4666,365,0.3326027159754299,0.32918032600736546,-0.003422389968064432,True
4667,365,0.32966385752077626,0.32614696430402923,-0.00351689321674703,True
4668,365,0.32722606591957376,0.3233691424313737,-0.003856923488200048,True
4669,365,0.3255130487146979,0.32129003646378307,-0.004223012250914815,True
4670,365,0.3239644788525093,0.319379704360505,-0.004584774492004284,True
4671,365,0.3231295132829099,0.3180327934421849,-0.005096719840725017,True
4672,365,0.32257271209410393,0.31715141664288143,-0.0054212954512224965,True
4673,365,0.3229713227050068,0.3166760601147923,-0.0062952625902144566,True
4674,365,0.32272750815790185,0.3159877222518897,-0.006739785906012152,True
4675,365,0.32301066425156577,0.31567747463589557,-0.007333189615670199,True
4676,365,0.32267924266108733,0.31897956024206103,-0.0036996824190262956,True
4677,365,0.35317771526588226,0.3508596706452841,-0.0023180446205981475,True
4678,365,0.35307844538715694,0.35133591873790837,-0.0017425266492485658,True
4679,365,0.35308510293322803,0.3510753223046373,-0.0020097806285907516,True
4680,365,0.353705760764161,0.3513202362328525,-0.0023855245313084694,True
4681,365,0.3547727457191685,0.3520812446016883,-0.0026915011174801773,True
4682,365,0.3556523530091471,0.35276265331989637,-0.0028896996892507354,True
4683,365,0.3566068727330031,0.35331057297339497,-0.0032962997596081567,True
4684,365,0.3570953920873608,0.3531556483277874,-0.0039397437595734,True
4685,365,0.3568638265033039,0.3524758448677698,-0.004387981635534111,True
4686,365,0.3563363313639505,0.3514351190163777,-0.004901212347572792,True
4687,365,0.35495565923286615,0.3498396301708452,-0.005116029062020966,True
4688,365,0.3528167708639325,0.3473965821646532,-0.005420188699279294,True
4689,365,0.3499071249181383,0.3439767479814495,-0.005930376936688797,True
4690,365,0.3468421018310233,0.34062207640696873,-0.006220025424054587,True
4691,365,0.34311084497504224,0.336654065196491,-0.006456779778551247,True
4692,365,0.33938826807265426,0.3328782889661703,-0.006509979106483987,True
4693,365,0.3360729942314988,0.3293825302855697,-0.006690463945929093,True
4694,365,0.33379874173544904,0.3270485568946244,-0.0067501848408246246,True
4695,365,0.33253920352681415,0.3260293180769892,-0.006509885449824948,True
4696,365,0.33256459876009226,0.3265115260080362,-0.006053072752056077,True
4697,365,0.33463490581349764,0.32895342382077625,-0.005681481992721393,True
4698,365,0.337969632916966,0.3320132418966214,-0.00595639102034462,True
4699,365,0.3417385923557857,0.33599268659582593,-0.005745905759959757,True
4700,365,0.34527960659453905,0.34018917725160264,-0.005090429342936409,True
4701,365,0.3468113501463194,0.34264823605010875,-0.004163114096210674,True
4702,365,0.3466479649603839,0.3428883482204942,-0.0037596167398897262,True
4703,365,0.34517561542621616,0.34183092220211797,-0.003344693224098194,True
4704,365,0.3439215535455312,0.34086687267310173,-0.003054680872429494,True
4705,365,0.3429614255292487,0.3397811634706001,-0.0031802620586485753,True
4706,365,0.3417943790889618,0.3386360501499715,-0.003158328938990318,True
4707,365,0.3406084599110123,0.3373439313173359,-0.0032645285936763746,True
4708,365,0.33915489361845985,0.3357106263314906,-0.003444267286969227,True
4709,365,0.33753462322447175,0.33393966643258804,-0.0035949567918837078,True
4710,365,0.3352743412038088,0.3316311950601015,-0.0036431461437072543,True
4711,365,0.3332042618046785,0.3293334641950234,-0.0038707976096550856,True
4712,365,0.3315239677546317,0.3273795037784564,-0.004144463976175294,True
4713,365,0.32921178539714346,0.32481916972233027,-0.004392615674813194,True
4714,365,0.3271900093652781,0.32253696693681205,-0.0046530424284660366,True
4715,365,0.3256976969580704,0.3206873770226418,-0.005010319935428609,True
4716,365,0.3252115560604498,0.31967196735373477,-0.0055395887067150595,True
4717,365,0.324689615112406,0.3186408360864549,-0.006048779025951134,True
4718,365,0.3248298699485639,0.31799766259114115,-0.006832207357422737,True
4719,365,0.3251446750382578,0.31788825063505444,-0.007256424403203343,True
4720,365,0.3258261533020888,0.32181458554357967,-0.004011567758509138,True
4721,365,0.3531305945636857,0.34976819229802697,-0.003362402265658704,True
4722,365,0.3530663116601825,0.3507261181944258,-0.0023401934657567014,True
4723,365,0.35364816615253347,0.3516646448731873,-0.0019835212793461454,True
4724,365,0.35454023051414674,0.35221160728313566,-0.0023286232310110733,True
4725,365,0.3556641471313845,0.35315660824718287,-0.002507538884201632,True
4726,365,0.3570914904235085,0.3541738168144267,-0.0029176736090817945,True
4727,365,0.35778708638390316,0.35459929810581997,-0.0031877882780831923,True
4728,365,0.358190512565121,0.35447787421468513,-0.003712638350435893,True
4729,365,0.3580187415553098,0.35368834012085637,-0.004330401434453457,True
4730,365,0.3576135173715533,0.3529663666420522,-0.0046471507295010595,True
4731,365,0.3567232276545249,0.3515681902107051,-0.005155037443819788,True
4732,365,0.3550923628937341,0.349578749524703,-0.005513613369031056,True
4733,365,0.35277144996574006,0.3470416798370435,-0.005729770128696576,True
4734,365,0.35006418959351704,0.3439121622446554,-0.006152027348861666,True
4735,365,0.34693346003477377,0.34041656801525044,-0.006516892019523324,True
4736,365,0.34384265647921625,0.33724695980689645,-0.006595696672319795,True
4737,365,0.3409307022361101,0.3342226305179464,-0.006708071718163733,True
4738,365,0.3386698211290852,0.3320374207764703,-0.00663240035261492,True
4739,365,0.33693493764586196,0.33020840844395183,-0.006726529201910136,True
4740,365,0.3351294091065174,0.3288381071018898,-0.006291302004627575,True
4741,365,0.3340641283436299,0.3280069502146477,-0.00605717812898221,True
4742,365,0.33448528627927354,0.32803763634358674,-0.0064476499356868056,True
4743,365,0.3362189599781177,0.32984085132331725,-0.0063781086548004295,True
4744,365,0.33895447456064115,0.3333505561472086,-0.0056039184134325515,True
4745,365,0.3411101718152568,0.33616316778532057,-0.004947004029936253,True
4746,365,0.3416850642837392,0.3373681256709402,-0.004316938612798971,True
4747,365,0.3418435528080971,0.33781620815828534,-0.004027344649811748,True
4748,365,0.34168273109762987,0.33769138614099503,-0.003991344956634835,True
4749,365,0.34106384146218416,0.3371259382473199,-0.003937903214864258,True
4750,365,0.3401052959339658,0.336362658421339,-0.003742637512626823,True
4751,365,0.33921542125177395,0.33570986065622277,-0.0035055605955511826,True
4752,365,0.33890766264857164,0.3351979987722885,-0.0037096638762831313,True
4753,365,0.3381729379859394,0.33426681087392135,-0.003906127112018043,True
4754,365,0.3370107539651437,0.33286987311626187,-0.004140880848881812,True
4755,365,0.3356286447742687,0.33133539322731503,-0.004293251546953647,True
4756,365,0.33397687937038323,0.32964229590223965,-0.004334583468143582,True
4757,365,0.33228657946783235,0.327682480551172,-0.00460409891666036,True
4758,365,0.329303226884826,0.32457033879749075,-0.004732888087335241,True
4759,365,0.32672172160099366,0.32174734574892616,-0.004974375852067503,True
4760,365,0.3257632294022937,0.320283062675439,-0.005480166726854696,True
4761,365,0.32520849756769843,0.31920330548000075,-0.006005192087697675,True
4762,365,0.32550694881074216,0.31880244917470235,-0.006704499636039807,True
4763,365,0.3265129635852943,0.31920327046823455,-0.007309693117059757,True
4764,365,0.327829829922519,0.3235850518207434,-0.004244778101775648,True
4765,365,0.35359804235964,0.35080086540653155,-0.002797176953108438,True
4766,365,0.3541186337529948,0.35199433401950003,-0.002124299733494761,True
4767,365,0.35494067193313616,0.35265439331755805,-0.002286278615578119,True
4768,365,0.35630666047968435,0.35361333940279527,-0.002693321076889077,True
4769,365,0.35739879846338884,0.3542999502971721,-0.00309884816621675,True
4770,365,0.35809321490466767,0.3546812115754583,-0.0034120033292093788,True
4771,365,0.35837548621590093,0.35452636049613623,-0.003849125719764701,True
4772,365,0.35866517994854985,0.3543509420002629,-0.0043142379482869475,True
4773,365,0.3583783967862049,0.35363329198938137,-0.004745104796823552,True
4774,365,0.35805748877378707,0.3528528164617799,-0.005204672312007164,True
4775,365,0.35700775085845377,0.35114538031275083,-0.005862370545702933,True
4776,365,0.3552514764122883,0.3492616703872928,-0.005989806024995548,True
4777,365,0.35312329435358564,0.347000145890153,-0.006123148463432648,True
4778,365,0.3510060887555807,0.3445903303565304,-0.0064157583990502864,True
4779,365,0.34861156922488024,0.3417840137786746,-0.006827555446205613,True
4780,365,0.3462035334390527,0.33890645352080917,-0.007297079918243521,True
4781,365,0.344162465938505,0.3369353246199362,-0.0072271413185688305,True
4782,365,0.3422817170192096,0.335182361430382,-0.007099355588827627,True
4783,365,0.3400389450572609,0.33316336212281383,-0.0068755829344470665,True
4784,365,0.3369121496173901,0.32979797573324304,-0.007114173884147035,True
4785,365,0.3347638498479545,0.32705059581169277,-0.007713254036261719,True
4786,365,0.3340689680260175,0.32599822578649473,-0.008070742239522755,True
4787,365,0.33491243283714583,0.3271425047379206,-0.007769928099225221,True
4788,365,0.33682900059867527,0.32903687608292564,-0.007792124515749621,True
4789,365,0.3380882589259409,0.33052485330210674,-0.007563405623834174,True
4790,365,0.33900808214087186,0.33153857535820785,-0.007469506782664004,True
4791,365,0.33915350962682606,0.3317669882718721,-0.007386521354953934,True
4792,365,0.33896410213071715,0.33167924734716936,-0.0072848547835477895,True
4793,365,0.3383553236633165,0.33104818332100483,-0.007307140342311669,True
4794,365,0.3376931181042639,0.3305964378790716,-0.007096680225192276,True
4795,365,0.33738782440169385,0.3305384794578702,-0.006849344943823665,True
4796,365,0.3374114966910701,0.3307046418095514,-0.006706854881518731,True
4797,365,0.33674402783740176,0.32987187504634347,-0.006872152791058295,True
4798,365,0.33591742788276047,0.3288125826732747,-0.007104845209485788,True
4799,365,0.33455191459777806,0.32753182336658615,-0.007020091231191905,True
4800,365,0.3322453762067102,0.3255563284277467,-0.006689047778963508,True
4801,365,0.32981786681466474,0.3229380556939366,-0.006879811120728163,True
4802,365,0.32672721733238713,0.3198244983002118,-0.00690271903217532,True
4803,365,0.32487892820956327,0.31814960285298666,-0.00672932535657661,True
4804,365,0.3242422348157356,0.317647993371691,-0.006594241444044635,True
4805,365,0.32441691581670123,0.3180821973226374,-0.006334718494063807,True
4806,365,0.32616487369903846,0.3198781907062968,-0.0062866829927416545,True
4807,365,0.3278975038713516,0.32368008550919747,-0.004217418362154113,True
4808,365,0.3544143717455537,0.35171161244427473,-0.0027027593012789453,True
4809,365,0.3553141582654976,0.3525124854216906,-0.0028016728438070015,True
4810,365,0.356698664677481,0.3540987716371248,-0.002599893040356238,True
4811,365,0.3575967663070437,0.35458669112140107,-0.0030100751856426133,True
4812,365,0.3582233760188612,0.35512337307152825,-0.003100002947332925,True
4813,365,0.3584611302562693,0.3548965039968615,-0.003564626259407788,True
4814,365,0.3586100439554324,0.354746934557595,-0.0038631093978374054,True
4815,365,0.359065752072792,0.3547520171317134,-0.0043137349410786174,True
4816,365,0.35905454694872624,0.35425877308397186,-0.004795773864754382,True
4817,365,0.3584446058757935,0.35327206435613995,-0.005172541519653573,True
4818,365,0.35748313420532773,0.35202789232233317,-0.005455241882994566,True
4819,365,0.35587266882510415,0.3503639985071099,-0.005508670317994235,True
4820,365,0.35425862586369394,0.34847759349727353,-0.005781032366420413,True
4821,365,0.35220247934095333,0.34640782401932185,-0.005794655321631481,True
4822,365,0.35045489569129123,0.3446181129414948,-0.005836782749796432,True
4823,365,0.34879926239592424,0.34309821759119247,-0.00570104480473177,True
4824,365,0.347022325142491,0.34097971645211533,-0.00604260869037565,True
4825,365,0.34447111007102044,0.3386438496751672,-0.00582726039585324,True
4826,365,0.34143198426979854,0.334032166837265,-0.00739981743253354,True
4827,365,0.3379506074442218,0.3301478543638047,-0.0078027530804170575,True
4828,365,0.3351116786565807,0.32686489970355426,-0.008246778953026446,True
4829,365,0.333747668347447,0.325421469464111,-0.008326198883336022,True
4830,365,0.33411602303404625,0.32597159901309125,-0.008144424020954999,True
4831,365,0.33543964577776253,0.32741354833203584,-0.008026097445726688,True
4832,365,0.3365083656766133,0.3286055724102768,-0.007902793266336472,True
4833,365,0.337135485436896,0.3290664925835691,-0.00806899285332685,True
4834,365,0.33701602664428193,0.3289572741874151,-0.008058752456866825,True
4835,365,0.33681111628845795,0.3287494258367942,-0.008061690451663772,True
4836,365,0.336394287761334,0.3282373553874518,-0.008156932373882209,True
4837,365,0.33598484770209336,0.3276944059931683,-0.008290441708925067,True
4838,365,0.3356646272327596,0.32767294215886733,-0.007991685073892252,True
4839,365,0.3351342222893418,0.32696032453515395,-0.008173897754187864,True
4840,365,0.33447639853061567,0.3263531940412025,-0.008123204489413172,True
4841,365,0.33344431484948434,0.32520201392614695,-0.008242300923337387,True
4842,365,0.33156017095914486,0.32336708030174505,-0.008193090657399815,True
4843,365,0.32918616545946067,0.32099021764656777,-0.0081959478128929,True
4844,365,0.3261653191370183,0.31818949373542627,-0.00797582540159203,True
4845,365,0.32371094013304796,0.3158039671490466,-0.007906972984001337,True
4846,365,0.3228921752789097,0.3152029208499983,-0.007689254428911385,True
4847,365,0.3226966403129919,0.3155912806184562,-0.0071053596945356845,True
4848,365,0.3247199722808897,0.3180740224355655,-0.006645949845324239,True
4849,365,0.3273769776043145,0.3226421930423815,-0.004734784561932992,True
4850,365,0.35605399193959975,0.3534646708823309,-0.002589321057268834,True
4851,365,0.3571207414319091,0.3551083089255483,-0.002012432506360795,True
4852,365,0.3578956465752934,0.35572499691188875,-0.0021706496634046335,True
4853,365,0.35841465219515317,0.35632384856572036,-0.0020908036294328136,True
4854,365,0.35869511270828036,0.356275627820615,-0.0024194848876653574,True
4855,365,0.3589880145099103,0.3563903766259763,-0.002597637883934023,True
4856,365,0.3594856299246071,0.3563800281677051,-0.003105601756901999,True
4857,365,0.3595342283361782,0.3559430908487456,-0.0035911374874326163,True
4858,365,0.3591237018839249,0.3551110574455251,-0.004012644438399771,True
4859,365,0.35807540430303025,0.35366238661590205,-0.004413017687128207,True
4860,365,0.3572131522004267,0.35240511053316675,-0.004808041667259955,True
4861,365,0.35636725420179227,0.35098319538283174,-0.005384058818960535,True
4862,365,0.35519383877278893,0.349541780128162,-0.005652058644626923,True
4863,365,0.3538929311507152,0.3480948456865897,-0.005798085464125469,True
4864,365,0.3525108157013673,0.34709185961126715,-0.005418956090100124,True
4865,365,0.3504391843899189,0.34520204512248903,-0.005237139267429858,True
4866,365,0.34847123277854064,0.3426042775140113,-0.00586695526452935,True
4867,365,0.3454616263460426,0.3393266404894916,-0.0061349858565509785,True
4868,365,0.34147625735689774,0.3341537960507851,-0.007322461306112638,True
4869,365,0.33769676953912053,0.32979501625347274,-0.007901753285647795,True
4870,365,0.3350444055775882,0.3273999172813262,-0.007644488296261964,True
4871,365,0.33356161297770814,0.32623881949344224,-0.007322793484265899,True
4872,365,0.3337378121590216,0.3265211896000964,-0.00721662255892519,True
4873,365,0.3342365294583165,0.3274839019276913,-0.0067526275306252215,True
4874,365,0.3349124105907909,0.32827791556362995,-0.006634495027160958,True
4875,365,0.33476399451340577,0.32833372017229273,-0.00643027434111304,True
4876,365,0.33464342199267133,0.3280170013169175,-0.006626420675753808,True
4877,365,0.33438497911696374,0.3277758489107951,-0.006609130206168656,True
4878,365,0.33409992249281556,0.32745323216681865,-0.006646690325996907,True
4879,365,0.33397964563423255,0.3273179597186201,-0.0066616859156124475,True
4880,365,0.3334586037246985,0.3267867066992164,-0.006671897025482099,True
4881,365,0.3330990954270015,0.3264282041683558,-0.006670891258645728,True
4882,365,0.3322803684733442,0.32566903237614586,-0.006611336097198328,True
4883,365,0.3307054078086179,0.3240580792617544,-0.006647328546863507,True
4884,365,0.32837793274634586,0.32181863707963665,-0.006559295666709208,True
4885,365,0.32566859769826206,0.31899398320227895,-0.006674614495983111,True
4886,365,0.322918571446041,0.3163457271005795,-0.006572844345461515,True
4887,365,0.3214537131982264,0.3146857118224296,-0.006768001375796806,True
4888,365,0.321219312059282,0.31418355203063797,-0.007035760028644034,True
4889,365,0.3230030754314964,0.3155999093422137,-0.007403166089282709,True
4890,365,0.3254307304295097,0.32070999370472414,-0.004720736724785568,True
4891,365,0.3573607512359118,0.3552426048518472,-0.002118146384064601,True
4892,365,0.3581636787751154,0.35628096044425084,-0.0018827183308645634,True
4893,365,0.3589947803803236,0.356962189787834,-0.0020325905924896137,True
4894,365,0.35931201051077194,0.35714982315490607,-0.0021621873558658744,True
4895,365,0.35968704773769233,0.3573139840803008,-0.0023730636573915387,True
4896,365,0.3596389050306466,0.356738724853173,-0.0029001801774736213,True
4897,365,0.35985777396513063,0.3565787287770881,-0.0032790451880425064,True
4898,365,0.35946707997120275,0.3556707458035749,-0.0037963341676278684,True
4899,365,0.358638797166187,0.35452751635169594,-0.004111280814491081,True
4900,365,0.35817322684242053,0.35348497963953823,-0.004688247202882301,True
4901,365,0.3578653762927778,0.3528491529443473,-0.005016223348430493,True
4902,365,0.3575542809219044,0.35218343999802176,-0.005370840923882625,True
4903,365,0.3563494409676935,0.3509623278924527,-0.0053871130752408125,True
4904,365,0.3548920323166752,0.349564458849401,-0.005327573467274194,True
4905,365,0.35342374419030853,0.34807367660475275,-0.005350067585555784,True
4906,365,0.35126439277171817,0.34580430743001356,-0.0054600853417046125,True
4907,365,0.34864604080706146,0.3424586510758706,-0.006187389731190873,True
4908,365,0.3447424909245541,0.3372086384345806,-0.007533852489973514,True
4909,365,0.3409609244959579,0.33263924974082604,-0.008321674755131847,True
4910,365,0.33784925615500616,0.32962362610795,-0.008225630047056176,True
4911,365,0.33501498395233004,0.32707122347012474,-0.007943760482205298,True
4912,365,0.33358611515787046,0.3258424797424803,-0.007743635415390138,True
4913,365,0.33278510961516256,0.32548765267701435,-0.007297456938148206,True
4914,365,0.33246590830336703,0.32562671719499175,-0.0068391911083752754,True
4915,365,0.3322658831758839,0.3255328926395801,-0.006732990536303829,True
4916,365,0.33172846058932065,0.3250797398569949,-0.0066487207323257524,True
4917,365,0.3314476606547721,0.3246749403160935,-0.006772720338678595,True
4918,365,0.33157751833153437,0.32454374409603837,-0.007033774235496004,True
4919,365,0.3313482327825836,0.3244325897787327,-0.006915643003850891,True
4920,365,0.33162181517836353,0.3247080293797805,-0.006913785798583039,True
4921,365,0.3317197685028411,0.32473703116745006,-0.006982737335391009,True
4922,365,0.33090671394309135,0.3240895530937273,-0.006817160849364068,True
4923,365,0.3299624449138998,0.32307773336611956,-0.006884711547780253,True
4924,365,0.32816929745253315,0.3213083093322048,-0.006860988120328371,True
4925,365,0.32558721119906714,0.31901600761444815,-0.00657120358461899,True
4926,365,0.32338795443695306,0.31655148128300925,-0.006836473153943812,True
4927,365,0.32147724936318584,0.3146169839738854,-0.006860265389300457,True
4928,365,0.3202880640711044,0.3136607903295101,-0.006627273741594275,True
4929,365,0.32130785716081783,0.31426448969033044,-0.007043367470487394,True
4930,365,0.3234038740913624,0.3187020803409075,-0.004701793750454875,True
4931,365,0.35867253354360473,0.3567524670887833,-0.0019200664548214563,True
4932,365,0.3595155565466611,0.35780645223778856,-0.0017091043088725555,True
4933,365,0.36017467840549316,0.35828703518375427,-0.0018876432217388994,True
4934,365,0.3605196801010743,0.35833369613599525,-0.0021859839650790747,True
4935,365,0.36073336753121266,0.3580987909389816,-0.0026345765922310416,True
4936,365,0.36089750869289583,0.35783108492232085,-0.0030664237705749775,True
4937,365,0.36049351571159993,0.3571215968105057,-0.0033719189010942285,True
4938,365,0.3601383312343784,0.3564172394031177,-0.003721091831260681,True
4939,365,0.36000348158980705,0.3558087242752997,-0.004194757314507358,True
4940,365,0.3601579637135014,0.3552952017888784,-0.0048627619246229825,True
4941,365,0.3601670038103123,0.35501136278047085,-0.005155641029841451,True
4942,365,0.35929784775892787,0.3538355354582555,-0.005462312300672345,True
4943,365,0.35770515514169765,0.35230687068944155,-0.005398284452256097,True
4944,365,0.3558781959087371,0.3505210710196896,-0.005357124889047493,True
4945,365,0.35367148741238885,0.34793601405815056,-0.005735473354238296,True
4946,365,0.35109861286498295,0.3446929958524431,-0.006405617012539833,True
4947,365,0.3477221437221587,0.34007771429540545,-0.007644429426753252,True
4948,365,0.34408263888134627,0.33570854013970136,-0.008374098741644909,True
4949,365,0.3408293517917013,0.3325440766046023,-0.00828527518709904,True
4950,365,0.3377816901153371,0.32964308697186645,-0.008138603143470646,True
4951,365,0.3348033634489407,0.32695012700792603,-0.007853236441014655,True
4952,365,0.33209848284218324,0.324708419452654,-0.0073900633895292445,True
4953,365,0.33042278015154164,0.3233051757292604,-0.007117604422281265,True
4954,365,0.32906292651765573,0.32225649271654566,-0.006806433801110068,True
4955,365,0.32833016883992033,0.32151244030580345,-0.006817728534116885,True
4956,365,0.32787733722308937,0.32103120607732094,-0.00684613114576843,True
4957,365,0.3278983445948259,0.3211152902510953,-0.00678305434373061,True
4958,365,0.32849395535335135,0.32166258135896,-0.0068313739943913765,True
4959,365,0.32901407318394205,0.3221929872898387,-0.006821085894103351,True
4960,365,0.3296560941445017,0.32268689681991836,-0.006969197324583343,True
4961,365,0.32983399566944027,0.3228825761376564,-0.006951419531783853,True
4962,365,0.32941575715669397,0.3225913395834558,-0.006824417573238151,True
4963,365,0.32829123781852987,0.3215497243658494,-0.006741513452680481,True
4964,365,0.3263375894947114,0.3197786138502869,-0.006558975644424536,True
4965,365,0.3239468157991078,0.3174068500512751,-0.006539965747832666,True
4966,365,0.3218703649242697,0.315155547920924,-0.006714817003345697,True
4967,365,0.3200495035653659,0.3134224390383975,-0.006627064526968374,True
4968,365,0.3200549276342973,0.31347126228391364,-0.006583665350383683,True
4969,365,0.32190145087583233,0.31728564609009563,-0.004615804785736699,True
4970,365,0.3598868415397473,0.358047292543884,-0.001839548995863305,True
4971,365,0.3608600781126868,0.35925751299823316,-0.0016025651144536135,True
4972,365,0.3615517826189893,0.35956982846204183,-0.001981954156947463,True
4973,365,0.3621343124674932,0.3598776287805675,-0.00225668368692572,True
4974,365,0.36236405207586375,0.3596204044192937,-0.0027436476565700363,True
4975,365,0.3622816546334296,0.35911724964652264,-0.0031644049869069546,True
4976,365,0.36208347034488336,0.35852811374720644,-0.0035553565976769175,True
4977,365,0.36212581527244225,0.35815743807069805,-0.0039683772017442,True
4978,365,0.36250612155086426,0.35805663563098744,-0.004449485919876817,True
4979,365,0.3628136281103557,0.35795495141957256,-0.004858676690783159,True
4980,365,0.36182456065267016,0.3567056828435162,-0.005118877809153932,True
4981,365,0.3601974116240322,0.35485818847818007,-0.005339223145852112,True
4982,365,0.3580512254098166,0.3526032619192367,-0.00544796349057991,True
4983,365,0.3554385036134377,0.3497314879199363,-0.005707015693501405,True
4984,365,0.3529147104316428,0.34672609475304245,-0.006188615678600351,True
4985,365,0.35018879277489223,0.34262094610655774,-0.007567846668334488,True
4986,365,0.3471805232228608,0.33885054313832286,-0.008329980084537947,True
4987,365,0.34407016626075454,0.33569351473717995,-0.008376651523574585,True
4988,365,0.34090433478650106,0.33256348978951683,-0.008340844996984231,True
4989,365,0.3370898354924479,0.32920257421801696,-0.007887261274430957,True
4990,365,0.33278940819161446,0.3251381442937663,-0.007651263897848148,True
4991,365,0.3294240690050694,0.32202153064880734,-0.007402538356262034,True
4992,365,0.3267064881361246,0.3192607196100008,-0.007445768526123775,True
4993,365,0.3248819898049351,0.3177079398772925,-0.0071740499276425895,True
4994,365,0.32394789676884334,0.31712353019012873,-0.006824366578714602,True
4995,365,0.32430350103664624,0.31749510905861544,-0.006808391978030792,True
4996,365,0.32525487589131796,0.3184029133987184,-0.0068519624925995615,True
4997,365,0.32614881468248574,0.31936009633550044,-0.006788718346985301,True
4998,365,0.32717335164869016,0.3204421850843729,-0.00673116656431727,True
4999,365,0.3281055399255808,0.32134769217812587,-0.006757847747454915,True
5000,365,0.3289518270378614,0.3222133247245063,-0.006738502313355099,True
5001,365,0.32892067123293567,0.3223790980459825,-0.006541573186953142,True
5002,365,0.32768022956109366,0.32146300735009364,-0.0062172222110000175,True
5003,365,0.32539580296384124,0.3190346092340963,-0.006361193729744918,True
5004,365,0.32275406784076655,0.3162661230365018,-0.006487944804264734,True
5005,365,0.320441382926092,0.314081707172548,-0.0063596757535439585,True
5006,365,0.31934091873250253,0.31303682709560543,-0.006304091636897102,True
5007,365,0.3203561334431568,0.31568842571638644,-0.0046677077267703315,True
5008,365,0.3613564557490235,0.3595014432631425,-0.0018550124858809913,True
5009,365,0.3623784445157783,0.3606322107965991,-0.0017462337191792021,True
5010,365,0.363151096286088,0.3609663931111076,-0.0021847031749803736,True
5011,365,0.36330251734019203,0.36078365647284516,-0.0025188608673468726,True
5012,365,0.363464165854865,0.3606469409158684,-0.0028172249389966098,True
5013,365,0.3633732627916359,0.3600387456031043,-0.003334517188531616,True
5014,365,0.36384950309201564,0.36017974644473405,-0.0036697566472815857,True
5015,365,0.36445978205612317,0.36024256352565925,-0.004217218530463918,True
5016,365,0.36465657270578894,0.3601136494760766,-0.004542923229712337,True
5017,365,0.36395471966672155,0.3591342409805846,-0.004820478686136942,True
5018,365,0.3621262473380189,0.3570076673803617,-0.005118579957657188,True
5019,365,0.35968014988817415,0.3539794913455777,-0.005700658542596437,True
5020,365,0.3573616685865844,0.35155474336332465,-0.005806925223259762,True
5021,365,0.3550143848782173,0.34883727160996614,-0.006177113268251155,True
5022,365,0.3522250925122043,0.34478535569553165,-0.0074397368166726485,True
5023,365,0.34979811959887225,0.3416097074031674,-0.008188412195704875,True
5024,365,0.3468591145151407,0.33880891766155813,-0.008050196853582547,True
5025,365,0.34359219570250715,0.3355890618339692,-0.00800313386853796,True
5026,365,0.33922073653600154,0.3311541247622295,-0.008066611773772048,True
5027,365,0.33418901208635715,0.32634980379717937,-0.00783920828917778,True
5028,365,0.32937279229989574,0.3216052600986734,-0.007767532201222338,True
5029,365,0.3251938805534293,0.31761690163449957,-0.007576978918929722,True
5030,365,0.3219644468520329,0.3146203940815598,-0.0073440527704731196,True
5031,365,0.32062155072920445,0.3134759207745695,-0.007145629954634969,True
5032,365,0.3204997957239378,0.3136821678629618,-0.00681762786097595,True
5033,365,0.32162747633981814,0.3144936861214061,-0.007133790218412039,True
5034,365,0.322748746845138,0.31585993521180955,-0.00688881163332844,True
5035,365,0.32420575449073596,0.31752857089087994,-0.006677183599856029,True
5036,365,0.3259766959800927,0.31927445312655084,-0.006702242853541873,True
5037,365,0.32768976774127667,0.32124250590641373,-0.0064472618348629385,True
5038,365,0.3286110593088653,0.3223428922559501,-0.006268167052915219,True
5039,365,0.32840164193896965,0.3221362808059701,-0.006265361132999525,True
5040,365,0.32645873059189967,0.32035514501143714,-0.006103585580462534,True
5041,365,0.323622223721704,0.31756233420064556,-0.006059889521058459,True
5042,365,0.3208502465698807,0.31483625682310173,-0.006013989746778969,True
5043,365,0.3192137738258707,0.3127751093115016,-0.006438664514369086,True
5044,365,0.3191081293153958,0.31396439286788436,-0.005143736447511427,True
5045,365,0.3616321006787181,0.35909361811522506,-0.0025384825634930386,True
5046,365,0.3624955160587148,0.36097830256907626,-0.0015172134896385137,True
5047,365,0.36322843516372494,0.3612997920294658,-0.0019286431342591115,True
5048,365,0.3632621349925283,0.36103959806979247,-0.0022225369227358294,True
5049,365,0.36337033071755953,0.3606718547272211,-0.002698475990338456,True
5050,365,0.3637007270619549,0.36050232005464006,-0.0031984070073148296,True
5051,365,0.36428894237215353,0.36073411107381004,-0.003554831298343497,True
5052,365,0.365042141186512,0.360934852821584,-0.004107288364928019,True
5053,365,0.3651889221957598,0.3609121041219079,-0.00427681807385194,True
5054,365,0.3652460840969632,0.3604868606429437,-0.004759223454019468,True
5055,365,0.3634172410640421,0.35845878155429134,-0.004958459509750768,True
5056,365,0.36128486168096074,0.3556511798601491,-0.005633681820811642,True
5057,365,0.3589847145452544,0.3534219733688843,-0.005562741176370067,True
5058,365,0.3567853585880644,0.35090064160078244,-0.0058847169872819904,True
5059,365,0.35453310643630953,0.3473093144811487,-0.007223791955160819,True
5060,365,0.3523030111609451,0.34418539087325734,-0.008117620287687755,True
5061,365,0.3494506454294521,0.3415524289809437,-0.00789821644850841,True
5062,365,0.3459682633213317,0.33805850714922464,-0.00790975617210704,True
5063,365,0.3414733227241825,0.33342220442922027,-0.008051118294962245,True
5064,365,0.3359480346092489,0.3277296000008902,-0.008218434608358693,True
5065,365,0.33028545301385087,0.3222439960966593,-0.008041456917191547,True
5066,365,0.32493579808072137,0.3170354614993328,-0.007900336581388556,True
5067,365,0.3206078168194504,0.3128321432258847,-0.0077756735935656796,True
5068,365,0.3180175303314609,0.3103654439425242,-0.0076520863889367186,True
5069,365,0.3172850120687348,0.3098575931751949,-0.007427418893539872,True
5070,365,0.3174740586796837,0.3104492249898319,-0.007024833689851795,True
5071,365,0.31863200911635403,0.3116696890367406,-0.006962320079613449,True
5072,365,0.32070505696875207,0.3138952934627777,-0.006809763505974342,True
5073,365,0.3231435204516338,0.3166870001906973,-0.006456520260936516,True
5074,365,0.32564998607726253,0.3192202040442663,-0.006429782032996212,True
5075,365,0.3269864834411107,0.32099699525674624,-0.005989488184364455,True
5076,365,0.327343475505559,0.32133317777861065,-0.006010297726948333,True
5077,365,0.32619294652431857,0.32031208131344113,-0.0058808652108774395,True
5078,365,0.3239314748397642,0.3182766812820141,-0.005654793557750115,True
5079,365,0.3212811431372548,0.31546349831414194,-0.005817644823112866,True
5080,365,0.3188211450464723,0.3127299297358947,-0.006091215310577602,True
5081,365,0.31817139300384,0.31240337785440564,-0.005768015149434369,True
5082,365,0.3622391016737777,0.3607416290295403,-0.0014974726442373854,True
5083,365,0.36257264543899953,0.3609080785674797,-0.0016645668715198347,True
5084,365,0.3625890227876541,0.3604770224903064,-0.0021120002973477048,True
5085,365,0.36252729050083893,0.3600839794739924,-0.0024433110268465286,True
5086,365,0.362942506922809,0.3599568508038329,-0.00298565611897611,True
5087,365,0.36397351171981984,0.3603074375005375,-0.0036660742192823337,True
5088,365,0.36453655714871847,0.360591198809778,-0.003945358338940441,True
5089,365,0.3650871428884696,0.36079716204168893,-0.004289980846780672,True
5090,365,0.36480169115103267,0.3601766642579375,-0.0046250268930951854,True
5091,365,0.36347689538906625,0.35832652272176546,-0.005150372667300784,True
5092,365,0.36168556061114815,0.35660127337014985,-0.0050842872409982975,True
5093,365,0.35980147474107577,0.35450269615213376,-0.00529877858894201,True
5094,365,0.35812381960556133,0.3524042542774777,-0.005719565328083653,True
5095,365,0.35629329836552104,0.34928794021799864,-0.0070053581475224,True
5096,365,0.35426419916010293,0.34635909394892,-0.007905105211182928,True
5097,365,0.35182617683886064,0.3436984977287556,-0.008127679110105035,True
5098,365,0.34802673187364774,0.3400728724902408,-0.007953859383406925,True
5099,365,0.3430171762918854,0.3350586929254432,-0.00795848336644217,True
5100,365,0.3378263423387977,0.32941359717264856,-0.00841274516614915,True
5101,365,0.33200880984601694,0.32373970904619354,-0.008269100799823403,True
5102,365,0.32601442934205965,0.3178468686202956,-0.008167560721764056,True
5103,365,0.3204284086089124,0.3122838942027311,-0.008144514406181302,True
5104,365,0.31602260501730517,0.3081415218775251,-0.007881083139780087,True
5105,365,0.3141084879327683,0.30652097323552385,-0.007587514697244446,True
5106,365,0.3140131911670183,0.306566496715099,-0.007446694451919311,True
5107,365,0.31473222039752224,0.3073941466684754,-0.007338073729046823,True
5108,365,0.31713654573945094,0.30994820619720354,-0.007188339542247402,True
5109,365,0.32003786362216613,0.31332457949114706,-0.0067132841310190705,True
5110,365,0.32296317929435886,0.3163428890695513,-0.006620290224807535,True
5111,365,0.3250304253715072,0.31887375635691895,-0.0061566690145882785,True
5112,365,0.3254606521924956,0.3195081124171283,-0.005952539775367305,True
5113,365,0.32534408602881765,0.31948486261894476,-0.005859223409872882,True
5114,365,0.3241802905148686,0.3183457307290528,-0.005834559785815763,True
5115,365,0.32176977215253655,0.31625387266675314,-0.005515899485783404,True
5116,365,0.31941404174938975,0.3135196501689501,-0.00589439158043964,True
5117,365,0.31791073834644323,0.3118947366497255,-0.006016001696717732,True
5118,365,0.36167460145391106,0.35971370575043904,-0.001960895703472021,True
5119,365,0.3615119466495971,0.359851086434477,-0.0016608602151201302,True
5120,365,0.36166261192032356,0.3593140218665685,-0.0023485900537550397,True
5121,365,0.3619564470072409,0.3589192901155561,-0.003037156891684767,True
5122,365,0.3622066437119308,0.3589374532325923,-0.0032691904793384907,True
5123,365,0.36300123354279235,0.3591951666644847,-0.0038060668783076457,True
5124,365,0.36327768139470773,0.3591089092836363,-0.004168772111071417,True
5125,365,0.3629578822689314,0.3582402641653222,-0.004717618103609211,True
5126,365,0.3616885887407785,0.3565378983324373,-0.0051506904083412075,True
5127,365,0.3605426808750799,0.3554236834117779,-0.005118997463302022,True
5128,365,0.3591817045751525,0.3539538538834403,-0.005227850691712221,True
5129,365,0.35813873610858216,0.3526401533341464,-0.005498582774435767,True
5130,365,0.35702150360760976,0.35025528427769337,-0.00676621932991639,True
5131,365,0.3556053611749761,0.3478394572118452,-0.007765903963130871,True
5132,365,0.35341801006973583,0.3455525733155344,-0.007865436754201427,True
5133,365,0.34975060748319514,0.3417966025215153,-0.007954004961679861,True
5134,365,0.3447909200531558,0.33670677774480123,-0.00808414230835458,True
5135,365,0.3392874230972797,0.3311224898952044,-0.008164933202075342,True
5136,365,0.33368322391988997,0.3255392781436143,-0.008143945776275696,True
5137,365,0.3276267583160199,0.3193736856063999,-0.008253072709620002,True
5138,365,0.3210239185961763,0.3126697436904345,-0.008354174905741807,True
5139,365,0.3156392844905159,0.3075598405941252,-0.008079443896390703,True
5140,365,0.3124852176984694,0.3044456108640183,-0.008039606834451096,True
5141,365,0.31133995512307794,0.30351496319594334,-0.007824991927134595,True
5142,365,0.3114864722057626,0.30390727574977017,-0.007579196455992421,True
5143,365,0.31331925292454776,0.3058792672929435,-0.007439985631604251,True
5144,365,0.31645575477540705,0.3091770526245968,-0.007278702150810223,True
5145,365,0.31977845075596095,0.31305621238665166,-0.006722238369309297,True
5146,365,0.322414386977511,0.3158013365829901,-0.006613050394520925,True
5147,365,0.3234966002938634,0.3171591102410233,-0.006337490052840122,True
5148,365,0.3239127404040668,0.3178438916264647,-0.006068848777602109,True
5149,365,0.323801277437394,0.3179158356523631,-0.00588544178503092,True
5150,365,0.3223554890501815,0.31686672799939963,-0.005488761050781887,True
5151,365,0.3200810805992703,0.31438991551062995,-0.005691165088640371,True
5152,365,0.3180773486327345,0.3118858979180686,-0.006191450714665925,True
5153,365,0.36081927786770945,0.35831535686083954,-0.0025039210068699136,True
5154,365,0.36090411490078755,0.3582191122599486,-0.0026850026408389294,True
5155,365,0.3608290860401118,0.3578332919947105,-0.0029957940454013454,True
5156,365,0.36101617492356525,0.35729621804603573,-0.0037199568775295178,True
5157,365,0.3609145194330128,0.3567985978658137,-0.004115921567199088,True
5158,365,0.3601076701535161,0.3553253135954068,-0.004782356558109269,True
5159,365,0.35880254679650997,0.35367732275358316,-0.0051252240429268126,True
5160,365,0.3590380498796833,0.35300223866703817,-0.006035811212645126,True
5161,365,0.3582458795056297,0.35209265048585914,-0.006153229019770556,True
5162,365,0.3580126856229264,0.35169630683188746,-0.006316378791038912,True
5163,365,0.357543924474276,0.3502284807112973,-0.007315443762978713,True
5164,365,0.3564577492412432,0.34785124849951066,-0.008606500741732526,True
5165,365,0.35369463861450257,0.3457490491805722,-0.007945589433930367,True
5166,365,0.3503366077849594,0.3422775050027788,-0.008059102782180583,True
5167,365,0.34550911367806436,0.3374215547030625,-0.008087558975001852,True
5168,365,0.3407555220702956,0.33252654439333623,-0.008228977676959348,True
5169,365,0.335491205555708,0.32734703754239985,-0.00814416801330814,True
5170,365,0.32945699769553377,0.3213761162436176,-0.008080881451916155,True
5171,365,0.3227851494745532,0.3146684868721695,-0.00811666260238375,True
5172,365,0.3167579721066299,0.30856469174480367,-0.00819328036182626,True
5173,365,0.31249506469644106,0.3044421479691278,-0.008052916727313286,True
5174,365,0.31030472725529157,0.3022057008636959,-0.008099026391595654,True
5175,365,0.30937210139448373,0.3014497511594881,-0.007922350234995656,True
5176,365,0.31019620469880976,0.30259467562544046,-0.007601529073369306,True
5177,365,0.31275923228721175,0.3053131892802678,-0.007446043006943959,True
5178,365,0.3163225746186016,0.3091346611544761,-0.007187913464125506,True
5179,365,0.31905947976172716,0.3120990684631353,-0.006960411298591873,True
5180,365,0.32102746952325917,0.31430879680752666,-0.00671867271573251,True
5181,365,0.3223503117117685,0.31595956802646746,-0.006390743685301015,True
5182,365,0.32324381248780204,0.31711096051541765,-0.00613285197238439,True
5183,365,0.3222469786827144,0.31658368963286965,-0.005663289049844755,True
5184,365,0.32037434329837405,0.31472450298285537,-0.005649840315518684,True
5185,365,0.3182971402051489,0.31215227569866905,-0.00614486450647983,True
5186,365,0.36029393425360934,0.3570888614708841,-0.003205072782725249,True
5187,365,0.3597934401504699,0.3563352441024281,-0.0034581960480417617,True
5188,365,0.35882231465325326,0.3546888578279695,-0.004133456825283766,True
5189,365,0.3583499553432892,0.3529080285591877,-0.005441926784101492,True
5190,365,0.35667783912795564,0.3507707262903183,-0.0059071128376373405,True
5191,365,0.3552163873618915,0.34912605548880743,-0.006090331873084054,True
5192,365,0.35483649901116754,0.3483257169989783,-0.006510782012189242,True
5193,365,0.3551073228101422,0.3488026373630358,-0.006304685447106384,True
5194,365,0.35527379065816395,0.3480719106727107,-0.007201879985453241,True
5195,365,0.35495343426758397,0.3462300998601639,-0.00872333440742007,True
5196,365,0.35348583327736505,0.3447168365057459,-0.00876899677161913,True
5197,365,0.34947169912274667,0.34140949640541884,-0.008062202717327827,True
5198,365,0.3455222351617737,0.33737401111849363,-0.008148224043280083,True
5199,365,0.3414500302280251,0.3331969834149645,-0.008253046813060605,True
5200,365,0.33658565050232464,0.32850921933055854,-0.008076431171766096,True
5201,365,0.33095788806434046,0.32289291366257067,-0.008064974401769787,True
5202,365,0.3248454666459311,0.316806234275581,-0.008039232370350091,True
5203,365,0.3188594798397599,0.310527788931258,-0.008331690908501888,True
5204,365,0.3138835677197097,0.30555129484736565,-0.00833227287234406,True
5205,365,0.31085858805351424,0.3026008434518063,-0.008257744601707917,True
5206,365,0.3084740104632525,0.3005256805601983,-0.007948329903054219,True
5207,365,0.3079818380817526,0.3001585993161022,-0.007823238765650387,True
5208,365,0.30946217040970336,0.30183207267892564,-0.0076300977307777185,True
5209,365,0.3126423868997796,0.30521662324359916,-0.0074257636561804174,True
5210,365,0.3155358552153695,0.3083373223618056,-0.007198532853563866,True
5211,365,0.31801503521760494,0.3110912398194416,-0.006923795398163346,True
5212,365,0.3200496083229325,0.31340321903891283,-0.0066463892840196714,True
5213,365,0.3215192995997382,0.3151415758021659,-0.006377723797572288,True
5214,365,0.321344550538617,0.31560690894070664,-0.005737641597910348,True
5215,365,0.319915234376878,0.31413689107129666,-0.005778343305581357,True
5216,365,0.31794968672084717,0.31154951745765597,-0.006400169263191202,True
5217,365,0.36055578218742607,0.3564771037098996,-0.004078678477526465,True
5218,365,0.36096940663327276,0.356811606961481,-0.004157799671791751,True
5219,365,0.3588485593685271,0.35399742383612215,-0.00485113553240496,True
5220,365,0.355826229557595,0.3504826704433382,-0.005343559114256824,True
5221,365,0.3533722286345087,0.34749150391010597,-0.005880724724402708,True
5222,365,0.3514785666408727,0.3454076829972184,-0.006070883643654268,True
5223,365,0.350873685607378,0.3442563965271718,-0.006617289080206201,True
5224,365,0.3516712974048349,0.34515160139138706,-0.006519696013447818,True
5225,365,0.3524180281134649,0.34506010610022625,-0.007357922013238649,True
5226,365,0.3521428404504473,0.34360752621069585,-0.008535314239751457,True
5227,365,0.3508639388975692,0.3420763562478683,-0.00878758264970092,True
5228,365,0.3486909470586927,0.33973904893220896,-0.008951898126483726,True
5229,365,0.3454765396240652,0.33660187562642624,-0.008874663997638976,True
5230,365,0.3410582927565296,0.33301327161145766,-0.00804502114507194,True
5231,365,0.33739470322786647,0.32897304889547674,-0.008421654332389727,True
5232,365,0.3324987374188537,0.3242710484986899,-0.008227688920163845,True
5233,365,0.32717413730168016,0.3188211450464723,-0.008352992255207858,True
5234,365,0.3216772661888099,0.31320233100149136,-0.00847493518731851,True
5235,365,0.31663331961516455,0.30831391889863125,-0.00831940071653331,True
5236,365,0.3124569267151927,0.3041441425166133,-0.008312784198579393,True
5237,365,0.3091925834621881,0.3010841306130687,-0.008108452849119374,True
5238,365,0.30721930551658166,0.29941763729541887,-0.007801668221162794,True
5239,365,0.3072636586157144,0.2997395572060254,-0.00752410140968901,True
5240,365,0.3091005678328399,0.30160668054414747,-0.007493887288692436,True
5241,365,0.3117755957568015,0.3044507255978457,-0.007324870158955832,True
5242,365,0.31480497022010917,0.30786209045848195,-0.006942879761627219,True
5243,365,0.3171374032433488,0.31011133421248577,-0.007026069030863058,True
5244,365,0.3186037845537359,0.31199825060794134,-0.0066055339457945506,True
5245,365,0.319102514038834,0.31299556539215445,-0.006106948646679544,True
5246,365,0.3186017968142394,0.3126403374270965,-0.005961459387142876,True
5247,365,0.31723356992894375,0.31031047772366116,-0.006923092205282588,True
5248,365,0.3622246008525426,0.358512777024988,-0.0037118238275545834,True
5249,365,0.36080732186118963,0.35729888717799435,-0.003508434683195283,True
5250,365,0.35778106817926736,0.3538819201529522,-0.0038991480263151357,True
5251,365,0.3537820054797525,0.3496457086362224,-0.004136296843530118,True
5252,365,0.3503466987931511,0.3456828547855141,-0.00466384400763703,True
5253,365,0.34787459428416095,0.34282110159974766,-0.005053492684413297,True
5254,365,0.34717060844608927,0.3418845472972826,-0.005286061148806642,True
5255,365,0.34796790823044554,0.3423983377265075,-0.005569570503938026,True
5256,365,0.3489530679201129,0.34253496313540444,-0.006418104784708445,True
5257,365,0.3487807742593154,0.3421011850718724,-0.006679589187442991,True
5258,365,0.34798522985563285,0.3412391362714194,-0.006746093584213464,True
5259,365,0.3462870779050532,0.3394324894505251,-0.006854588454528077,True
5260,365,0.34368846082370974,0.3362863968894082,-0.007402063934301539,True
5261,365,0.34097729103691415,0.33344967743893317,-0.007527613597980987,True
5262,365,0.3372578843010268,0.33033867433650815,-0.006919209964518669,True
5263,365,0.33352435370662065,0.32649048645477524,-0.007033867251845405,True
5264,365,0.3292155648481618,0.32213313529281723,-0.007082429555344549,True
5265,365,0.32445586392821657,0.3169415737319832,-0.0075142901962333974,True
5266,365,0.3196875360214795,0.31186170956764014,-0.007825826453839335,True
5267,365,0.3150381841487666,0.3073549394068837,-0.007683244741882922,True
5268,365,0.310640536884913,0.30312392490235635,-0.0075166119825566535,True
5269,365,0.30715619619448403,0.29974930093204916,-0.007406895262434876,True
5270,365,0.30557636063119975,0.29826495140551573,-0.007311409225684018,True
5271,365,0.30588978973039244,0.2987511230192265,-0.00713866671116592,True
5272,365,0.3077117774493419,0.300691764698221,-0.007020012751120908,True
5273,365,0.310657589448183,0.30362718660125565,-0.007030402846927353,True
5274,365,0.31310359360092516,0.30625377234257006,-0.006849821258355093,True
5275,365,0.3151341994084104,0.3086920231659423,-0.006442176242468123,True
5276,365,0.3158467844931193,0.3102881355363043,-0.0055586489568150155,True
5277,365,0.3158788877956673,0.3104197523851232,-0.0054591354105441026,True
5278,365,0.315125451538174,0.30895953892408085,-0.006165912614093161,True
