cell_id,lat_idx,lon_idx,rmse_e0,rmse_rf,delta_rmse
4795,72,83,0.38029343,0.41711932,0.036825895
4794,72,82,0.3806988,0.41773868,0.037039876
4793,72,81,0.38045308,0.41831475,0.037861675
4796,72,84,0.37888432,0.41683394,0.03794962
4835,73,81,0.3779127,0.4166657,0.038753003
4836,73,82,0.37865105,0.41745144,0.03880039
4662,69,81,0.3744931,0.4136336,0.039140522
4792,72,80,0.37967598,0.41896617,0.03929019
4661,69,80,0.37664354,0.41603562,0.039392084
4838,73,84,0.37809223,0.41760388,0.03951165
4750,71,81,0.38108596,0.4206077,0.039521724
4705,70,80,0.37989575,0.41942295,0.039527208
4751,71,82,0.38050202,0.42008835,0.039586335
4707,70,82,0.37702903,0.41675857,0.039729536
4837,73,83,0.37871382,0.41852334,0.039809525
4797,72,85,0.37617248,0.41621277,0.040040284
4706,70,81,0.37874672,0.41882926,0.040082544
4704,70,79,0.37989503,0.4200101,0.04011506
4752,71,83,0.37951508,0.4199001,0.040385008
4616,68,80,0.37180346,0.4122918,0.040488333
4708,70,83,0.37501314,0.41550234,0.040489197
4709,70,84,0.37229773,0.4129325,0.04063475
4660,69,79,0.37769887,0.41840893,0.04071006
4663,69,82,0.37165993,0.4125368,0.040876865
4877,74,82,0.37588805,0.41682062,0.040932566
4749,71,80,0.38117126,0.42217267,0.04100141
4664,69,83,0.36848164,0.40951777,0.04103613
4878,74,83,0.37655878,0.4178802,0.041321427
4839,73,85,0.37669286,0.41812813,0.04143527
4617,68,81,0.36879504,0.41029736,0.041502327
4791,72,79,0.37803212,0.41965875,0.041626632
4753,71,84,0.37750286,0.4191921,0.041689247
4710,70,85,0.3683922,0.41029954,0.04190734
4834,73,80,0.37662596,0.4186481,0.04202214
4798,72,86,0.37239626,0.4144231,0.042026848
4615,68,79,0.37386388,0.4159058,0.042041928
4876,74,81,0.37484235,0.4169867,0.04214436
5240,84,88,0.3703032,0.4126807,0.042377472
4665,69,84,0.36497596,0.40745437,0.042478412
5147,81,90,0.37603548,0.41855362,0.04251814
4875,74,80,0.37342557,0.41604143,0.04261586
5212,83,91,0.37485242,0.41748917,0.042636752
4879,74,84,0.3768836,0.41952834,0.04264474
4833,73,79,0.3747215,0.41737473,0.042653233
4754,71,85,0.37391257,0.41661736,0.04270479
4840,73,86,0.37423337,0.41702634,0.042792976
4659,69,78,0.3775802,0.42045504,0.042874843
4618,68,82,0.36517304,0.40814617,0.04297313
5181,82,91,0.37475458,0.41776082,0.04300624
4748,71,79,0.3801667,0.42325673,0.043090016
5148,81,91,0.37373734,0.41682795,0.04309061
5243,84,91,0.3738784,0.4169956,0.043117225
5278,85,95,0.36210737,0.40530077,0.0431934
5182,82,92,0.37176698,0.41497317,0.043206185
5146,81,89,0.3766027,0.41982013,0.04321742
5276,85,93,0.37010995,0.413332,0.04322204
5277,85,94,0.36699766,0.41040832,0.04341066
4919,75,84,0.3754212,0.41884062,0.04341942
4880,74,85,0.37670755,0.4201857,0.04347813
4918,75,83,0.3743735,0.4178606,0.0434871
5241,84,89,0.37211138,0.41560382,0.043492436
5110,80,88,0.37555376,0.41913536,0.043581605
5210,83,89,0.3745096,0.41813892,0.04362932
5211,83,90,0.37535328,0.41907164,0.043718368
4917,75,82,0.37322444,0.41695184,0.043727398
5149,81,92,0.36994582,0.41372424,0.04377842
4703,70,78,0.37842178,0.42222306,0.043801278
5180,82,90,0.3763145,0.42019483,0.043880343
4874,74,79,0.37157452,0.41546217,0.043887645
5109,80,87,0.3730035,0.41690156,0.043898046
5239,84,87,0.36803114,0.41200286,0.043971717
4959,76,85,0.37442648,0.41842857,0.044002086
4570,67,80,0.3661411,0.410178,0.044036895
4619,68,83,0.36121318,0.40529922,0.04408604
4799,72,87,0.36775303,0.4118614,0.04410836
4747,71,78,0.37771603,0.42190632,0.044190288
5111,80,89,0.37604043,0.42028156,0.04424113
4916,75,81,0.37203076,0.41628978,0.04425901
5145,81,88,0.3752296,0.41964132,0.04441172
4920,75,85,0.37618768,0.42065924,0.044471562
4915,75,80,0.37079006,0.4152774,0.044487327
5209,83,88,0.37246615,0.4169743,0.04450816
4571,67,81,0.36235264,0.406861,0.044508368
4881,74,86,0.37553668,0.4200452,0.044508517
4755,71,86,0.36925992,0.41380253,0.04454261
5213,83,92,0.37309277,0.4176365,0.044543743
5183,82,93,0.36749396,0.41222495,0.04473099
5178,82,88,0.37420356,0.41896424,0.044760674
5275,85,92,0.3715098,0.41627318,0.044763386
5112,80,90,0.37460908,0.41943723,0.044828147
4569,67,79,0.36892763,0.41382185,0.04489422
4921,75,86,0.37605983,0.42101705,0.04495722
4790,72,78,0.37514985,0.42017236,0.045022517
4958,76,84,0.37308264,0.4181642,0.045081556
5179,82,89,0.37616727,0.42137864,0.045211375
4841,73,87,0.37055773,0.41577986,0.045222133
5144,81,87,0.37196374,0.4172122,0.04524845
5245,84,93,0.37128106,0.41653606,0.045255005
4614,68,78,0.37491143,0.420168,0.045256585
5177,82,87,0.37074682,0.41600713,0.04526031
4711,70,86,0.3636369,0.40893185,0.04529494
4957,76,83,0.37176412,0.41706908,0.045304954
4572,67,82,0.3581565,0.4035337,0.045377195
5114,80,92,0.36734986,0.41273257,0.04538271
4997,77,85,0.37177983,0.41718078,0.045400947
5246,84,94,0.36744756,0.4128682,0.045420647
5247,84,95,0.36171773,0.40726355,0.045545816
4960,76,86,0.3751159,0.42066252,0.04554662
4914,75,79,0.36913055,0.41469318,0.045562625
5242,84,90,0.37337193,0.41896623,0.045594305
5113,80,91,0.37168908,0.41742188,0.045732796
4996,77,84,0.37012294,0.41588467,0.045761734
5244,84,92,0.373325,0.41910392,0.04577893
4956,76,82,0.37062284,0.4164092,0.04578635
5238,84,86,0.3657816,0.4117164,0.045934796
4832,73,78,0.3719766,0.4180642,0.046087593
5274,85,91,0.3713876,0.4175008,0.046113193
4961,76,87,0.37442356,0.42063138,0.046207815
5000,77,88,0.37287626,0.41910943,0.046233177
5108,80,86,0.36950147,0.41573825,0.046236783
5075,79,89,0.37440246,0.42067826,0.046275795
5215,83,94,0.36535525,0.41165116,0.04629591
4999,77,87,0.3737936,0.42011616,0.046322554
5150,81,93,0.36471027,0.41105545,0.046345174
5184,82,94,0.36199805,0.40839514,0.04639709
4882,74,87,0.37279508,0.419237,0.046441913
5273,85,90,0.3704828,0.41694188,0.04645908
4998,77,86,0.37326926,0.41974536,0.046476096
5074,79,88,0.37489006,0.42140675,0.046516687
5271,85,88,0.3678921,0.41440925,0.046517164
5073,79,87,0.3733248,0.41986725,0.046542436
5216,83,95,0.35904425,0.4056268,0.04658255
4620,68,84,0.3571635,0.40378794,0.046624452
5076,79,90,0.3720403,0.41875336,0.046713054
4955,76,81,0.3695256,0.41624227,0.04671666
5034,78,85,0.36943027,0.41621712,0.046786845
4922,75,87,0.3742603,0.42110533,0.04684502
3997,54,32,0.39311752,0.44000727,0.046889752
4666,69,85,0.36089966,0.40779084,0.046891183
4995,77,83,0.36894438,0.4158528,0.04690841
4873,74,78,0.36916322,0.41613528,0.046972066
5214,83,93,0.3699733,0.41699997,0.047026664
5272,85,89,0.3691755,0.41626957,0.047094077
5208,83,87,0.36939985,0.4165912,0.04719135
3581,46,27,0.41280672,0.4600452,0.04723847
4702,70,77,0.3753268,0.42256865,0.047241837
4746,71,77,0.37366986,0.4209278,0.04725793
5035,78,86,0.37166378,0.41894826,0.047284484
5001,77,89,0.37007362,0.41745988,0.04738626
5077,79,91,0.36850348,0.4159041,0.047400624
5270,85,87,0.36665314,0.41406998,0.047416836
3900,52,31,0.3980414,0.44547707,0.04743567
4568,67,78,0.37072492,0.41816205,0.04743713
4962,76,88,0.37214637,0.41961557,0.0474692
4842,73,88,0.3659018,0.41338903,0.04748723
5115,80,93,0.3614952,0.40910903,0.04761383
4658,69,77,0.37595743,0.4235839,0.047626466
4045,55,32,0.39290822,0.44062603,0.04771781
5143,81,86,0.3679973,0.41586617,0.047868878
5078,79,92,0.36378688,0.4117056,0.047918737
5176,82,86,0.36682454,0.41478544,0.047960907
4524,66,80,0.35896257,0.4070311,0.048068523
3692,48,28,0.41269663,0.46076575,0.04806912
5033,78,84,0.36750248,0.4155775,0.04807502
4800,72,88,0.36245647,0.41055372,0.048097253
5038,78,89,0.37219873,0.4203308,0.048132062
5072,79,86,0.37061176,0.4188121,0.04820034
4954,76,80,0.36842328,0.416649,0.04822573
4883,74,88,0.3687688,0.4170362,0.048267394
4994,77,82,0.3681484,0.41643617,0.04828778
4525,66,81,0.35504976,0.4035397,0.04848993
4573,67,83,0.3538508,0.4023715,0.048520684
5269,85,86,0.36553538,0.41410458,0.048569202
4789,72,77,0.3708979,0.41952318,0.04862529
5107,80,85,0.36611122,0.41478574,0.048674524
4523,66,79,0.36203626,0.41073984,0.04870358
4923,75,88,0.3709208,0.41964218,0.048721373
3849,51,30,0.40273756,0.4515226,0.04878503
5142,81,85,0.36449558,0.41331607,0.048820496
5079,79,93,0.35755914,0.40646878,0.048909634
3950,53,33,0.3885786,0.43749946,0.04892087
4756,71,87,0.36401284,0.4129585,0.048945665
5032,78,83,0.36646542,0.4154145,0.048949093
4621,68,85,0.3530336,0.4020304,0.048996806
4567,67,77,0.37154773,0.42056215,0.04901442
5071,79,85,0.36769277,0.41675887,0.049066097
5237,84,85,0.36382154,0.4128933,0.04907176
5037,78,88,0.37377036,0.42286178,0.04909143
4092,56,34,0.38178012,0.43089464,0.049114525
4913,75,78,0.36713308,0.4162697,0.04913661
5151,81,94,0.35830697,0.40762404,0.049317062
4831,73,77,0.36823934,0.41756767,0.049328327
3637,47,28,0.41131398,0.46070105,0.049387068
5036,78,87,0.37333375,0.42276126,0.04942751
4613,68,77,0.37476146,0.4242644,0.04950294
4993,77,81,0.36733195,0.4168421,0.04951015
3949,53,32,0.39328524,0.44283405,0.049548805
3798,50,30,0.40278038,0.4523523,0.0495719
5268,85,85,0.36446628,0.41405076,0.04958448
5040,78,91,0.3648827,0.41448736,0.049604654
3746,49,29,0.40774328,0.45737138,0.04962811
4872,74,77,0.36631718,0.41595346,0.049636275
5039,78,90,0.3689781,0.41867068,0.04969257
4963,76,89,0.3681702,0.4179719,0.049801707
4574,67,84,0.34965637,0.3994595,0.049803138
5002,77,90,0.36595944,0.41582704,0.0498676
5207,83,86,0.36614043,0.41607088,0.049930453
4953,76,79,0.36701834,0.41701886,0.05000052
4046,55,33,0.38770545,0.43784377,0.050138324
3999,54,34,0.38344863,0.43364877,0.050200135
4526,66,82,0.3508426,0.4010611,0.050218493
4667,69,86,0.3563409,0.40659735,0.05025646
5185,82,95,0.35525516,0.40563983,0.05038467
5175,82,85,0.36349675,0.41390797,0.050411224
5106,80,84,0.3638894,0.41436097,0.050471574
4830,73,76,0.36406216,0.41482446,0.050762296
5069,79,83,0.36463392,0.41543525,0.050801337
5141,81,84,0.362374,0.41319954,0.050825536
3998,54,33,0.3882262,0.43912128,0.050895065
5152,81,95,0.3511246,0.4021801,0.05105549
4522,66,78,0.36411592,0.4152088,0.051092863
3850,51,31,0.3979746,0.44908696,0.051112354
4924,75,89,0.36602777,0.4171493,0.051121533
3524,45,27,0.40964293,0.4608022,0.051159263
3693,48,29,0.4078099,0.45898318,0.05117327
5031,78,82,0.3661379,0.41739818,0.051260293
5041,78,92,0.3598272,0.4111456,0.051318407
3902,52,33,0.38867632,0.44004622,0.051369905
4884,74,89,0.3634134,0.41484728,0.05143389
4843,73,89,0.36027744,0.41175124,0.051473796
4527,66,83,0.34671602,0.3982776,0.051561594
4745,71,76,0.36825165,0.41995084,0.05169919
4701,70,76,0.37067956,0.42238647,0.05170691
3582,46,28,0.40869752,0.4604382,0.051740676
5204,83,83,0.361571,0.413341,0.05176997
4575,67,85,0.34560296,0.39737955,0.051776588
5267,85,84,0.36390513,0.4157045,0.051799357
4992,77,80,0.36641046,0.41835594,0.051945478
5236,84,84,0.36274478,0.4146914,0.05194661
4788,72,76,0.3656968,0.4177407,0.052043915
4712,70,87,0.35838723,0.41049734,0.052110106
4480,65,79,0.35283595,0.40495676,0.052120805
4566,67,76,0.37080887,0.422933,0.052124143
5070,79,84,0.36552364,0.41766346,0.05213982
5206,83,85,0.3633505,0.41551858,0.05216807
899,11,20,0.40949708,0.46172366,0.052226573
3799,50,31,0.3979295,0.4501946,0.052265108
4622,68,86,0.3486897,0.40096864,0.052278936
4657,69,76,0.372639,0.42496186,0.052322865
900,11,21,0.40864396,0.46097443,0.052330464
3638,47,29,0.40681124,0.45914274,0.052331507
4521,66,77,0.36520928,0.41759372,0.052384436
4481,65,81,0.3466956,0.3990803,0.052384704
4093,56,35,0.37648067,0.42886746,0.05238679
5138,81,81,0.36406124,0.4165682,0.052506953
5172,82,82,0.3622203,0.414818,0.0525977
4047,55,34,0.38250217,0.4351755,0.05267334
5171,82,81,0.3636511,0.41637903,0.052727938
5105,80,83,0.3632347,0.41596958,0.05273488
4479,65,78,0.3547824,0.40753606,0.052753657
3466,44,27,0.4062705,0.45902556,0.052755058
3747,49,30,0.40284932,0.45560792,0.052758604
5116,80,94,0.35446662,0.40723157,0.052764952
982,12,20,0.41083014,0.46362945,0.052799314
3901,52,32,0.39341474,0.44622612,0.052811384
4137,57,35,0.37629774,0.42912146,0.052823722
4912,75,77,0.3652585,0.41809717,0.052838653
4612,68,76,0.37299633,0.42589873,0.0529024
4871,74,76,0.36363125,0.41655782,0.05292657
3951,53,34,0.38390666,0.4368904,0.05298373
4528,66,84,0.34280607,0.39580262,0.052996546
898,11,19,0.40841568,0.46142006,0.053004384
983,12,21,0.40989807,0.46290898,0.05301091
4989,77,77,0.36467734,0.4177216,0.05304426
5068,79,82,0.3647493,0.41783708,0.05308777
3583,46,29,0.40479493,0.45788804,0.053093106
5080,79,94,0.3504396,0.40353468,0.053095073
5030,78,81,0.36576286,0.4189393,0.053176433
984,12,22,0.4072732,0.46045133,0.05317813
980,12,18,0.4079155,0.46109563,0.05318013
1067,13,22,0.40738207,0.4606169,0.053234816
4482,65,82,0.3432303,0.39648297,0.053252667
4801,72,89,0.35649756,0.40975317,0.053255618
817,10,21,0.40649912,0.45976105,0.053261936
5266,85,83,0.36400545,0.4172759,0.05327046
3639,47,30,0.40246785,0.45573938,0.053271532
5003,77,91,0.36124375,0.41452068,0.053276926
4952,76,78,0.36563188,0.41892433,0.053292453
3851,51,32,0.39335412,0.4467219,0.053367794
5235,84,83,0.36268428,0.4160905,0.05340621
901,11,22,0.40612772,0.45954773,0.053420007
815,10,19,0.40609053,0.4595256,0.053435057
4787,72,75,0.36039406,0.41384107,0.053447008
733,9,20,0.40406102,0.45751455,0.053453535
3403,43,25,0.41018903,0.4636572,0.053468168
816,10,20,0.40712962,0.4606418,0.053512186
652,8,21,0.40098563,0.45451912,0.053533494
3465,44,26,0.40992478,0.46346498,0.0535402
4964,76,90,0.3631139,0.41665486,0.053540945
3694,48,30,0.4030778,0.4566354,0.053557575
3525,45,28,0.4060759,0.45968664,0.053610742
1066,13,21,0.40997463,0.4636088,0.053634167
5205,83,84,0.36181462,0.4154851,0.053670496
734,9,21,0.40377286,0.45750302,0.05373016
3584,46,30,0.40117213,0.45491135,0.05373922
4757,71,88,0.3582735,0.41204515,0.053771645
3748,49,31,0.39805803,0.45183587,0.053777844
4048,55,35,0.37743968,0.43121815,0.05377847
897,11,18,0.4063944,0.46019605,0.053801656
4925,75,90,0.36035484,0.41437382,0.054018974
5004,77,92,0.3559983,0.41005045,0.054052144
651,8,20,0.40082076,0.45494083,0.054120064
5173,82,83,0.36130366,0.41550702,0.05420336
5174,82,84,0.36162904,0.4158394,0.054210365
981,12,19,0.40985596,0.46410263,0.054246664
5203,83,82,0.36246848,0.416728,0.05425951
3467,44,28,0.4031174,0.4573777,0.054260314
5067,79,81,0.3650061,0.41926876,0.054262668
5028,78,79,0.36485568,0.41912255,0.05426687
5117,80,95,0.3471742,0.40144894,0.054274738
5042,78,93,0.35355034,0.40786114,0.0543108
4094,56,36,0.3716069,0.42594936,0.05434248
5137,81,80,0.3652051,0.419554,0.054348886
570,7,21,0.3985533,0.45296752,0.054414213
3800,50,32,0.39316523,0.44758943,0.054424196
5170,82,80,0.36494341,0.41938433,0.054440916
3405,43,27,0.40276212,0.45724195,0.054479837
1068,13,23,0.4037134,0.45823708,0.054523677
4990,77,78,0.36472085,0.41925257,0.054531723
4138,57,36,0.37142417,0.4259692,0.054545045
1063,13,18,0.4087236,0.4632747,0.054551095
4991,77,79,0.36540243,0.41995877,0.05455634
818,10,22,0.40423837,0.4588013,0.054562926
985,12,23,0.40344992,0.45801762,0.054567695
1150,14,22,0.40687495,0.4614432,0.05456823
1065,13,20,0.4110718,0.46571916,0.054647356
406,5,21,0.39491656,0.4496424,0.054725826
5043,78,94,0.34687096,0.40165067,0.05477971
979,12,17,0.40618438,0.4609727,0.05478832
4223,59,37,0.36927372,0.4240899,0.054816186
4483,65,83,0.33983538,0.39466524,0.054829866
1149,14,21,0.4092841,0.46414506,0.05486095
488,6,21,0.39645082,0.45132023,0.054869413
325,4,21,0.39374396,0.44866863,0.054924667
5234,84,82,0.36351684,0.41845137,0.05493453
5027,78,78,0.36470228,0.41966882,0.05496654
4478,65,77,0.35562655,0.41060913,0.054982573
902,11,23,0.4024657,0.4574742,0.0550085
4885,74,90,0.3575003,0.41251647,0.05501616
3340,42,25,0.40629828,0.4613281,0.05502981
4181,58,36,0.37204352,0.4271371,0.055093586
4829,73,75,0.36040992,0.41550386,0.055093944
3903,52,34,0.38389307,0.43901083,0.055117756
1148,14,20,0.4105559,0.46572715,0.05517125
814,10,18,0.40418497,0.45936403,0.05517906
1064,13,19,0.4103834,0.46556953,0.055186123
5140,81,83,0.3619675,0.4172021,0.05523458
4324,61,62,0.31562147,0.37085938,0.05523792
569,7,20,0.39791846,0.4531862,0.05526775
4000,54,35,0.3787135,0.43398902,0.05527553
4565,67,75,0.36723724,0.42253077,0.05529353
735,9,22,0.40219608,0.45749497,0.055298895
4656,69,75,0.36770955,0.42301738,0.055307835
5139,81,82,0.3628177,0.4182687,0.055451006
1229,15,18,0.40938038,0.4648555,0.055475116
813,10,17,0.40234074,0.45783365,0.055492908
244,3,21,0.39280874,0.4483039,0.055495173
487,6,20,0.39559123,0.45112288,0.05553165
1151,14,23,0.40333357,0.45887798,0.055544406
5265,85,82,0.3647506,0.42030576,0.055555165
5104,80,82,0.36381212,0.41938993,0.055577815
5202,83,81,0.36390898,0.4195157,0.055606723
1146,14,18,0.4091926,0.4648045,0.05561191
1062,13,17,0.40720174,0.46286276,0.055661023
4399,63,63,0.31937245,0.37503484,0.055662394
4263,60,38,0.3671773,0.42286068,0.055683374
4988,77,76,0.36519858,0.42093635,0.055737764
4520,66,76,0.3646563,0.42039618,0.05573988
4668,69,87,0.35145116,0.40719473,0.055743575
653,8,22,0.40022767,0.45605433,0.055826664
819,10,23,0.40103537,0.4568651,0.055829734
1232,15,21,0.4080521,0.46388507,0.055832982
4340,62,41,0.36062795,0.41647163,0.05584368
4700,70,75,0.36479566,0.42064258,0.05584693
1312,16,18,0.40896806,0.46488026,0.055912197
1153,14,25,0.39317703,0.44909632,0.05591929
5026,78,77,0.36515978,0.42108303,0.055923253
5066,79,80,0.36523345,0.42120227,0.05596882
1313,16,19,0.40899837,0.46498317,0.055984795
1070,13,25,0.39358023,0.44961455,0.056034327
1230,15,19,0.40983257,0.46589053,0.05605796
5136,81,79,0.36550105,0.42155933,0.056058288
4361,62,62,0.3191595,0.3752206,0.05606109
730,9,17,0.39990175,0.45597687,0.056075126
405,5,20,0.39378595,0.4498867,0.056100756
5233,84,81,0.3648648,0.4209936,0.0561288
986,12,24,0.39888483,0.45502183,0.056136996
732,9,19,0.4031105,0.45927536,0.05616486
4951,76,77,0.36474228,0.4209277,0.056185424
1396,17,19,0.40761203,0.46382004,0.056208014
1314,16,20,0.40825966,0.4644721,0.056212425
5264,85,81,0.36590636,0.42213,0.05622363
5103,80,81,0.36466607,0.42089102,0.056224942
5262,85,79,0.36736667,0.42359322,0.05622655
4758,71,89,0.35208812,0.4083166,0.05622849
1155,14,27,0.38112974,0.43736267,0.05623293
896,11,17,0.4045018,0.46074846,0.056246668
4965,76,91,0.35786572,0.41412237,0.056256652
4611,68,75,0.36894608,0.4252038,0.056257725
3852,51,33,0.38853782,0.44480973,0.05627191
1238,15,27,0.38045368,0.43674952,0.056295842
5263,85,80,0.3669832,0.42330256,0.056319356
3695,48,31,0.39846683,0.4547922,0.056325376
1233,15,22,0.40585986,0.46219707,0.056337208
3749,49,32,0.39332217,0.44967136,0.056349188
1145,14,17,0.40793264,0.46428275,0.056350112
3207,40,24,0.4040061,0.46036476,0.056358665
4362,62,63,0.31691504,0.37332287,0.05640784
731,9,18,0.4015111,0.45794868,0.05643758
3526,45,29,0.40286314,0.45932353,0.05646038
1071,13,26,0.38775897,0.44421992,0.056460947
4264,60,39,0.36409256,0.4206001,0.056507528
4398,63,62,0.32196948,0.3785034,0.056533933
5029,78,80,0.36532158,0.42186788,0.0565463
3404,43,26,0.4061822,0.462733,0.0565508
4744,71,75,0.3621518,0.41871884,0.056567043
5065,79,79,0.3652547,0.42184684,0.056592137
1395,17,18,0.40755108,0.46416664,0.05661556
1147,14,19,0.4103326,0.46698204,0.056649446
245,3,22,0.3931258,0.44981366,0.05668786
1154,14,26,0.38710755,0.4438515,0.05674395
1072,13,27,0.38189626,0.4386472,0.056750953
4477,65,76,0.35475394,0.41151887,0.05676493
5261,85,78,0.36718023,0.42401615,0.05683592
1231,15,20,0.4094162,0.46626204,0.056845844
4302,61,40,0.3623018,0.41918933,0.056887537
1397,17,20,0.40708622,0.46398798,0.056901753
5260,85,77,0.3670798,0.424068,0.05698821
1069,13,24,0.39903164,0.456037,0.057005376
4360,62,61,0.32098848,0.37800762,0.057019144
1237,15,26,0.38648742,0.44355753,0.057070106
5232,84,80,0.3660989,0.42318752,0.057088614
5230,84,78,0.36637583,0.4234824,0.057106555
3342,42,27,0.39904478,0.45615825,0.05711347
1236,15,25,0.3925466,0.44966358,0.057116985
736,9,23,0.3997441,0.4568663,0.0571222
1234,15,23,0.40258044,0.45971143,0.057130992
4949,76,75,0.3649892,0.42212772,0.057138532
571,7,22,0.3983959,0.45555452,0.05715862
987,12,25,0.39380327,0.4509778,0.057174534
648,8,17,0.3974514,0.4546339,0.05718249
4623,68,87,0.34418815,0.40140262,0.05721447
324,4,20,0.39246655,0.44969413,0.05722758
5169,82,79,0.36535668,0.422585,0.057228327
5005,77,93,0.3499933,0.40725103,0.05725774
1228,15,17,0.4083495,0.46563601,0.0572865
4224,59,38,0.36593524,0.4232417,0.05730647
1152,14,24,0.39874026,0.456089,0.05734873
5201,83,80,0.36522862,0.42258227,0.057353646
903,11,24,0.39824706,0.45561546,0.057368398
3958,53,41,0.3580733,0.41544947,0.057376176
1311,16,17,0.40815255,0.46555248,0.05739993
1398,17,21,0.405965,0.46343985,0.05747485
988,12,26,0.38844147,0.44592047,0.057478994
5231,84,79,0.36659002,0.4240774,0.05748737
4966,76,92,0.35253915,0.41003332,0.057494164
3640,47,31,0.3984018,0.4559023,0.05750051
4519,66,75,0.36121708,0.41873494,0.057517856
166,2,22,0.39202675,0.44954693,0.05752018
3406,43,28,0.39988643,0.4574175,0.05753106
650,8,19,0.39990044,0.45743564,0.0575352
649,8,18,0.39866874,0.45620877,0.05754003
4049,55,36,0.3725643,0.4301067,0.057542413
4433,64,63,0.32175958,0.37933213,0.057572544
4844,73,90,0.3542649,0.41184008,0.057575196
167,2,23,0.39201623,0.44959393,0.0575777
247,3,24,0.39310917,0.45076087,0.0576517
4926,75,91,0.3547951,0.41245434,0.05765924
1400,17,23,0.401056,0.45872024,0.057664245
4323,61,61,0.31753886,0.37520364,0.05766478
567,7,18,0.39578044,0.45348364,0.057703197
5200,83,79,0.36571056,0.42342484,0.057714283
3527,45,30,0.3999355,0.4576769,0.057741374
1399,17,22,0.4042353,0.4619928,0.057757497
4469,65,64,0.32224348,0.38001716,0.05777368
1315,16,21,0.4068847,0.4646655,0.057780802
1235,15,24,0.39808983,0.4558961,0.057806283
4378,63,42,0.3589817,0.41681558,0.05783388
486,6,19,0.39422703,0.45211738,0.057890356
4182,58,37,0.36797595,0.42587927,0.05790332
5081,79,95,0.34363234,0.4015369,0.05790457
404,5,19,0.39203525,0.44994068,0.057905436
3952,53,35,0.37943134,0.43734947,0.05791813
4911,75,76,0.36397785,0.42191824,0.057940394
820,10,24,0.3974404,0.45538697,0.057946563
3801,50,33,0.38825524,0.44620442,0.057949185
1239,15,28,0.37475282,0.43271902,0.057966202
4397,63,61,0.3243147,0.38229838,0.057983667
3696,48,32,0.3940564,0.45208126,0.058024853
895,11,16,0.40369588,0.46173558,0.058039695
4303,61,41,0.3596499,0.4177024,0.05805251
5102,80,80,0.3654252,0.42347962,0.058054417
4950,76,76,0.36456627,0.42267814,0.058111876
4102,56,44,0.35055572,0.40868816,0.05813244
4325,61,63,0.3133839,0.37152845,0.05814454
4438,64,77,0.34461927,0.40277195,0.058152676
568,7,19,0.3968951,0.45508954,0.05819443
5044,78,95,0.34099042,0.39926255,0.058272123
5199,83,78,0.36543733,0.42371228,0.058274955
4439,64,78,0.34429088,0.4025799,0.05828902
5064,79,78,0.36528495,0.42357656,0.058291614
1156,14,28,0.37553358,0.43385008,0.0583165
1320,16,26,0.3860932,0.44445258,0.058359385
4304,61,42,0.35696176,0.41536862,0.05840686
1316,16,22,0.404956,0.46337926,0.05842325
89,1,24,0.3908093,0.4492533,0.058443993
3468,44,29,0.40036455,0.45884687,0.05848232
1394,17,17,0.40678978,0.46535385,0.058564067
165,2,21,0.391759,0.45033017,0.05857116
5085,80,63,0.35239604,0.41098022,0.058584183
421,5,36,0.3620085,0.42059448,0.05858597
1061,13,16,0.40640187,0.4649881,0.05858624
407,5,22,0.39514738,0.4537647,0.058617324
4564,67,74,0.36038142,0.41900426,0.058622837
4139,57,37,0.36723253,0.4258751,0.058642566
1402,17,25,0.39142454,0.45007378,0.058649242
1157,14,29,0.37044516,0.42911053,0.058665365
1486,18,26,0.38608462,0.4447562,0.058671594
5229,84,77,0.36622083,0.4249072,0.058686376
3957,53,40,0.36097124,0.419698,0.058726758
4967,76,93,0.3469599,0.40570763,0.05874774
3341,42,26,0.40231633,0.46107173,0.058755398
1321,16,27,0.38008854,0.4388444,0.058755875
3959,53,42,0.35541502,0.4141952,0.058780193
737,9,24,0.39695475,0.45579618,0.058841437
1478,18,18,0.40548658,0.46433467,0.058848083
1654,20,28,0.37654677,0.43541136,0.058864594
1570,19,27,0.3812662,0.44013542,0.058869213
1479,18,19,0.40593746,0.46486005,0.05892259
4713,70,88,0.35268354,0.4116223,0.05893874
5259,85,76,0.36725253,0.42622,0.05896747
5006,77,94,0.3440122,0.4029809,0.058968693
489,6,22,0.39661893,0.4555964,0.058977455
4468,65,63,0.32491964,0.38392904,0.059009403
3904,52,35,0.37942824,0.4384432,0.059014976
3909,52,40,0.36092472,0.41995755,0.059032828
2991,37,22,0.40358567,0.46264398,0.05905831
4868,74,73,0.36088726,0.41995525,0.059067994
18,0,33,0.37350625,0.4325809,0.05907464
5025,78,76,0.3659986,0.42507914,0.05908054
4910,75,75,0.36355528,0.42264682,0.05909154
246,3,23,0.3931777,0.45231563,0.05913794
1477,18,17,0.40459147,0.463743,0.05915153
3907,52,38,0.3678143,0.42699024,0.05917594
1481,18,21,0.40519738,0.46437413,0.059176743
4095,56,37,0.36735794,0.42653713,0.059179187
326,4,22,0.39404014,0.45322526,0.059185117
1480,18,20,0.40586996,0.46508688,0.059216917
255,3,32,0.3722939,0.4315636,0.059269696
4867,74,72,0.36110118,0.4203828,0.059281617
176,2,32,0.37259212,0.43187863,0.059286505
4432,64,62,0.32463944,0.3839364,0.059296966
4909,75,74,0.36371508,0.42301512,0.059300035
4434,64,64,0.31873593,0.3780437,0.059307784
4511,66,64,0.32681692,0.38612965,0.05931273
5086,80,64,0.35454163,0.4138604,0.05931878
3805,50,37,0.3712541,0.43060067,0.059346586
24,0,39,0.36165494,0.42101905,0.05936411
256,3,33,0.36969393,0.42908043,0.05938649
5101,80,79,0.36567387,0.42506152,0.059387654
654,8,23,0.39874947,0.45814326,0.059393793
1401,17,24,0.39659,0.45600548,0.05941549
4554,67,64,0.33210224,0.3915365,0.059434265
1482,18,22,0.40379587,0.46323466,0.059438795
168,2,24,0.39187512,0.4513363,0.059461176
503,6,36,0.3613605,0.42083076,0.059470266
1075,13,30,0.36727548,0.42674953,0.05947405
4230,59,44,0.34995818,0.40946317,0.059504986
1322,16,28,0.3742997,0.43382218,0.05952248
1736,21,28,0.37781912,0.43735725,0.059538126
3275,41,25,0.40262732,0.4621661,0.05953878
1653,20,27,0.3826226,0.44217017,0.059547573
485,6,18,0.39294243,0.45249507,0.05955264
1240,15,29,0.36947563,0.4290459,0.059570253
1074,13,29,0.37153634,0.43113065,0.059594303
3910,52,41,0.35774192,0.4173625,0.05962059
3853,51,34,0.38362098,0.44324234,0.059621364
4870,74,75,0.36181712,0.42145023,0.059633106
1158,14,30,0.36596176,0.42561153,0.059649765
3858,51,39,0.36430967,0.423979,0.059669346
3641,47,32,0.39441746,0.45409298,0.059675515
423,5,38,0.35664305,0.41632617,0.059683114
1319,16,25,0.39199388,0.4516806,0.05968672
5188,83,67,0.36084646,0.42054906,0.059702605
4714,70,89,0.3465056,0.40621537,0.059709758
422,5,37,0.35956433,0.4192784,0.05971408
90,1,25,0.3897816,0.4495311,0.059749514
183,2,39,0.357159,0.4169321,0.059773117
97,1,32,0.37371773,0.43351966,0.059801936
88,1,23,0.39102787,0.45083934,0.059811473
98,1,33,0.3712794,0.43110988,0.059830487
1317,16,23,0.40180862,0.461643,0.05983439
4400,63,64,0.31616256,0.37603202,0.05986947
566,7,17,0.39483526,0.4547088,0.05987355
4987,77,75,0.36591986,0.42579514,0.05987528
4647,69,66,0.3401758,0.40007544,0.05989963
4396,63,60,0.32703924,0.38694435,0.05990511
4379,63,43,0.35628724,0.41621277,0.059925526
4655,69,74,0.36131695,0.42125043,0.059933484
3585,46,31,0.3976883,0.45764884,0.059960544
17,0,32,0.37577304,0.43573457,0.059961528
1241,15,30,0.36470407,0.4246851,0.05998102
4610,68,74,0.3624291,0.42241997,0.059990853
3469,44,30,0.39791518,0.45792934,0.06001416
4555,67,65,0.32983425,0.38985592,0.06002167
177,2,33,0.37003383,0.4300897,0.06005588
505,6,38,0.3559072,0.4159666,0.0600594
3343,42,28,0.3964786,0.4565384,0.060059816
3750,49,33,0.38837212,0.44845042,0.060078293
3277,41,27,0.39532274,0.4554151,0.06009236
4601,68,65,0.3356763,0.39576903,0.060092717
1073,13,28,0.37641507,0.4365288,0.060113728
4008,54,43,0.35312068,0.41324377,0.060123086
22,0,37,0.36488447,0.4250615,0.06017703
4699,70,74,0.35832366,0.41850582,0.060182154
4908,75,73,0.36407906,0.4242626,0.060183555
4784,72,72,0.35225484,0.41246146,0.060206622
4363,62,64,0.31369627,0.37390605,0.06020978
1735,21,27,0.3841986,0.4444177,0.06021908
3857,51,38,0.36788854,0.42812264,0.0602341
248,3,25,0.39205825,0.45230055,0.060242295
3806,50,38,0.36770397,0.42795646,0.060252488
4476,65,75,0.3514678,0.41173357,0.06026578
3804,50,36,0.3748017,0.43506947,0.060267776
1407,17,30,0.363076,0.42335683,0.06028083
4103,56,45,0.34839007,0.40868506,0.060294986
1569,19,26,0.38691473,0.44721562,0.060300887
1076,13,31,0.3637681,0.4240782,0.060310096
4825,73,71,0.35754168,0.417855,0.060313314
99,1,34,0.36879256,0.42910767,0.060315102
812,10,16,0.4015409,0.46186838,0.06032747
4886,74,91,0.35183108,0.41215944,0.060328364
1817,22,27,0.38573703,0.44606864,0.060331613
1562,19,19,0.40409434,0.46443602,0.060341686
4326,61,64,0.31045982,0.37082252,0.060362697
4341,62,42,0.35789052,0.4182554,0.060364872
4147,57,45,0.34851637,0.40889323,0.060376853
5063,79,77,0.3657909,0.42616948,0.06037858
4057,55,44,0.35059416,0.41097814,0.060383976
572,7,23,0.39772946,0.45813766,0.060408205
575,7,26,0.3913915,0.4518037,0.060412228
4826,73,72,0.35694858,0.417372,0.060423404
87,1,22,0.39123467,0.4516629,0.060428232
978,12,16,0.40537184,0.46582302,0.06045118
260,3,37,0.3597071,0.420168,0.060460925
243,3,20,0.39146537,0.45194238,0.06047702
1818,22,28,0.3790709,0.43955407,0.060483158
1571,19,28,0.37526265,0.43577194,0.060509294
3407,43,29,0.39742956,0.45796636,0.0605368
1144,14,16,0.40706068,0.46763927,0.060578585
3908,52,39,0.3643274,0.4249171,0.0605897
4359,62,60,0.32338366,0.38398424,0.06060058
4828,73,74,0.357891,0.41852945,0.060638458
4518,66,74,0.35456514,0.41520956,0.060644418
4431,64,61,0.32764843,0.38829494,0.060646504
103,1,38,0.36068466,0.42133737,0.060652703
4430,64,60,0.33075926,0.39142457,0.06066531
2993,37,24,0.39681935,0.4574974,0.060678035
1323,16,29,0.36878955,0.42947972,0.060690165
4229,59,43,0.35241178,0.4131171,0.060705334
4901,75,66,0.364662,0.42538023,0.06071824
1487,18,27,0.38036144,0.44108325,0.060721815
656,8,25,0.39422083,0.4549546,0.060733765
4786,72,74,0.35595882,0.4167066,0.060747772
23,0,38,0.36315534,0.42390648,0.06075114
424,5,39,0.35349378,0.41427958,0.0607858
504,6,37,0.35894227,0.4197543,0.060812026
4146,57,44,0.35032275,0.41113523,0.060812473
4286,60,61,0.3140154,0.3748498,0.060834408
1159,14,31,0.36213687,0.42297792,0.060841054
5168,82,78,0.3649987,0.4258679,0.060869187
4742,71,73,0.35139933,0.41226974,0.06087041
182,2,38,0.35877407,0.41964757,0.06087351
4782,72,70,0.35330564,0.4142026,0.060896963
904,11,25,0.39377502,0.45469296,0.060917944
1318,16,24,0.39735824,0.45828328,0.060925037
5062,79,76,0.36665517,0.42761135,0.06095618
4231,59,45,0.34777582,0.4087487,0.06097287
4510,66,63,0.32915938,0.39013374,0.06097436
4948,76,74,0.3655288,0.4265114,0.060982615
4785,72,73,0.35327363,0.41426992,0.060996294
1899,23,27,0.387267,0.44827643,0.061009437
13,0,28,0.38484618,0.44586438,0.0610182
4556,67,66,0.32741553,0.38845107,0.061035544
4287,60,62,0.3118117,0.37286353,0.061051846
655,8,24,0.3968139,0.45787624,0.061062336
250,3,27,0.38751596,0.4485868,0.06107083
4401,63,65,0.31302974,0.37410262,0.061072886
501,6,34,0.36583254,0.4269475,0.061114967
4435,64,65,0.3159313,0.37705332,0.06112203
729,9,16,0.3992577,0.4603996,0.06114191
490,6,23,0.39641055,0.45756382,0.061153263
102,1,37,0.36237395,0.42356536,0.06119141
4058,55,45,0.34800935,0.4092098,0.06120044
336,4,32,0.37242484,0.4336277,0.061202854
4001,54,36,0.37401554,0.435226,0.061210454
178,2,34,0.36748558,0.42869917,0.061213583
5024,78,75,0.3667755,0.42799285,0.061217338
4602,68,66,0.33361438,0.39484534,0.061230958
5258,85,75,0.36717626,0.42841408,0.061237812
4866,74,71,0.36142033,0.42266247,0.061242133
3854,51,35,0.37912166,0.4403656,0.06124395
5255,85,72,0.36427876,0.42552537,0.061246604
3754,49,37,0.3708222,0.4320694,0.0612472
420,5,35,0.36439753,0.4256507,0.06125316
3803,50,35,0.3787568,0.44001022,0.06125343
993,12,31,0.36562178,0.4268775,0.061255723
93,1,28,0.38408953,0.44535202,0.06126249
1900,23,28,0.3805949,0.44186494,0.06127003
5100,80,78,0.3655662,0.42683947,0.061273277
19,0,34,0.37110734,0.43238977,0.061282426
1561,19,18,0.403241,0.46454045,0.061299443
86,1,21,0.39100546,0.4523111,0.061305642
1324,16,30,0.36371574,0.4250259,0.061310172
583,7,34,0.3639787,0.42529324,0.061314523
506,6,39,0.3525329,0.41387367,0.06134078
4743,71,74,0.3561809,0.4175291,0.0613482
4183,58,38,0.3648134,0.42616305,0.06134966
4288,60,63,0.3094865,0.37085137,0.06136486
261,3,38,0.3576828,0.4190489,0.06136611
994,12,32,0.36285663,0.42422745,0.06137082
5084,80,62,0.35081357,0.4121882,0.061374635
323,4,19,0.39042085,0.45182824,0.061407387
1645,20,19,0.40235537,0.46376723,0.061411858
4509,66,62,0.33168802,0.39312547,0.061437458
4648,69,67,0.3384068,0.39986882,0.061462015
4009,54,44,0.35044903,0.41191188,0.06146285
100,1,35,0.3664565,0.42792925,0.061472744
92,1,27,0.38627535,0.44775176,0.06147641
4783,72,71,0.35254845,0.41403785,0.061489403
4512,66,65,0.3244617,0.38596314,0.061501443
5135,81,78,0.36519676,0.42670512,0.061508358
5157,82,67,0.3612894,0.42280003,0.061510623
3276,41,26,0.3985587,0.4600698,0.0615111
4824,73,70,0.35816067,0.4197133,0.061552614
4986,77,74,0.36654675,0.42810887,0.06156212
4865,74,70,0.36188582,0.42345893,0.061573118
4869,74,74,0.36091822,0.4225106,0.06159237
1403,17,26,0.38587382,0.44746765,0.06159383
1816,22,26,0.39199853,0.4535927,0.06159416
587,7,38,0.35494378,0.41655314,0.061609358
3210,40,27,0.39178118,0.4533918,0.06161061
2918,36,23,0.39879164,0.4604214,0.061629772
4902,75,67,0.36586463,0.42757154,0.0617069
4470,65,65,0.319712,0.38143453,0.061722517
4248,59,62,0.3080872,0.3698197,0.0617325
1404,17,27,0.3800325,0.44178042,0.06174791
4265,60,40,0.36129773,0.42305776,0.06176004
4225,59,39,0.36309683,0.4248632,0.061766356
1408,17,31,0.35801882,0.41979143,0.061772615
5187,83,66,0.3602792,0.42205364,0.061774433
491,6,24,0.3957841,0.45756242,0.061778307
104,1,39,0.35918283,0.42096418,0.061781347
4900,75,65,0.36222807,0.42401552,0.061787456
586,7,37,0.35767004,0.41947076,0.06180072
3697,48,33,0.38922092,0.451029,0.06180808
4904,75,69,0.36540502,0.4272192,0.06181419
4861,74,66,0.36276078,0.42457545,0.061814666
20,0,35,0.36883965,0.4306923,0.061852634
12,0,27,0.38658231,0.4484374,0.061855078
7,0,22,0.39092657,0.4527911,0.061864525
4056,55,43,0.35293356,0.41480032,0.06186676
5048,79,62,0.34904143,0.41091362,0.061872184
5219,84,67,0.36143586,0.42332053,0.06188467
172,2,28,0.38397542,0.4458641,0.061888695
4741,71,72,0.34837887,0.41026777,0.061888903
3208,40,25,0.39938664,0.46127564,0.061888993
4903,75,68,0.36595276,0.42786166,0.0619089
4513,66,66,0.32199475,0.38392413,0.061929375
4414,64,44,0.35447276,0.4164722,0.06199944
5099,80,77,0.365792,0.42779592,0.06200391
3802,50,34,0.38327506,0.4452926,0.06201753
4780,72,68,0.35516223,0.41719854,0.062036306
502,6,35,0.36351955,0.4255723,0.062052757
4781,72,69,0.35424373,0.41630846,0.062064737
5089,80,67,0.36370644,0.42579123,0.062084794
3065,38,23,0.40324107,0.46532792,0.06208685
573,7,24,0.39653575,0.4586237,0.062087953
3137,39,24,0.40126973,0.4633949,0.062125176
4436,64,66,0.31358325,0.37571087,0.06212762
412,5,27,0.38824797,0.4503764,0.062128425
4649,69,68,0.33662215,0.39876068,0.062138528
25,0,40,0.36017492,0.4223208,0.06214589
4312,61,50,0.3430874,0.40523878,0.062151372
3953,53,36,0.37503397,0.4371929,0.062158912
3807,50,39,0.3641549,0.4263141,0.06215918
1242,15,31,0.36048824,0.42265296,0.062164724
4188,58,43,0.35208306,0.4142661,0.062183052
3528,45,31,0.39686057,0.45904863,0.06218806
331,4,27,0.38803932,0.4502343,0.062194973
3753,49,36,0.37448037,0.4366837,0.062203348
1405,17,28,0.3741154,0.4363197,0.0622043
1737,21,29,0.37123686,0.43344447,0.06220761
21,0,36,0.36674234,0.42895788,0.062215537
3408,43,30,0.39515427,0.4573789,0.062224627
171,2,27,0.38670197,0.4489275,0.06222552
251,3,28,0.3843939,0.44662458,0.062230676
262,3,39,0.3557388,0.4180122,0.062273413
3701,48,37,0.36992955,0.4322051,0.06227556
259,3,36,0.36190036,0.42418858,0.062288225
1077,13,32,0.36083984,0.42313018,0.06229034
2763,34,19,0.40178698,0.464078,0.062291026
578,7,29,0.3803849,0.44268376,0.062298864
822,10,26,0.3900445,0.452356,0.0623115
3859,51,40,0.36077824,0.4231085,0.062330246
327,4,23,0.39414388,0.45648152,0.062337637
3209,40,26,0.39516228,0.45750162,0.062339336
1227,15,16,0.40733248,0.46968243,0.062349945
1563,19,20,0.40457326,0.46693572,0.062362462
408,5,23,0.39516133,0.4575293,0.062367976
4313,61,51,0.34197158,0.40434566,0.062374085
1819,22,29,0.37247643,0.43485793,0.062381506
3856,51,37,0.3714349,0.43383172,0.062396824
169,2,25,0.3908074,0.45321333,0.062405944
4823,73,69,0.3588803,0.42129073,0.062410414
5257,85,74,0.36660746,0.42901996,0.0624125
1406,17,29,0.36840948,0.43082362,0.06241414
2840,35,20,0.401847,0.46426505,0.062418044
4821,73,67,0.3601499,0.4225756,0.062425703
2916,36,21,0.40262106,0.46504888,0.06242782
3278,41,28,0.39295447,0.4553911,0.06243664
105,1,40,0.35768282,0.42012396,0.06244114
342,4,38,0.35708153,0.41952395,0.062442422
1727,21,19,0.4006903,0.46316868,0.062478393
1490,18,30,0.36287388,0.42535418,0.0624803
5124,81,67,0.3622353,0.4247201,0.0624848
101,1,36,0.3642799,0.426771,0.06249109
91,1,26,0.38821286,0.4507177,0.06250483
738,9,25,0.3939522,0.4564598,0.0625076
419,5,34,0.36700454,0.42951643,0.06251189
5007,77,95,0.33914745,0.40169492,0.062547475
1491,18,31,0.35740343,0.41995898,0.06255555
500,6,33,0.36842376,0.430998,0.06257424
3855,51,36,0.37510493,0.43768126,0.062576324
1652,20,26,0.38840207,0.45097992,0.06257784
1981,24,27,0.38856313,0.4511443,0.06258118
4738,71,69,0.34858853,0.41117057,0.062582046
905,11,26,0.389193,0.4517761,0.06258309
588,7,39,0.35182238,0.41441283,0.06259045
4471,65,66,0.31735316,0.3799437,0.06259054
4693,70,68,0.34337613,0.4059678,0.06259167
1325,16,31,0.35905087,0.42167643,0.06262556
4467,65,62,0.32781827,0.39044413,0.062625855
4285,60,60,0.31640434,0.37905267,0.062648326
341,4,37,0.3595324,0.42218208,0.0626497
5049,79,63,0.35151464,0.41417465,0.06266001
4050,55,37,0.3682811,0.4309462,0.062665105
5189,83,68,0.36138242,0.42404905,0.062666625
343,4,39,0.35451669,0.41718596,0.06266928
1572,19,29,0.3690824,0.43175265,0.06267026
184,2,40,0.35539338,0.4180677,0.062674314
665,8,34,0.362232,0.42491955,0.062687546
821,10,25,0.39375886,0.4564479,0.062689036
5091,80,69,0.36784318,0.43054,0.062696815
664,8,33,0.36519426,0.42789477,0.06270051
2919,36,24,0.39496696,0.45767248,0.06270552
181,2,37,0.36058545,0.42331207,0.06272662
5090,80,68,0.3661886,0.42892188,0.06273329
1734,21,26,0.39021903,0.4529528,0.06273377
4600,68,64,0.33762982,0.40036464,0.06273481
989,12,27,0.38301304,0.44576338,0.06275034
340,4,36,0.36188832,0.42464763,0.06275931
328,4,24,0.39406306,0.4568378,0.06277475
1476,18,16,0.4036964,0.46649224,0.06279585
3755,49,38,0.3671357,0.42993638,0.062800676
3905,52,36,0.3752506,0.438053,0.062802404
4351,62,52,0.34288138,0.40568504,0.062803656
2843,35,23,0.39684233,0.45965463,0.0628123
4947,76,73,0.3660079,0.42885005,0.06284216
1898,23,26,0.39364338,0.45648703,0.06284365
4907,75,72,0.364132,0.4269863,0.06285432
4247,59,61,0.3104425,0.3733031,0.06286058
4650,69,69,0.33542663,0.39829093,0.0628643
5220,84,68,0.36106557,0.42395747,0.0628919
669,8,38,0.353581,0.41647914,0.06289813
660,8,29,0.37992755,0.442836,0.06290844
1488,18,28,0.37440667,0.4373196,0.06291294
339,4,35,0.36437127,0.42729783,0.06292656
4927,75,92,0.34950835,0.41245574,0.06294739
4104,56,46,0.3458542,0.40880272,0.062948525
5061,79,75,0.3674561,0.43040907,0.062952965
8,0,23,0.39060086,0.45357302,0.06297216
4322,61,60,0.31985316,0.38282633,0.06297317
164,2,20,0.39039135,0.45336792,0.06297657
4148,57,46,0.34639463,0.40937454,0.06297991
332,4,28,0.3848907,0.44787318,0.06298247
5023,78,74,0.36729237,0.43027863,0.062986255
1489,18,29,0.36849368,0.43148708,0.06299341
582,7,33,0.3666122,0.4296103,0.062998116
344,4,40,0.3517062,0.41470465,0.062998444
425,5,40,0.35017627,0.41319343,0.06301716
5156,82,66,0.3597899,0.4228084,0.0630185
5198,83,77,0.36523706,0.42828244,0.06304538
1560,19,17,0.40212527,0.465207,0.06308174
1982,24,28,0.38229766,0.44539312,0.06309545
4985,77,73,0.3669478,0.4300546,0.063106805
9,0,24,0.3903897,0.4534978,0.06310809
906,11,27,0.38447267,0.44758922,0.06311655
746,9,33,0.3643439,0.42746052,0.06311661
10,0,25,0.38946527,0.4525835,0.06311822
4140,57,38,0.36398277,0.4271102,0.06312743
1901,23,29,0.37424752,0.43737987,0.063132346
5254,85,71,0.36284375,0.42597982,0.06313607
4005,54,40,0.36049998,0.42364153,0.063141555
4603,68,67,0.33157983,0.39472395,0.06314412
1393,17,16,0.40579015,0.46893862,0.06314847
4694,70,69,0.34201202,0.4051623,0.06315029
5256,85,73,0.36565903,0.4288156,0.063156575
4311,61,49,0.34377372,0.4069706,0.06319687
1160,14,32,0.35883242,0.42204273,0.06321031
4192,58,47,0.34438786,0.40760258,0.06321472
5054,79,68,0.36805516,0.43127087,0.0632157
995,12,33,0.36018753,0.4234058,0.063218266
1644,20,18,0.4010656,0.46429813,0.06323254
4944,76,70,0.36676642,0.43001062,0.063244194
4609,68,73,0.35386583,0.41712114,0.06325531
4827,73,73,0.3569171,0.42018014,0.06326303
4190,58,45,0.34832862,0.41159368,0.063265055
3344,42,29,0.39424953,0.45756057,0.06331104
3860,51,41,0.35737604,0.4207061,0.063330054
493,6,26,0.39131755,0.45464832,0.06333077
892,11,13,0.40899593,0.4723591,0.063363165
403,5,18,0.39049494,0.4539103,0.06341535
2842,35,22,0.39900523,0.46243,0.063424766
1310,16,16,0.40709946,0.47052577,0.063426316
3586,46,32,0.3939258,0.45735586,0.06343007
739,9,26,0.39078864,0.45422718,0.063438535
5087,80,65,0.3573451,0.42078537,0.06344026
1326,16,32,0.35481963,0.41826287,0.06344324
4864,74,69,0.3625338,0.4259777,0.0634439
4350,62,51,0.34404415,0.40749487,0.063450724
5190,83,69,0.36227193,0.42572543,0.063453496
5125,81,68,0.36426085,0.4277149,0.06345406
4191,58,46,0.3464567,0.40991786,0.063461155
1655,20,29,0.37011078,0.43359077,0.06347999
3645,47,36,0.3727883,0.43627337,0.063485056
823,10,27,0.38612276,0.4496086,0.06348583
4557,67,67,0.32527775,0.38876414,0.0634864
579,7,30,0.3764144,0.43990725,0.063492864
5167,82,77,0.3647388,0.4282436,0.063504815
3066,38,24,0.39891866,0.46243033,0.06351167
5020,78,71,0.36836192,0.43187734,0.063515425
338,4,34,0.36707094,0.430607,0.06353605
5126,81,69,0.3659022,0.42944098,0.06353879
4096,56,38,0.36396384,0.42751646,0.06355262
584,7,35,0.36179474,0.4253478,0.063553065
5121,81,64,0.35535717,0.41891494,0.063557774
4010,54,45,0.34748894,0.41104832,0.06355938
5159,82,69,0.36395952,0.42752177,0.063562244
4946,76,72,0.36599317,0.42955542,0.063562244
977,12,15,0.40560406,0.46916646,0.06356239
5158,82,68,0.36263397,0.42620274,0.06356877
3960,53,43,0.3528838,0.4164616,0.0635778
1983,24,29,0.37637573,0.43995458,0.063578844
106,1,41,0.3558331,0.41941333,0.063580215
4822,73,68,0.3596225,0.4232104,0.063587904
4576,67,87,0.3375546,0.40117627,0.06362167
5053,79,67,0.3656684,0.42929155,0.06362316
4862,74,67,0.36339435,0.42703128,0.06363693
4968,76,94,0.34178278,0.40542182,0.063639045
4984,77,72,0.36706197,0.4307199,0.06365794
3911,52,42,0.3548279,0.41849428,0.06366637
4646,69,65,0.34180802,0.40547502,0.063667
4415,64,45,0.3517321,0.41540235,0.06367025
668,8,37,0.35577717,0.41945443,0.06367725
4149,57,47,0.34387186,0.40755028,0.06367841
4274,60,49,0.3424395,0.40611908,0.063679576
26,0,41,0.35846615,0.42214617,0.06368002
745,9,32,0.36789802,0.43159178,0.06369376
3470,44,31,0.39508823,0.45878598,0.063697755
5057,79,71,0.36894953,0.43264747,0.063697934
5226,84,74,0.3663929,0.43009183,0.06369892
4184,58,39,0.3621952,0.42589715,0.06370196
574,7,25,0.39432275,0.45803788,0.06371513
5134,81,77,0.36509582,0.42881545,0.06371963
3700,48,36,0.37395158,0.43767434,0.06372276
170,2,26,0.3890599,0.45278716,0.06372726
4802,72,90,0.35044587,0.4141893,0.06374344
4475,65,74,0.3456368,0.4093886,0.06375179
6,0,21,0.39078432,0.45454583,0.0637615
5092,80,70,0.36854586,0.43231317,0.063767314
1485,18,25,0.3913342,0.45510268,0.063768476
3751,49,34,0.38326463,0.44705626,0.06379163
589,7,40,0.34837756,0.41217104,0.06379348
409,5,24,0.3949387,0.45873278,0.06379408
249,3,26,0.3901613,0.45395616,0.06379485
1573,19,30,0.36302885,0.4268306,0.063801736
5228,84,76,0.36641014,0.4302124,0.06380227
3140,39,27,0.38858768,0.45239487,0.06380719
975,12,13,0.4100572,0.4738679,0.063810706
912,11,33,0.3620176,0.4258322,0.06381461
3961,53,44,0.35001922,0.41383895,0.063819736
4305,61,43,0.3541615,0.4179818,0.0638203
3642,47,33,0.3896982,0.45352224,0.06382403
507,6,40,0.34904107,0.4128706,0.06382951
4604,68,68,0.32992223,0.39379713,0.0638749
5060,79,74,0.36791822,0.43179956,0.06388134
4945,76,71,0.366088,0.42997348,0.06388548
4389,63,53,0.3432031,0.40709046,0.06388736
4983,77,71,0.36739352,0.43129125,0.06389773
5098,80,76,0.36656004,0.43046242,0.06390238
4552,67,62,0.33622313,0.40013924,0.06391612
828,10,32,0.36683732,0.4307585,0.06392118
4275,60,50,0.3414213,0.40534595,0.06392464
740,9,27,0.38726297,0.45120066,0.063937694
4465,65,60,0.33413357,0.39807382,0.06394026
417,5,32,0.37228724,0.4362351,0.06394786
1820,22,30,0.36624992,0.43020085,0.063950926
3861,51,42,0.3541895,0.4181449,0.063955426
4395,63,59,0.33019987,0.39416137,0.063961506
4388,63,52,0.34456012,0.4085241,0.06396398
4380,63,44,0.35355467,0.4175331,0.06397843
4906,75,71,0.3642066,0.42819524,0.063988626
4273,60,48,0.34313786,0.40714228,0.06400442
3698,48,34,0.3837103,0.44774154,0.06403124
1243,15,32,0.35671037,0.4207559,0.06404552
418,5,33,0.36976445,0.43381205,0.064047605
5021,78,72,0.3679389,0.4319974,0.06405848
426,5,41,0.3467594,0.41082913,0.06406972
329,4,25,0.3928786,0.45695058,0.06407198
4233,59,47,0.34413683,0.40822676,0.064089924
5097,80,75,0.36735103,0.43144098,0.064089954
4551,67,61,0.33827576,0.4023734,0.06409764
5022,78,73,0.36770752,0.4318461,0.06413859
4670,69,89,0.34036538,0.4045086,0.06414321
180,2,36,0.36268672,0.42687428,0.06418756
4605,68,69,0.3294465,0.39363602,0.06418952
4651,69,70,0.3360053,0.40019858,0.06419328
2844,35,24,0.39328292,0.45749784,0.064214915
5123,81,66,0.3598409,0.42406896,0.06422806
4226,59,40,0.36035854,0.42459643,0.06423789
4051,55,38,0.36484432,0.42908373,0.06423941
4390,63,54,0.3417712,0.40601614,0.064244956
1968,24,14,0.39952517,0.46378088,0.064255714
4193,58,48,0.3425687,0.40683153,0.06426284
4349,62,50,0.34490156,0.40916696,0.0642654
258,3,35,0.36442414,0.42869154,0.0642674
4860,74,65,0.36113808,0.42540622,0.06426814
3956,53,39,0.36405826,0.42833048,0.064272225
3752,49,35,0.37856358,0.44283608,0.06427249
2064,25,29,0.37828693,0.4425606,0.064273685
4234,59,48,0.3427924,0.4070776,0.06428522
5127,81,70,0.36687806,0.4311665,0.06428844
992,12,30,0.36898395,0.43327272,0.064288765
4695,70,70,0.3414572,0.40575647,0.064299285
4669,69,88,0.34609294,0.41039318,0.06430024
4737,71,68,0.3497484,0.41405463,0.06430623
179,2,35,0.36501598,0.42932728,0.064311296
809,10,13,0.4075421,0.47186023,0.06431812
1656,20,30,0.36361584,0.4279495,0.06433365
508,6,41,0.34556746,0.4099048,0.06433734
4189,58,44,0.3501079,0.41445357,0.06434566
670,8,39,0.3510428,0.4153939,0.06435108
410,5,25,0.39348924,0.4578709,0.06438166
4235,59,49,0.34163243,0.4060236,0.064391166
2063,25,28,0.3836295,0.44803405,0.06440455
4387,63,51,0.34554836,0.40997556,0.0644272
658,8,27,0.387737,0.45221153,0.06447452
1984,24,30,0.37087935,0.43537357,0.06449422
11,0,26,0.38813326,0.45263585,0.0645026
913,11,34,0.3588405,0.42336068,0.06452018
4863,74,68,0.3631375,0.4276781,0.064540595
3138,39,25,0.3965916,0.4611376,0.06454599
5019,78,70,0.3692022,0.43375266,0.06455046
4314,61,52,0.34056234,0.40511677,0.06455442
5055,79,69,0.36928272,0.4338399,0.064557165
5056,79,70,0.36934522,0.43391445,0.064569235
657,8,26,0.39123374,0.45580652,0.06457278
5250,85,67,0.3630608,0.4276369,0.06457609
2994,37,25,0.3922866,0.4568678,0.064581215
337,4,33,0.3698502,0.43443888,0.064588696
494,6,27,0.38818708,0.45278573,0.06459865
5224,84,72,0.36465886,0.42928195,0.06462309
2295,28,19,0.3976442,0.4622794,0.06463522
4845,73,91,0.34867555,0.41331545,0.064639896
580,7,31,0.37278804,0.43742853,0.06464049
4352,62,53,0.34140936,0.40606117,0.06465182
257,3,34,0.36702687,0.43168372,0.06465685
4982,77,70,0.36829874,0.43295965,0.06466091
4342,62,43,0.3552146,0.41987926,0.06466466
1902,23,30,0.36840084,0.43306622,0.06466538
5122,81,65,0.3574446,0.42212382,0.064679205
2992,37,23,0.40089098,0.46557233,0.06468135
3646,47,37,0.36824623,0.43293306,0.064686835
585,7,36,0.35981354,0.42450076,0.06468722
345,4,41,0.34860677,0.4133024,0.06469563
185,2,41,0.35327002,0.41797796,0.064707935
330,4,26,0.39079574,0.4555111,0.064715356
827,10,31,0.3702219,0.43493947,0.06471756
4002,54,37,0.36981457,0.43453965,0.06472507
263,3,40,0.35353145,0.41825747,0.064726025
671,8,40,0.34797144,0.41271693,0.064745486
4905,75,70,0.36468372,0.42943093,0.064747214
4563,67,73,0.3513305,0.41608167,0.06475118
2917,36,22,0.40121338,0.46596736,0.06475398
1409,17,32,0.3532652,0.41803282,0.06476763
4267,60,42,0.35600805,0.4207798,0.06477174
1143,14,15,0.406755,0.47155312,0.06479812
5059,79,73,0.36836952,0.43318227,0.06481275
1639,20,13,0.40561223,0.4704384,0.06482616
4740,71,71,0.34728643,0.41212308,0.06483665
3279,41,29,0.39095625,0.4557971,0.06484085
4739,71,70,0.34760016,0.4124431,0.06484294
5088,80,66,0.36061028,0.4254809,0.064870626
4698,70,73,0.35182267,0.41669825,0.06487557
3912,52,43,0.3520939,0.4169724,0.06487849
2065,25,30,0.37322992,0.43812338,0.064893454
498,6,31,0.37391368,0.43880874,0.06489506
1809,22,19,0.39905488,0.46395135,0.064896464
910,11,31,0.36794412,0.4328413,0.06489718
4276,60,51,0.33988035,0.40478015,0.0648998
4266,60,41,0.3586799,0.4235855,0.06490561
5227,84,75,0.3665582,0.43147522,0.06491703
5221,84,69,0.36133042,0.42625144,0.06492102
4270,60,45,0.34767935,0.41260272,0.064923376
1813,22,23,0.40459117,0.4695301,0.06493893
590,7,41,0.34507537,0.41003412,0.06495875
4424,64,54,0.34322459,0.40819594,0.06497136
3409,43,31,0.39256057,0.4575345,0.06497392
4558,67,68,0.3239532,0.38893273,0.06497952
4246,59,60,0.3128534,0.37785766,0.06500426
497,6,30,0.3772706,0.44227573,0.06500512
3530,45,33,0.38790867,0.45291516,0.065006495
1575,19,32,0.35159206,0.41660318,0.065011114
894,11,15,0.40410298,0.46913782,0.06503484
4466,65,61,0.33096096,0.39600387,0.06504291
1564,19,21,0.40449134,0.46954775,0.06505641
5093,80,71,0.36873874,0.43380657,0.06506783
3345,42,30,0.39224088,0.45730957,0.06506869
1141,14,13,0.41056922,0.47564527,0.06507605
5251,85,68,0.3619887,0.42707837,0.06508967
1078,13,33,0.3580809,0.42317474,0.065093845
1893,23,21,0.40324256,0.46834403,0.065101475
5133,81,76,0.3655685,0.43067664,0.06510815
2062,25,27,0.38929302,0.4544188,0.06512579
3211,40,28,0.38936624,0.45449919,0.065132946
1058,13,13,0.41055408,0.47570813,0.065154046
1492,18,32,0.35218054,0.41733518,0.06515464
5223,84,71,0.36329004,0.42844865,0.065158606
499,6,32,0.37107807,0.43624184,0.06516376
1060,13,15,0.40638387,0.47155425,0.06517038
411,5,26,0.3911153,0.45631987,0.06520456
911,11,32,0.36497796,0.43018496,0.065207005
4006,54,41,0.35794103,0.42316198,0.06522095
747,9,34,0.36094114,0.4261994,0.065258265
1574,19,31,0.35713834,0.4224092,0.06527087
3471,44,32,0.39123014,0.4565022,0.06527206
4059,55,46,0.34515136,0.41042593,0.06527457
1649,20,23,0.4020928,0.4673953,0.06530249
829,10,33,0.363441,0.42877963,0.06533864
3862,51,43,0.35112336,0.41647413,0.06535077
3954,53,37,0.3710467,0.43640155,0.065354854
4654,69,73,0.35366827,0.4190246,0.065356314
893,11,14,0.4059147,0.47129083,0.06537613
1732,21,24,0.40022027,0.46560222,0.065381944
1811,22,21,0.4033735,0.46875718,0.06538367
1658,20,32,0.35168958,0.41707736,0.065387785
4508,66,61,0.3344136,0.3998282,0.06541461
3529,45,32,0.3930458,0.4584673,0.06542149
666,8,35,0.3597573,0.4251815,0.065424204
4269,60,44,0.35033205,0.41575792,0.06542587
990,12,28,0.37780994,0.44324195,0.06543201
1651,20,25,0.39368835,0.45912373,0.06543538
3139,39,26,0.3921785,0.4576143,0.0654358
581,7,32,0.3695273,0.43496755,0.06544024
1161,14,33,0.35583845,0.42128414,0.06544569
1731,21,23,0.40341762,0.46886748,0.06544986
5094,80,72,0.3687944,0.43425333,0.06545892
5095,80,73,0.36852118,0.4339949,0.065473706
663,8,32,0.36851045,0.43398982,0.06547937
647,8,16,0.39703077,0.4625647,0.065533936
2451,30,17,0.39993364,0.46547273,0.06553909
672,8,41,0.34483343,0.41037574,0.06554231
509,6,42,0.34229025,0.40785524,0.06556499
3410,43,32,0.3888183,0.4544008,0.065582514
416,5,31,0.3748738,0.44047344,0.06559965
5196,83,75,0.3657952,0.43140438,0.06560919
4423,64,53,0.34445834,0.41007334,0.065615
253,3,30,0.3780197,0.44363508,0.065615386
4517,66,73,0.34596786,0.4115843,0.06561643
1738,21,30,0.36469692,0.4303168,0.065619886
174,2,30,0.37813565,0.4437756,0.06563994
591,7,42,0.34218997,0.4078317,0.06564173
4053,55,40,0.35973513,0.42538053,0.0656454
3808,50,40,0.36061454,0.42627373,0.065659195
1556,19,13,0.40767723,0.47335312,0.065675884
907,11,28,0.3798228,0.44552073,0.06569794
1483,18,23,0.40071005,0.46641636,0.06570631
4161,57,59,0.30949575,0.37520784,0.065712094
3809,50,41,0.3571329,0.42284912,0.06571621
4928,75,93,0.3443614,0.41008326,0.06572187
495,6,28,0.38477793,0.45053482,0.06575689
5058,79,72,0.3686762,0.43443605,0.06575987
15,0,30,0.3803991,0.44616094,0.065761834
492,6,25,0.39398268,0.45975497,0.065772295
27,0,42,0.35606685,0.4218739,0.065807045
4358,62,59,0.3264575,0.39226493,0.06580743
4004,54,39,0.36323708,0.42905188,0.06581479
659,8,28,0.38393372,0.44975486,0.06582114
2214,27,18,0.39708742,0.46291378,0.06582636
991,12,29,0.37308505,0.43891233,0.06582728
811,10,15,0.4021779,0.46801013,0.06583223
1646,20,20,0.40338203,0.46921456,0.065832525
2292,28,16,0.39959943,0.46544477,0.06584534
1648,20,22,0.40396056,0.46981525,0.0658547
95,1,30,0.3788492,0.4447044,0.065855205
3913,52,44,0.34909064,0.41494784,0.0658572
1643,20,17,0.39976123,0.46562588,0.06586465
1975,24,21,0.40314847,0.46901417,0.065865695
4969,76,95,0.33777237,0.40364888,0.06587651
4232,59,46,0.34588602,0.41176358,0.06587756
810,10,14,0.40430468,0.47018644,0.06588176
4440,64,85,0.32878143,0.394676,0.065894574
4003,54,38,0.36624876,0.43217868,0.06592992
85,1,20,0.38960356,0.455551,0.06594744
5050,79,64,0.3545461,0.42049766,0.065951556
1810,22,20,0.4013068,0.46727648,0.065969676
3587,46,33,0.38906443,0.4550367,0.06597227
5132,81,75,0.36632785,0.43231177,0.06598392
2145,26,29,0.37960944,0.44561487,0.06600544
413,5,28,0.38511962,0.45114526,0.066025645
14,0,29,0.38278097,0.44881067,0.0660297
4007,54,42,0.35550827,0.42154062,0.06603235
576,7,27,0.3879921,0.4540271,0.06603497
5225,84,73,0.3658207,0.4318562,0.06603548
4162,57,60,0.30703157,0.3730695,0.06603792
1657,20,31,0.35738882,0.4234824,0.066093564
753,9,40,0.3475656,0.4136735,0.0661079
3906,52,37,0.3714364,0.43754694,0.06611055
5096,80,74,0.36793172,0.4340461,0.066114366
175,2,31,0.37526253,0.441383,0.066120476
4939,76,65,0.36227366,0.4283947,0.06612104
4307,61,45,0.3483939,0.41451544,0.06612155
1895,23,23,0.40555686,0.47168735,0.06613049
4194,58,49,0.3408215,0.4069581,0.0661366
1410,17,33,0.3492215,0.4153592,0.0661377
2131,26,15,0.39933422,0.46547994,0.06614572
3473,44,34,0.37935948,0.44550565,0.066146165
3962,53,45,0.34676674,0.41292173,0.06615499
5166,82,76,0.36498806,0.43114614,0.066158086
414,5,29,0.38155282,0.44771218,0.06615937
2294,28,18,0.39732054,0.46348616,0.066165626
5222,84,70,0.36213508,0.42831534,0.06618026
1224,15,13,0.410274,0.4764739,0.0661999
2146,26,30,0.37502214,0.44123146,0.066209316
1814,22,24,0.40186942,0.46808484,0.066215426
909,11,30,0.37136486,0.43758744,0.06622258
4236,59,50,0.34003052,0.40627173,0.066241205
427,5,42,0.34318504,0.40942723,0.06624219
996,12,34,0.35731173,0.42357966,0.06626794
3643,47,34,0.38375422,0.45004094,0.06628671
1728,21,20,0.40234452,0.46863517,0.06629065
1568,19,25,0.39212644,0.45841795,0.06629151
4429,64,59,0.33388177,0.40018913,0.066307366
3067,38,25,0.39427766,0.46058804,0.066310376
5197,83,76,0.365391,0.4317117,0.06632072
2608,32,18,0.40075102,0.4670734,0.066322386
667,8,36,0.3577076,0.42403525,0.06632766
1973,24,19,0.39793044,0.46427318,0.06634274
5128,81,71,0.36750665,0.43386233,0.066355675
334,4,30,0.37807053,0.44443175,0.06636122
2374,29,19,0.39754653,0.463909,0.06636247
3141,39,28,0.3858819,0.45224783,0.06636593
5165,82,75,0.36558065,0.4319683,0.06638765
4150,57,48,0.3415506,0.40794423,0.06639364
1059,13,14,0.40764663,0.47405154,0.06640491
242,3,19,0.38929915,0.45570606,0.066406906
333,4,29,0.38144332,0.44785663,0.06641331
577,7,28,0.3843023,0.45072138,0.066419095
4052,55,39,0.3621053,0.42852747,0.066422164
1812,22,22,0.4049696,0.47139353,0.06642392
2215,27,19,0.3978107,0.46428132,0.06647062
1725,21,17,0.3975861,0.46405837,0.06647226
751,9,38,0.35200977,0.41850105,0.066491276
2135,26,19,0.397767,0.46425906,0.06649205
4097,56,39,0.36141926,0.42791346,0.0664942
3590,46,36,0.37087247,0.43739486,0.06652239
752,9,39,0.3501192,0.41664308,0.06652388
264,3,41,0.35094786,0.41747242,0.066524565
5191,83,70,0.36328873,0.42982578,0.06653705
3644,47,35,0.37784153,0.4443855,0.06654397
1974,24,20,0.40040052,0.4669447,0.066544175
4054,55,41,0.35740513,0.42395088,0.066545755
4474,65,73,0.3383218,0.4048782,0.066556394
254,3,31,0.37502465,0.44158235,0.066557705
4141,57,39,0.3614215,0.42798653,0.06656504
661,8,30,0.37590155,0.4424693,0.06656775
3346,42,31,0.38986066,0.4564299,0.06656924
908,11,29,0.37538978,0.44196996,0.06658018
4425,64,55,0.34214634,0.40873992,0.06659359
4484,65,86,0.3306746,0.39726868,0.066594094
3810,50,42,0.35363895,0.4202447,0.06660575
1726,21,18,0.39900047,0.46562153,0.066621065
1892,23,20,0.40073383,0.4673631,0.06662926
5161,82,71,0.36593202,0.43258035,0.066648334
2144,26,28,0.38435382,0.4510099,0.06665608
1327,16,33,0.35118273,0.41784143,0.066658705
1244,15,33,0.35341743,0.42012233,0.0667049
4204,58,59,0.3124282,0.37914088,0.06671268
4888,74,93,0.3419712,0.4086894,0.06671822
914,11,35,0.3556558,0.42238185,0.06672606
4353,62,54,0.3398401,0.40657285,0.066732734
1886,23,14,0.39855838,0.46530685,0.06674847
4364,62,65,0.3103617,0.3771331,0.06677139
1977,24,23,0.406076,0.47284836,0.06677234
1390,17,13,0.40973252,0.4765051,0.06677258
4559,67,69,0.32430503,0.39108384,0.06677881
94,1,29,0.38158953,0.44837183,0.066782296
1566,19,23,0.4010574,0.4678416,0.0667842
96,1,31,0.37622118,0.44301453,0.06679335
1730,21,22,0.40450165,0.4713019,0.06680027
1576,19,33,0.34676322,0.4135648,0.06680158
2767,34,23,0.39542747,0.4622377,0.06681022
4820,73,66,0.36005464,0.4268667,0.06681207
1739,21,31,0.35844272,0.42525712,0.06681439
4227,59,41,0.3576184,0.4244343,0.06681591
673,8,42,0.34216014,0.4089794,0.06681925
4345,62,46,0.34756175,0.41438878,0.06682703
335,4,31,0.37504417,0.44187748,0.06683332
3756,49,39,0.36344683,0.43029264,0.066845804
976,12,14,0.4070778,0.47392505,0.066847265
1328,16,34,0.34844667,0.415314,0.06686732
1733,21,25,0.39566204,0.46255657,0.06689453
4451,65,46,0.35057887,0.4174937,0.06691483
744,9,31,0.3715586,0.43847725,0.06691864
4887,74,92,0.34666842,0.41358903,0.06692061
3069,38,27,0.38584042,0.45277447,0.06693405
1808,22,18,0.3970781,0.46404156,0.066963464
252,3,29,0.38119122,0.4481616,0.06697038
186,2,42,0.35045972,0.4174409,0.06698117
2768,34,24,0.39211264,0.45909542,0.066982776
4940,76,66,0.36555672,0.4325447,0.06698799
16,0,31,0.37803903,0.44503382,0.066994786
2136,26,20,0.39966688,0.4666683,0.06700143
741,9,28,0.38347068,0.45047712,0.06700644
496,6,29,0.38105989,0.4480721,0.06701222
2056,25,21,0.40268308,0.4697041,0.06702101
484,6,17,0.39206856,0.4591159,0.06704733
5160,82,70,0.36502728,0.43208286,0.06705558
1473,18,13,0.40915218,0.47621003,0.06705785
4105,56,47,0.34288204,0.409943,0.06706098
4315,61,53,0.33901912,0.406085,0.067065895
1650,20,24,0.39837965,0.4654527,0.06707305
830,10,34,0.36000085,0.42707953,0.06707868
1493,18,33,0.3476908,0.4147759,0.06708512
1411,17,34,0.34623653,0.41333672,0.0671002
1891,23,19,0.3981891,0.4652914,0.06710231
1567,19,24,0.396859,0.46396735,0.06710836
998,12,36,0.35146785,0.4185848,0.067116946
4206,58,61,0.30724275,0.37437034,0.067127585
742,9,29,0.37942824,0.44657886,0.06715062
1079,13,34,0.35529223,0.42244324,0.06715101
1980,24,26,0.3947013,0.46185845,0.06715715
915,11,36,0.35263127,0.41978925,0.067157984
2055,25,20,0.39997783,0.46714875,0.06717092
4099,56,41,0.3568186,0.4240047,0.06718612
826,10,30,0.37388325,0.44108042,0.067197174
3811,50,43,0.3500612,0.41726866,0.067207456
662,8,31,0.37208116,0.43930626,0.0672251
824,10,28,0.3820388,0.4492771,0.0672383
5252,85,69,0.361583,0.42882225,0.067239255
1896,23,24,0.40324545,0.47050652,0.06726107
3702,48,38,0.36583433,0.43309596,0.067261636
2920,36,25,0.39059895,0.45786986,0.067270905
3531,45,34,0.38149545,0.44878244,0.067287
3280,41,30,0.38910475,0.45640028,0.06729552
4516,66,72,0.3368756,0.4041774,0.06730181
1821,22,31,0.36026594,0.42761904,0.0673531
3863,51,44,0.34776998,0.41513357,0.06736359
4101,56,43,0.35254207,0.41991845,0.067376375
4529,66,87,0.33218545,0.3995636,0.06737816
481,6,14,0.3974597,0.4648494,0.06738973
754,9,41,0.34469482,0.41208616,0.067391336
1890,23,18,0.39618564,0.4635782,0.06739256
2686,33,19,0.4000959,0.4674894,0.06739348
1659,20,33,0.34673503,0.4141294,0.067394376
2143,26,27,0.38935444,0.45675272,0.06739828
1647,20,21,0.40396994,0.47136986,0.06739992
4422,64,52,0.3457473,0.41317055,0.067423254
4936,76,62,0.34840563,0.41583502,0.06742939
173,2,29,0.3811132,0.4485505,0.06743729
1565,19,22,0.40368006,0.47115695,0.0674769
748,9,35,0.3580033,0.4254916,0.06748831
1815,22,25,0.39751977,0.46501103,0.06749126
4098,56,40,0.3590739,0.4265693,0.067495406
3412,43,34,0.37678665,0.44431686,0.067530215
4624,68,88,0.33933455,0.4068761,0.06754154
2841,35,21,0.40017712,0.46772453,0.06754741
2226,27,30,0.3758194,0.44338605,0.06756663
3955,53,38,0.36736995,0.43494093,0.067570984
5010,78,61,0.34543747,0.41301656,0.06757909
4268,60,43,0.35323423,0.4208215,0.06758726
4931,76,57,0.3427738,0.41036856,0.06759477
3212,40,29,0.38735083,0.4549462,0.06759536
3281,41,31,0.38691995,0.45452723,0.06760728
3472,44,33,0.38593468,0.4535514,0.06761673
4118,56,60,0.30456266,0.37219584,0.06763318
4277,60,52,0.33818957,0.40584835,0.06765878
997,12,35,0.3543895,0.4220513,0.06766182
415,5,30,0.37798142,0.4456929,0.06771147
4760,71,91,0.34082726,0.4085452,0.06771794
1484,18,24,0.396214,0.4639336,0.06771958
4391,63,55,0.34036377,0.40808704,0.067723274
727,9,14,0.40235913,0.47010034,0.067741215
1897,23,25,0.399141,0.46688843,0.067747414
4606,68,70,0.33132464,0.39910212,0.067777485
2921,36,26,0.3860597,0.4538411,0.06778139
1309,16,15,0.40632325,0.4741325,0.067809254
107,1,42,0.35329786,0.42110747,0.06780961
4759,71,90,0.3460093,0.41383016,0.06782085
3068,38,26,0.38975853,0.45761526,0.06785673
1978,24,24,0.4040653,0.47192836,0.06786305
4652,69,71,0.33936894,0.40723443,0.06786549
1226,15,15,0.40672967,0.47461396,0.067884296
1245,15,34,0.35072678,0.4186187,0.067891926
4347,62,48,0.34564844,0.4135583,0.06790987
1142,14,14,0.4077227,0.47563452,0.0679118
4692,70,67,0.34494618,0.41286135,0.06791517
2050,25,15,0.39818022,0.46613622,0.067956
2216,27,20,0.39935705,0.46733287,0.06797582
5118,81,61,0.35269564,0.4207108,0.06801516
3914,52,45,0.34562215,0.4136551,0.06803295
1307,16,13,0.40997246,0.47801295,0.06804049
4846,73,92,0.3438286,0.41187668,0.06804809
3533,45,36,0.36862007,0.43667498,0.068054914
1756,21,48,0.33113572,0.3992027,0.068066984
2995,37,26,0.3877185,0.45578685,0.068068355
2225,27,29,0.380125,0.4482033,0.06807831
2296,28,20,0.39879924,0.4668811,0.068081856
4195,58,50,0.33868554,0.4067676,0.068082064
1162,14,34,0.35308006,0.42116573,0.06808567
4460,65,55,0.34365925,0.41175708,0.06809783
4143,57,41,0.35655355,0.42465827,0.068104714
563,7,14,0.39869508,0.466804,0.06810892
4185,58,40,0.35951465,0.42763114,0.068116486
5129,81,72,0.367908,0.4360318,0.06812379
1976,24,22,0.4055738,0.47373885,0.068165064
4804,72,92,0.3406491,0.4088184,0.068169296
1839,22,49,0.3304027,0.39857855,0.06817585
4459,65,54,0.34448925,0.41269687,0.06820762
1080,13,35,0.35261896,0.42083374,0.068214774
3647,47,38,0.36371017,0.43192855,0.06821838
4011,54,46,0.34437555,0.4125945,0.06821895
4473,65,72,0.330744,0.39898252,0.06823853
1894,23,22,0.40538722,0.47363454,0.06824732
3213,40,30,0.38541085,0.45365873,0.068247885
4205,58,60,0.3097538,0.37800556,0.06825176
4310,61,48,0.34419024,0.41247326,0.06828302
1494,18,34,0.34435806,0.412656,0.06829795
1903,23,31,0.3627672,0.43109044,0.068323255
1588,19,45,0.33663687,0.40500218,0.068365306
831,10,35,0.35673195,0.42511323,0.06838128
4893,75,58,0.3408266,0.40921968,0.06839308
3000,37,31,0.37053528,0.4389389,0.0684036
2137,26,21,0.40202954,0.4704435,0.06841394
4272,60,47,0.344073,0.41249982,0.06842682
161,2,15,0.39650425,0.46493664,0.06843239
2764,34,20,0.39971215,0.4681684,0.06845626
2375,29,20,0.39826748,0.4667513,0.06848383
3474,44,35,0.372473,0.44097397,0.068500966
1412,17,35,0.3444704,0.4129962,0.06852579
4930,75,95,0.3366475,0.4051768,0.06852928
749,9,36,0.3555891,0.42412758,0.06853849
5,0,20,0.38922217,0.45779526,0.06857309
4696,70,71,0.34266028,0.41124308,0.0685828
81,1,15,0.3985941,0.46718952,0.06859541
4117,56,59,0.30695376,0.3755593,0.06860554
1740,21,32,0.352747,0.42135572,0.06860873
1672,20,46,0.33367714,0.40228757,0.06861043
645,8,14,0.4004005,0.4690112,0.0686107
916,11,37,0.3502147,0.4188261,0.06861141
5195,83,74,0.36613685,0.43475083,0.068613976
4850,74,55,0.34435788,0.41298196,0.06862408
4929,75,94,0.339894,0.40854132,0.068647325
4308,61,46,0.34623894,0.41491652,0.068677574
4464,65,59,0.33708102,0.4057617,0.068680674
4237,59,51,0.33801892,0.40670583,0.0686869
4973,77,61,0.34447223,0.4131628,0.06869057
728,9,15,0.4000633,0.46876308,0.06869978
4761,71,92,0.3369507,0.40566394,0.06871325
1671,20,45,0.334433,0.40315637,0.06872338
1559,19,16,0.4012743,0.4700051,0.0687308
4625,68,89,0.33428094,0.40301314,0.0687322
3759,49,42,0.3527472,0.42150977,0.06876257
1985,24,31,0.36550054,0.43426785,0.06876731
2058,25,23,0.40576565,0.4745553,0.06878966
3591,46,37,0.36575875,0.43455338,0.06879464
266,3,43,0.34429717,0.41309366,0.068796486
2766,34,22,0.39735845,0.46617252,0.06881407
4116,56,58,0.30921277,0.3780315,0.06881872
4207,58,62,0.30476934,0.3736175,0.06884816
2845,35,25,0.38912666,0.45798638,0.068859726
2223,27,27,0.38895196,0.4578154,0.06886345
4186,58,41,0.35688183,0.42574915,0.068867326
674,8,43,0.34002277,0.40889633,0.068873554
187,2,43,0.3472398,0.41612732,0.06888753
2926,36,31,0.3676432,0.43653893,0.06889573
3699,48,35,0.3784503,0.447358,0.06890771
3588,46,34,0.38283885,0.4517502,0.068911344
4321,61,59,0.32282212,0.39174002,0.0689179
5082,80,60,0.34966463,0.41858453,0.0689199
3214,40,31,0.38323873,0.45216486,0.068926126
3349,42,34,0.3743435,0.44328874,0.06894523
2212,27,16,0.39851838,0.46746725,0.068948865
4891,75,56,0.34331685,0.41227096,0.06895411
3347,42,32,0.38634142,0.45530823,0.068966806
319,4,15,0.3931031,0.4620775,0.068974406
3411,43,33,0.38351613,0.45250505,0.06898892
1308,16,14,0.40705997,0.47606328,0.069003314
825,10,29,0.37788966,0.4468952,0.06900555
2061,25,26,0.39497346,0.46399763,0.069024175
1741,21,33,0.34772542,0.41675648,0.06903106
1838,22,48,0.33055955,0.39959615,0.0690366
755,9,42,0.34214872,0.411188,0.069039285
1495,18,35,0.3424607,0.41150895,0.069048256
346,4,42,0.34513217,0.41419035,0.06905818
3413,43,35,0.36980233,0.43887252,0.06907019
3142,39,29,0.3834863,0.45256183,0.069075525
3757,49,40,0.3598907,0.42896858,0.06907788
1163,14,35,0.35074043,0.4198235,0.069083065
4271,60,46,0.3456131,0.41471946,0.06910637
322,4,18,0.38861027,0.45773837,0.069128096
4306,61,44,0.3511774,0.42034152,0.06916413
918,11,39,0.34715882,0.41632426,0.06916544
2224,27,28,0.38445553,0.4536403,0.06918478
4585,68,49,0.35160065,0.42078787,0.069187224
1804,22,14,0.3984655,0.46766737,0.06920186
1225,15,14,0.40748677,0.47669268,0.06920591
836,10,40,0.34673166,0.41595346,0.069221795
2306,28,30,0.37511393,0.4443373,0.069223374
4055,55,42,0.35514733,0.42442733,0.06928
4608,68,72,0.34440976,0.41370296,0.0692932
1081,13,36,0.35013443,0.41942814,0.06929371
1329,16,35,0.34663588,0.41593805,0.06930217
4160,57,58,0.312106,0.38142022,0.06931421
2305,28,29,0.37949994,0.44881797,0.06931803
1822,22,32,0.35466304,0.42398554,0.0693225
4151,57,49,0.33939573,0.40874127,0.069345534
999,12,37,0.3490394,0.4184009,0.06936151
3758,49,41,0.35643846,0.42580247,0.06936401
4452,65,47,0.34905535,0.41842663,0.06937128
4943,76,69,0.36765403,0.4370287,0.06937468
2066,25,31,0.36809325,0.43747094,0.06937769
5052,79,66,0.3622159,0.43160504,0.069389135
4106,56,48,0.3402498,0.4096392,0.0693894
265,3,42,0.34777993,0.41718733,0.0694074
1979,24,25,0.40009966,0.46951213,0.06941247
3703,48,39,0.36181492,0.43126476,0.06944984
1577,19,34,0.34310058,0.41255477,0.06945419
4852,74,57,0.34139714,0.41088164,0.0694845
1392,17,15,0.40514657,0.4746416,0.06949502
1840,22,50,0.32960716,0.39910793,0.069500774
3963,53,46,0.3433765,0.41288328,0.069506794
5192,83,71,0.36437032,0.43389583,0.06952551
750,9,37,0.3536766,0.4232032,0.06952661
1753,21,45,0.33248997,0.4020366,0.06954664
2851,35,31,0.36538774,0.4349346,0.06954685
1587,19,44,0.3373713,0.40691915,0.06954786
4494,66,47,0.3505635,0.42012623,0.06956273
2059,25,24,0.4038306,0.4733938,0.06956321
743,9,30,0.3753809,0.44495466,0.06957376
1503,18,43,0.33975676,0.4093463,0.069589555
1475,18,15,0.40337306,0.4729659,0.06959283
4538,67,48,0.35122558,0.4208319,0.069606304
2372,29,17,0.39880043,0.46840802,0.069607586
2054,25,19,0.39779067,0.4673989,0.06960824
4808,73,54,0.34558448,0.4151999,0.06961542
1391,17,14,0.40623903,0.4758607,0.06962165
4892,75,57,0.34171692,0.41134942,0.0696325
2925,36,30,0.37026942,0.4399108,0.06964138
2134,26,18,0.39673942,0.4664219,0.06968248
2999,37,30,0.37320763,0.44289145,0.06968382
2530,31,18,0.39942214,0.4691248,0.069702655
4386,63,50,0.34622276,0.41594324,0.06972048
1246,15,35,0.34870222,0.41842508,0.06972286
5045,79,59,0.34702963,0.41675854,0.06972891
917,11,38,0.34850854,0.41825384,0.0697453
1722,21,14,0.3995252,0.46927592,0.069750726
1904,23,32,0.35730055,0.4270573,0.06975675
4679,70,54,0.34603962,0.4158004,0.06976077
4974,77,62,0.34779143,0.41755617,0.06976473
3144,39,31,0.3786769,0.4484552,0.06977832
1729,21,21,0.4036724,0.47349504,0.06982264
4060,55,47,0.34203595,0.41189104,0.069855094
2057,25,22,0.40517858,0.4750522,0.06987363
756,9,43,0.34017316,0.41004953,0.06987637
1413,17,36,0.34373438,0.41362578,0.06989139
4366,62,84,0.32235745,0.39227688,0.06991944
4697,70,72,0.34614354,0.41606835,0.0699248
2217,27,21,0.40127346,0.47120386,0.069930404
1969,24,15,0.39725968,0.46719813,0.06993845
4724,71,55,0.343964,0.41390875,0.06994474
3070,38,28,0.3826553,0.45260483,0.06994954
4142,57,40,0.35896027,0.42891437,0.0699541
1675,20,49,0.33154115,0.40150112,0.06995997
4426,64,56,0.34094125,0.4109021,0.06996086
4100,56,42,0.35460162,0.42457187,0.06997025
4346,62,47,0.34612826,0.4160998,0.06997153
5193,83,72,0.36544955,0.4354284,0.06997886
1558,19,15,0.40119433,0.4711858,0.06999147
2297,28,21,0.40036383,0.4703634,0.069999576
4152,57,50,0.3368514,0.4068664,0.07001501
82,1,16,0.39343265,0.46344784,0.07001519
3073,38,31,0.37421858,0.44425473,0.07003614
3001,37,32,0.36778322,0.43783334,0.07005012
1000,12,38,0.34724012,0.41732123,0.070081115
4244,59,58,0.31876495,0.38885963,0.070094675
4653,69,72,0.345588,0.41569,0.070102006
3589,46,35,0.37651688,0.44662175,0.07010487
1670,20,44,0.33493665,0.40505144,0.07011479
4343,62,44,0.35243326,0.42254975,0.07011649
4970,77,58,0.34294298,0.41307688,0.070133895
3812,50,44,0.34617016,0.41632298,0.07015282
2227,27,31,0.37121677,0.4413872,0.07017043
2765,34,21,0.39826894,0.46844473,0.0701758
28,0,43,0.35315853,0.4233577,0.07019916
1557,19,14,0.40314338,0.47334683,0.07020345
1586,19,43,0.33785203,0.40805662,0.070204586
2060,25,25,0.40007657,0.47030422,0.07022765
2147,26,31,0.37019444,0.44043756,0.07024312
2384,29,29,0.37764883,0.44790736,0.07025853
1841,22,51,0.32803926,0.3983105,0.07027125
2996,37,27,0.3834564,0.4537374,0.070281
1496,18,36,0.34181967,0.41210592,0.070286244
4562,67,72,0.34155467,0.41184127,0.0702866
109,1,44,0.34715927,0.41745883,0.070299566
3760,49,43,0.34878024,0.4190912,0.07031095
832,10,36,0.35389915,0.42421097,0.070311815
1247,15,36,0.34723872,0.41755342,0.070314705
1164,14,36,0.34876624,0.41911072,0.07034448
2850,35,30,0.36801508,0.43837014,0.07035506
4418,64,48,0.3473681,0.4177393,0.07037121
3348,42,33,0.38112327,0.45149794,0.07037467
837,10,41,0.34436795,0.41474307,0.070375115
1330,16,36,0.3455998,0.41599298,0.070393175
1986,24,32,0.3601238,0.43051767,0.07039386
5248,85,65,0.36432824,0.43472862,0.07040039
3282,41,32,0.3836864,0.45411712,0.070430726
3915,52,46,0.34191254,0.4123544,0.07044187
3864,51,45,0.34401122,0.41448098,0.07046977
4316,61,54,0.337325,0.40780565,0.070480645
4779,72,67,0.35594708,0.4264296,0.07048252
2774,34,30,0.36655408,0.43704033,0.07048625
4803,72,91,0.34501332,0.4155169,0.07050359
5218,84,66,0.3616922,0.43220943,0.07051724
2132,26,16,0.3974467,0.4680067,0.07056001
1082,13,37,0.3480513,0.41861606,0.07056475
1807,22,17,0.3957691,0.46633977,0.07057068
3143,39,30,0.38110024,0.4516856,0.07058537
838,10,42,0.34218395,0.41276997,0.070586026
4309,61,47,0.34477767,0.41538593,0.07060826
5162,82,72,0.36662945,0.43725017,0.070620716
4851,74,56,0.34269953,0.41333085,0.070631325
347,4,43,0.3415239,0.4121581,0.070634216
1502,18,42,0.3399301,0.41056496,0.07063487
1590,19,47,0.33397835,0.4046266,0.07064825
1918,23,46,0.32943022,0.40008497,0.07065475
4354,62,55,0.33802944,0.4086897,0.07066026
1001,12,39,0.34583968,0.4165195,0.07067981
1835,22,45,0.331001,0.40168527,0.070684254
1972,24,18,0.39625958,0.46695307,0.07069349
2067,25,32,0.36277145,0.43346775,0.070696294
3284,41,34,0.37202907,0.4427356,0.07070655
4278,60,53,0.33653218,0.40724322,0.07071105
1083,13,38,0.34644586,0.4171582,0.07071233
4344,62,45,0.3497982,0.42051458,0.07071638
2053,25,18,0.3964651,0.46718454,0.07071945
1640,20,14,0.40110368,0.47183883,0.07073516
4938,76,64,0.3579016,0.4286397,0.07073811
4643,69,62,0.34558716,0.41633067,0.0707435
5120,81,63,0.35384083,0.42459166,0.07075083
2846,35,26,0.3846302,0.45542088,0.07079068
3071,38,29,0.37973505,0.45053324,0.07079819
3215,40,32,0.38023567,0.45103517,0.0707995
2609,32,19,0.39896873,0.46977222,0.07080349
1578,19,35,0.34079295,0.4115982,0.07080525
4890,74,95,0.33564684,0.4064566,0.07080975
1673,20,47,0.3326499,0.40346265,0.07081276
4805,72,93,0.3372449,0.4080701,0.07082519
1414,17,37,0.34344938,0.41428167,0.07083228
2544,31,32,0.36098912,0.43183288,0.070843756
5130,81,73,0.3677882,0.4386438,0.07085562
1752,21,44,0.3327876,0.4036571,0.070869505
428,5,43,0.33969942,0.4105702,0.07087079
4899,75,64,0.35858682,0.4294654,0.070878595
1331,16,37,0.34487042,0.41575384,0.07088342
4428,64,58,0.33680093,0.40769404,0.07089311
4283,60,58,0.3224535,0.39334863,0.070895135
400,5,15,0.39314926,0.46405748,0.07090822
1474,18,14,0.40497664,0.47589123,0.0709146
3146,39,33,0.37178415,0.44270116,0.07091701
2385,29,30,0.37304923,0.4439718,0.07092258
3704,48,40,0.35813028,0.42905375,0.07092348
1660,20,34,0.34276256,0.41368678,0.07092422
5131,81,74,0.36708552,0.43801042,0.07092491
2307,28,31,0.37060562,0.44153076,0.07092515
1506,18,46,0.33692193,0.4078499,0.07092798
4461,65,56,0.34274745,0.41367832,0.07093087
2304,28,28,0.38377357,0.45470798,0.070934415
4767,72,55,0.34356895,0.41451403,0.070945084
2699,33,32,0.36050028,0.4314806,0.07098031
2,0,16,0.3939122,0.4649069,0.070994705
1589,19,46,0.33546063,0.40646207,0.07100144
2453,30,19,0.39767957,0.46868286,0.07100329
2687,33,20,0.39832675,0.46933103,0.07100427
3592,46,38,0.36086562,0.4318786,0.071012974
510,6,43,0.339243,0.41028342,0.07104042
3648,47,39,0.35938177,0.4304287,0.07104695
4723,71,54,0.34560984,0.4166572,0.071047366
4932,76,58,0.34143525,0.4125005,0.07106525
2213,27,17,0.39726982,0.46835405,0.07108423
3475,44,36,0.3659706,0.43706018,0.071089566
2376,29,21,0.3994033,0.4705002,0.0710969
5153,82,63,0.3559236,0.42703602,0.071112424
4762,71,93,0.33437908,0.40549785,0.07111877
4228,59,42,0.3549636,0.42609307,0.07112947
2769,34,25,0.38813844,0.4592945,0.071156055
2293,28,17,0.3979781,0.4691349,0.0711568
4072,55,59,0.3047243,0.37588376,0.07115945
4392,63,56,0.33866528,0.40986413,0.07119885
3707,48,43,0.3469506,0.4181508,0.07120022
267,3,44,0.34083727,0.41203848,0.071201205
2148,26,32,0.3649239,0.43612775,0.07120386
2139,26,23,0.4046634,0.47588477,0.07122135
833,10,37,0.35178602,0.42301005,0.071224034
2467,30,33,0.35999298,0.43122593,0.071232945
1887,23,15,0.39642045,0.467655,0.071234554
1759,21,51,0.32866824,0.39991653,0.07124829
1507,18,47,0.3350519,0.40630683,0.07125494
108,1,43,0.350255,0.42151612,0.07126111
4196,58,51,0.3361971,0.4074597,0.0712626
1248,15,37,0.34606865,0.41733852,0.07126987
1823,22,33,0.34969473,0.42103964,0.07134491
919,11,40,0.34552926,0.41687664,0.071347386
2466,30,32,0.3628743,0.4342231,0.07134879
3075,38,33,0.3679238,0.43927893,0.071355134
2052,25,17,0.39602867,0.46740475,0.071376085
1676,20,50,0.33089176,0.4023242,0.07143244
2546,31,34,0.35651225,0.42794648,0.07143423
2000,24,46,0.3275478,0.3989902,0.071442425
1754,21,46,0.33208665,0.40355763,0.071470976
1166,14,38,0.34584212,0.4173196,0.07147747
1419,17,42,0.34087178,0.41236624,0.07149446
4721,71,52,0.348512,0.42001602,0.07150403
1920,23,48,0.32943845,0.40094927,0.07151082
4644,69,63,0.3446639,0.41618472,0.071520835
4107,56,49,0.3378283,0.40936655,0.07153824
1,0,15,0.39924467,0.47079355,0.07154888
5018,78,69,0.3698134,0.4413625,0.07154909
4671,69,90,0.33516407,0.40671322,0.07154915
1919,23,47,0.32932648,0.4008819,0.071555406
2140,26,24,0.4026916,0.4742558,0.0715642
2688,33,21,0.3971841,0.46876177,0.07157767
4715,70,90,0.3407207,0.41231415,0.07159343
2389,29,34,0.35781032,0.42941058,0.07160026
2229,27,33,0.3612132,0.4328162,0.071603
835,10,39,0.34880733,0.42041236,0.07160503
3145,39,32,0.37577483,0.447383,0.071608156
4457,65,52,0.34668684,0.41829658,0.071609735
2452,30,18,0.39839035,0.47000736,0.07161701
2149,26,33,0.3596107,0.4312279,0.071617186
2531,31,19,0.3981486,0.46977133,0.07162273
2051,25,16,0.39659718,0.46822783,0.07163066
4598,68,62,0.34104374,0.41267988,0.07163614
1341,16,47,0.335851,0.4074948,0.0716438
4722,71,53,0.34710792,0.41875657,0.07164866
1834,22,44,0.33120826,0.40287337,0.07166511
2929,36,34,0.3588001,0.43046656,0.07166645
4634,69,53,0.34742412,0.4190988,0.071674675
4238,59,52,0.3359479,0.407631,0.07168311
2922,36,27,0.3814748,0.45316017,0.071685374
1165,14,37,0.34715402,0.41885632,0.0717023
4889,74,94,0.338179,0.40988547,0.071706474
2373,29,18,0.39769107,0.46940318,0.07171211
188,2,44,0.3439296,0.41564673,0.07171714
1508,18,48,0.33392975,0.40565166,0.07172191
2463,30,29,0.37463382,0.44637847,0.07174465
592,7,43,0.33967832,0.41143024,0.07175192
1970,24,16,0.3959094,0.46766895,0.07175955
1669,20,43,0.33540067,0.4071606,0.07175994
2622,32,32,0.36013946,0.43190536,0.0717659
2133,26,17,0.39657235,0.46833903,0.071766675
2142,26,26,0.3944484,0.46621823,0.07176983
1425,17,48,0.3345019,0.40627182,0.07176992
2621,32,31,0.36262608,0.43439734,0.071771264
4540,67,50,0.34996003,0.4217359,0.07177588
4403,63,85,0.3247699,0.3965601,0.07179019
1505,18,45,0.33842048,0.41021186,0.07179138
2387,29,32,0.36485985,0.43665162,0.07179177
1677,20,51,0.32952306,0.4013186,0.07179555
2386,29,31,0.36875775,0.44056693,0.07180917
2704,33,37,0.35084876,0.42266437,0.07181561
1742,21,34,0.3435907,0.41540727,0.07181656
4768,72,56,0.34224793,0.41406676,0.07181883
3002,37,33,0.36461347,0.436445,0.071831524
3079,38,37,0.35219225,0.4240363,0.07184404
2927,36,32,0.36498374,0.43683153,0.0718478
5051,79,65,0.35823593,0.43009058,0.07185465
3072,38,30,0.37688258,0.4487601,0.07187751
1757,21,49,0.3308805,0.40279195,0.071911454
4012,54,47,0.3412569,0.41317636,0.07191947
2068,25,33,0.3574411,0.4293639,0.07192281
3706,48,42,0.35097477,0.42289788,0.07192311
5249,85,66,0.36390018,0.43582636,0.07192618
4971,77,59,0.3421472,0.41407445,0.07192725
2308,28,32,0.36613095,0.43806228,0.07193133
4144,57,42,0.35419878,0.42613432,0.071935534
2228,27,32,0.36625284,0.43820968,0.07195684
565,7,16,0.3947424,0.46670434,0.07196194
1888,23,16,0.3953189,0.46728393,0.07196504
1905,23,33,0.35227722,0.4242484,0.07197118
4061,55,48,0.33929408,0.4112738,0.07197973
4441,64,86,0.32656944,0.3985533,0.071983874
2464,30,30,0.37014514,0.44212905,0.0719839
3283,41,33,0.3786802,0.4506713,0.071991086
2628,32,38,0.34954607,0.42153937,0.07199329
2468,30,34,0.35730588,0.42930055,0.07199466
482,6,15,0.3942351,0.4662371,0.07200199
5008,78,59,0.344179,0.41618213,0.072003126
4732,71,63,0.35279742,0.42480397,0.07200655
1585,19,42,0.3381598,0.41017163,0.07201183
1987,24,33,0.35492963,0.4269484,0.07201877
4463,65,58,0.3395982,0.4116202,0.07202199
2857,35,37,0.35041866,0.42244402,0.07202536
2388,29,33,0.36128002,0.43331218,0.07203215
1423,17,46,0.3375798,0.4096135,0.0720337
2997,37,28,0.37961134,0.45167455,0.07206321
1674,20,48,0.33190572,0.40398017,0.07207444
4586,68,50,0.35050067,0.42257676,0.07207608
1917,23,45,0.329621,0.4017003,0.0720793
4542,67,52,0.34808847,0.42017803,0.07208955
5253,85,70,0.36187482,0.4339918,0.07211697
1424,17,47,0.33561444,0.40774548,0.07213104
4239,59,53,0.33399117,0.40612605,0.07213488
4153,57,51,0.33393863,0.4060767,0.07213807
1641,20,15,0.39910617,0.47126135,0.07215518
1579,19,36,0.33982703,0.41198295,0.07215592
4279,60,54,0.33468437,0.40685236,0.07216799
2775,34,31,0.36384815,0.43602476,0.072176605
4645,69,64,0.3433341,0.41551247,0.072178364
2696,33,29,0.36925042,0.44143456,0.072184145
834,10,38,0.35025567,0.42245072,0.07219505
2542,31,30,0.36731893,0.43951577,0.07219684
2309,28,33,0.36173025,0.43394244,0.07221219
1642,20,16,0.39896193,0.47118154,0.07221961
2610,32,20,0.39766574,0.4698986,0.07223287
1497,18,37,0.341791,0.41404596,0.072254956
2624,32,34,0.35605803,0.42831713,0.0722591
1889,23,17,0.3951505,0.46741274,0.07226223
2849,35,29,0.3711795,0.44344512,0.072265625
2623,32,33,0.35802737,0.43030784,0.07228047
1760,21,52,0.3265686,0.39885092,0.072282314
4284,60,59,0.31922147,0.39150754,0.07228607
4348,62,49,0.34542117,0.41771543,0.072294265
1342,16,48,0.334838,0.40713412,0.07229611
2454,30,20,0.39774927,0.47004592,0.07229665
1805,22,15,0.3964232,0.4687322,0.07230902
1836,22,46,0.33083314,0.40315917,0.072326034
163,2,19,0.3884116,0.46073946,0.07232785
0,0,14,0.40353456,0.47586313,0.07232857
2383,29,28,0.3820906,0.45442072,0.07233012
5009,78,60,0.3441703,0.41650322,0.07233292
1755,21,47,0.33150363,0.4038455,0.07234186
4402,63,66,0.31049502,0.38284278,0.07234776
1723,21,15,0.39750415,0.46985653,0.07235238
1504,18,44,0.33931118,0.411668,0.07235682
4678,70,53,0.3472292,0.41959062,0.07236141
1084,13,39,0.34512115,0.41749075,0.072369605
3532,45,35,0.37481308,0.44718495,0.07237187
2141,26,25,0.39912048,0.47150913,0.07238865
3006,37,37,0.35149717,0.4238866,0.072389424
4577,67,88,0.33335355,0.40575665,0.0724031
4981,77,69,0.36920375,0.4416183,0.07241455
2303,28,27,0.3879894,0.4604082,0.07241881
1594,19,51,0.3307435,0.403176,0.07243252
2545,31,33,0.35865834,0.43110105,0.07244271
1332,16,38,0.34409675,0.4165419,0.072445154
2698,33,31,0.36279595,0.43524662,0.07245067
1340,16,46,0.33775163,0.41021857,0.07246694
3534,45,37,0.3630311,0.4355115,0.07248041
2465,30,31,0.3661451,0.43862766,0.072482556
2543,31,31,0.3638137,0.4363056,0.072491914
320,4,16,0.3895477,0.4620408,0.072493106
4495,66,48,0.34976628,0.4222691,0.07250282
4635,69,54,0.34662753,0.4191486,0.07252106
4394,63,58,0.3334596,0.40598604,0.072526455
1249,15,38,0.34501567,0.41754293,0.07252726
4765,72,53,0.34710464,0.41963458,0.07252994
4587,68,51,0.34928954,0.42182022,0.07253069
2781,34,37,0.3504564,0.42298734,0.072530955
3216,40,33,0.37563962,0.44817424,0.07253462
2847,35,27,0.3798689,0.45241147,0.07254258
348,4,44,0.33806834,0.41062215,0.07255381
3074,38,32,0.3714263,0.44399604,0.07256973
1837,22,47,0.33060196,0.4031735,0.072571546
4980,77,68,0.36936054,0.44193506,0.072574526
4630,68,94,0.3252554,0.39783406,0.07257867
2532,31,20,0.3975145,0.47010264,0.072588146
3865,51,46,0.34002095,0.4126146,0.07259366
1921,23,49,0.3293716,0.40197384,0.07260224
3761,49,44,0.34458923,0.4171918,0.07260257
2689,33,22,0.39649105,0.4690971,0.07260606
4632,69,51,0.3495245,0.42215905,0.07263455
2931,36,36,0.35309568,0.4257334,0.07263771
2620,32,30,0.36574402,0.4383845,0.07264048
429,5,44,0.33646315,0.40910426,0.072641104
1824,22,34,0.34539753,0.41803947,0.07264194
2998,37,29,0.37620345,0.4488475,0.072644055
3217,40,34,0.36948356,0.44214016,0.0726566
2390,29,35,0.3549065,0.427585,0.07267851
2469,30,35,0.35494506,0.4276268,0.072681725
1751,21,43,0.33320737,0.40589926,0.07269189
5164,82,74,0.36627993,0.4389755,0.07269558
3652,47,43,0.3450587,0.41776013,0.072701424
4691,70,66,0.3463917,0.41909355,0.07270184
2932,36,37,0.35087308,0.4235885,0.07271543
4427,64,57,0.33919162,0.4119321,0.072740495
1002,12,40,0.34447595,0.41722134,0.07274538
646,8,15,0.3980046,0.4707638,0.07275921
2547,31,35,0.35467288,0.42743325,0.07276037
4633,69,52,0.3483432,0.4211118,0.0727686
3150,39,37,0.35252526,0.42529753,0.072772264
4847,73,93,0.33969894,0.41248122,0.07278228
1661,20,35,0.33998802,0.4127724,0.072784364
2776,34,32,0.3615339,0.43432492,0.07279101
4499,66,52,0.34753186,0.4203249,0.07279304
2541,31,29,0.37151718,0.44431618,0.072799
2697,33,30,0.36565128,0.4384524,0.07280111
2138,26,22,0.4043177,0.4771299,0.0728122
3705,48,41,0.35467947,0.4274987,0.07281923
4849,73,95,0.33470303,0.40752998,0.07282695
1668,20,42,0.33590052,0.40877253,0.07287201
2627,32,37,0.3512572,0.42412978,0.07287258
3476,44,37,0.36015022,0.4330241,0.07287389
2770,34,26,0.3836677,0.4565453,0.072877586
4421,64,51,0.34663537,0.4195306,0.07289523
2854,35,34,0.35726526,0.43018296,0.0729177
1591,19,48,0.33298394,0.40590525,0.072921306
4456,65,51,0.34748122,0.4204133,0.072932065
2470,30,36,0.3529535,0.4259068,0.07295331
511,6,44,0.33628607,0.40925744,0.072971374
2853,35,33,0.3602662,0.43323973,0.07297352
5119,81,62,0.35294732,0.42592373,0.07297641
4384,63,48,0.3466512,0.41963002,0.072978824
3005,37,36,0.35417095,0.4271522,0.07298124
3535,45,38,0.35790852,0.4308912,0.07298267
4485,65,87,0.3279499,0.4009334,0.0729835
2619,32,29,0.36958843,0.4425968,0.07300836
2930,36,35,0.3557224,0.42875335,0.07303095
1426,17,49,0.33428648,0.4073183,0.07303181
4763,71,94,0.33286494,0.4058991,0.07303417
3593,46,39,0.3564223,0.42945787,0.07303557
3147,39,34,0.36654198,0.43957806,0.073036075
4677,70,52,0.34838864,0.42143378,0.073045135
1422,17,45,0.33921072,0.41225737,0.073046654
1916,23,44,0.32993498,0.40298817,0.07305318
3078,38,36,0.35537368,0.42842713,0.07305345
2548,31,36,0.35297522,0.4260311,0.07305589
2311,28,35,0.35417643,0.427241,0.073064566
4355,62,56,0.33581337,0.40888873,0.073075354
5017,78,68,0.36932448,0.44240287,0.073078394
3813,50,45,0.34204975,0.41512823,0.07307848
1971,24,17,0.39552465,0.46860763,0.07308298
4628,68,92,0.32508096,0.3981726,0.073091626
2858,35,38,0.34846905,0.42157724,0.073108196
1758,21,50,0.33018157,0.40329254,0.07311097
2690,33,23,0.39473528,0.46785852,0.07312325
4381,63,45,0.35094815,0.4241013,0.07315314
1678,20,52,0.3274535,0.40063325,0.07317975
2780,34,36,0.352086,0.425271,0.073185
2692,33,25,0.3876301,0.4608243,0.073194206
4453,65,48,0.3483773,0.421581,0.07320371
1724,21,16,0.39705837,0.47027832,0.073219955
1415,17,38,0.34305322,0.4162986,0.07324538
3077,38,35,0.35922372,0.43247375,0.073250026
4498,66,51,0.34832206,0.42157304,0.07325098
2700,33,33,0.3583592,0.43161428,0.07325509
3649,47,40,0.35559472,0.4288668,0.07327208
4145,57,43,0.35215357,0.42543018,0.07327661
2933,36,38,0.34882066,0.42210442,0.07328376
2852,35,32,0.3629195,0.43624434,0.07332483
2231,27,35,0.3526703,0.42600778,0.073337466
1421,17,44,0.3402058,0.41355997,0.073354185
564,7,15,0.39600664,0.46936956,0.07336292
4486,65,88,0.32507497,0.39843798,0.073363006
4393,63,57,0.33633837,0.40970472,0.073366344
2782,34,38,0.34851316,0.4219071,0.07339394
4719,70,94,0.3302229,0.4036194,0.073396504
3350,42,35,0.36728713,0.44068408,0.07339695
4249,59,63,0.30572978,0.37915793,0.073428154
1906,23,34,0.34780088,0.4212338,0.07343292
1257,15,46,0.33767372,0.41110727,0.07343355
3004,37,35,0.35729346,0.4307311,0.07343763
593,7,44,0.33711615,0.41056132,0.07344517
1339,16,45,0.33941475,0.41287383,0.07345909
4198,58,53,0.3313284,0.40479437,0.07346597
2856,35,36,0.35231575,0.42578182,0.07346606
4809,73,55,0.34375274,0.4172341,0.07348135
2934,36,39,0.34696993,0.42045835,0.073488414
4197,58,52,0.33372384,0.4072168,0.073492944
1593,19,50,0.33189976,0.40539393,0.073494166
3414,43,36,0.36324766,0.43674916,0.0735015
2703,33,36,0.35232756,0.4258293,0.073501736
4942,76,68,0.36808637,0.44159573,0.073509365
1842,22,52,0.32594785,0.39945853,0.07351068
4810,73,56,0.34234345,0.41588262,0.07353917
2625,32,35,0.3542991,0.42784482,0.073545724
4894,75,59,0.34107843,0.41462746,0.07354903
1762,21,54,0.32136583,0.39491972,0.07355389
2923,36,28,0.3770632,0.45061868,0.07355547
4242,59,56,0.32582316,0.39938188,0.07355872
1833,22,43,0.33158618,0.4051471,0.07356092
1420,17,43,0.34070063,0.4142702,0.073569566
3964,53,47,0.34001014,0.41359833,0.07358819
2310,28,34,0.35756472,0.43115947,0.07359475
1679,20,53,0.3247015,0.3983184,0.07361692
5047,79,61,0.34729302,0.42091483,0.07362181
2701,33,34,0.35608315,0.4297066,0.07362345
2230,27,34,0.35651246,0.43013903,0.07362658
3651,47,42,0.34873256,0.42236736,0.0736348
4766,72,54,0.3453653,0.41900674,0.07364145
1750,21,42,0.33373678,0.40738183,0.073645055
3149,39,36,0.3563436,0.4300008,0.073657215
1923,23,51,0.3270134,0.40067402,0.07366061
2705,33,38,0.34900567,0.42267427,0.0736686
2777,34,33,0.3591803,0.43285105,0.073670745
4328,61,84,0.3193538,0.39302492,0.07367113
2081,25,46,0.32531035,0.39898178,0.07367143
2855,35,35,0.35451767,0.4281896,0.07367194
3219,40,36,0.3573997,0.43108597,0.07368627
1806,22,16,0.39560306,0.4692894,0.07368633
29,0,44,0.35005102,0.42373836,0.073687345
4281,60,56,0.32915574,0.40284315,0.073687404
4108,56,50,0.3350134,0.4087102,0.07369682
2150,26,34,0.35459492,0.42829832,0.07370341
2859,35,39,0.3466076,0.42031154,0.073703945
4282,60,57,0.32580027,0.39951208,0.07371181
2003,24,49,0.32746696,0.40118578,0.073718816
3148,39,35,0.3611168,0.43483838,0.07372159
4187,58,42,0.3543457,0.42807192,0.07372621
2549,31,37,0.35134602,0.4250848,0.07373878
4245,59,59,0.31561965,0.3893659,0.073746264
3007,37,38,0.3491153,0.42287022,0.07375491
1999,24,45,0.32800427,0.4017687,0.07376444
4115,56,57,0.3119134,0.38568246,0.07376906
1595,19,52,0.32869276,0.40246946,0.07377669
2702,33,35,0.35397816,0.42775747,0.073779315
2004,24,50,0.32687196,0.40065384,0.07378188
2218,27,22,0.403129,0.47691575,0.073786736
4716,70,91,0.33596447,0.40975207,0.0737876
1922,23,50,0.3286175,0.40240803,0.07379052
4898,75,63,0.35411745,0.4279094,0.07379195
4582,67,93,0.32242233,0.39623252,0.07381019
1258,15,47,0.33582368,0.40963686,0.07381317
4581,67,92,0.3222902,0.3961113,0.0738211
4543,67,53,0.3472247,0.42105183,0.07382712
4530,66,88,0.3286747,0.40253344,0.07385874
2693,33,26,0.38321808,0.45708123,0.07386315
2471,30,37,0.3510011,0.42486465,0.073863536
4496,66,49,0.34946382,0.42334116,0.073877335
5083,80,61,0.34978762,0.42366552,0.0738779
3003,37,34,0.36091173,0.43480968,0.07389796
1761,21,53,0.32404205,0.39794618,0.07390413
1167,14,39,0.34463415,0.41853896,0.07390481
268,3,45,0.33788937,0.41180095,0.07391158
4561,67,71,0.33308953,0.407006,0.073916465
2778,34,34,0.3564795,0.43041006,0.07393056
2219,27,23,0.4032101,0.4771527,0.0739426
2391,29,36,0.35260585,0.42654952,0.073943675
3596,46,42,0.34645942,0.4204054,0.07394597
4731,71,62,0.35186553,0.42581353,0.073947996
4597,68,61,0.34237388,0.41632473,0.07395086
4241,59,55,0.32908502,0.40304756,0.07396254
2626,32,36,0.35272667,0.42669168,0.07396501
1501,18,41,0.34014907,0.41411874,0.07396966
1592,19,49,0.33250406,0.40647897,0.07397491
2928,36,33,0.3620075,0.43598968,0.07398218
402,5,17,0.38968056,0.46368504,0.07400447
110,1,45,0.34419027,0.41820508,0.07401481
2611,32,21,0.3969432,0.47096804,0.07402483
2069,25,34,0.3523924,0.42641848,0.07402608
2550,31,38,0.34952357,0.42356086,0.07403728
3076,38,34,0.3636099,0.4376614,0.0740515
4317,61,55,0.3351441,0.40919584,0.07405174
4687,70,62,0.34934562,0.42339858,0.07405296
4515,66,70,0.3232516,0.3973156,0.07406399
1580,19,37,0.33957055,0.41364497,0.07407442
4674,69,93,0.3275409,0.40162513,0.07408422
4243,59,57,0.3222372,0.3963224,0.074085206
4933,76,59,0.3411417,0.41524592,0.07410422
4497,66,50,0.3489894,0.4230986,0.0741092
4507,66,60,0.3372094,0.4113366,0.0741272
1498,18,38,0.34161735,0.41574872,0.07413137
4073,55,60,0.3022241,0.37636736,0.07414326
2220,27,24,0.40110433,0.47527233,0.074168
483,6,16,0.3923875,0.46655697,0.07416946
4607,68,71,0.3364273,0.4106204,0.07419309
3477,44,38,0.3550565,0.42927602,0.074219525
3597,46,43,0.3432456,0.4174761,0.07423049
4203,58,58,0.31539765,0.38962963,0.07423198
4807,72,95,0.3335872,0.40782225,0.07423505
2312,28,36,0.35170472,0.42594853,0.074243814
4320,61,58,0.32612234,0.40037048,0.074248135
3352,42,37,0.35533267,0.4295825,0.074249834
4500,66,53,0.34654444,0.42079607,0.07425162
4560,67,70,0.32723895,0.40149495,0.074256
5194,83,73,0.36614156,0.4403994,0.07425785
4514,66,69,0.32000667,0.39427075,0.07426408
5217,84,65,0.36162472,0.43589666,0.07427195
80,0,95,0.30904934,0.38332635,0.07427701
2455,30,21,0.39830908,0.4726015,0.07429242
2001,24,47,0.32718694,0.4014871,0.07430017
1256,15,45,0.339304,0.41360867,0.07430467
1085,13,40,0.34381074,0.41812018,0.07430944
2771,34,27,0.37882507,0.45315042,0.07432535
2691,33,24,0.39144522,0.4657827,0.07433748
2779,34,35,0.3539862,0.42832503,0.07433882
2773,34,29,0.36991316,0.44425216,0.074339
3220,40,37,0.3529163,0.4272576,0.0743413
2924,36,29,0.37329704,0.44764617,0.074349135
4848,73,94,0.3365862,0.41097456,0.074388355
4416,64,46,0.34945548,0.42385975,0.07440427
1416,17,39,0.34240106,0.41682124,0.074420184
4174,57,89,0.30627054,0.38072026,0.07444972
4382,63,46,0.3486235,0.4230747,0.07445118
3415,43,37,0.35748878,0.4319465,0.074457705
2080,25,45,0.32618824,0.40064806,0.07445982
4472,65,68,0.31504747,0.3895144,0.074466914
5154,82,64,0.3568805,0.43135032,0.074469835
4013,54,48,0.33851296,0.41298467,0.07447171
5011,78,62,0.3480209,0.42249298,0.07447207
4458,65,53,0.34550515,0.41998258,0.074477434
349,4,45,0.33533314,0.40982866,0.074495524
4062,55,49,0.33674783,0.41124514,0.07449731
3650,47,41,0.3522184,0.42671698,0.074498594
3286,41,36,0.3588259,0.43332908,0.07450318
4368,62,86,0.3201878,0.3947077,0.0745199
4200,58,55,0.3258025,0.40032408,0.07452157
1343,16,49,0.33488047,0.409403,0.074522525
4776,72,64,0.35584867,0.43037212,0.07452345
3351,42,36,0.36081618,0.43534255,0.07452637
4675,69,94,0.32759282,0.40212238,0.07452956
4216,58,89,0.30783713,0.38236934,0.07453221
4730,71,61,0.350301,0.42483577,0.074534774
2151,26,35,0.35036132,0.42490846,0.07454714
2472,30,38,0.348692,0.42326364,0.07457164
3285,41,35,0.36510614,0.43967858,0.074572444
1988,24,34,0.35013622,0.42472363,0.074587405
430,5,45,0.33394995,0.4085604,0.07461044
4539,67,49,0.35071805,0.4253323,0.07461426
1338,16,44,0.34045145,0.41506645,0.074615
4201,58,56,0.3224034,0.39702234,0.074618936
4578,67,89,0.3290465,0.4036742,0.0746277
4584,67,95,0.323868,0.3985016,0.0746336
1509,18,49,0.33349553,0.4081741,0.07467857
4385,63,49,0.3465135,0.42120236,0.07468885
1915,23,43,0.33057016,0.40527385,0.07470369
3539,45,42,0.3444728,0.4191798,0.074707
1250,15,39,0.34397313,0.41869652,0.07472339
2783,34,39,0.34643537,0.42115945,0.07472408
1168,14,40,0.34341025,0.41813484,0.074724585
1998,24,44,0.32869533,0.40342623,0.0747309
4541,67,51,0.34899774,0.4237312,0.074733466
2392,29,37,0.3503566,0.42509896,0.07474235
2221,27,25,0.39772877,0.47250125,0.07477248
5163,82,73,0.36684272,0.44161788,0.07477516
3287,41,37,0.35377568,0.42856094,0.07478526
1259,15,48,0.33495852,0.40974963,0.0747911
4535,66,93,0.32015282,0.39495534,0.07480252
3080,38,38,0.3494652,0.42427483,0.07480964
1989,24,35,0.34570515,0.42051727,0.074812114
4501,66,54,0.34565267,0.4204709,0.07481822
4531,66,89,0.32503945,0.39986423,0.07482478
1427,17,50,0.33397573,0.40880263,0.074826896
4357,62,58,0.32980126,0.40463004,0.074828774
1662,20,36,0.3383556,0.4132178,0.07486221
4806,72,94,0.3348933,0.40975574,0.07486245
1333,16,39,0.3432586,0.4181266,0.07486802
1680,20,54,0.32174605,0.39661974,0.074873686
4979,77,67,0.3681583,0.44304428,0.074885964
3416,43,38,0.35268012,0.4275861,0.07490599
3218,40,35,0.36307654,0.4379835,0.074906975
3594,46,40,0.3527063,0.42762804,0.07492173
2706,33,39,0.3468259,0.4217483,0.07492241
1843,22,53,0.32349887,0.39843673,0.07493785
4544,67,54,0.3464944,0.42143348,0.07493907
2002,24,48,0.32729673,0.40225366,0.07495692
2536,31,24,0.3930582,0.46801695,0.07495874
2005,24,51,0.32536316,0.4003271,0.07496393
4071,55,58,0.30701977,0.38199854,0.07497877
4550,67,60,0.3403933,0.41539025,0.07499695
2298,28,22,0.4018633,0.47686636,0.07500306
2629,32,39,0.3473991,0.42240342,0.07500434
4718,70,93,0.33089164,0.40589818,0.075006545
3536,45,39,0.3535457,0.42855307,0.07500738
1832,22,42,0.3320491,0.4070612,0.07501209
4240,59,54,0.33183286,0.40685776,0.0750249
3008,37,39,0.34707367,0.4221019,0.07502824
2612,32,22,0.3966369,0.4716872,0.075050294
4154,57,52,0.33102533,0.40609306,0.07506773
1511,18,51,0.3319978,0.40707985,0.075082034
1418,17,41,0.34113088,0.41621462,0.07508373
4629,68,93,0.32475004,0.39986157,0.07511154
4383,63,47,0.34712106,0.42223403,0.07511297
5016,78,67,0.3674703,0.44258487,0.07511458
2533,31,21,0.39737442,0.47249877,0.07512435
1177,14,49,0.33543354,0.41056854,0.07513499
2552,31,40,0.34411702,0.41925842,0.0751414
3708,48,44,0.342825,0.4179685,0.075143516
1344,16,50,0.33475888,0.4099048,0.07514593
1335,16,41,0.34171852,0.41688165,0.075163126
675,8,44,0.3379084,0.41309255,0.07518417
3478,44,39,0.35092023,0.42612472,0.07520449
4155,57,53,0.32824203,0.40345454,0.07521251
4109,56,51,0.33172953,0.4069578,0.075228274
4405,63,87,0.32132077,0.3965502,0.075229436
1584,19,41,0.33840454,0.41363877,0.075234234
1500,18,40,0.34058312,0.41583806,0.07525495
3151,39,38,0.3496015,0.42485714,0.07525563
1596,19,53,0.32570115,0.40096566,0.07526451
4596,68,60,0.34353647,0.41881967,0.0752832
1907,23,35,0.34375978,0.41904536,0.075285584
2848,35,28,0.37518725,0.45048785,0.075300604
2393,29,38,0.3475109,0.42281884,0.075307935
4548,67,58,0.34373215,0.41904572,0.07531357
4853,74,58,0.3409758,0.41628987,0.075314075
84,1,19,0.3877408,0.4630705,0.07532972
3814,50,46,0.33785027,0.41318163,0.07533136
3417,43,39,0.3490067,0.42433915,0.07533243
2232,27,36,0.34988865,0.4252301,0.07534143
4202,58,57,0.31876847,0.39411205,0.07534358
1583,19,40,0.33866495,0.41402516,0.07536021
4437,64,67,0.3120322,0.38739777,0.07536557
4491,65,93,0.3179095,0.39328113,0.07537162
3916,52,47,0.33823177,0.4136117,0.07537994
1260,15,49,0.33511624,0.41049668,0.075380445
4462,65,57,0.3414718,0.41685274,0.07538095
3762,49,45,0.34028032,0.41570902,0.075428694
189,2,45,0.34097534,0.4164141,0.07543877
1499,18,39,0.34114805,0.4165925,0.07544446
1743,21,35,0.340361,0.41580957,0.07544857
839,10,43,0.34046105,0.4159143,0.07545325
4063,55,50,0.3337638,0.40922427,0.075460464
2301,28,25,0.39608476,0.47155172,0.07546696
2070,25,35,0.34786087,0.42333093,0.07547006
4583,67,94,0.32309577,0.39859164,0.07549587
2551,31,39,0.347197,0.42269766,0.07550067
1582,19,39,0.33898535,0.41449392,0.075508565
350,4,46,0.33336183,0.40888003,0.07551819
2382,29,27,0.38634858,0.46187276,0.07552418
1176,14,48,0.33518866,0.41073084,0.07554218
2378,29,23,0.3999998,0.47554758,0.075547785
2475,30,41,0.3392332,0.41480538,0.07557219
1924,23,52,0.3249834,0.40055633,0.07557294
4506,66,59,0.3398424,0.41543776,0.07559535
2613,32,23,0.39493582,0.47054413,0.07560831
1581,19,38,0.33931378,0.4149356,0.07562181
4163,57,61,0.30448118,0.3801036,0.07562241
676,8,45,0.3360744,0.41171697,0.075642556
3081,38,39,0.34725827,0.42290255,0.075644284
3353,42,38,0.35106656,0.42672428,0.075657725
1252,15,41,0.34205616,0.4177624,0.07570624
1178,14,50,0.33544952,0.41118222,0.07573271
1763,21,55,0.3185406,0.39427346,0.07573286
4084,55,88,0.30496132,0.38069618,0.075734854
4631,68,95,0.32600695,0.40174288,0.07573593
1261,15,50,0.33517435,0.41091037,0.075736016
4941,76,67,0.3675495,0.44328758,0.07573807
4128,56,87,0.30663064,0.3823709,0.07574025
2222,27,26,0.39346364,0.4692092,0.07574555
2534,31,22,0.397568,0.473325,0.07575703
1510,18,50,0.33300442,0.40880576,0.07580134
4536,66,94,0.32070914,0.39652133,0.07581219
5046,79,60,0.34662843,0.4224442,0.07581577
2300,28,24,0.39939818,0.47521648,0.0758183
2313,28,37,0.3492367,0.42507562,0.07583892
512,6,45,0.33382034,0.40965974,0.0758394
401,5,16,0.39049533,0.4663429,0.075847566
3537,45,40,0.35001746,0.42587417,0.075856715
2457,30,23,0.39803934,0.47390696,0.07586762
1844,22,54,0.32090625,0.39677617,0.07586992
3965,53,48,0.33719638,0.4130815,0.07588512
2079,25,44,0.32741904,0.40330744,0.075888395
4417,64,47,0.3479437,0.42384267,0.075898975
1255,15,44,0.34039658,0.41630274,0.07590616
2614,32,24,0.3916756,0.46758765,0.07591206
4503,66,56,0.3442571,0.42017195,0.07591486
1251,15,40,0.34292606,0.41887778,0.075951725
2152,26,36,0.34696534,0.4229198,0.07595447
920,11,41,0.3438061,0.4197748,0.07596871
3221,40,38,0.34973451,0.42570734,0.075972825
1169,14,41,0.3423661,0.4183406,0.075974494
4318,61,56,0.3324879,0.40846577,0.07597786
2616,32,26,0.3837193,0.45970514,0.07598585
4549,67,59,0.34231457,0.41830775,0.07599318
2535,31,23,0.39616683,0.47216505,0.07599822
240,3,17,0.38760138,0.46360573,0.076004356
4537,66,95,0.32124618,0.39725506,0.076008886
4129,56,88,0.30593598,0.3820157,0.076079726
1667,20,41,0.33621976,0.41230857,0.076088816
4255,59,88,0.3104846,0.3865739,0.07608932
3288,41,38,0.3501445,0.42624238,0.076097876
269,3,46,0.3354851,0.4116016,0.0761165
2379,29,24,0.39751765,0.4736403,0.07612264
4547,67,57,0.34461603,0.42074075,0.07612473
4365,62,66,0.3076658,0.38380235,0.07613656
4672,69,91,0.33110425,0.40724415,0.0761399
594,7,45,0.33479333,0.4109625,0.07616916
30,0,45,0.34686083,0.4230451,0.07618427
3082,38,40,0.34533846,0.42152667,0.07618821
1664,20,38,0.33675036,0.4129427,0.07619235
5186,83,65,0.3595625,0.43575895,0.07619646
4014,54,49,0.33598542,0.412185,0.07619959
562,6,95,0.3062503,0.3824591,0.0762088
1428,17,51,0.33301732,0.4092346,0.076217294
1334,16,40,0.34238812,0.4186303,0.07624218
2006,24,52,0.32340708,0.39966026,0.076253176
4764,71,95,0.33222997,0.40850258,0.07627261
4038,54,89,0.3027254,0.37900218,0.07627678
2617,32,27,0.37896806,0.45526648,0.076298416
757,9,44,0.33854687,0.41485482,0.07630795
2299,28,23,0.40162316,0.4779335,0.07631034
1417,17,40,0.34168214,0.41799426,0.076312125
3595,46,41,0.3495575,0.4258759,0.07631841
2458,30,24,0.39527255,0.47161132,0.07633877
2462,30,28,0.3792622,0.45561782,0.07635561
4934,76,60,0.34211966,0.4184766,0.07635695
4035,54,86,0.30532658,0.38168356,0.07635698
4110,56,52,0.32838646,0.40475592,0.076369464
4546,67,56,0.3452717,0.42164588,0.07637417
4733,71,64,0.35305765,0.42943972,0.07638207
3354,42,39,0.3479493,0.4243438,0.0763945
1825,22,35,0.3417809,0.4181768,0.0763959
4972,77,60,0.34259126,0.41899627,0.07640502
2071,25,36,0.3439123,0.42032543,0.076413125
3709,48,45,0.3386205,0.4150427,0.076422185
3653,47,44,0.34121194,0.41763502,0.07642308
1997,24,43,0.32988137,0.40630805,0.076426685
1847,22,57,0.31366348,0.39009696,0.07643348
4642,69,61,0.3460284,0.42249146,0.07646307
2694,33,27,0.3783756,0.45484453,0.076468945
4327,61,65,0.30738342,0.383856,0.07647258
2473,30,39,0.34602413,0.422506,0.07648188
111,1,46,0.34119594,0.4176938,0.07649785
758,9,45,0.3372361,0.41373807,0.076501966
4811,73,57,0.3414039,0.41792476,0.07652086
4404,63,86,0.32314554,0.39967147,0.07652593
1914,23,42,0.33126715,0.40779617,0.076529026
921,11,42,0.34221104,0.41874528,0.07653424
4111,56,53,0.32519165,0.40172833,0.076536685
4640,69,59,0.34566835,0.42220634,0.076538
4215,58,88,0.30899736,0.38554463,0.076547265
3538,45,41,0.34717628,0.4237243,0.07654801
2539,31,27,0.3809246,0.4574775,0.0765529
4130,56,89,0.30494505,0.38150403,0.07655898
2459,30,25,0.39181012,0.46837822,0.0765681
4330,61,86,0.31753048,0.39410207,0.076571584
480,5,95,0.30523443,0.3818194,0.076584965
2086,25,51,0.32361323,0.40019888,0.07658565
4773,72,61,0.35023496,0.42682475,0.07658979
2082,25,47,0.324723,0.401317,0.076593995
3540,45,43,0.34165052,0.41824666,0.07659614
4367,62,85,0.32147515,0.39808762,0.07661247
1337,16,43,0.34102935,0.41764584,0.076616496
1663,20,37,0.33738932,0.41400778,0.07661846
4777,72,65,0.35648277,0.43312165,0.07663888
1744,21,36,0.33789855,0.4145446,0.07664606
3481,44,42,0.342951,0.4196123,0.07666129
2160,26,44,0.32595226,0.40263122,0.07667896
2377,29,22,0.40054598,0.477239,0.07669303
2456,30,22,0.39901623,0.4757131,0.07669687
3152,39,39,0.34740648,0.42410535,0.07669887
4686,70,61,0.34876025,0.4254619,0.07670164
4504,66,57,0.34329966,0.42001584,0.076716185
2618,32,28,0.37407723,0.4508068,0.076729566
4775,72,63,0.3545184,0.43129674,0.07677832
1845,22,55,0.31817874,0.39496523,0.07678649
1173,14,45,0.33923414,0.41602874,0.076794595
160,1,95,0.30756357,0.38435817,0.076794595
4442,64,87,0.32439122,0.40119296,0.07680175
2540,31,28,0.3761675,0.4529693,0.07680181
1512,18,52,0.3300864,0.40689057,0.07680416
4895,75,60,0.34269807,0.41951886,0.07682079
5155,82,65,0.35828525,0.43511242,0.07682717
4680,70,55,0.3447621,0.42159453,0.07683244
644,7,95,0.3075788,0.38442013,0.076841325
79,0,94,0.31032586,0.3871836,0.076857746
3479,44,40,0.3477954,0.42465743,0.07686204
4289,60,64,0.3068213,0.38369337,0.07687208
2537,31,25,0.38943046,0.46630698,0.07687652
1846,22,56,0.31568196,0.39258736,0.0769054
2380,29,25,0.39421463,0.47112745,0.07691282
2615,32,25,0.3879083,0.46482795,0.076919645
4294,60,88,0.3121847,0.38912362,0.07693893
3289,41,39,0.34757978,0.4245362,0.07695642
431,5,46,0.33234447,0.4093096,0.07696512
4280,60,55,0.33218908,0.40916786,0.07697877
1925,23,53,0.32269275,0.39968032,0.076987565
2538,31,26,0.3854336,0.462426,0.07699239
4729,71,60,0.348086,0.42510226,0.077016264
4257,59,90,0.308198,0.3852266,0.0770286
1336,16,42,0.3412853,0.41831395,0.07702866
2460,30,26,0.38795114,0.46498528,0.077034146
2772,34,28,0.37403718,0.45107841,0.07704124
2461,30,27,0.38372314,0.46077567,0.07705253
1749,21,41,0.33406684,0.41112298,0.07705614
4595,68,59,0.34438252,0.4214618,0.07707927
4641,69,60,0.34606037,0.42314452,0.077084154
4505,66,58,0.34189913,0.41900212,0.07710299
1990,24,36,0.341564,0.41868007,0.07711607
2085,25,50,0.32497418,0.40210155,0.07712737
2233,27,37,0.34723276,0.42436194,0.077129185
2162,26,46,0.322976,0.40010527,0.077129275
190,2,46,0.33827645,0.41543287,0.077156425
4293,60,87,0.31354272,0.3907139,0.07717118
2087,25,52,0.32170787,0.398892,0.07718411
2314,28,38,0.34602132,0.42321396,0.077192634
4720,70,95,0.33024886,0.40744764,0.07719877
4083,55,87,0.30568737,0.38291046,0.07722309
2630,32,40,0.34455907,0.42178333,0.077224255
2381,29,26,0.39039627,0.46765003,0.07725376
2007,24,53,0.32124126,0.39850032,0.07725906
4291,60,85,0.31652412,0.39378798,0.07726386
1666,20,40,0.33633828,0.4136245,0.07728621
4819,73,65,0.35920215,0.4364889,0.07728675
3222,40,39,0.34748578,0.4247862,0.07730043
4854,74,59,0.34186953,0.41917267,0.07730314
1345,16,51,0.33388707,0.4112242,0.077337116
4594,68,58,0.34493774,0.42228776,0.07735002
3418,43,40,0.34634247,0.423715,0.07737252
3223,40,40,0.34574127,0.42312267,0.0773814
2695,33,28,0.37355313,0.4509417,0.077388585
4172,57,87,0.3081942,0.38559324,0.077399045
922,11,43,0.34089231,0.41829333,0.07740101
4717,70,92,0.33267522,0.41007873,0.077403516
1745,21,37,0.33607695,0.41349652,0.07741958
2302,28,26,0.39215398,0.46958742,0.07743344
1513,18,53,0.3271591,0.40459982,0.07744071
841,10,45,0.33813575,0.4155769,0.077441156
1174,14,46,0.33764207,0.4150848,0.077442735
4419,64,49,0.34727234,0.42471698,0.07744464
1826,22,36,0.33852258,0.41597524,0.07745266
2784,34,40,0.34432563,0.42178088,0.07745525
2325,28,49,0.32135457,0.39881375,0.07745919
4774,72,62,0.35264108,0.43010658,0.077465504
4173,57,88,0.3073236,0.38479608,0.07747248
4778,72,66,0.35644317,0.43393025,0.07748708
1764,21,56,0.31601775,0.39352098,0.077503234
4064,55,51,0.33022225,0.40772912,0.07750687
4448,64,93,0.31581342,0.393321,0.077507585
4684,70,59,0.34599665,0.4235052,0.07750854
2078,25,43,0.3293747,0.40689573,0.077521026
4017,54,52,0.32515213,0.40268734,0.07753521
4292,60,86,0.3152476,0.3927974,0.077549815
1429,17,52,0.33130592,0.40885895,0.077553034
4676,69,95,0.3281054,0.40566292,0.077557534
2083,25,48,0.32486606,0.40242627,0.077560216
4812,73,58,0.34155738,0.41912213,0.077564746
2474,30,40,0.34290272,0.42048988,0.07758716
4588,68,52,0.34824085,0.4258299,0.077589035
2404,29,49,0.3212364,0.3988495,0.077613086
4685,70,60,0.34755152,0.42517006,0.07761854
2707,33,40,0.34436047,0.4219844,0.07762393
2165,26,49,0.3233614,0.4009953,0.07763392
4935,76,61,0.3445638,0.42219776,0.07763395
3889,51,85,0.3020019,0.37964374,0.077641845
4818,73,64,0.35748872,0.43513143,0.07764271
1665,20,39,0.33643904,0.41408962,0.07765058
3866,51,47,0.33609086,0.4137481,0.07765722
3153,39,40,0.34558892,0.42324695,0.07765803
4085,55,89,0.30377346,0.38143432,0.07766086
4066,55,53,0.3227526,0.4004269,0.0776743
2163,26,47,0.32245418,0.4001922,0.07773802
3480,44,41,0.34536305,0.42310962,0.07774657
1003,12,41,0.3432105,0.42096493,0.07775444
241,3,18,0.38761204,0.46537173,0.07775968
1831,22,41,0.33227572,0.4100499,0.07777417
4016,54,51,0.3292384,0.4070166,0.07777819
3986,53,85,0.30401012,0.3817988,0.07778868
4037,54,88,0.30419478,0.38199162,0.07779685
2394,29,39,0.34445614,0.42225504,0.0777989
4036,54,87,0.3051595,0.38296533,0.07780582
4015,54,50,0.3329362,0.41074234,0.077806145
321,4,17,0.38805112,0.46586302,0.0778119
2153,26,37,0.3440111,0.42183188,0.07782078
4420,64,50,0.34713006,0.42495948,0.07782942
2161,26,45,0.3240978,0.4019301,0.07783228
840,10,44,0.33917502,0.41701418,0.077839166
4157,57,55,0.32217097,0.40001884,0.07784787
4769,72,57,0.3417208,0.41960785,0.07788706
2084,25,49,0.32532796,0.403217,0.077889025
4256,59,89,0.30934453,0.3872494,0.07790488
1175,14,47,0.33591416,0.41382167,0.0779075
4688,70,63,0.34927616,0.4272304,0.07795423
1179,14,51,0.3347429,0.41271737,0.07797447
4978,77,66,0.3653152,0.44330585,0.07799065
2315,28,39,0.342715,0.42070922,0.07799423
2860,35,40,0.344654,0.4226583,0.0780043
4454,65,49,0.34821945,0.4262504,0.078030944
5015,78,66,0.36407667,0.44212332,0.07804665
1172,14,44,0.3403755,0.4184222,0.07804668
3987,53,86,0.30462983,0.38268057,0.07805073
923,11,44,0.33978793,0.41783947,0.07805154
3969,53,52,0.32339454,0.40146118,0.07806665
3966,53,49,0.33458105,0.41265222,0.07807118
4369,62,87,0.31848875,0.39656025,0.078071505
4209,58,82,0.31061524,0.38870972,0.07809448
4156,57,54,0.3253864,0.40348256,0.07809615
2326,28,50,0.321397,0.3995051,0.0781081
3654,47,45,0.33731386,0.41544214,0.07812828
2935,36,40,0.34499922,0.4231654,0.07816619
3290,41,40,0.3456531,0.42383504,0.07818195
2166,26,50,0.323224,0.4014113,0.07818729
3939,52,86,0.30321863,0.38140845,0.07818982
3598,46,44,0.3397882,0.4179847,0.078196496
4772,72,60,0.34736744,0.4256239,0.07825646
2088,25,53,0.31945574,0.39771265,0.078256905
2167,26,51,0.32205212,0.40032881,0.078276694
2164,26,48,0.32280135,0.4010859,0.07828456
1929,23,57,0.31284866,0.39113417,0.078285515
1908,23,36,0.33989143,0.4181955,0.07830405
4250,59,83,0.3146358,0.392948,0.07831219
1996,24,42,0.33145168,0.40976524,0.07831356
4626,68,90,0.32989407,0.40821552,0.07832146
239,2,95,0.30634606,0.3846694,0.078323334
191,2,47,0.33579907,0.4141253,0.078326225
3938,52,85,0.30301473,0.38134128,0.07832655
1254,15,43,0.34107423,0.41941926,0.07834503
3009,37,40,0.34507757,0.42343453,0.07835695
3968,53,51,0.32768568,0.40605602,0.07837033
1004,12,42,0.34214148,0.4205181,0.07837662
1346,16,52,0.33242783,0.4108157,0.07838786
4771,72,59,0.3444955,0.42288464,0.07838914
3788,49,86,0.29930562,0.3777007,0.07839507
4087,55,91,0.3019261,0.3803258,0.07839969
1681,20,55,0.31878978,0.39719415,0.07840437
4065,55,52,0.3265133,0.40492064,0.07840735
3355,42,40,0.34569356,0.42410555,0.078412
1909,23,37,0.33648276,0.4149222,0.078439444
2159,26,43,0.3286383,0.40708727,0.07844898
1930,23,58,0.31122845,0.38967952,0.07845107
2553,31,41,0.34040555,0.41886058,0.07845503
4814,73,60,0.34589055,0.4243468,0.07845625
2168,26,52,0.3201182,0.39857644,0.07845825
1848,22,58,0.31197852,0.39044935,0.078470826
1597,19,54,0.3224651,0.40093893,0.078473836
1931,23,59,0.3094861,0.3879865,0.07850042
5013,78,64,0.35537556,0.4338842,0.078508645
2239,27,43,0.32816505,0.40668106,0.07851601
3154,39,41,0.34376305,0.42228353,0.07852048
3917,52,48,0.33512762,0.41365248,0.07852486
1005,12,43,0.3412309,0.41976708,0.07853618
2631,32,41,0.3411742,0.4197121,0.07853791
1926,23,54,0.32013205,0.39867058,0.07853854
2008,24,54,0.3187283,0.39726964,0.07854134
2242,27,46,0.32153076,0.4001089,0.078578144
1262,15,51,0.334482,0.41307494,0.078592926
4817,73,63,0.35506174,0.43365645,0.078594714
4815,73,61,0.34906408,0.42768702,0.07862294
3918,52,49,0.3322741,0.4109414,0.07866728
4199,58,54,0.32880056,0.4074707,0.078670144
4856,74,61,0.34727323,0.4259438,0.07867056
1089,13,44,0.3403386,0.4190153,0.0786767
1006,12,44,0.34027237,0.41894913,0.07867676
162,2,18,0.3872455,0.46594968,0.07870418
1086,13,41,0.34268725,0.42140368,0.07871643
3988,53,87,0.30420816,0.382929,0.07872084
1748,21,40,0.33402354,0.412771,0.07874745
479,5,94,0.30457738,0.38332748,0.0787501
513,6,46,0.33237797,0.41113186,0.07875389
2234,27,38,0.34398142,0.4227367,0.07875529
2247,27,51,0.32105482,0.39981207,0.078757256
4082,55,86,0.3057664,0.38452587,0.07875946
1430,17,53,0.32880446,0.40758798,0.07878351
4639,69,58,0.3452491,0.42404228,0.0787932
4627,68,91,0.32673147,0.40554917,0.078817695
2327,28,51,0.3205303,0.39935866,0.078828365
1090,13,45,0.33923256,0.41806626,0.0788337
4813,73,59,0.34313992,0.4219737,0.07883379
2077,25,42,0.33190602,0.41074744,0.07884142
4855,74,60,0.34410968,0.42295617,0.078846484
4443,64,88,0.32210243,0.40095407,0.07885164
2245,27,49,0.32206506,0.40092632,0.07886127
3990,53,89,0.30137524,0.3802496,0.07887435
726,8,95,0.30850402,0.38737857,0.07887456
3,0,18,0.38660872,0.46550554,0.07889682
4816,73,62,0.35216296,0.43106487,0.07890192
4976,77,64,0.35665148,0.4355785,0.07892701
924,11,45,0.33877048,0.41771477,0.078944296
2072,25,37,0.34066057,0.4196246,0.078964025
2009,24,55,0.3158678,0.39484388,0.078976065
3763,49,46,0.33591166,0.414905,0.07899335
4175,57,90,0.30523136,0.38423005,0.078998685
561,6,94,0.3053178,0.38433328,0.07901549
1827,22,37,0.33577144,0.41479865,0.079027206
2235,27,39,0.34082374,0.41986173,0.079037994
4290,60,84,0.317055,0.39610013,0.07904515
4683,70,58,0.3446306,0.4236911,0.079060495
4018,54,53,0.32086188,0.39993495,0.07907307
3419,43,41,0.34422413,0.42330948,0.07908535
3919,52,50,0.3290468,0.40813807,0.07909128
3482,44,43,0.34027463,0.4193736,0.07909897
4545,67,55,0.3458736,0.42499036,0.07911676
4858,74,63,0.35482398,0.43398356,0.07915959
3541,45,44,0.3384911,0.41765377,0.07916266
399,4,95,0.30485272,0.3840241,0.07917139
4728,71,59,0.345605,0.42478016,0.079175174
3840,50,87,0.29890913,0.37809414,0.07918501
4896,75,61,0.3455938,0.42477897,0.07918516
2405,29,50,0.3211671,0.40036383,0.07919672
3789,49,87,0.29781824,0.3770166,0.07919836
2243,27,47,0.32109666,0.4003189,0.07922223
3867,51,48,0.33277982,0.4120048,0.079224974
1746,21,38,0.33475816,0.41399422,0.07923606
4589,68,53,0.3473934,0.42664772,0.07925433
1093,13,48,0.33560762,0.41487238,0.07926476
1991,24,37,0.338125,0.4174031,0.07927811
1007,12,45,0.33918244,0.4184662,0.079283774
3967,53,50,0.33145735,0.4107446,0.07928726
2396,29,41,0.33787435,0.4171676,0.07929325
4859,74,64,0.3583894,0.43768522,0.079295814
2708,33,41,0.3415571,0.42086044,0.079303354
5012,78,63,0.35142,0.43072358,0.07930359
1263,15,52,0.33329642,0.41260517,0.07930875
4673,69,92,0.32856244,0.4078806,0.079318166
2241,27,45,0.32275262,0.40210542,0.079352796
4734,71,65,0.35274667,0.43211564,0.07936898
4208,58,63,0.30242956,0.38180327,0.07937372
2785,34,41,0.3419603,0.42134234,0.07938203
2406,29,51,0.32029417,0.39968053,0.07938635
808,9,95,0.30884147,0.38823575,0.07939428
2321,28,45,0.32269633,0.4020923,0.07939598
4534,66,92,0.3199828,0.39939055,0.07940775
4492,65,94,0.31805098,0.39746922,0.07941824
2246,27,50,0.32206237,0.40148702,0.07942465
2861,35,41,0.3423529,0.4217914,0.07943851
2244,27,48,0.32146385,0.40090525,0.0794414
4329,61,85,0.31876224,0.39820507,0.07944283
1747,21,39,0.3341449,0.41360092,0.07945603
1092,13,47,0.33621597,0.4156811,0.07946512
1927,23,55,0.31736955,0.39684203,0.07947248
4599,68,63,0.33945596,0.41893342,0.07947746
4490,65,92,0.31800872,0.3974911,0.07948238
4295,60,89,0.31104738,0.39053872,0.07949135
3787,49,85,0.30081415,0.3803354,0.07952124
4113,56,55,0.31860465,0.3981331,0.07952845
4133,56,92,0.30219072,0.38172075,0.07953003
3920,52,51,0.3253018,0.40485308,0.07955128
1995,24,41,0.3327154,0.41226876,0.079553366
4579,67,90,0.3255024,0.4050562,0.07955381
318,3,95,0.3053771,0.384952,0.07957491
31,0,46,0.34351087,0.42311308,0.07960221
2238,27,42,0.33187917,0.41150975,0.07963058
4447,64,92,0.31643748,0.39607188,0.0796344
3837,50,84,0.3017778,0.38143116,0.07965335
4086,55,90,0.3026699,0.38234597,0.07967606
1913,23,41,0.33175668,0.41144153,0.07968485
2318,28,42,0.33246964,0.41215533,0.07968569
3599,46,45,0.3361572,0.41584498,0.079687774
1088,13,43,0.3411936,0.42090636,0.07971278
270,3,47,0.33359396,0.41332206,0.0797281
1765,21,57,0.31399804,0.39374813,0.07975009
398,4,94,0.30451554,0.38426948,0.079753935
3291,41,41,0.34389108,0.4236462,0.07975513
1928,23,56,0.3148658,0.3946403,0.0797745
2089,25,54,0.31683335,0.39661658,0.07978323
1171,14,43,0.34112787,0.42091128,0.07978341
4040,54,91,0.30075678,0.38056853,0.07981175
1347,16,53,0.3305026,0.41032082,0.07981822
3921,52,52,0.32104647,0.40086663,0.079820156
4553,67,63,0.33413082,0.41395178,0.07982096
3083,38,41,0.3433236,0.42315286,0.079829276
2403,29,48,0.32086706,0.40069637,0.079829305
4770,72,58,0.34243923,0.4222747,0.079835474
4727,71,58,0.34359023,0.42342934,0.07983911
4975,77,63,0.35201502,0.43185762,0.0798426
1087,13,42,0.34186944,0.4217216,0.079852164
2155,26,39,0.33869156,0.41855344,0.07986188
4725,71,56,0.34281296,0.4226869,0.07987395
4590,68,54,0.3467607,0.42663726,0.07987657
3892,51,88,0.2993259,0.3792138,0.0798879
4131,56,90,0.30393058,0.3838323,0.079901725
2322,28,46,0.32132947,0.4012359,0.079906434
351,4,47,0.33197674,0.41190338,0.07992664
4977,77,65,0.36129296,0.44123155,0.07993859
4937,76,63,0.3530556,0.43299603,0.07994044
3356,42,41,0.3438409,0.4237817,0.079940796
725,8,94,0.30715278,0.3870998,0.079947025
4689,70,64,0.34865806,0.4286167,0.07995865
2328,28,52,0.31874022,0.39872476,0.079984546
3420,43,42,0.34201995,0.4220164,0.07999647
3942,52,89,0.29975918,0.37975612,0.07999694
4217,58,90,0.30671573,0.38671502,0.0799993
4591,68,55,0.34611908,0.42612243,0.08000335
2076,25,41,0.33404827,0.41405308,0.08000481
3989,53,88,0.30303225,0.38305786,0.08002561
3937,52,84,0.30229607,0.38232675,0.08003068
4331,61,87,0.31580096,0.39584526,0.0800443
2936,36,41,0.3426519,0.42270368,0.08005178
478,5,93,0.30437273,0.38442582,0.08005309
2483,30,49,0.32098034,0.40104148,0.08006114
4132,56,91,0.30307582,0.38314465,0.08006883
2158,26,42,0.33185744,0.4119374,0.08007994
2248,27,52,0.3191214,0.3992037,0.0800823
2316,28,40,0.33961108,0.4197053,0.08009422
3224,40,41,0.3439893,0.42408732,0.080098
3010,37,41,0.3428401,0.42296284,0.08012274
3815,50,47,0.3337913,0.41392687,0.080135584
643,7,94,0.30637342,0.38651502,0.080141604
4857,74,62,0.35096726,0.43115118,0.08018392
3940,52,87,0.30250818,0.38269535,0.08018717
4726,71,57,0.34262604,0.4228149,0.08018887
4593,68,57,0.3452327,0.42542273,0.08019003
4119,56,61,0.3019884,0.38219368,0.08020529
1849,22,59,0.31007692,0.39030322,0.0802263
1253,15,42,0.3414973,0.42173263,0.08023533
4034,54,85,0.30451804,0.38477075,0.08025271
4112,56,54,0.32197967,0.40223345,0.08025378
83,1,18,0.38707635,0.4673351,0.08025876
397,4,93,0.3045088,0.3847681,0.08025929
4502,66,55,0.34495944,0.42522344,0.080264
4681,70,56,0.34389552,0.42416552,0.08026999
5014,78,65,0.35978115,0.44005412,0.08027297
2169,26,53,0.31758493,0.39786738,0.08028245
595,7,46,0.33348405,0.41380286,0.08031881
3941,52,88,0.30126044,0.38158777,0.08032733
4177,57,92,0.3031872,0.38354415,0.080356956
4298,60,92,0.30717865,0.38754717,0.08036852
3870,51,51,0.32298583,0.40337414,0.08038831
1992,24,38,0.33560324,0.4159944,0.08039117
2236,27,40,0.33811554,0.41850826,0.08039272
4690,70,65,0.34763935,0.42803583,0.08039647
2010,24,56,0.31323877,0.3936412,0.080402434
4025,54,60,0.29989392,0.38030282,0.0804089
1830,22,40,0.33228883,0.41270378,0.08041495
2324,28,48,0.3208713,0.40128806,0.08041677
2865,35,45,0.3295901,0.41001955,0.080429435
4735,71,66,0.35191435,0.4323453,0.080430955
4411,63,93,0.31362048,0.39405364,0.08043316
1180,14,52,0.33352116,0.4139589,0.08043775
2482,30,48,0.3209764,0.40141988,0.08044347
2395,29,40,0.3413313,0.42178106,0.08044976
3483,44,44,0.3371069,0.41757676,0.08046985
159,1,94,0.30867675,0.38914883,0.08047208
2154,26,38,0.34112218,0.4216153,0.08049312
2074,25,39,0.33645892,0.41696984,0.080510914
2157,26,41,0.3347349,0.4152505,0.08051562
4736,71,67,0.3508963,0.43141225,0.08051595
4493,65,95,0.3182557,0.39877233,0.08051664
2013,24,59,0.3083125,0.38884836,0.08053586
3970,53,53,0.31880987,0.3993569,0.080547035
3841,50,88,0.29774538,0.37829512,0.08054975
3890,51,86,0.30157712,0.38212824,0.08055112
1091,13,46,0.33774033,0.41829467,0.08055434
2709,33,42,0.33837578,0.41893068,0.0805549
4897,75,62,0.3495627,0.430119,0.0805563
2484,30,50,0.3206669,0.40122867,0.08056176
560,6,93,0.30489507,0.38546693,0.08057186
4297,60,91,0.30870828,0.3892844,0.08057612
3839,50,86,0.30015793,0.38073462,0.08057669
4164,57,62,0.3019012,0.38251027,0.08060908
2073,25,38,0.33815157,0.41876486,0.080613285
2240,27,44,0.32500264,0.4056166,0.08061397
3922,52,53,0.3163311,0.39695033,0.080619246
1828,22,38,0.3337215,0.41435075,0.08062926
3891,51,87,0.30058232,0.38123164,0.08064932
4168,57,83,0.3094396,0.3900983,0.080658704
4068,55,55,0.31558803,0.39624837,0.08066034
3869,51,50,0.3265732,0.40725017,0.08067697
4636,69,55,0.34570402,0.4263811,0.08067709
432,5,47,0.33137715,0.41206315,0.080686
2632,32,42,0.33738354,0.4180739,0.080690354
4127,56,86,0.3069461,0.38766548,0.08071938
3888,51,84,0.30194956,0.38267958,0.08073002
3014,37,45,0.3300422,0.41077232,0.08073011
4210,58,83,0.3124752,0.39320576,0.08073056
2317,28,41,0.3364051,0.41713628,0.08073118
112,1,47,0.33812168,0.4188697,0.08074802
4682,70,57,0.34386387,0.42461663,0.08075276
2485,30,51,0.31968752,0.40044868,0.080761164
2095,25,60,0.30598384,0.38674805,0.080764204
2323,28,47,0.32070437,0.40149656,0.08079219
4637,69,56,0.34512696,0.4259381,0.08081114
4176,57,91,0.30427566,0.3851058,0.08083013
3894,51,90,0.2975449,0.3783865,0.0808416
2237,27,41,0.33530888,0.41618857,0.08087969
642,7,93,0.30572742,0.3866117,0.08088428
1829,22,39,0.33256721,0.4134618,0.08089459
4088,55,92,0.30147174,0.382368,0.08089626
4023,54,58,0.30519366,0.38609952,0.080905855
4592,68,56,0.34560004,0.42652282,0.08092278
2320,28,44,0.32501113,0.40594748,0.08093634
1009,12,47,0.33656096,0.41751927,0.08095831
2795,34,51,0.3140064,0.3949677,0.08096132
2400,29,45,0.32352772,0.4045005,0.08097279
1170,14,42,0.3416464,0.4226192,0.08097279
925,11,46,0.3376797,0.41868314,0.08100343
3542,45,45,0.3349531,0.41596028,0.08100718
4252,59,85,0.31460968,0.39562607,0.08101639
2407,29,52,0.31869066,0.39972207,0.08103141
2156,26,40,0.3367641,0.4178159,0.0810518
2786,34,42,0.33906424,0.42011783,0.081053585
4166,57,81,0.30617863,0.38723925,0.08106062
3089,38,47,0.32271907,0.40378067,0.0810616
2560,31,48,0.3209646,0.40203413,0.08106953
3016,37,47,0.32246098,0.4035315,0.08107051
1766,21,58,0.3123337,0.39341247,0.08107877
78,0,93,0.31136513,0.39245096,0.08108583
2554,31,42,0.33616647,0.41725552,0.08108905
2399,29,44,0.32581878,0.40691182,0.08109304
4039,54,90,0.30132735,0.3824308,0.081103444
678,8,47,0.33449134,0.41561168,0.08112034
3421,43,43,0.33935085,0.42047864,0.08112779
4638,69,57,0.34498364,0.4261236,0.08113995
2864,35,44,0.33292115,0.41406488,0.08114374
192,2,48,0.33393744,0.41508728,0.08114985
3088,38,46,0.32669482,0.4078799,0.08118507
2866,35,46,0.32607737,0.40726814,0.081190765
4449,64,94,0.31526384,0.3964718,0.08120796
3159,39,46,0.3269005,0.4081143,0.0812138
891,10,95,0.3084795,0.38970366,0.08122417
2075,25,40,0.33529672,0.4165234,0.08122668
1682,20,56,0.3162858,0.39752543,0.08123964
1910,23,38,0.33398342,0.41522425,0.08124083
974,11,95,0.30775088,0.38900802,0.081257135
48,0,63,0.32252997,0.40378734,0.08125737
47,0,62,0.3238122,0.4050709,0.081258714
2397,29,42,0.33365923,0.41491985,0.08126062
4296,60,90,0.3099584,0.39122257,0.08126417
2329,28,53,0.31589702,0.39716583,0.08126882
3087,38,45,0.330633,0.411906,0.08127299
1912,23,40,0.3319524,0.41323945,0.081287056
2862,35,42,0.33947438,0.42077175,0.08129737
1993,24,39,0.33408964,0.41539115,0.08130151
2014,24,60,0.30695125,0.3882737,0.08132243
2477,30,43,0.33052188,0.4118669,0.08134502
1264,15,53,0.331704,0.41306165,0.08135766
2476,30,42,0.33486378,0.41623467,0.08137089
677,8,46,0.33494854,0.41632894,0.0813804
4178,57,93,0.30159235,0.3829754,0.08138305
3842,50,89,0.29692307,0.37830955,0.08138648
3230,40,47,0.32228577,0.403688,0.08140224
1094,13,49,0.33584538,0.41725728,0.0814119
3735,48,85,0.3005201,0.38193342,0.08141333
1932,23,60,0.30770963,0.38913104,0.081421405
3838,50,85,0.3011889,0.38261914,0.08143026
3229,40,46,0.32684162,0.40828305,0.08144143
2398,29,43,0.3293142,0.41076323,0.08144903
3868,51,49,0.32979897,0.41127163,0.081472665
2561,31,49,0.32046244,0.40194052,0.08147809
2090,25,55,0.3138502,0.39533886,0.08148867
4159,57,57,0.31514776,0.39663967,0.08149192
3992,53,91,0.29956806,0.38108212,0.08151406
1911,23,39,0.3325128,0.414031,0.0815182
2939,36,44,0.33319938,0.4147379,0.08153853
2940,36,45,0.3297668,0.41130742,0.081540614
4336,61,92,0.30970556,0.3912503,0.08154476
3015,37,46,0.32631657,0.40786308,0.081546515
3710,48,46,0.33442196,0.41600442,0.08158246
1008,12,46,0.33788297,0.41948503,0.08160207
4319,61,57,0.32939935,0.41102672,0.08162737
3011,37,42,0.3401252,0.4217562,0.081631005
317,3,94,0.30544403,0.38710743,0.0816634
3876,51,57,0.30015507,0.38181984,0.08166477
2562,31,50,0.31970865,0.40137547,0.08166683
3816,50,48,0.3304993,0.41223174,0.08173245
1767,21,59,0.31055665,0.39231187,0.08175522
1994,24,40,0.3333282,0.4150877,0.08175951
1095,13,50,0.33563134,0.4173918,0.081760466
2565,31,53,0.31554148,0.39730304,0.08176157
3764,49,47,0.3318906,0.41365835,0.08176774
2319,28,43,0.32842728,0.4102463,0.08181903
842,10,46,0.33715832,0.41901937,0.08186105
2713,33,46,0.32537016,0.40723905,0.08186889
477,5,92,0.30419812,0.3860737,0.08187559
3817,50,49,0.32756534,0.4094476,0.08188227
1850,22,60,0.30820432,0.39008835,0.08188403
1057,12,95,0.30714104,0.38902915,0.08188811
1140,13,95,0.30661163,0.38853356,0.081921935
596,7,47,0.33313623,0.41506326,0.08192703
1598,19,55,0.3194143,0.40134895,0.08193466
2710,33,43,0.33492923,0.4168654,0.08193618
2787,34,43,0.33587727,0.41781425,0.081936985
1683,20,57,0.31441742,0.39636013,0.08194271
4412,63,94,0.31228444,0.39422837,0.08194393
2011,24,57,0.31119823,0.3931647,0.08196646
2249,27,53,0.31630018,0.3982699,0.08196971
760,9,47,0.33553272,0.41753194,0.08199921
2487,30,53,0.31607828,0.39807895,0.08200067
759,9,46,0.3362661,0.4182792,0.0820131
4211,58,84,0.31319386,0.39521337,0.08201951
2720,33,53,0.31301314,0.39503422,0.08202109
3872,51,53,0.31403023,0.3960587,0.08202848
3012,37,43,0.33702472,0.41905516,0.082030445
1223,14,95,0.30596998,0.38800186,0.082031876
1684,20,58,0.31291172,0.3949564,0.08204469
4410,63,92,0.314849,0.396899,0.082050025
3155,39,42,0.34145352,0.42350674,0.082053214
2941,36,46,0.32613236,0.40820456,0.0820722
4067,55,54,0.31907755,0.4011629,0.08208534
3893,51,89,0.29818094,0.380278,0.08209705
843,10,47,0.33618832,0.41828594,0.08209762
926,11,47,0.336533,0.41863355,0.08210054
4258,59,91,0.3069567,0.38907027,0.082113564
2938,36,43,0.33652258,0.4186412,0.08211863
2639,32,49,0.31961715,0.40176573,0.08214858
2937,36,42,0.33973733,0.4218909,0.08215359
3292,41,42,0.3416931,0.4238501,0.082156986
4212,58,85,0.31249374,0.3946678,0.08217406
396,4,92,0.30451804,0.38669223,0.08217418
2637,32,47,0.32240245,0.40457666,0.08217421
2478,30,44,0.32708955,0.40929833,0.08220878
2555,31,43,0.33209822,0.4143071,0.08220887
3357,42,42,0.3416506,0.42386684,0.08221623
46,0,61,0.32463598,0.40685531,0.08221933
2556,31,44,0.32865041,0.4109017,0.08225128
4,0,19,0.38721937,0.46949136,0.08227199
3971,53,54,0.3143744,0.39665234,0.08227795
2633,32,43,0.33364958,0.4159285,0.08227894
4356,62,57,0.33301172,0.41529086,0.082279146
807,9,94,0.30747178,0.38976634,0.08229455
2401,29,46,0.32205358,0.4043523,0.082298726
4251,59,84,0.31529713,0.3976147,0.08231756
2564,31,52,0.3171795,0.39950866,0.082329154
2409,29,54,0.31291866,0.39528322,0.08236456
3160,39,47,0.3226137,0.40498185,0.082368165
3871,51,52,0.31885695,0.40122965,0.082372695
2402,29,47,0.32103318,0.4034192,0.08238602
3818,50,50,0.324538,0.40692404,0.08238605
4334,61,90,0.31203407,0.39442918,0.08239511
2091,25,56,0.31117687,0.3935999,0.08242303
1514,18,54,0.32386163,0.40630615,0.08244452
4373,62,91,0.3136353,0.3960995,0.08246422
514,6,47,0.33184633,0.41431737,0.08247104
2408,29,53,0.31608376,0.39855936,0.0824756
2481,30,47,0.32150513,0.4039914,0.08248627
2480,30,46,0.32286677,0.40536717,0.0825004
2643,32,53,0.31439927,0.39690366,0.08250439
1768,21,60,0.30890676,0.39142635,0.08251959
2718,33,51,0.3155758,0.39810392,0.082528114
3943,52,90,0.29868534,0.3812216,0.08253625
3086,38,44,0.33442372,0.41696116,0.08253744
2479,30,45,0.3246595,0.4072388,0.082579315
238,2,94,0.3069444,0.3895291,0.08258471
3013,37,44,0.33364853,0.4162485,0.08259997
3711,48,47,0.33036637,0.4129747,0.08260831
2170,26,54,0.31468746,0.3973171,0.08262965
4024,54,59,0.30263433,0.38528097,0.08264664
2642,32,52,0.3157716,0.39843106,0.08265945
724,8,93,0.30632567,0.38899347,0.0826678
2559,31,47,0.32196137,0.40462935,0.08266798
3985,53,84,0.3026943,0.38537386,0.08267957
3158,39,45,0.33111897,0.4138097,0.082690716
2788,34,44,0.3324799,0.41518408,0.08270419
2790,34,46,0.32593662,0.4086462,0.08270958
3422,43,44,0.33601117,0.4187267,0.08271554
49,0,64,0.32086957,0.40359038,0.082720816
2563,31,51,0.31853977,0.40126705,0.08272728
128,1,63,0.3221817,0.4049176,0.082735896
4218,58,91,0.3056579,0.38841927,0.08276138
3734,48,84,0.3018616,0.38463488,0.08277327
2486,30,52,0.31822282,0.40100178,0.08277896
2634,32,44,0.3301545,0.41293767,0.08278316
3225,40,42,0.34175923,0.424555,0.08279577
1685,20,59,0.3114272,0.394229,0.08280179
2942,36,47,0.3223241,0.40512982,0.08280572
2711,33,44,0.331491,0.41429716,0.08280617
3543,45,46,0.33120573,0.4140313,0.08282557
4375,62,93,0.31098375,0.39381242,0.08282867
4134,56,93,0.3009837,0.38381654,0.08283284
3991,53,90,0.29999304,0.38282752,0.08283448
3085,38,43,0.33789757,0.42073643,0.08283886
3484,44,45,0.3334737,0.41631278,0.08283907
2094,25,59,0.3068293,0.3896717,0.08284241
32,0,47,0.33996356,0.42280814,0.082844585
2638,32,48,0.3208251,0.40367094,0.08284584
51,0,66,0.31806016,0.40091172,0.08285156
2870,35,50,0.31426013,0.39711788,0.08285776
3424,43,46,0.3278765,0.41073588,0.08285937
3084,38,42,0.34085137,0.4237268,0.08287543
2863,35,43,0.33625233,0.41913682,0.08288449
2331,28,55,0.30942917,0.39232162,0.08289245
1096,13,51,0.3344052,0.41730297,0.08289775
4580,67,91,0.3232151,0.4061478,0.08293271
2649,32,59,0.30988866,0.39282343,0.08293477
559,6,92,0.30448598,0.38742396,0.082937986
4041,54,92,0.30080488,0.38374877,0.08294389
4019,54,54,0.3167381,0.39968976,0.082951665
4167,57,82,0.30805403,0.39100724,0.082953215
1306,15,95,0.30501857,0.38799164,0.08297306
127,1,62,0.32368487,0.40666112,0.08297625
2714,33,47,0.32272154,0.40572524,0.0830037
973,11,94,0.3065506,0.38955975,0.08300915
3655,47,46,0.33332866,0.41634634,0.08301768
352,4,48,0.3312652,0.41428563,0.08302042
4219,58,92,0.30438554,0.38741654,0.083031
4299,60,93,0.30519924,0.38826653,0.0830673
2171,26,55,0.31162617,0.3947115,0.08308533
2330,28,54,0.3125808,0.39566624,0.08308545
3485,44,46,0.3295883,0.4126877,0.083099395
1389,16,95,0.30426762,0.38736883,0.08310121
2712,33,45,0.3282488,0.4113645,0.0831157
2640,32,50,0.31841204,0.40153706,0.083125025
3681,47,85,0.30016646,0.38331163,0.08314517
4446,64,91,0.3171887,0.40034306,0.08315435
4259,59,92,0.30549908,0.38866508,0.083166
2645,32,55,0.3116904,0.3948626,0.0831722
2635,32,45,0.32711995,0.4103116,0.08319166
2636,32,46,0.32455269,0.40774637,0.08319369
2557,31,45,0.3258984,0.40909833,0.08319992
3790,49,88,0.29667532,0.37988862,0.0832133
2558,31,46,0.3236861,0.40690032,0.08321422
2092,25,57,0.3091968,0.39241216,0.083215356
3358,42,43,0.338907,0.42214367,0.083236665
1431,17,54,0.32587668,0.4091185,0.08324182
2789,34,45,0.32917544,0.4124253,0.08324987
43,0,58,0.32499763,0.40826178,0.08326414
1599,19,56,0.31701273,0.40028352,0.08327079
4413,63,95,0.3113188,0.39459917,0.083280355
2250,27,54,0.31312358,0.39640653,0.08328295
4335,61,91,0.31102186,0.39432153,0.08329967
126,1,61,0.32474098,0.40804163,0.08330065
2721,33,54,0.31203622,0.3953389,0.08330268
316,3,93,0.30561388,0.3889355,0.08332163
3786,49,84,0.30185086,0.38517508,0.083324224
641,7,92,0.30504376,0.38837934,0.08333558
1010,12,48,0.33609074,0.4194294,0.08333865
890,10,94,0.3072173,0.39055598,0.08333868
3736,48,86,0.29876143,0.38210905,0.08334762
3819,50,51,0.32131055,0.40468562,0.08337507
2096,25,61,0.3052666,0.38865322,0.08338663
3296,41,46,0.32662183,0.41001558,0.08339375
3600,46,46,0.332339,0.41573322,0.08339423
2869,35,49,0.31661215,0.4000066,0.08339444
2943,36,48,0.31890878,0.4023124,0.08340362
4122,56,81,0.30408943,0.3875024,0.083412975
50,0,65,0.31933182,0.40274882,0.083417
4158,57,56,0.31871307,0.40214792,0.08343485
4165,57,63,0.2995203,0.3829575,0.083437175
3944,52,91,0.2983503,0.38184845,0.08349815
2172,26,56,0.3090573,0.3925724,0.08351511
4337,61,93,0.30783272,0.39136094,0.08352822
4123,56,82,0.30539343,0.38893014,0.083536714
2567,31,55,0.3115175,0.3950984,0.08358088
2727,33,60,0.30951107,0.39311627,0.0836052
271,3,48,0.3324076,0.41601932,0.08361173
1851,22,61,0.30684978,0.39050487,0.08365509
4121,56,80,0.30233088,0.3859861,0.08365521
4120,56,62,0.2993282,0.38298383,0.083655626
1056,12,94,0.30605823,0.38972008,0.083661854
3157,39,44,0.3350294,0.41871017,0.08368078
3297,41,47,0.32199374,0.4056747,0.08368096
1222,14,94,0.30493313,0.3886148,0.08368167
3361,42,46,0.32678652,0.41047505,0.08368853
3923,52,54,0.31174514,0.39543784,0.0836927
2796,34,52,0.3127481,0.3964626,0.083714485
2867,35,47,0.32247433,0.40619218,0.08371785
1139,13,94,0.30566612,0.38938951,0.083723396
2641,32,51,0.31708375,0.40081665,0.0837329
4455,65,50,0.3480056,0.43174362,0.08373803
2719,33,52,0.3143036,0.3980801,0.083776504
2177,26,61,0.30473477,0.38852262,0.08378786
45,0,60,0.32511547,0.40890425,0.08378878
3017,37,48,0.31898907,0.4027892,0.08380014
2715,33,48,0.32051057,0.40434885,0.083838284
158,1,93,0.30962288,0.39346194,0.08383906
4179,57,94,0.29963154,0.38347214,0.08384061
44,0,59,0.32527998,0.4091348,0.083854824
3156,39,43,0.33855233,0.4224341,0.083881766
2012,24,58,0.30971953,0.39360294,0.083883405
3656,47,47,0.32937545,0.41327974,0.083904296
3836,50,83,0.301633,0.38554838,0.08391538
4487,65,89,0.32209453,0.4060382,0.083943665
2571,31,59,0.3088787,0.3928225,0.083943814
3765,49,48,0.3286459,0.41263044,0.083984524
2093,25,58,0.30787864,0.3918828,0.084004164
2644,32,54,0.31306624,0.39707384,0.08400759
2488,30,54,0.313442,0.3974662,0.08402422
2944,36,49,0.3160152,0.40004742,0.08403221
4374,62,92,0.3126499,0.3966823,0.08403239
395,4,91,0.30457518,0.3886184,0.084043235
2726,33,59,0.30981427,0.39385766,0.08404338
1933,23,61,0.30631647,0.39037308,0.084056616
3293,41,43,0.33885333,0.4229815,0.08412817
3231,40,48,0.31872672,0.40286833,0.08414161
2650,32,60,0.30962357,0.39376953,0.08414596
4409,63,91,0.31565383,0.39982858,0.08417475
131,1,66,0.31804988,0.40222543,0.08417556
2722,33,55,0.3113107,0.3954889,0.08417818
3766,49,49,0.32587484,0.41005477,0.08417994
1305,15,94,0.30353892,0.38772097,0.084182054
42,0,57,0.32438007,0.40857428,0.08419421
2648,32,58,0.3100865,0.39429933,0.08421284
132,1,67,0.3172195,0.40144792,0.084228426
433,5,48,0.33109078,0.41532764,0.08423686
2566,31,54,0.3136217,0.39788124,0.08425954
4089,55,93,0.3007786,0.3850643,0.08428571
3785,49,83,0.30193126,0.386235,0.08430374
2717,33,50,0.3169898,0.4013172,0.0843274
3298,41,48,0.31852928,0.40286204,0.084332764
4450,64,95,0.31493887,0.3993,0.084361136
2647,32,57,0.31022203,0.3945857,0.08436367
1348,16,54,0.32800794,0.4123811,0.084373176
2794,34,50,0.31557932,0.3999696,0.08439028
77,0,92,0.31176567,0.3961982,0.08443254
3625,46,84,0.30033135,0.38478008,0.084448725
237,2,93,0.30749553,0.39196265,0.08446711
2570,31,58,0.3089492,0.3934218,0.0844726
54,0,69,0.31497917,0.39946628,0.08448711
4260,59,93,0.30351472,0.38800985,0.08449513
2489,30,55,0.31074202,0.3952462,0.08450419
4220,58,93,0.30246755,0.38700908,0.08454153
1181,14,53,0.33197325,0.41653004,0.08455679
2568,31,56,0.30991456,0.39447317,0.084558606
133,1,68,0.31631315,0.4008941,0.08458096
1600,19,57,0.31522754,0.3998248,0.08459726
2793,34,49,0.31760085,0.40219885,0.084598005
806,9,93,0.3065398,0.39114976,0.084609956
2015,24,61,0.3058043,0.39042446,0.08462015
134,1,69,0.3153299,0.39997593,0.08464602
2569,31,57,0.30911985,0.3937812,0.084661335
4124,56,83,0.30609068,0.39078844,0.08469775
1515,18,55,0.32081097,0.40551335,0.08470237
129,1,64,0.32047287,0.40518403,0.084711164
2176,26,60,0.3049797,0.38970092,0.08472121
3226,40,43,0.33887333,0.42359778,0.084724456
4114,56,56,0.3152063,0.39993408,0.084727794
3737,48,87,0.297086,0.38181904,0.08473304
2728,33,61,0.3089546,0.39369914,0.08474454
515,6,48,0.33188784,0.41663888,0.08475104
2803,34,59,0.3090904,0.3938529,0.084762484
313,3,90,0.30641967,0.39120406,0.08478439
2725,33,58,0.31016782,0.39496478,0.084796965
314,3,91,0.30603746,0.39083567,0.08479822
2410,29,55,0.3098809,0.39469033,0.08480942
113,1,48,0.3355739,0.4203936,0.084819674
125,1,60,0.3252656,0.4100882,0.084822625
1055,12,93,0.30502892,0.38986295,0.08483404
3359,42,44,0.33539665,0.42023182,0.08483517
52,0,67,0.31700528,0.40185407,0.08484879
476,5,91,0.3039691,0.3888201,0.08485103
3423,43,45,0.33206683,0.41694298,0.08487615
76,0,91,0.31170118,0.39659625,0.084895074
2097,25,62,0.30466944,0.3895772,0.08490777
236,2,92,0.30792576,0.39284015,0.084914386
597,7,48,0.33338094,0.4183144,0.08493346
3767,49,50,0.32309052,0.408047,0.08495647
3733,48,83,0.3021036,0.3870972,0.0849936
315,3,92,0.30584183,0.39084092,0.084999084
2716,33,49,0.31862453,0.40363172,0.08500719
558,6,91,0.30392522,0.3889373,0.08501208
2646,32,56,0.31072026,0.39573997,0.08501971
4169,57,84,0.30996448,0.39499453,0.08503005
2257,27,61,0.30458087,0.38962227,0.085041404
1769,21,61,0.30777794,0.39282036,0.08504242
2173,26,57,0.3072302,0.3922828,0.08505261
206,2,62,0.3223999,0.40746194,0.08506203
312,3,89,0.306939,0.3920066,0.0850676
4075,55,79,0.29972658,0.38479817,0.08507159
3680,47,84,0.30150655,0.38659176,0.08508521
972,11,93,0.30544853,0.39054883,0.08510029
723,8,92,0.30539075,0.39049467,0.08510393
205,2,61,0.32364753,0.40875953,0.085112005
130,1,65,0.31905285,0.4041778,0.08512497
3227,40,44,0.335375,0.4205529,0.0851779
4070,55,57,0.3095064,0.3946952,0.085188806
2791,34,47,0.32278264,0.4079884,0.08520576
2879,35,59,0.30774462,0.39295378,0.08520916
3682,47,86,0.29840547,0.38362765,0.085222185
3820,50,52,0.31736067,0.4025925,0.08523184
2802,34,58,0.3095409,0.39477605,0.08523515
2492,30,58,0.3072175,0.39247125,0.085253745
761,9,48,0.3353495,0.42060822,0.08525872
4376,62,94,0.30907506,0.39433622,0.085261166
1686,20,60,0.31005892,0.39532638,0.085267454
2490,30,56,0.30866238,0.39393237,0.08526999
394,4,90,0.30482513,0.3901016,0.085276484
1138,13,93,0.3048176,0.39013687,0.08531928
2252,27,56,0.30753112,0.39285317,0.08532205
33,0,48,0.33685297,0.4222213,0.085368335
1054,12,92,0.30415368,0.38952672,0.085373044
272,3,49,0.33144233,0.41683117,0.08538884
927,11,48,0.33614236,0.42156628,0.08542392
213,2,69,0.3154028,0.40083107,0.08542827
844,10,48,0.3358311,0.42127106,0.08543995
1472,17,95,0.3039874,0.389436,0.08544859
3823,50,55,0.30320588,0.38866067,0.08545479
53,0,68,0.31599373,0.40145287,0.08545914
3569,45,84,0.2987457,0.38420767,0.085461974
2411,29,56,0.30759063,0.3930633,0.08547267
4370,62,88,0.31679636,0.40228772,0.08549136
4078,55,82,0.3027601,0.38829398,0.08553389
3360,42,45,0.3312471,0.41678396,0.08553687
4338,61,94,0.30580527,0.39134508,0.08553982
2258,27,62,0.30475065,0.39030206,0.08555141
3553,45,56,0.2998109,0.3853686,0.0855577
157,1,92,0.3101558,0.3957143,0.085558504
548,6,81,0.3019794,0.38755837,0.08557898
2801,34,57,0.30991614,0.39551988,0.085603744
1097,13,52,0.33280683,0.41843837,0.08563155
3552,45,55,0.30293384,0.38856617,0.085632324
679,8,48,0.334602,0.42023474,0.08563274
2178,26,62,0.3045581,0.39019275,0.08563465
3887,51,83,0.30140153,0.3870377,0.08563617
2412,29,57,0.30630463,0.391948,0.08564338
1432,17,55,0.32278636,0.40844777,0.08566141
212,2,68,0.31625804,0.4019316,0.08567357
4253,59,86,0.3132165,0.39889985,0.085683346
2804,34,60,0.30873555,0.39442313,0.08568758
2724,33,57,0.3105155,0.39621323,0.08569774
4300,60,94,0.30318487,0.388913,0.08572814
2251,27,55,0.3099895,0.39572534,0.08573583
3362,42,47,0.3223387,0.40807793,0.085739225
889,10,93,0.30618545,0.39194015,0.08575469
2868,35,48,0.31928974,0.4050555,0.08576575
1221,14,93,0.3041903,0.38997278,0.08578247
475,5,90,0.303919,0.38970596,0.08578697
4079,55,83,0.30329883,0.38909563,0.0857968
41,0,56,0.3238676,0.40966457,0.08579698
204,2,60,0.3243491,0.4101631,0.085814
2798,34,54,0.31106055,0.39687937,0.08581883
2723,33,56,0.3108722,0.39669544,0.08582324
4445,64,90,0.3181415,0.4039898,0.0858483
2491,30,57,0.3075592,0.3934083,0.08584911
2174,26,58,0.3061451,0.39199442,0.085849315
310,3,87,0.3077673,0.39363244,0.08586514
4077,55,81,0.30213904,0.38801944,0.0858804
3294,41,44,0.3353126,0.4211977,0.08588511
123,1,58,0.32484502,0.41073182,0.085886806
3821,50,53,0.31232208,0.39821354,0.085891455
3874,51,55,0.30542412,0.3913176,0.08589348
3873,51,54,0.30927226,0.39516982,0.085897565
3601,46,47,0.3285406,0.41446078,0.085920185
1516,18,56,0.3183199,0.4042426,0.08592272
124,1,59,0.32527322,0.4111993,0.085926086
1011,12,49,0.33626857,0.4222077,0.08593914
2792,34,48,0.31999704,0.40594792,0.08595088
2880,35,60,0.3073794,0.39334673,0.08596733
2016,24,62,0.30491874,0.39088735,0.08596861
3363,42,48,0.31900617,0.40498745,0.08598128
2797,34,53,0.31175664,0.39777228,0.08601564
3161,39,48,0.31900546,0.40503043,0.08602497
3090,38,48,0.31916752,0.40519884,0.08603132
207,2,63,0.32087836,0.4069111,0.08603275
392,4,88,0.30574498,0.39178404,0.08603907
3712,48,48,0.32720515,0.4132478,0.08604264
2253,27,57,0.305923,0.39197132,0.086048305
1601,19,58,0.31394488,0.39999908,0.086054206
516,6,49,0.33178666,0.41784146,0.0860548
193,2,49,0.33247286,0.41853705,0.08606419
3228,40,45,0.33133718,0.41741866,0.086081475
3822,50,54,0.30730996,0.39339712,0.08608717
3495,44,56,0.3007642,0.3868748,0.08611059
3295,41,45,0.3311938,0.41730678,0.086112976
3373,42,58,0.29659843,0.38271853,0.0861201
211,2,67,0.31700915,0.40313157,0.08612242
3544,45,47,0.3274169,0.4135496,0.086132705
214,2,70,0.3141926,0.40035015,0.08615756
135,1,70,0.31409436,0.40025625,0.08616188
1852,22,62,0.3060307,0.3921969,0.0861662
551,6,84,0.30075315,0.38691986,0.08616671
4213,58,86,0.31128702,0.39746508,0.086178064
2572,31,60,0.3086862,0.3948833,0.08619711
391,4,87,0.30601102,0.39222386,0.08621284
1770,21,62,0.30714345,0.39336714,0.08622369
311,3,88,0.30748814,0.39372715,0.08623901
2799,34,55,0.31060818,0.39690468,0.0862965
4377,62,95,0.30766347,0.39396778,0.08630431
1012,12,50,0.3357342,0.42204735,0.08631316
3306,41,56,0.30206972,0.38839275,0.08632302
633,7,84,0.2981516,0.38447648,0.08632487
971,11,92,0.30449426,0.39082047,0.08632621
3993,53,92,0.29977107,0.38609928,0.08632821
234,2,90,0.30849093,0.39482838,0.08633745
1388,16,94,0.30221245,0.38856366,0.086351216
1934,23,62,0.30537793,0.39173782,0.08635989
805,9,92,0.30544385,0.3918043,0.086360455
2878,35,58,0.30807957,0.3944664,0.08638683
1265,15,54,0.3294306,0.41582435,0.086393744
2805,34,61,0.30822214,0.39465082,0.08642867
4125,56,84,0.3065255,0.39295545,0.08642995
232,2,88,0.30927372,0.3957187,0.086444974
3824,50,56,0.30018663,0.38663664,0.08645001
4074,55,61,0.29960024,0.3860533,0.08645305
233,2,89,0.3088565,0.39531025,0.086453766
1687,20,61,0.309161,0.39561892,0.08645791
4042,54,93,0.30057433,0.38705298,0.08647865
4170,57,85,0.3095788,0.3960648,0.08648598
1603,19,60,0.31154,0.3980299,0.086489886
630,7,81,0.3002952,0.38678682,0.086491615
640,7,91,0.30407536,0.39057618,0.08650082
4406,63,88,0.31941438,0.40591985,0.08650547
1602,19,59,0.3126935,0.39920896,0.08651546
3679,47,83,0.30182615,0.3883706,0.086544454
2945,36,50,0.31342533,0.4000225,0.086597174
4332,61,88,0.31425628,0.40085834,0.08660206
3239,40,56,0.30252486,0.38913608,0.08661121
4221,58,94,0.30023506,0.3868751,0.08664003
2179,26,63,0.30414277,0.39079112,0.086648345
4028,54,79,0.29935268,0.38601264,0.08665997
2493,30,59,0.30711195,0.39377242,0.086660475
3425,43,47,0.32371846,0.41040134,0.086682886
2871,35,51,0.31243074,0.39911377,0.086683035
2800,34,56,0.31031424,0.39703014,0.08671591
121,1,56,0.32384774,0.41059238,0.08674464
3731,48,81,0.29967767,0.38643074,0.08675307
434,5,49,0.33084425,0.41759908,0.08675483
1349,16,55,0.32486385,0.41162774,0.08676389
353,4,49,0.33075997,0.41752812,0.08676815
3713,48,49,0.32459703,0.41137874,0.08678171
3626,46,85,0.29927593,0.38606527,0.08678934
3018,37,49,0.3158883,0.40268457,0.08679628
2337,28,61,0.30480096,0.3916051,0.08680415
3299,41,49,0.31636384,0.40317047,0.086806625
552,6,85,0.3007323,0.3875406,0.086808294
156,1,91,0.3103175,0.39712584,0.08680835
471,5,86,0.30388752,0.39071468,0.08682716
1604,19,61,0.31075707,0.39759284,0.08683577
3487,44,48,0.322552,0.40939468,0.086842686
474,5,89,0.3039923,0.39084977,0.08685747
1688,20,62,0.30864298,0.39550665,0.08686367
549,6,82,0.3012793,0.38814554,0.08686623
1517,18,57,0.31651902,0.4033963,0.08687729
2332,28,56,0.30705366,0.39393497,0.08688131
722,8,91,0.30411878,0.3910273,0.08690852
632,7,83,0.2986551,0.38557133,0.08691624
634,7,85,0.29804558,0.38497993,0.08693436
4069,55,56,0.3124316,0.3993695,0.086937904
2651,32,61,0.3090629,0.39600545,0.08694255
122,1,57,0.32416204,0.41113174,0.0869697
1137,13,92,0.30406624,0.39104095,0.08697471
393,4,89,0.30526614,0.39224696,0.08698082
557,6,90,0.3033824,0.3903695,0.08698711
550,6,83,0.30093008,0.38792798,0.0869979
3784,49,82,0.3012065,0.3882162,0.0870097
3774,49,57,0.2960192,0.38303462,0.08701542
553,6,86,0.30110362,0.38812566,0.08702204
203,2,59,0.32433477,0.4113809,0.08704612
631,7,82,0.29944423,0.3864946,0.08705038
3875,51,56,0.3026001,0.3896967,0.0870966
75,0,90,0.31169334,0.39880687,0.08711353
3019,37,50,0.313194,0.40034243,0.08714843
639,7,90,0.30313998,0.3902923,0.0871523
3426,43,48,0.32048744,0.4076845,0.087197065
3714,48,50,0.322021,0.40924245,0.08722144
3097,38,55,0.30642262,0.3936473,0.08722469
235,2,91,0.3081726,0.3953995,0.0872269
4407,63,89,0.31753054,0.4047657,0.08723515
4126,56,85,0.30679542,0.39403865,0.08724323
3486,44,47,0.32568175,0.41293377,0.08725202
309,3,86,0.3077146,0.3949687,0.08725408
3825,50,57,0.29772037,0.38498917,0.0872688
4489,65,91,0.318647,0.40591884,0.08727184
208,2,64,0.3194591,0.4067403,0.0872812
152,1,87,0.31070954,0.39799252,0.087282985
4532,66,90,0.32218498,0.409483,0.087298006
153,1,88,0.31091404,0.3982174,0.08730337
470,5,85,0.30359703,0.39090866,0.087311625
3364,42,49,0.31688285,0.4041986,0.08731574
154,1,89,0.31074712,0.3980925,0.08734539
472,5,87,0.30404362,0.39138943,0.08734581
1520,18,60,0.312879,0.40022653,0.08734754
465,5,80,0.30466413,0.39201722,0.08735308
155,1,90,0.31051376,0.39787257,0.0873588
469,5,84,0.30341756,0.3907791,0.087361544
3683,47,87,0.29667443,0.38405922,0.08738479
3610,46,56,0.29879776,0.3862127,0.08741495
4222,58,95,0.29831585,0.38574117,0.08742532
231,2,87,0.30933493,0.39678454,0.08744961
4031,54,82,0.3008152,0.38828138,0.08746618
1266,15,55,0.32635626,0.41382495,0.08746868
4261,59,94,0.3013375,0.38880628,0.08746877
3773,49,56,0.29852813,0.38600284,0.087474704
4030,54,81,0.30053067,0.38800558,0.08747491
473,5,88,0.30411902,0.39163145,0.08751243
1518,18,58,0.31523898,0.40275833,0.08751935
3738,48,88,0.29579276,0.38333,0.08753723
888,10,92,0.30506986,0.39260957,0.0875397
2098,25,63,0.30399644,0.39153996,0.08754352
4254,59,87,0.31170517,0.3992706,0.08756542
554,6,87,0.30165997,0.38922575,0.08756578
2175,26,59,0.3054364,0.39300966,0.08757326
4033,54,84,0.30315387,0.39074063,0.08758676
715,8,84,0.29653874,0.3841519,0.087613165
285,3,62,0.32073408,0.40836218,0.0876281
210,2,66,0.31763437,0.40527818,0.0876438
3657,47,48,0.3262362,0.41388163,0.08764544
36,0,51,0.3295263,0.4171787,0.087652385
74,0,89,0.31182033,0.3994844,0.08766407
3791,49,89,0.29593402,0.38360953,0.08767551
3092,38,50,0.31348866,0.40118265,0.08769399
3768,49,51,0.32014504,0.4078454,0.08770037
390,4,86,0.30602965,0.39374706,0.087717414
4372,62,90,0.3143202,0.40205035,0.08773014
2254,27,58,0.3051006,0.39283127,0.087730676
3843,50,90,0.29659027,0.38432267,0.087732404
721,8,90,0.30285653,0.3905933,0.087736756
34,0,49,0.33413807,0.42188627,0.0877482
4171,57,86,0.30897525,0.39672422,0.087748975
547,6,80,0.30291343,0.39067426,0.087760836
3658,47,49,0.32376486,0.41153184,0.087766975
466,5,81,0.3036713,0.39144403,0.08777273
1771,21,63,0.30677268,0.39455333,0.087780654
40,0,55,0.3239047,0.41169807,0.08779338
2413,29,58,0.30579397,0.39361534,0.087821364
1434,17,57,0.3179739,0.40579554,0.08782163
3627,46,86,0.2977789,0.38561305,0.08783415
3545,45,48,0.3243267,0.41217473,0.08784804
2881,35,61,0.30691525,0.3947637,0.087848455
4371,62,89,0.3153108,0.4031596,0.08784878
804,9,91,0.3040228,0.3918758,0.087853014
712,8,81,0.29887006,0.38672763,0.087857574
3365,42,50,0.3151374,0.40299982,0.08786243
4135,56,94,0.2995312,0.38740614,0.08787495
354,4,50,0.32974395,0.4176246,0.08788064
3496,44,57,0.297909,0.3857945,0.0878855
1433,17,56,0.32004052,0.40793112,0.087890595
3981,53,80,0.2992073,0.38711303,0.087905735
1304,15,93,0.30261448,0.39054123,0.087926745
202,2,58,0.3239459,0.4118776,0.08793169
3168,39,55,0.30530116,0.39324418,0.08794302
4076,55,80,0.30114332,0.3890895,0.08794618
3834,50,81,0.2995855,0.3875319,0.087946415
209,2,65,0.31838256,0.4063325,0.08794993
1689,20,63,0.30826336,0.396214,0.08795065
2494,30,60,0.30703017,0.39499497,0.0879648
73,0,88,0.31180346,0.39977157,0.08796811
1555,18,95,0.30351022,0.39149588,0.087985665
200,2,56,0.3235689,0.4115607,0.087991804
467,5,82,0.30308157,0.39109197,0.0880104
638,7,89,0.3020682,0.39007965,0.08801144
120,1,55,0.32415205,0.4121639,0.08801186
1521,18,61,0.31199512,0.40001497,0.08801985
3659,47,50,0.3212892,0.40931982,0.08803061
3602,46,48,0.32538906,0.41343307,0.08804402
3783,49,81,0.2999187,0.38798356,0.08806485
273,3,50,0.33007488,0.41814038,0.088065505
4339,61,95,0.30430895,0.39237627,0.08806732
3980,53,79,0.2986796,0.38674766,0.08806807
55,0,70,0.31391641,0.40200105,0.08808464
556,6,89,0.3028943,0.39098647,0.08809218
3665,47,56,0.29798454,0.3860782,0.08809367
2333,28,57,0.30564255,0.39374444,0.08810189
3164,39,51,0.31184795,0.39996207,0.08811411
4090,55,94,0.29979464,0.38790908,0.08811444
3366,42,51,0.31324682,0.40137273,0.088125914
4180,57,95,0.2979622,0.38609862,0.088136435
1519,18,59,0.3140173,0.40216428,0.088146985
517,6,50,0.3309342,0.41909447,0.08816028
59,0,74,0.31059197,0.39876717,0.08817521
57,0,72,0.31190255,0.40008602,0.08818346
3169,39,56,0.3033196,0.39150843,0.08818883
435,5,50,0.3300809,0.418272,0.08819109
555,6,88,0.30233186,0.3905367,0.08820483
2417,29,62,0.3054046,0.39360955,0.08820495
3570,45,85,0.29814014,0.38637057,0.08823043
3609,46,55,0.3021492,0.39037967,0.08823046
4027,54,78,0.29752547,0.3857634,0.08823794
283,3,60,0.32278356,0.4110278,0.08824423
3429,43,51,0.3143384,0.40258357,0.08824518
3232,40,49,0.31628686,0.40454352,0.08825666
887,10,91,0.30382842,0.39208856,0.088260144
3603,46,49,0.32294908,0.4112299,0.08828083
1013,12,51,0.33399266,0.422294,0.08830133
468,5,83,0.30310112,0.39143512,0.088333994
284,3,61,0.3219702,0.41030625,0.08833605
1853,22,63,0.30550727,0.39384636,0.08833909
635,7,86,0.29860476,0.386954,0.08834925
716,8,85,0.29665393,0.38501,0.08835608
3162,39,49,0.31622437,0.40459839,0.08837402
2338,28,62,0.30488798,0.39326447,0.08837649
230,2,86,0.3091361,0.3975132,0.08837712
384,4,80,0.30599996,0.39440012,0.088400155
713,8,82,0.2978345,0.38625193,0.08841744
3895,51,91,0.29734048,0.38575807,0.08841759
3300,41,50,0.31456977,0.4029984,0.08842862
3301,41,51,0.31261918,0.4010822,0.08846301
58,0,73,0.31109652,0.3995633,0.08846679
201,2,57,0.32351592,0.41202295,0.08850703
4301,60,95,0.30161792,0.39014184,0.088523924
1605,19,62,0.31020454,0.3987292,0.08852467
1869,22,79,0.30333662,0.3918935,0.088556886
637,7,88,0.3008938,0.3894553,0.088561475
1870,22,80,0.30363968,0.39220303,0.08856335
1953,23,81,0.3031226,0.39169887,0.08857626
1471,17,94,0.30143887,0.39001969,0.08858082
928,11,49,0.33618388,0.4247757,0.088591814
636,7,87,0.2996381,0.38823208,0.08859399
279,3,56,0.3233104,0.41190708,0.08859667
2256,27,60,0.30445963,0.39305854,0.08859891
3994,53,93,0.2997672,0.38836935,0.088602155
114,1,49,0.3335039,0.4221236,0.08861971
72,0,87,0.31126118,0.3999152,0.08865401
3371,42,56,0.30189383,0.39054975,0.08865592
362,4,58,0.32169557,0.41035995,0.08866438
1098,13,53,0.33104485,0.41972113,0.088676274
286,3,63,0.31954676,0.40822425,0.088677496
116,1,51,0.32929352,0.41797584,0.08868232
385,4,81,0.3048898,0.3935768,0.088687
1435,17,58,0.31642106,0.40511936,0.0886983
845,10,49,0.33579248,0.42449772,0.08870524
1935,23,63,0.30462268,0.39335138,0.088728696
2573,31,61,0.30826315,0.39699832,0.08873516
115,1,50,0.33142278,0.42016038,0.08873761
464,5,79,0.30543625,0.39419076,0.088754505
762,9,49,0.33523098,0.4240126,0.088781625
1436,17,59,0.3149715,0.40376633,0.08879483
3098,38,56,0.3044326,0.3932281,0.08879551
1350,16,56,0.32182842,0.41064617,0.088817745
3233,40,50,0.31426963,0.40309134,0.08882171
2729,33,62,0.30817863,0.39702702,0.08884838
290,3,67,0.31642565,0.40527713,0.08885148
3091,38,49,0.3161039,0.40495905,0.08885515
3624,46,83,0.30042782,0.3892968,0.088868976
1182,14,54,0.32981142,0.41868272,0.0888713
929,11,50,0.33543012,0.42430186,0.08887175
3721,48,57,0.29513714,0.3840225,0.08888537
3234,40,51,0.3122613,0.40115333,0.08889201
1787,21,79,0.302661,0.39156058,0.08889958
436,5,51,0.32876587,0.41768286,0.08891699
355,4,51,0.3283581,0.4172823,0.0889242
3238,40,55,0.30455348,0.3934894,0.08893591
1952,23,80,0.30371115,0.39264926,0.08893812
3099,38,57,0.3026502,0.39159054,0.08894032
2882,35,62,0.3063095,0.39525634,0.08894685
717,8,86,0.29744735,0.38639638,0.088949025
720,8,89,0.3015507,0.39050177,0.08895108
389,4,85,0.3057347,0.39470735,0.08897266
3427,43,49,0.31826374,0.40725145,0.08898771
199,2,55,0.32415646,0.41314664,0.08899018
37,0,52,0.32763287,0.41666886,0.08903599
4080,55,84,0.3041976,0.39323667,0.08903906
3982,53,81,0.29934043,0.38838324,0.08904281
4444,64,89,0.319761,0.40881965,0.08905864
2259,27,63,0.30450037,0.39356482,0.08906445
1871,22,81,0.3031588,0.39225775,0.08909896
3932,52,79,0.29777747,0.38687956,0.08910209
2335,28,59,0.30467734,0.39378428,0.08910695
803,9,90,0.30269548,0.39180434,0.089108855
3924,52,55,0.30801767,0.3971341,0.089116424
3489,44,50,0.3179761,0.407103,0.089126915
714,8,83,0.29699308,0.38613027,0.0891372
38,0,53,0.32585838,0.41499957,0.08914119
194,2,50,0.3307522,0.41990316,0.089150965
3604,46,50,0.32052514,0.4096813,0.08915615
3436,43,58,0.29585162,0.38501096,0.08915934
386,4,82,0.30432966,0.39350432,0.08917466
4262,59,95,0.29958296,0.38877052,0.08918756
598,7,49,0.33331424,0.42251143,0.08919719
4032,54,83,0.30168653,0.39088842,0.0892019
3512,44,84,0.29722968,0.38643166,0.08920199
387,4,83,0.30468798,0.39390627,0.08921829
3428,43,50,0.31631902,0.40555215,0.08923313
3547,45,50,0.31951502,0.40875417,0.08923915
4026,54,77,0.29546988,0.38472217,0.08925229
291,3,68,0.31579685,0.4050589,0.08926204
3307,41,57,0.29976183,0.3890304,0.089268565
1437,17,60,0.3136549,0.40292513,0.089270234
388,4,84,0.30532435,0.39461872,0.089294374
3170,39,57,0.30132648,0.39062247,0.08929598
3511,44,83,0.29632673,0.38562813,0.08930141
970,11,91,0.3035135,0.39281806,0.08930457
2255,27,59,0.30460978,0.39392105,0.08931127
3546,45,49,0.32185513,0.41117027,0.089315146
35,0,50,0.33169013,0.42101586,0.089325726
363,4,59,0.3213438,0.41067922,0.08933541
308,3,85,0.30740842,0.396749,0.08934057
1606,19,63,0.30971646,0.39905882,0.089342356
2807,34,63,0.30660093,0.39594537,0.08934444
718,8,87,0.29867706,0.38803425,0.0893572
293,3,70,0.31398663,0.4033598,0.08937317
1522,18,62,0.31131852,0.4006927,0.089374185
1772,21,64,0.3063539,0.39572966,0.089375764
60,0,75,0.31021795,0.39959708,0.08937913
2806,34,62,0.3074447,0.39684823,0.08940354
2017,24,63,0.3041124,0.3935385,0.0894261
1954,23,82,0.30226657,0.39170647,0.0894399
2877,35,57,0.30840194,0.39784345,0.08944151
195,2,51,0.32876432,0.41820756,0.08944324
1183,14,55,0.32686037,0.41631022,0.08944985
3163,39,50,0.31387532,0.40332752,0.08945221
2414,29,59,0.3056136,0.395067,0.0894534
292,3,69,0.3150824,0.4045434,0.089461
282,3,59,0.32292014,0.41238746,0.08946732
719,8,88,0.30016956,0.38968688,0.089517325
1788,21,80,0.302831,0.39234847,0.089517474
383,4,79,0.30675223,0.39629984,0.089547604
361,4,57,0.32218027,0.41174036,0.08956009
2416,29,61,0.30554497,0.39511043,0.089565456
1267,15,56,0.32310304,0.41268647,0.08958343
3571,45,86,0.2970466,0.38663304,0.08958644
2497,30,63,0.30620748,0.39579463,0.08958715
3732,48,82,0.3013336,0.3909324,0.089598805
3945,52,92,0.29845777,0.38807335,0.08961558
2334,28,58,0.30497333,0.3946051,0.089631766
136,1,71,0.31282642,0.40246993,0.08964351
1854,22,64,0.3050578,0.39475164,0.089693844
3488,44,49,0.32017374,0.40987596,0.08970222
2872,35,52,0.31126153,0.40097874,0.08971721
3678,47,82,0.30096632,0.39068526,0.08971894
215,2,71,0.31272376,0.4024435,0.08971974
4136,56,95,0.29829314,0.38802138,0.089728236
3925,52,56,0.30530787,0.3950381,0.08973023
846,10,50,0.33486342,0.42461154,0.089748114
56,0,71,0.31294638,0.40269995,0.08975357
2496,30,62,0.30642316,0.39620703,0.08978388
197,2,53,0.32585904,0.41565487,0.08979583
287,3,64,0.31849265,0.4083377,0.08984506
1351,16,57,0.319295,0.4091479,0.0898529
117,1,52,0.32745296,0.41732755,0.089874595
1053,12,91,0.30342022,0.39330122,0.089881
280,3,57,0.32284853,0.41275942,0.089910895
306,3,83,0.30594623,0.3958583,0.08991206
39,0,54,0.32459742,0.41451707,0.08991966
3305,41,55,0.30420098,0.394134,0.08993304
802,9,89,0.30146512,0.39139917,0.08993405
1014,12,52,0.33185434,0.4217909,0.089936554
2953,36,58,0.3060112,0.39595085,0.089939654
4488,65,90,0.3198979,0.40984246,0.08994457
795,9,82,0.29689127,0.38684082,0.08994955
3025,37,56,0.3057491,0.39570668,0.089957595
305,3,82,0.30539235,0.39535183,0.08995947
1690,20,64,0.30776083,0.397722,0.08996117
304,3,81,0.305754,0.39573526,0.08998126
969,11,90,0.30254757,0.39253503,0.08998746
680,8,49,0.3344986,0.42449778,0.08999917
3771,49,54,0.3061319,0.39613605,0.090004146
3513,44,85,0.2970382,0.38704476,0.09000656
3026,37,57,0.30432224,0.39436817,0.09004593
930,11,51,0.3334207,0.42347,0.0900493
1951,23,79,0.30350614,0.3935632,0.090057075
886,10,90,0.30264473,0.39270478,0.090060055
1872,22,82,0.30218333,0.39225397,0.090070635
3452,43,83,0.2945508,0.38462675,0.09007594
1352,16,58,0.3172518,0.40732968,0.09007788
2036,24,82,0.30166277,0.391745,0.09008223
629,7,80,0.30126765,0.3913522,0.09008455
71,0,86,0.31037146,0.40047082,0.090099365
2037,24,83,0.30098182,0.39108184,0.09010002
4333,61,89,0.3129993,0.40312335,0.09012404
444,5,59,0.32006007,0.41018683,0.09012675
3772,49,55,0.30178452,0.3919206,0.09013608
119,1,54,0.32492286,0.41506433,0.090141475
303,3,80,0.30685064,0.39700893,0.09015828
198,2,54,0.32501352,0.4151922,0.09017867
1638,19,95,0.30175346,0.3919375,0.09018403
366,4,62,0.31942472,0.4096231,0.09019837
2495,30,61,0.30682126,0.3970412,0.090219945
463,5,78,0.30588707,0.39610758,0.09022051
1789,21,81,0.30246037,0.3926819,0.090221524
3494,44,55,0.30360273,0.39383104,0.09022832
274,3,51,0.32834864,0.41858053,0.090231895
3769,49,52,0.31634775,0.40658268,0.090234935
1184,14,56,0.32360044,0.41384184,0.0902414
364,4,60,0.32095098,0.41119516,0.090244174
2652,32,62,0.30831787,0.39856786,0.090249985
151,1,86,0.31020504,0.400465,0.09025997
3730,48,80,0.29752472,0.38781148,0.09028676
1220,14,92,0.30354944,0.39384413,0.09029469
365,4,61,0.32025573,0.41055098,0.090295255
1353,16,59,0.31548205,0.40580383,0.09032178
1523,18,63,0.31062502,0.40100327,0.090378255
443,5,58,0.32073936,0.41112497,0.090385616
1773,21,65,0.30600885,0.39640158,0.09039274
307,3,84,0.3068466,0.39726323,0.09041664
360,4,56,0.32297146,0.41339186,0.090420395
546,6,79,0.30378938,0.3942125,0.09042314
3434,43,56,0.30152726,0.39195105,0.09042379
763,9,50,0.3341413,0.4245919,0.090450585
196,2,52,0.3270587,0.41751218,0.090453476
289,3,66,0.31700587,0.4074607,0.09045482
1554,18,94,0.300726,0.39118737,0.09046137
3093,38,51,0.3114707,0.4019321,0.0904614
3835,50,82,0.3008965,0.39135805,0.09046155
1438,17,61,0.3125483,0.40301663,0.09046832
288,3,65,0.3176829,0.4081674,0.0904845
3490,44,51,0.31576,0.40624654,0.09048656
281,3,58,0.32280728,0.41329753,0.09049025
801,9,88,0.30025315,0.3907597,0.09050655
229,2,85,0.30869165,0.3992484,0.09055674
3926,52,57,0.3029287,0.3934972,0.09056851
628,7,79,0.30236208,0.39293697,0.09057489
4021,54,56,0.31033254,0.40092093,0.09058839
2415,29,60,0.3055807,0.3961696,0.0905889
2180,26,64,0.30345106,0.3940504,0.09059933
799,9,86,0.29759464,0.38820037,0.090605736
3568,45,83,0.29836598,0.38897514,0.09060916
3984,53,83,0.3011103,0.39171973,0.09060943
710,8,79,0.30131707,0.39192784,0.09061077
278,3,55,0.3241557,0.41477296,0.09061727
4081,55,85,0.30513394,0.3957714,0.090637475
1607,19,64,0.30902937,0.3996722,0.09064284
448,5,63,0.31813064,0.40878314,0.090652496
382,4,78,0.3070694,0.39773408,0.090664685
4214,58,87,0.31007564,0.4007483,0.09067267
3770,49,53,0.31126532,0.40194747,0.09068215
3899,51,95,0.2974981,0.38818067,0.090682566
2336,28,60,0.3046482,0.39533705,0.090688854
1955,23,83,0.30137426,0.39206725,0.090693
2946,36,51,0.31143427,0.40216833,0.090734065
1524,18,64,0.30973873,0.40047517,0.09073645
885,10,89,0.3015748,0.39237076,0.090795964
2035,24,81,0.30227646,0.39307743,0.09080097
447,5,62,0.31856516,0.4093709,0.09080574
228,2,84,0.30802506,0.39884114,0.09081608
627,7,78,0.30349144,0.3943098,0.090818346
1786,21,78,0.30215076,0.39297065,0.090819895
302,3,79,0.30764478,0.39846817,0.09082338
1868,22,78,0.30255577,0.3933798,0.09082404
711,8,80,0.3000313,0.39087257,0.09084126
367,4,63,0.31864235,0.40949038,0.09084803
4043,54,94,0.299973,0.39083752,0.09086451
3664,47,55,0.30151743,0.39238855,0.090871125
1099,13,54,0.32896414,0.41983974,0.090875596
2576,31,64,0.30756053,0.39843836,0.09087783
2118,25,83,0.3000772,0.39097092,0.090893716
1268,15,57,0.32013234,0.4110526,0.09092027
277,3,54,0.32508385,0.41603467,0.09095082
3983,53,82,0.29989353,0.39084482,0.09095129
1387,16,93,0.30084047,0.3918028,0.09096232
301,3,78,0.3079112,0.39887783,0.09096664
625,7,76,0.30508155,0.39608046,0.09099892
3684,47,88,0.29524508,0.38625008,0.091005
1855,22,65,0.3047945,0.395812,0.091017514
137,1,72,0.3116072,0.40264365,0.09103644
118,1,53,0.32592562,0.41696241,0.0910368
3977,53,60,0.29755354,0.38859043,0.091036886
847,10,51,0.33272973,0.42377648,0.09104675
1354,16,60,0.31397852,0.4050274,0.09104887
2099,25,64,0.30322087,0.39427134,0.091050476
3453,43,84,0.29583645,0.38691497,0.09107852
275,3,52,0.32686687,0.41796517,0.09109831
1936,23,64,0.30403164,0.39513004,0.0910984
2883,35,63,0.3054118,0.39655855,0.09114677
3167,39,54,0.30724308,0.39839885,0.09115577
599,7,50,0.33217937,0.4233355,0.091156125
1705,20,79,0.30203885,0.39319503,0.091156185
3739,48,89,0.2948299,0.385989,0.091159105
545,6,78,0.30457506,0.39574417,0.09116912
445,5,60,0.31946608,0.41064307,0.09117699
227,2,83,0.30701292,0.39819208,0.09117916
800,9,87,0.29887193,0.39005312,0.09118119
1185,14,57,0.32039732,0.4115979,0.09120059
3628,46,87,0.29624838,0.38744926,0.09120089
3514,44,86,0.2962079,0.38742045,0.09121254
374,4,70,0.31341693,0.40466812,0.091251194
224,2,80,0.30716154,0.39842412,0.09126258
2260,27,64,0.30396092,0.39524692,0.091286
796,9,83,0.29621354,0.38751134,0.091297805
294,3,71,0.31252342,0.4038246,0.09130117
3451,43,82,0.29246268,0.3837702,0.09130752
518,6,51,0.32931656,0.42062724,0.09131068
381,4,77,0.3070317,0.39834315,0.091311455
3715,48,51,0.31917924,0.4104936,0.091314375
3623,46,82,0.29945135,0.39078823,0.091336876
2574,31,62,0.30768287,0.39902663,0.09134376
4408,63,90,0.31638485,0.40772903,0.09134418
375,4,71,0.31206647,0.40342736,0.0913609
1015,12,53,0.3298199,0.42118347,0.09136358
225,2,81,0.30633026,0.3976998,0.09136954
2654,32,64,0.30771315,0.39908817,0.09137502
373,4,69,0.3143281,0.405709,0.091380894
3995,53,94,0.2994531,0.39084092,0.09138781
1439,17,62,0.31165254,0.40304542,0.091392875
526,6,59,0.31883818,0.4102345,0.09139633
681,8,50,0.3332884,0.42468533,0.09139693
544,6,77,0.3050073,0.39640453,0.091397226
138,1,73,0.31079468,0.40219757,0.09140289
884,10,88,0.30051208,0.39193654,0.091424465
1269,15,58,0.31760177,0.40902704,0.09142527
3948,52,95,0.29831356,0.38975775,0.091444194
4533,66,91,0.3205361,0.41199827,0.091462165
1873,22,83,0.30085135,0.39231768,0.09146634
3946,52,93,0.29844493,0.38993517,0.09149024
446,5,61,0.3189842,0.41049722,0.09151301
1136,13,91,0.30338305,0.39492598,0.09154293
368,4,64,0.3178298,0.40937743,0.09154764
3024,37,55,0.30754802,0.3991039,0.09155589
3390,42,83,0.29257473,0.38413924,0.09156451
2038,24,84,0.3000437,0.39161247,0.09156877
3882,51,78,0.29650378,0.38809755,0.09159377
2575,31,63,0.3073384,0.3989666,0.09162822
276,3,53,0.32585472,0.41748694,0.09163222
70,0,85,0.30930355,0.40095055,0.091647
3979,53,78,0.2972999,0.38896805,0.09166816
3976,53,59,0.30034623,0.39203358,0.09168735
798,9,85,0.29662126,0.38831094,0.091689676
2117,25,82,0.3006352,0.3923276,0.09169242
216,2,72,0.31118435,0.4028768,0.09169245
3792,49,90,0.29563355,0.38732886,0.09169531
2018,24,64,0.30332685,0.39502412,0.091697276
1270,15,59,0.31547093,0.4072067,0.09173578
968,11,89,0.3016197,0.3933561,0.091736406
709,8,78,0.30281624,0.39458922,0.09177297
626,7,77,0.3044759,0.39625043,0.09177452
1355,16,61,0.31275955,0.40453824,0.091778696
3572,45,87,0.29579666,0.3875812,0.09178454
2339,28,63,0.304722,0.39651594,0.091793925
3020,37,51,0.31118244,0.40299866,0.09181622
931,11,52,0.33099896,0.42282692,0.09182796
530,6,63,0.31739977,0.4092408,0.09184104
4020,54,55,0.3131798,0.40502363,0.09184384
764,9,51,0.33182645,0.42371586,0.09188941
797,9,84,0.29615065,0.388044,0.091893345
380,4,76,0.30691352,0.3988144,0.091900885
793,9,80,0.29944882,0.39135438,0.091905564
1441,17,64,0.3097665,0.40167567,0.09190917
794,9,81,0.29802534,0.38993928,0.09191394
226,2,82,0.30623752,0.39815888,0.09192136
3622,46,81,0.29737568,0.38929796,0.09192228
4091,55,95,0.29892957,0.3908688,0.09193924
1706,20,80,0.30197436,0.39392415,0.09194979
1357,16,63,0.31081975,0.40277925,0.091959506
1440,17,63,0.3107508,0.4027182,0.091967374
298,3,75,0.30818114,0.40016344,0.091982305
462,5,77,0.30596948,0.39796367,0.091994196
4029,54,80,0.3002686,0.3922997,0.09203112
2655,32,65,0.30791426,0.39996025,0.09204599
2418,29,63,0.30519465,0.3972491,0.09205446
449,5,64,0.31747285,0.40954468,0.09207183
1867,22,77,0.301689,0.39377853,0.092089534
1100,13,55,0.32615086,0.41824454,0.09209368
2119,25,84,0.29925948,0.39139757,0.09213808
2884,35,64,0.30424914,0.39641547,0.092166334
437,5,52,0.3273313,0.41950625,0.09217495
525,6,58,0.31955817,0.41173786,0.092179686
2948,36,53,0.31001148,0.40220296,0.09219149
1356,16,62,0.3117865,0.4039888,0.092202306
2034,24,80,0.30281812,0.3950207,0.092202574
217,2,73,0.31011015,0.40232342,0.09221327
2954,36,59,0.30568022,0.39789632,0.092216104
223,2,79,0.30786622,0.40008873,0.09222251
2874,35,54,0.3103264,0.4025558,0.092229396
1790,21,82,0.30152166,0.39376068,0.09223902
1016,12,54,0.32763588,0.41991165,0.09227577
147,1,82,0.30678058,0.39906093,0.09228036
3454,43,85,0.2958948,0.3881856,0.09229079
3548,45,51,0.31702432,0.40933198,0.09230766
300,3,77,0.30800536,0.40031937,0.092314005
1956,23,84,0.3001654,0.3925038,0.09233838
3935,52,82,0.29993138,0.39228848,0.0923571
442,5,57,0.32150033,0.41386166,0.09236133
4022,54,57,0.30773598,0.40012693,0.092390954
1691,20,65,0.30716005,0.3995536,0.09239355
2732,33,65,0.3065277,0.39893466,0.09240696
3896,51,92,0.29742604,0.3898398,0.09241375
146,1,81,0.30669627,0.39911914,0.09242287
372,4,68,0.31497878,0.40741736,0.09243858
3934,52,81,0.2988729,0.39131263,0.09243974
1470,17,93,0.2995298,0.39197183,0.092442036
461,5,76,0.3058247,0.3982672,0.09244251
1101,13,56,0.32299677,0.4154607,0.09246394
527,6,60,0.318297,0.4107629,0.09246591
3844,50,91,0.29655102,0.3890208,0.09246978
1271,15,60,0.3138563,0.40632617,0.09246987
543,6,76,0.30515715,0.39762902,0.09247187
297,3,74,0.308552,0.40103242,0.09248042
359,4,55,0.32392457,0.41644177,0.0925172
1363,16,69,0.30533037,0.39785936,0.092529
1186,14,58,0.3176283,0.4101665,0.09253821
456,5,71,0.3114711,0.40402028,0.092549175
1052,12,90,0.30261734,0.3951757,0.092558354
455,5,70,0.31270155,0.40526074,0.09255919
1358,16,64,0.30969465,0.4022554,0.09256074
150,1,85,0.3094562,0.40203232,0.09257612
299,3,76,0.30803245,0.4006215,0.09258905
3996,53,95,0.29914153,0.39174,0.09259847
1608,19,65,0.30810118,0.4007143,0.09261313
3567,45,82,0.29712045,0.38973668,0.09261623
139,1,74,0.31025067,0.40286773,0.092617065
371,4,67,0.31560978,0.40822798,0.0926182
792,9,79,0.30097425,0.39360502,0.092630774
295,3,72,0.31074932,0.40338555,0.09263623
2653,32,63,0.3077966,0.40044427,0.09264767
140,1,75,0.30990714,0.40260327,0.09269613
1280,15,69,0.30672762,0.39942536,0.09269774
3324,41,80,0.28394124,0.37664083,0.09269959
379,4,75,0.30698404,0.39969054,0.0927065
1937,23,65,0.30367434,0.39638206,0.09270772
1950,23,78,0.30266553,0.3953751,0.09270957
3389,42,82,0.29032248,0.38303328,0.09271079
370,4,66,0.31625316,0.40898183,0.092728674
3370,42,55,0.30416772,0.39689878,0.09273106
1949,23,77,0.30180064,0.39453226,0.092731625
4044,54,95,0.29937792,0.392113,0.09273508
1866,22,76,0.30106115,0.3938018,0.092740655
707,8,76,0.30532742,0.39807913,0.09275171
3881,51,77,0.29538104,0.3881525,0.09277147
612,7,63,0.31643066,0.40920454,0.092773885
2950,36,55,0.30866823,0.4014457,0.09277746
356,4,52,0.32696405,0.41974252,0.092778474
848,10,52,0.33021075,0.4229931,0.09278235
1785,21,77,0.30150324,0.39428636,0.09278312
2875,35,55,0.30965212,0.4024428,0.09279069
2019,24,65,0.30280328,0.3955993,0.09279603
369,4,65,0.31707814,0.40987667,0.09279853
3566,45,81,0.2952258,0.38803846,0.09281266
3629,46,88,0.2948515,0.3876727,0.09282118
2340,28,64,0.30453026,0.397359,0.09282875
883,10,87,0.29929754,0.3921307,0.09283316
2039,24,85,0.29881266,0.39166507,0.09285241
1525,18,65,0.30869246,0.40158325,0.0928908
1704,20,78,0.30181757,0.3947157,0.09289813
529,6,62,0.3177129,0.41061294,0.09290004
932,11,53,0.32874814,0.4216639,0.09291577
3848,50,95,0.29669634,0.38962206,0.09292573
218,2,74,0.30945995,0.40239808,0.092938125
3978,53,77,0.29542997,0.38838732,0.09295735
296,3,73,0.30934978,0.40232182,0.09297204
2959,36,64,0.3026327,0.39562315,0.09299046
1856,22,66,0.30451834,0.39751223,0.092993885
3391,42,84,0.29404882,0.3870539,0.09300509
3930,52,77,0.295611,0.38864,0.09302899
706,8,75,0.30591094,0.39896834,0.093057394
1774,21,66,0.30553642,0.39859536,0.093058944
219,2,75,0.30908617,0.40215322,0.09306705
1442,17,65,0.30874476,0.4018127,0.093067944
1553,18,93,0.2984207,0.39152184,0.093101144
1446,17,69,0.3042005,0.39730197,0.09310147
3929,52,76,0.29342085,0.3865384,0.093117535
145,1,80,0.30724967,0.40037346,0.09312379
2116,25,81,0.30102846,0.39417407,0.09314561
1721,20,95,0.29919213,0.3923548,0.093162656
3947,52,94,0.29830927,0.39148137,0.0931721
1281,15,70,0.30598658,0.3992021,0.093215525
1031,12,69,0.30943096,0.40265265,0.093221694
221,2,77,0.30854246,0.40177268,0.09323022
222,2,78,0.30824474,0.40147865,0.09323391
1359,16,65,0.3088075,0.40204433,0.093236834
947,11,68,0.31098193,0.40422794,0.09324601
148,1,83,0.30762088,0.4008751,0.09325421
3240,40,57,0.3004114,0.39366797,0.09325656
149,1,84,0.30862567,0.4018838,0.09325814
1948,23,76,0.30121085,0.39447528,0.09326443
542,6,75,0.30534083,0.3986081,0.09326726
1303,15,92,0.30189356,0.39516395,0.09327039
2656,32,66,0.3078427,0.40111783,0.09327513
3508,44,80,0.29044172,0.38371727,0.09327555
1102,13,57,0.31984398,0.4131371,0.09329313
1784,21,76,0.30089748,0.39420667,0.093309194
1447,17,70,0.30345777,0.39677805,0.09332028
2577,31,65,0.30814365,0.40147546,0.093331814
1707,20,81,0.30153,0.3948627,0.09333271
454,5,69,0.3134819,0.406823,0.09334111
1637,19,94,0.29916874,0.39251187,0.09334314
220,2,76,0.30880427,0.40215832,0.09335405
531,6,64,0.31682917,0.41019613,0.09336695
2120,25,85,0.29831624,0.3916853,0.09336907
460,5,75,0.305885,0.39927903,0.09339404
624,7,75,0.3054477,0.3988457,0.093398005
2199,26,83,0.29894328,0.39234447,0.09340119
3108,38,67,0.29570818,0.3891377,0.093429506
3388,42,81,0.28789225,0.3813412,0.09344894
69,0,84,0.3082535,0.40170753,0.09345403
2419,29,64,0.30531347,0.39877966,0.09346619
2498,30,64,0.30646163,0.39992934,0.09346771
1692,20,66,0.30632773,0.3998,0.09347227
3027,37,58,0.30348873,0.3969635,0.093474776
1197,14,69,0.30807132,0.4015582,0.093486875
441,5,56,0.32240152,0.41589355,0.09349203
3847,50,94,0.29658058,0.3900793,0.09349871
1360,16,66,0.3082645,0.40176767,0.09350318
1272,15,61,0.31269348,0.40620643,0.09351295
608,7,59,0.31767857,0.41120815,0.09352958
3936,52,83,0.30113032,0.39467633,0.093546
3928,52,59,0.29785112,0.3914251,0.09357399
1609,19,66,0.3068881,0.4004636,0.09357551
528,6,61,0.31793162,0.4115122,0.093580574
1198,14,70,0.30732828,0.40093017,0.09360188
1188,14,60,0.31360075,0.40721458,0.09361383
611,7,62,0.316671,0.41028526,0.09361425
1187,14,59,0.31527773,0.408898,0.09362027
682,8,51,0.33087468,0.4244975,0.0936228
948,11,69,0.3101439,0.40377155,0.09362766
141,1,76,0.3095072,0.40314686,0.09363967
708,8,77,0.30424547,0.39790666,0.09366119
2810,34,66,0.30338198,0.39705217,0.09367019
1362,16,68,0.3064722,0.40015316,0.09368095
3327,41,83,0.29034102,0.38404164,0.09370062
1783,21,75,0.3005497,0.39425227,0.093702585
2198,26,82,0.29937193,0.39308396,0.09371203
1113,13,68,0.30991265,0.40363577,0.09372312
1277,15,66,0.30903137,0.4027595,0.093728125
765,9,52,0.3292316,0.42297345,0.093741864
1114,13,69,0.30887404,0.40262043,0.093746394
1219,14,91,0.30282587,0.39658436,0.09375849
376,4,72,0.310138,0.40389845,0.09376046
2200,26,84,0.2983137,0.39207423,0.09376052
882,10,86,0.29811665,0.39188755,0.09377089
2733,33,66,0.3057904,0.39956298,0.09377259
1791,21,83,0.29991326,0.39369574,0.093782485
519,6,52,0.327428,0.4212211,0.093793094
144,1,79,0.30786893,0.40167144,0.09380251
3510,44,82,0.29467824,0.3884926,0.09381437
1957,23,85,0.298658,0.3924737,0.093815684
524,6,57,0.32028383,0.41410425,0.09382042
849,10,53,0.32788363,0.42170784,0.09382421
1693,20,67,0.30507877,0.39890313,0.09382436
2956,36,61,0.30506304,0.39888853,0.09382549
600,7,51,0.33000687,0.42383915,0.093832284
450,5,65,0.3166073,0.41044062,0.09383333
1361,16,67,0.30760896,0.40144372,0.09383476
1103,13,58,0.31705177,0.41089156,0.093839794
1275,15,64,0.3099354,0.40377557,0.09384018
1274,15,63,0.3110191,0.40486,0.0938409
3975,53,58,0.30306533,0.3969064,0.093841076
3885,51,81,0.2991028,0.39295766,0.093854845
2960,36,65,0.30114308,0.39499962,0.09385654
1279,15,68,0.3078341,0.40170667,0.09387258
1865,22,75,0.3006741,0.39455268,0.09387857
613,7,64,0.31590736,0.40978774,0.093880385
1938,23,66,0.30343312,0.39732105,0.093887925
1874,22,84,0.29922247,0.3931122,0.09388974
695,8,64,0.31477758,0.4086779,0.09390032
1443,17,66,0.30775264,0.4016889,0.093936265
967,11,88,0.30060178,0.39454752,0.09394574
1273,15,62,0.31190315,0.40585163,0.09394848
1196,14,68,0.30918267,0.40313405,0.093951374
1702,20,76,0.3009449,0.39491254,0.09396765
1018,12,56,0.32190225,0.4158726,0.09397036
1030,12,68,0.3103999,0.40438485,0.09398496
1364,16,70,0.30455658,0.39856967,0.094013095
3455,43,86,0.29518262,0.38920182,0.094019204
457,5,72,0.3095754,0.40359926,0.09402385
2952,36,57,0.3064224,0.40045273,0.09403032
880,10,84,0.2963302,0.39036536,0.09403515
1032,12,70,0.3087693,0.40281045,0.09404117
607,7,58,0.31830573,0.41235486,0.094049126
2033,24,79,0.3027673,0.39681688,0.09404957
2181,26,65,0.30277315,0.39682513,0.09405199
1017,12,55,0.324884,0.4189468,0.094062805
3793,49,91,0.29557535,0.3896473,0.094071954
534,6,67,0.31398764,0.4080632,0.09407556
1276,15,65,0.30917168,0.4032497,0.094078034
3565,45,80,0.2926206,0.38669914,0.09407854
3205,39,94,0.29982018,0.39390323,0.09408304
453,5,68,0.31413484,0.4082226,0.09408775
2201,26,85,0.2976688,0.39175823,0.09408942
694,8,63,0.31525636,0.40935162,0.09409526
1526,18,66,0.30739337,0.40148914,0.09409577
879,10,83,0.29619557,0.3902989,0.09410334
862,10,66,0.3127812,0.4068888,0.0941076
609,7,60,0.31716263,0.41127184,0.09410921
3509,44,81,0.29272175,0.38683408,0.09411234
3573,45,88,0.29459706,0.3887115,0.09411445
1703,20,77,0.3013671,0.3954854,0.0941183
3206,39,95,0.30219388,0.3963315,0.09413761
438,5,53,0.32595998,0.4201013,0.094141334
378,4,74,0.30743003,0.40157264,0.094142616
946,11,67,0.31182927,0.40597215,0.094142884
3136,38,95,0.3029067,0.39706814,0.09416145
877,10,81,0.2979844,0.39215687,0.09417248
1278,15,67,0.30882165,0.4029958,0.09417415
452,5,67,0.314858,0.40904185,0.09418386
2734,33,67,0.30481803,0.39900658,0.09418854
3274,40,95,0.30115098,0.39534208,0.094191104
451,5,66,0.31565902,0.40985522,0.0941962
377,4,73,0.30846387,0.40266487,0.094201
3237,40,54,0.3066511,0.4008522,0.09420112
3326,41,82,0.28809673,0.38229942,0.0942027
1195,14,67,0.31005844,0.40426293,0.094204485
3392,42,85,0.2942525,0.38846496,0.09421244
791,9,78,0.30269808,0.39692026,0.09422219
864,10,68,0.3115625,0.40578744,0.09422493
1782,21,74,0.30036914,0.39460927,0.09424013
3064,37,95,0.302883,0.39713836,0.09425536
3135,38,94,0.30064797,0.3949221,0.09427413
1115,13,70,0.30814415,0.40242395,0.094279796
1708,20,82,0.30060843,0.39489287,0.094284445
1947,23,75,0.30089468,0.39518642,0.09429175
1775,21,67,0.30454677,0.39884079,0.09429401
143,1,78,0.30840635,0.40270478,0.09429842
2873,35,53,0.31068942,0.40499717,0.09430775
3897,51,93,0.29741398,0.39172488,0.09431091
3685,47,89,0.29398188,0.38830304,0.09432116
3605,46,51,0.31787688,0.4121982,0.09432131
1610,19,67,0.30548248,0.39980736,0.09432489
776,9,63,0.3142654,0.40861332,0.094347924
1621,19,78,0.30187082,0.39622012,0.094349295
358,4,54,0.32495502,0.41930628,0.09435126
1701,20,75,0.30072594,0.3950778,0.09435186
2100,25,65,0.30250558,0.39686483,0.09435925
459,5,74,0.3064946,0.4008785,0.094383895
2031,24,77,0.3016617,0.39604676,0.09438506
2578,31,66,0.30847958,0.40286577,0.09438619
2731,33,64,0.3069583,0.4013461,0.0943878
2121,25,86,0.29756528,0.39195845,0.094393164
3393,42,86,0.293711,0.38811293,0.094401926
541,6,74,0.30589408,0.40030888,0.0944148
2499,30,65,0.30716762,0.40158355,0.09441593
3927,52,58,0.3004233,0.3948427,0.09441942
67,0,82,0.30640534,0.4008323,0.09442696
2040,24,86,0.2976744,0.3921101,0.09443572
142,1,77,0.30899194,0.40342805,0.09443611
3515,44,87,0.29509187,0.3895343,0.09444243
3973,53,56,0.30806816,0.40251505,0.0944469
876,10,80,0.2995697,0.39402273,0.09445304
3831,50,78,0.29571924,0.39017713,0.094457895
3898,51,94,0.29736456,0.39184147,0.09447691
777,9,64,0.31395754,0.4084368,0.09447926
2808,34,64,0.30571565,0.40020436,0.09448871
1194,14,66,0.3100819,0.40457752,0.094495624
357,4,53,0.32591155,0.42041075,0.0944992
1864,22,74,0.30038324,0.3949043,0.094521046
1282,15,71,0.30566505,0.40020788,0.09454283
68,0,83,0.30716258,0.4017079,0.094545305
2420,29,65,0.30582488,0.40037206,0.09454718
622,7,73,0.30663785,0.40118876,0.09455091
779,9,66,0.31298426,0.40753996,0.094555706
3740,48,90,0.2942567,0.38882715,0.09457046
875,10,79,0.30131415,0.39588705,0.0945729
2261,27,65,0.30357546,0.39814925,0.094573796
1445,17,68,0.30538464,0.39997143,0.09458679
1193,14,65,0.31001446,0.40460962,0.094595164
61,0,76,0.30972508,0.40433493,0.09460986
2811,34,67,0.30210078,0.3967189,0.09461811
458,5,73,0.30770978,0.40233633,0.094626546
3845,50,92,0.29666886,0.3913147,0.09464583
881,10,85,0.2970208,0.39167845,0.09465766
2809,34,65,0.30470356,0.39936316,0.0946596
2730,33,63,0.30741552,0.40208104,0.09466553
766,9,53,0.326906,0.42157295,0.09466696
2876,35,56,0.30895647,0.40362948,0.09467301
705,8,74,0.30609277,0.40077683,0.094684064
1189,14,61,0.31260458,0.40728894,0.09468436
945,11,66,0.31232995,0.40704578,0.09471583
933,11,54,0.3264523,0.42117724,0.09472492
1192,14,64,0.31057143,0.40530178,0.09473035
850,10,54,0.32551667,0.42025897,0.0947423
1622,19,79,0.30193147,0.39667967,0.0947482
2115,25,80,0.30135944,0.39611349,0.09475404
1700,20,74,0.3006447,0.3954068,0.09476212
1029,12,67,0.31135362,0.40612462,0.094771
1104,13,59,0.31475654,0.40952805,0.094771504
3931,52,78,0.29708922,0.39186773,0.09477851
65,0,80,0.3069737,0.4017673,0.09479362
3630,46,89,0.29359928,0.38840994,0.094810665
863,10,67,0.31227878,0.407091,0.094812214
66,0,81,0.30636665,0.4011897,0.09482306
1444,17,67,0.30669126,0.40151626,0.094825
1135,13,90,0.30266586,0.3974951,0.09482923
1875,22,85,0.29731527,0.39215344,0.09483817
614,7,65,0.31502408,0.40986764,0.09484357
610,7,61,0.3168423,0.41169184,0.09484956
778,9,65,0.31354356,0.4084125,0.09486893
2949,36,54,0.30978924,0.40466717,0.09487793
1365,16,71,0.30418947,0.3990681,0.094878614
949,11,70,0.30939794,0.4042783,0.09488037
696,8,65,0.3141039,0.40899083,0.09488693
861,10,65,0.31315956,0.40804884,0.09488928
781,9,68,0.31166965,0.40656236,0.09489271
1532,18,72,0.30204046,0.39696646,0.094926
1205,14,77,0.3088299,0.40375975,0.094929844
2032,24,78,0.30226263,0.3971986,0.09493595
538,6,71,0.31043282,0.40537092,0.0949381
3035,37,66,0.2981873,0.39312583,0.09493855
3660,47,51,0.31850445,0.41344935,0.094944894
3621,46,80,0.29451978,0.38948563,0.094965845
1958,23,86,0.2971699,0.39215145,0.09498155
3339,41,95,0.2997071,0.3946894,0.094982296
3794,49,92,0.29563957,0.39062205,0.094982475
616,7,67,0.31310332,0.40808597,0.094982654
3846,50,93,0.2966773,0.39166304,0.09498575
1449,17,72,0.30272704,0.397713,0.09498596
2657,32,67,0.30716753,0.4021723,0.09500477
2197,26,81,0.29951197,0.39451948,0.09500751
3450,43,81,0.29026145,0.38527107,0.095009625
537,6,70,0.31150502,0.40651935,0.09501433
865,10,69,0.31078827,0.40581918,0.095030904
1200,14,72,0.3071294,0.4021612,0.0950318
1110,13,65,0.31091645,0.4059485,0.09503204
2582,31,70,0.3032828,0.39832464,0.09504184
1122,13,77,0.30845976,0.40350813,0.09504837
1199,14,71,0.30704996,0.40209875,0.095048785
532,6,65,0.31592265,0.41097245,0.0950498
3273,40,94,0.2989555,0.39402324,0.09506774
1302,15,91,0.30117682,0.3962462,0.09506938
3063,37,94,0.30101022,0.39608386,0.09507364
1623,19,80,0.30163237,0.3967147,0.09508231
1448,17,71,0.30307886,0.39818773,0.09510887
1038,12,76,0.30814752,0.4032762,0.095128685
523,6,56,0.3212929,0.4164326,0.09513968
1121,13,76,0.30913585,0.40427938,0.09514353
693,8,62,0.31547502,0.41063154,0.09515652
787,9,74,0.30654946,0.401708,0.09515855
955,11,76,0.30720988,0.4023689,0.095159024
1527,18,67,0.30601224,0.4011739,0.09516165
683,8,52,0.32821125,0.42338657,0.095175326
3796,49,94,0.2955937,0.39077562,0.09518191
790,9,77,0.30448157,0.39968547,0.09520391
2281,27,85,0.2973837,0.3925883,0.09520459
623,7,74,0.30584866,0.40105754,0.09520888
3886,51,82,0.30045626,0.39566883,0.09521258
1694,20,68,0.30347204,0.3986874,0.09521535
3795,49,93,0.29567185,0.3908881,0.095216244
1857,22,67,0.3037307,0.39895228,0.09522158
1019,12,57,0.3189923,0.41421598,0.095223695
1112,13,67,0.310859,0.40608376,0.09522477
520,6,53,0.3256875,0.4209139,0.09522641
3325,41,81,0.28581133,0.38103846,0.09522712
878,10,82,0.29677764,0.39200994,0.09523231
1792,21,84,0.29781756,0.39305556,0.095238
1618,19,75,0.3013359,0.3965757,0.09523979
1191,14,63,0.3115831,0.40682936,0.095246255
690,8,59,0.31659737,0.41186863,0.09527126
3879,51,75,0.29098034,0.3862536,0.09527326
2030,24,76,0.30118206,0.39645612,0.09527406
533,6,66,0.3148757,0.41015196,0.09527627
1617,19,74,0.30126327,0.3965454,0.09528214
1366,16,72,0.30396813,0.39925146,0.09528333
1531,18,71,0.30245695,0.39774337,0.09528643
2887,35,67,0.29963806,0.39492634,0.09528828
1283,15,72,0.30562395,0.40091226,0.09528831
2202,26,86,0.29725507,0.39255792,0.09530285
1781,21,73,0.30043942,0.3957456,0.09530619
440,5,55,0.3235023,0.41881543,0.09531313
439,5,54,0.3247373,0.4200571,0.09531978
2812,34,68,0.30100843,0.39633402,0.09532559
540,6,73,0.30704838,0.40238345,0.09533507
1530,18,70,0.30279252,0.39812806,0.09533554
1386,16,92,0.299958,0.3953007,0.095342696
788,9,75,0.30654994,0.40189642,0.09534648
2041,24,87,0.29683745,0.39219016,0.09535271
3134,38,93,0.29789504,0.39324987,0.095354825
1051,12,89,0.30173042,0.397088,0.09535757
1026,12,64,0.31217718,0.40754542,0.09536824
3328,41,84,0.2918891,0.38726053,0.095371425
535,6,68,0.31311786,0.40849167,0.09537381
1105,13,60,0.31314152,0.40852547,0.09538394
2955,36,60,0.30537325,0.40075865,0.0953854
2661,32,71,0.3016011,0.39699298,0.09539187
1116,13,71,0.30781308,0.40320936,0.09539628
1039,12,77,0.30727303,0.40267318,0.095400155
601,7,52,0.32761338,0.42302012,0.09540674
3497,44,58,0.29498452,0.39039218,0.095407665
1204,14,76,0.30938458,0.40479466,0.09541008
942,11,63,0.31303585,0.4084465,0.095410645
3448,43,79,0.28556955,0.3809809,0.09541136
698,8,67,0.31252527,0.40794083,0.09541556
1801,21,93,0.2939651,0.38939086,0.095425755
1218,14,90,0.30215824,0.39759296,0.095434725
2114,25,79,0.3015832,0.39703622,0.095453024
3933,52,80,0.29821354,0.39367658,0.09546304
780,9,67,0.31240517,0.40787065,0.09546548
1367,16,73,0.30434194,0.39981005,0.095468104
1285,15,74,0.3071102,0.4026062,0.095496
3880,51,76,0.29336506,0.3888687,0.09550363
1533,18,73,0.3019771,0.397484,0.09550691
606,7,57,0.31903133,0.4145477,0.09551638
1469,17,92,0.2982272,0.39374697,0.09551978
1611,19,68,0.30395776,0.3994788,0.09552103
767,9,54,0.3246825,0.42020395,0.09552145
2735,33,68,0.30360323,0.39912483,0.0955216
3878,51,59,0.29542932,0.39096475,0.09553543
1111,13,66,0.31097618,0.40651396,0.09553778
1028,12,66,0.3117479,0.40731177,0.09556386
3329,41,85,0.2922362,0.38780534,0.095569134
3449,43,80,0.2881017,0.38367543,0.09557372
1033,12,71,0.30824667,0.40383932,0.09559265
1709,20,83,0.29899955,0.39459646,0.09559691
2341,28,65,0.30459887,0.40021002,0.095611155
1190,14,62,0.31217507,0.4078078,0.09563273
3716,48,52,0.31546757,0.4111024,0.09563485
2581,31,69,0.30468753,0.40032426,0.095636725
1203,14,75,0.30916837,0.4048092,0.09564084
935,11,56,0.32088396,0.41653267,0.095648706
3456,43,87,0.2941434,0.38980344,0.09566003
697,8,66,0.3132985,0.40896162,0.09566313
1201,14,73,0.30772543,0.40339467,0.09566924
1109,13,64,0.3113688,0.4070432,0.095674396
3741,48,91,0.29396206,0.38964626,0.0956842
3062,37,93,0.29866597,0.3943571,0.095691115
1620,19,77,0.30163673,0.39733398,0.095697254
1529,18,69,0.30343857,0.39914498,0.0957064
1025,12,63,0.3125512,0.40827346,0.09572226
689,8,58,0.31740573,0.41314477,0.09573904
860,10,64,0.3134083,0.4091513,0.095743
539,6,72,0.30874622,0.40449053,0.09574431
536,6,69,0.31232464,0.408072,0.09574735
1776,21,68,0.3029587,0.39870852,0.095749825
1946,23,74,0.30054444,0.3962959,0.095751464
3034,37,65,0.2994809,0.3952429,0.095762014
1385,16,91,0.29917628,0.39496076,0.095784485
2584,31,72,0.3008897,0.39667684,0.09578714
1699,20,73,0.30075207,0.3965444,0.09579232
2583,31,71,0.30215898,0.3979595,0.09580052
2122,25,87,0.2972091,0.3930117,0.095802575
2885,35,65,0.30280814,0.39861098,0.09580284
64,0,79,0.30767378,0.40348572,0.09581193
3686,47,90,0.29311302,0.38892874,0.09581572
1858,22,68,0.30230033,0.39812034,0.09582001
782,9,69,0.3109054,0.40672597,0.095820576
1284,15,73,0.30617383,0.40201133,0.0958375
3258,40,79,0.28283325,0.37867227,0.09583902
1619,19,76,0.30142096,0.39726686,0.09584591
1780,21,72,0.30087852,0.39672682,0.09584829
2182,26,66,0.30231878,0.3981732,0.09585443
2279,27,83,0.29835308,0.39420837,0.095855296
1710,20,84,0.296988,0.39285326,0.09586525
943,11,64,0.31284177,0.4087148,0.09587303
1616,19,73,0.30127674,0.39716017,0.09588343
2502,30,68,0.30588162,0.40176702,0.095885396
2203,26,87,0.29708248,0.39298552,0.09590304
691,8,60,0.31597883,0.41188645,0.09590763
2282,27,86,0.297077,0.39298546,0.09590846
3832,50,79,0.29674605,0.39266303,0.09591699
1883,22,93,0.29351246,0.38944152,0.09592906
934,11,55,0.3237096,0.41964808,0.095938474
963,11,84,0.29682207,0.3927644,0.09594232
941,11,62,0.3129354,0.40887868,0.09594327
874,10,78,0.3032176,0.3991613,0.09594372
1698,20,72,0.301178,0.3971354,0.0959574
944,11,65,0.31262085,0.40858582,0.09596497
615,7,66,0.3140032,0.40997604,0.095972836
1027,12,65,0.31188163,0.4078582,0.09597656
1020,12,58,0.31637976,0.41236776,0.095988005
2029,24,75,0.3008717,0.39686605,0.09599435
1106,13,61,0.31240892,0.40840423,0.09599531
2280,27,84,0.29788658,0.39388794,0.09600136
789,9,76,0.3058708,0.40187994,0.096009135
871,10,75,0.30708608,0.40309703,0.09601095
2659,32,69,0.30404818,0.400067,0.09601882
2020,24,66,0.30245075,0.39847407,0.09602332
521,6,54,0.324159,0.4201873,0.0960283
1117,13,72,0.3076727,0.40370873,0.09603602
1206,14,78,0.30728236,0.40332416,0.0960418
950,11,71,0.30862948,0.40469873,0.09606925
684,8,53,0.32595232,0.42203224,0.096079916
699,8,68,0.3116366,0.4077194,0.09608281
1615,19,72,0.3015341,0.39763078,0.096096694
1528,18,68,0.3045894,0.40068898,0.096099585
1288,15,77,0.307776,0.4038775,0.09610149
2658,32,68,0.30564937,0.4017524,0.09610304
2888,35,68,0.2984531,0.39457276,0.09611967
2580,31,68,0.3064182,0.40254253,0.09612432
1024,12,62,0.31250912,0.4086345,0.096125394
605,7,56,0.32018414,0.41632494,0.0961408
2277,27,81,0.29831147,0.39448476,0.09617329
853,10,57,0.3180144,0.41418824,0.09617382
3262,40,83,0.2884827,0.384663,0.09618029
3779,49,77,0.29336217,0.38955575,0.09619358
1108,13,63,0.31205484,0.40826714,0.0962123
1293,15,82,0.3016438,0.3978573,0.09621352
3261,40,82,0.28645802,0.382672,0.096214
1624,19,81,0.30089965,0.39711857,0.096218914
3189,39,78,0.28528827,0.38152143,0.09623316
3780,49,78,0.29489353,0.39113596,0.09624243
1863,22,73,0.30031103,0.39655605,0.09624502
3554,45,57,0.29689825,0.39314717,0.096248925
1123,13,78,0.30678323,0.40305322,0.096269995
866,10,70,0.3099558,0.40622738,0.096271574
63,0,78,0.30835357,0.404631,0.096277416
1696,20,70,0.30187026,0.39814878,0.09627852
3742,48,92,0.293976,0.39026052,0.09628451
2421,29,66,0.30615613,0.40244287,0.096286744
859,10,63,0.31358027,0.40987176,0.09629148
2130,25,95,0.29561386,0.39191002,0.09629616
1537,18,77,0.30266964,0.39896777,0.09629813
2579,31,67,0.30797824,0.4042794,0.09630117
3180,39,69,0.2912034,0.3875059,0.09630248
1286,15,75,0.30792964,0.40423387,0.09630424
954,11,75,0.30753127,0.40384245,0.09631118
3061,37,92,0.29584956,0.39216363,0.09631407
1202,14,74,0.30851626,0.40483284,0.096316576
3204,39,93,0.29705483,0.39337182,0.09631699
1636,19,93,0.29687068,0.39320943,0.09633875
3433,43,55,0.30405262,0.40039387,0.09634125
1939,23,67,0.30284476,0.39919886,0.0963541
2660,32,70,0.30276954,0.39913008,0.096360534
1120,13,75,0.30905396,0.40541875,0.096364796
685,8,54,0.32396516,0.42033514,0.09636998
62,0,77,0.3090695,0.4054431,0.09637359
1382,16,88,0.29780957,0.3941872,0.09637764
2196,26,80,0.29966837,0.3960473,0.09637892
2278,27,82,0.29853725,0.3949374,0.09640014
1289,15,78,0.30664307,0.40304676,0.09640369
704,8,73,0.30653298,0.4029393,0.09640631
1534,18,74,0.30227548,0.39868954,0.09641406
1450,17,73,0.3028923,0.39930722,0.09641492
3259,40,80,0.28353792,0.37996104,0.09642312
1793,21,85,0.29566246,0.39210168,0.09643921
870,10,74,0.30696058,0.40340286,0.09644228
1612,19,69,0.30277938,0.39922187,0.09644249
1613,19,70,0.30226505,0.39870778,0.09644273
771,9,58,0.31680962,0.41326717,0.09645754
1800,21,92,0.29298812,0.38944668,0.096458554
3107,38,66,0.2969,0.39337254,0.09647253
956,11,77,0.30602336,0.40249956,0.0964762
1287,15,76,0.3082015,0.40467945,0.096477956
1368,16,74,0.30520403,0.40168342,0.096479386
1465,17,88,0.29570088,0.3921968,0.09649593
772,9,59,0.3157085,0.41220707,0.09649858
1552,18,92,0.29677153,0.3932747,0.09650317
2211,26,95,0.2968831,0.39339712,0.09651402
617,7,68,0.31212023,0.40863553,0.0965153
2504,30,70,0.3030778,0.39960366,0.09652588
773,9,60,0.3149006,0.41143548,0.09653488
1697,20,71,0.30172193,0.39826187,0.096539944
960,11,81,0.2986422,0.39518452,0.09654233
2362,28,86,0.29689115,0.39344427,0.09655312
1538,18,78,0.30270454,0.3992609,0.096556365
852,10,56,0.32025206,0.41681713,0.09656507
3507,44,79,0.28738385,0.3839535,0.09656966
959,11,80,0.3003208,0.39689368,0.096572876
966,11,87,0.2994332,0.39600945,0.09657624
1376,16,82,0.30164742,0.3982357,0.096588284
964,11,85,0.2973208,0.3939198,0.09659898
2262,27,66,0.30340385,0.4000126,0.09660876
1614,19,71,0.30204388,0.39865404,0.09661016
965,11,86,0.2982954,0.3949092,0.096613795
1959,23,87,0.29604295,0.39265743,0.09661448
2500,30,66,0.30759722,0.40421647,0.09661925
957,11,78,0.30424634,0.40087053,0.096624196
2113,25,78,0.3016487,0.39828646,0.096637756
1134,13,89,0.30189103,0.39853764,0.09664661
3096,38,54,0.30817586,0.40484792,0.09667206
873,10,77,0.30510086,0.40177727,0.09667641
621,7,72,0.30792934,0.4046059,0.09667656
1876,22,86,0.29572606,0.39240342,0.09667736
2112,25,77,0.30136526,0.3980443,0.09667903
522,6,55,0.32262328,0.41930696,0.09668368
1107,13,62,0.3122857,0.4089716,0.096685916
692,8,61,0.31564018,0.41234142,0.096701235
2889,35,69,0.2974358,0.39415202,0.096716225
961,11,82,0.29748154,0.3942187,0.096737176
2662,32,72,0.30016258,0.39690045,0.09673786
1882,22,92,0.29303122,0.38977534,0.09674412
1381,16,87,0.29731828,0.3940645,0.09674621
857,10,61,0.3134762,0.41022724,0.096751034
1695,20,69,0.30230638,0.3990827,0.09677631
2505,30,71,0.30198935,0.39876693,0.09677759
1466,17,89,0.29600388,0.3927887,0.09678483
770,9,57,0.31808197,0.41487685,0.09679487
2503,30,69,0.30436084,0.40116364,0.0968028
1022,12,60,0.31290352,0.40971386,0.09681034
2947,36,52,0.3103133,0.40712473,0.096811414
1720,20,94,0.29705673,0.39386895,0.09681222
1370,16,76,0.30639997,0.40322006,0.096820086
3330,41,86,0.2919526,0.3887848,0.096832186
2501,30,67,0.30720326,0.40403554,0.096832275
3263,40,84,0.29002166,0.38685516,0.0968335
775,9,62,0.3144075,0.41125435,0.09684685
939,11,60,0.31312066,0.40996882,0.09684816
1298,15,87,0.29858705,0.39543638,0.09684932
958,11,79,0.3022379,0.3990874,0.0968495
1034,12,72,0.30769077,0.40454248,0.09685171
1301,15,90,0.30061612,0.3974777,0.09686157
2123,25,88,0.29684165,0.39370358,0.09686193
1299,15,88,0.2995371,0.39641383,0.09687674
2422,29,67,0.30587387,0.40276262,0.09688875
768,9,55,0.3222069,0.41911006,0.096903145
851,10,55,0.32286018,0.41977003,0.09690985
936,11,57,0.3182618,0.41517302,0.09691122
3115,38,74,0.2873003,0.3842128,0.0969125
3516,44,88,0.2940507,0.39098006,0.09692937
1451,17,74,0.3035112,0.4004423,0.0969311
2989,36,94,0.30064324,0.3975893,0.09694606
687,8,56,0.3197178,0.4166677,0.096949905
1535,18,75,0.30250973,0.39947686,0.09696713
3687,47,91,0.29262295,0.38959116,0.096968204
1536,18,76,0.30261004,0.3995815,0.09697145
1779,21,71,0.30138963,0.39836118,0.09697154
1862,22,72,0.30058315,0.39756495,0.09698179
2886,35,66,0.30115402,0.39814618,0.096992165
1369,16,75,0.30606204,0.4030551,0.09699306
856,10,60,0.31388068,0.41088197,0.097001284
602,7,53,0.32555842,0.42256773,0.0970093
2283,27,87,0.29690218,0.3939173,0.09701511
3743,48,93,0.29401323,0.39102986,0.09701663
1452,17,75,0.3041063,0.40113539,0.09702909
2988,36,93,0.2987831,0.39582506,0.097041965
2360,28,84,0.29783243,0.39488652,0.097054094
2506,30,72,0.30090654,0.39796782,0.09706128
3188,39,77,0.2856266,0.38269305,0.09706646
1945,23,73,0.30033466,0.39740735,0.09707269
2813,34,69,0.30008954,0.39717093,0.09708139
858,10,62,0.3135312,0.41061425,0.09708306
3877,51,58,0.2977623,0.39484552,0.09708321
2736,33,69,0.30240083,0.39949623,0.0970954
2284,27,88,0.29663137,0.39373302,0.09710166
1021,12,59,0.31428626,0.4114049,0.097118646
686,8,55,0.32173786,0.41886136,0.0971235
1040,12,78,0.3055953,0.40276116,0.09716585
854,10,58,0.31631273,0.41349104,0.09717831
2585,31,73,0.29973558,0.39693314,0.09719756
3574,45,89,0.29351246,0.39071396,0.0972015
1778,21,70,0.3014053,0.39861456,0.097209245
940,11,61,0.31273225,0.4099449,0.09721264
3608,46,54,0.3059816,0.403197,0.097215384
872,10,76,0.3065317,0.40375835,0.09722665
620,7,71,0.30931813,0.4065455,0.097227365
1023,12,61,0.31238127,0.40961507,0.0972338
2363,28,87,0.29671052,0.3939488,0.09723827
1455,17,78,0.30404654,0.40129822,0.09725168
3190,39,79,0.2850378,0.38228953,0.09725174
3402,42,95,0.297899,0.39515343,0.097254425
3338,41,94,0.29793853,0.39520758,0.09726906
2101,25,66,0.302015,0.39929545,0.09728044
2663,32,73,0.29883096,0.3961131,0.09728214
3387,42,80,0.285773,0.38306692,0.09729391
603,7,54,0.32374933,0.42104483,0.09729549
1037,12,75,0.30825415,0.40555552,0.097301364
1625,19,82,0.29998037,0.3972847,0.097304314
1711,20,85,0.2948998,0.39220572,0.09730592
1718,20,92,0.2937387,0.39105132,0.09731263
3828,50,75,0.29071167,0.38802937,0.097317696
3249,40,70,0.2882417,0.3855597,0.09731799
1626,19,83,0.29872197,0.39605117,0.0973292
867,10,71,0.3089998,0.4063385,0.097338706
1372,16,78,0.30551046,0.40286115,0.09735069
1371,16,77,0.30617413,0.40353075,0.09735662
1803,21,95,0.29696915,0.3943338,0.097364664
2342,28,66,0.3047533,0.40212026,0.09736696
3133,38,92,0.29504302,0.39241633,0.09737331
3394,42,87,0.2929312,0.39030486,0.097373664
1940,23,68,0.30164465,0.39902407,0.097379416
1459,17,82,0.30098018,0.39838508,0.0974049
3235,40,52,0.31032038,0.40772852,0.097408146
1041,12,79,0.30346045,0.4008894,0.09742895
1050,12,88,0.3007374,0.39817384,0.09743643
2110,25,75,0.3006291,0.39808565,0.097456545
2364,28,88,0.29644594,0.3939044,0.09745845
2028,24,74,0.3006919,0.39816386,0.09747195
3631,46,90,0.29259843,0.3900723,0.09747386
1453,17,76,0.30435705,0.40184662,0.097489566
1119,13,74,0.30854785,0.406041,0.09749314
1539,18,79,0.30258292,0.40008134,0.09749842
3272,40,93,0.2965708,0.39407164,0.09750083
1454,17,77,0.30428398,0.40179282,0.09750885
953,11,74,0.30728012,0.4047895,0.097509384
1542,18,82,0.30019346,0.39771006,0.0975166
688,8,57,0.3182977,0.4158169,0.09751919
3884,51,80,0.2978663,0.39541668,0.09755036
3833,50,80,0.29808888,0.3956454,0.09755653
1943,23,71,0.3005425,0.39811105,0.09756854
3264,40,85,0.29048306,0.38805583,0.09757277
1464,17,87,0.29563808,0.3932193,0.09758121
1048,12,86,0.29849643,0.3960786,0.09758216
1543,18,83,0.2991587,0.39675003,0.09759134
1944,23,72,0.30039454,0.39800927,0.097614735
2361,28,85,0.29728502,0.3949011,0.09761608
2737,33,70,0.30127499,0.39891228,0.097637296
1118,13,73,0.30800712,0.40566364,0.09765652
3883,51,79,0.29705375,0.39471373,0.097659975
619,7,70,0.31030628,0.4079675,0.09766123
1861,22,71,0.30088934,0.3985524,0.097663045
2111,25,76,0.30090415,0.3985706,0.09766644
1036,12,74,0.30790868,0.40557995,0.09767127
2990,36,95,0.30211505,0.39978993,0.09767488
2204,26,88,0.29684314,0.39452484,0.0976817
3457,43,88,0.2932384,0.3909363,0.097697884
769,9,56,0.3198617,0.41757673,0.09771502
2027,24,73,0.30056435,0.39828485,0.097720504
2442,29,87,0.29634893,0.39408204,0.09773311
1719,20,93,0.29514682,0.3928813,0.09773448
2109,25,74,0.30074906,0.39848948,0.09774041
1777,21,69,0.30177617,0.39951783,0.09774166
2738,33,71,0.30012798,0.39787892,0.09775093
3117,38,76,0.28868666,0.38644317,0.097756505
2423,29,68,0.30486763,0.40263596,0.09776834
2965,36,70,0.29381654,0.39159796,0.09778142
2359,28,83,0.29821292,0.3959949,0.097781986
937,11,58,0.31606355,0.41385385,0.0977903
2042,24,88,0.2962324,0.39402345,0.097791046
2507,30,73,0.30002093,0.39781907,0.09779814
618,7,69,0.3112057,0.40900508,0.09779939
1373,16,79,0.30471957,0.40252578,0.097806215
1217,14,89,0.3015524,0.39935967,0.09780726
2987,36,92,0.29616642,0.39397624,0.09780982
3193,39,82,0.28594017,0.38375926,0.09781909
1967,23,95,0.2950931,0.39291432,0.097821236
2961,36,66,0.29947937,0.3973119,0.09783253
1124,13,79,0.30460465,0.40244672,0.09784207
3260,40,81,0.2846856,0.38254347,0.09785786
2963,36,68,0.2964855,0.39434737,0.097861856
3720,48,56,0.2977823,0.39565927,0.097876966
3830,50,77,0.2945918,0.39248234,0.097890526
2958,36,63,0.3038543,0.40174523,0.09789094
3323,41,79,0.2824841,0.38039294,0.097908825
2343,28,67,0.3045226,0.4024453,0.09792268
2964,36,69,0.2951362,0.3930631,0.097926885
2586,31,74,0.29888582,0.39683682,0.097950995
2951,36,56,0.30732703,0.40528557,0.097958535
1042,12,80,0.3014443,0.39941797,0.097973675
962,11,83,0.29684654,0.3948304,0.09798387
938,11,59,0.31428128,0.41228488,0.098003596
2425,29,70,0.3026654,0.40069002,0.09802461
2049,24,95,0.29497007,0.39301595,0.098045886
786,9,73,0.30678144,0.40482998,0.09804854
1627,19,84,0.2971415,0.39519083,0.09804934
3116,38,75,0.28809324,0.38615307,0.09805983
604,7,55,0.32188246,0.41994852,0.09806606
700,8,69,0.31075183,0.40882456,0.09807274
774,9,61,0.31447884,0.41255975,0.0980809
3372,42,57,0.29936036,0.39744607,0.0980857
3119,38,78,0.28866094,0.38675094,0.09808999
2740,33,73,0.29728857,0.39538327,0.0980947
1540,18,80,0.30210438,0.4001992,0.09809482
3827,50,74,0.2880819,0.38619393,0.09811202
1541,18,81,0.3011913,0.3993075,0.09811619
855,10,59,0.31489366,0.41302302,0.09812936
1209,14,81,0.30223116,0.40036383,0.09813267
3401,42,94,0.29667428,0.3948121,0.098137826
1214,14,86,0.29853398,0.39668134,0.09814736
1802,21,94,0.2953402,0.39348924,0.09814903
1877,22,87,0.29473403,0.3928869,0.098152876
2962,36,67,0.2979064,0.3960688,0.09816241
2021,24,67,0.30201325,0.40017873,0.09816548
783,9,70,0.30998352,0.40815464,0.098171115
2424,29,69,0.30371264,0.40190598,0.09819335
3829,50,76,0.29292944,0.39113653,0.09820709
1859,22,69,0.30111474,0.39932528,0.09821054
3192,39,81,0.2850023,0.38323024,0.09822795
1960,23,88,0.29535165,0.3935815,0.098229855
1794,21,86,0.29406205,0.39229697,0.09823492
3430,43,52,0.31214738,0.41038844,0.09824106
1860,22,70,0.30081528,0.39907017,0.09825489
3194,39,83,0.28746307,0.3857188,0.09825572
1210,14,82,0.30120736,0.399469,0.098261625
2739,33,72,0.29862255,0.3968987,0.09827614
1374,16,80,0.30379292,0.40209845,0.09830552
3195,39,84,0.2887571,0.3870683,0.098311216
1457,17,80,0.30301455,0.4013268,0.09831226
2441,29,86,0.2964916,0.39480615,0.09831455
2263,27,67,0.30325893,0.4015924,0.09833348
3118,38,77,0.28890398,0.3872477,0.09834373
868,10,72,0.3078248,0.40617165,0.09834686
1292,15,81,0.30268535,0.4010366,0.09835124
3114,38,73,0.28692684,0.38529012,0.09836328
2898,35,78,0.29516482,0.39353007,0.09836525
3464,43,95,0.29596284,0.3943303,0.09836745
2587,31,75,0.29822928,0.39660186,0.09837258
1384,16,90,0.2985695,0.39694795,0.09837845
1125,13,80,0.30259633,0.40097564,0.098379314
1717,20,91,0.2929017,0.39129803,0.09839633
2358,28,82,0.29812732,0.3965312,0.09840387
3179,39,68,0.29283482,0.39123976,0.098404944
1549,18,89,0.29425317,0.39267075,0.09841758
3797,49,95,0.2956043,0.3940259,0.0984216
3385,42,78,0.2820226,0.3804463,0.09842372
2194,26,78,0.30063748,0.39907002,0.09843254
2025,24,71,0.30045852,0.39889175,0.09843323
3203,39,92,0.29445443,0.39288938,0.098434955
2190,26,74,0.30039236,0.39882806,0.0984357
1456,17,79,0.30367807,0.40213642,0.09845835
1635,19,92,0.29519323,0.39365414,0.09846091
2443,29,88,0.29622605,0.3946879,0.09846184
1885,22,95,0.29566115,0.39412358,0.09846243
2026,24,72,0.30049098,0.3989581,0.09846711
1047,12,85,0.2978378,0.3963259,0.09848809
1290,15,79,0.30522808,0.4037323,0.098504215
1548,18,88,0.293986,0.39250183,0.09851584
1884,22,94,0.2944066,0.3929386,0.09853202
2192,26,76,0.3003263,0.39887303,0.09854674
1035,12,73,0.30759838,0.40615994,0.098561555
1468,17,91,0.29722208,0.39578953,0.098567456
1133,13,88,0.30090123,0.39949137,0.098590136
2365,28,89,0.29588208,0.39448056,0.09859848
2276,27,80,0.29809576,0.39672387,0.098628104
3060,37,91,0.29283306,0.39146873,0.09863567
2427,29,72,0.30081528,0.39947277,0.09865749
3331,41,87,0.29146266,0.39012334,0.09866068
951,11,72,0.30773088,0.40639487,0.098663986
3826,50,58,0.2954843,0.3941512,0.09866691
2108,25,73,0.30084965,0.3995176,0.09866795
1634,19,91,0.29416522,0.3928471,0.09868187
2195,26,79,0.30011338,0.39880428,0.0986909
2107,25,72,0.30083734,0.39953616,0.098698825
2191,26,75,0.3001156,0.39881632,0.09870073
2043,24,89,0.29544297,0.39415154,0.09870857
2193,26,77,0.3007245,0.39944416,0.09871966
3722,48,58,0.2929608,0.3916817,0.09872091
3517,44,89,0.29318774,0.3919163,0.09872857
1712,20,86,0.29334822,0.39207682,0.0987286
3729,48,79,0.29538947,0.39413697,0.09874749
1964,23,92,0.29346165,0.39222702,0.09876537
3395,42,88,0.29227504,0.39104995,0.09877491
1375,16,81,0.30270022,0.40147638,0.09877616
701,8,70,0.30979922,0.40858635,0.09878713
1131,13,86,0.29862466,0.39741272,0.09878805
869,10,73,0.3070681,0.40586022,0.098792106
1458,17,81,0.3020306,0.40083158,0.09880099
1942,23,70,0.3003443,0.39914697,0.098802686
1043,12,81,0.29984343,0.39864823,0.0988048
3109,38,68,0.29407656,0.39289704,0.09882048
3688,47,92,0.29250652,0.39134595,0.09883943
1628,19,85,0.29535526,0.39419788,0.09884262
3257,40,78,0.28254068,0.38141385,0.09887317
3778,49,76,0.2916641,0.39055276,0.098888665
952,11,73,0.30721596,0.40611354,0.09889758
2189,26,73,0.3007885,0.3996918,0.0989033
1941,23,69,0.3006317,0.39953974,0.09890804
2357,28,81,0.2974265,0.39633724,0.09891075
2814,34,70,0.2991081,0.39802405,0.098915964
2044,24,90,0.29461643,0.3935405,0.09892407
2664,32,74,0.29790464,0.3968288,0.09892416
703,8,72,0.30752242,0.40645435,0.09893194
3386,42,79,0.28379306,0.3827281,0.09893504
1045,12,83,0.29806983,0.39701763,0.09894779
1300,15,89,0.30013072,0.39908463,0.0989539
1460,17,83,0.29993397,0.3989043,0.098970324
3132,38,91,0.2924755,0.39144698,0.098971486
2444,29,89,0.29579666,0.39477938,0.09898272
1049,12,87,0.29954258,0.39852634,0.098983765
2890,35,70,0.29635966,0.39534745,0.09898779
3196,39,85,0.28921342,0.38821316,0.09899974
3337,41,93,0.29607224,0.39507827,0.09900603
1383,16,89,0.2981677,0.3972002,0.09903249
1044,12,82,0.29877463,0.39780757,0.09903294
2426,29,71,0.30174878,0.40078825,0.099039465
2183,26,67,0.30209172,0.40113443,0.09904271
1799,21,91,0.2924359,0.39147988,0.099043965
1207,14,79,0.3052823,0.40434077,0.09905848
3265,40,86,0.2903703,0.3894522,0.0990819
784,9,71,0.3089153,0.40799898,0.09908369
702,8,71,0.30877867,0.40786323,0.099084556
3036,37,67,0.29671267,0.3957986,0.09908593
2666,32,76,0.29689077,0.3959769,0.099086136
2508,30,74,0.29936144,0.39845654,0.099095106
2124,25,89,0.295981,0.39507774,0.099096745
2438,29,83,0.29801384,0.39711294,0.0990991
3974,53,57,0.3056595,0.4047692,0.09910971
2345,28,69,0.3029949,0.40210998,0.09911507
1208,14,80,0.30351743,0.40263572,0.09911829
3122,38,81,0.2868138,0.3859355,0.09912169
3302,41,52,0.31063062,0.40976095,0.09913033
2285,27,89,0.29597667,0.39511147,0.0991348
3728,48,78,0.29342526,0.39256433,0.099139065
1966,23,94,0.29412258,0.39326537,0.09914279
2106,25,71,0.30079067,0.3999355,0.099144846
785,9,72,0.3076655,0.40681177,0.09914628
2264,27,68,0.30283734,0.40198493,0.09914759
2588,31,76,0.29754937,0.39671674,0.09916738
3458,43,89,0.29266557,0.3918354,0.09916982
3124,38,83,0.2876882,0.3868583,0.09917012
2914,35,94,0.29938388,0.39855963,0.09917575
2665,32,75,0.2973499,0.3965433,0.099193394
3123,38,82,0.28692657,0.38612068,0.09919411
2102,25,67,0.30165926,0.40087008,0.09921083
1377,16,83,0.3005576,0.39978182,0.09922421
2509,30,75,0.2987076,0.39793295,0.09922534
2024,24,70,0.3003133,0.3995416,0.09922829
3042,37,73,0.28901497,0.38824886,0.099233896
2271,27,75,0.2995486,0.39880443,0.09925583
1878,22,88,0.29426128,0.39351755,0.09925628
1965,23,93,0.29360595,0.3928693,0.09926334
3046,37,77,0.29154506,0.39081982,0.099274755
2346,28,70,0.30225486,0.40154824,0.09929338
3266,40,87,0.2901239,0.38942045,0.09929654
1215,14,87,0.2994179,0.3987334,0.099315494
3049,37,80,0.29048425,0.389818,0.09933376
3781,49,79,0.2965076,0.39584264,0.099335045
2522,30,88,0.29531723,0.39465412,0.09933689
1046,12,84,0.2977314,0.39706975,0.09933835
2440,29,85,0.29693165,0.3962839,0.09935224
3447,43,78,0.2830026,0.38235512,0.09935254
2523,30,89,0.29510918,0.39447913,0.09936994
2986,36,91,0.29304534,0.3924229,0.09937757
2275,27,79,0.29847887,0.39786074,0.099381864
1291,15,80,0.30391416,0.40329763,0.09938347
3045,37,76,0.29102325,0.39040986,0.0993866
2510,30,76,0.29792398,0.397314,0.09939003
2344,28,68,0.30383277,0.40325454,0.09942177
2439,29,84,0.2975878,0.39701015,0.099422336
3121,38,80,0.2874023,0.3868412,0.099438906
2428,29,73,0.3000978,0.3995379,0.0994401
3775,49,58,0.29386488,0.39330518,0.09944031
3435,43,57,0.29876822,0.39821467,0.099446446
3191,39,80,0.28480747,0.38425693,0.099449456
2356,28,80,0.29674584,0.3961994,0.09945357
1881,22,91,0.29287535,0.39233795,0.0994626
3048,37,79,0.29124627,0.39071813,0.09947187
2125,25,90,0.29505086,0.39452755,0.099476695
1216,14,88,0.3006721,0.4001624,0.099490285
2667,32,77,0.29660657,0.39611167,0.0995051
3178,39,67,0.29415917,0.39367867,0.09951949
3321,41,77,0.28111023,0.3806405,0.09953028
3332,41,88,0.29116467,0.39069733,0.099532664
1550,18,90,0.2948614,0.39440027,0.09953886
1467,17,90,0.296486,0.3960308,0.09954482
3023,37,54,0.30903158,0.40859506,0.09956348
3040,37,71,0.2904221,0.38998765,0.099565536
2521,30,87,0.29539752,0.3949663,0.099568784
3050,37,81,0.28962594,0.38919497,0.09956902
1629,19,86,0.29383737,0.3934475,0.09961012
2354,28,78,0.29756945,0.39717972,0.09961027
3187,39,76,0.2858375,0.3854538,0.09961629
2205,26,89,0.2960593,0.3956761,0.099616796
2272,27,76,0.29953784,0.3991677,0.09962985
3250,40,71,0.2861775,0.38582036,0.09964287
2974,36,79,0.2938841,0.39353967,0.09965557
3314,41,70,0.28664854,0.3863115,0.09966296
2434,29,79,0.2958479,0.39551416,0.09966627
1963,23,91,0.2935885,0.39327076,0.09968227
2045,24,91,0.2940409,0.39375138,0.099710494
3041,37,72,0.28937125,0.38909563,0.09972438
2022,24,68,0.30115747,0.4008979,0.099740416
1132,13,87,0.29960892,0.39938974,0.09978083
2023,24,69,0.30043373,0.40021688,0.09978315
1126,13,81,0.3011331,0.40092674,0.09979364
1294,15,83,0.30057868,0.4003772,0.09979853
2975,36,80,0.29337725,0.39317805,0.099800795
2431,29,76,0.29821056,0.39801282,0.099802256
3125,38,84,0.28843638,0.38825694,0.099820554
3744,48,94,0.29393828,0.39375988,0.0998216
1297,15,86,0.29808542,0.3979087,0.099823266
1544,18,84,0.29793447,0.39775947,0.099824995
3271,40,92,0.2943726,0.3942147,0.0998421
2352,28,76,0.298735,0.39857823,0.099843234
2353,28,77,0.29828888,0.3981587,0.09986982
2430,29,75,0.29894283,0.39882,0.09987718
3304,41,54,0.30652568,0.40640345,0.099877775
2432,29,77,0.29733062,0.397215,0.09988439
3256,40,77,0.2827051,0.38259783,0.099892735
2351,28,75,0.29912338,0.3990244,0.09990102
1130,13,85,0.2983431,0.3982509,0.099907815
1795,21,87,0.29338145,0.39329574,0.09991428
2274,27,78,0.29925528,0.39917648,0.0999212
2973,36,78,0.29389817,0.39382043,0.09992227
3120,38,79,0.28814322,0.38807794,0.09993473
3446,43,77,0.28106606,0.381002,0.09993595
3113,38,72,0.28747278,0.38742658,0.0999538
1551,18,91,0.29563403,0.39559504,0.09996101
2912,35,92,0.29534587,0.39533922,0.09999335
2348,28,72,0.30085394,0.4008607,0.10000676
3039,37,70,0.29177237,0.3917908,0.10001844
3047,37,78,0.29162398,0.39164323,0.10001925
3632,46,91,0.29196966,0.39199457,0.10002491
2126,25,91,0.29449347,0.39454633,0.10005286
2915,35,95,0.30058846,0.4006425,0.100054055
3396,42,89,0.29196212,0.39201713,0.10005501
2972,36,77,0.29351443,0.39357528,0.10006085
2437,29,82,0.29788756,0.39795342,0.10006586
2815,34,71,0.29798433,0.39805406,0.10006973
3320,41,76,0.28112605,0.3812302,0.10010415
2265,27,69,0.30230045,0.40240476,0.1001043
2433,29,78,0.29639378,0.39650995,0.10011616
3037,37,68,0.2950916,0.39521614,0.10012454
2355,28,79,0.2967986,0.396927,0.10012841
2273,27,77,0.29965726,0.39979017,0.10013291
2429,29,74,0.29950428,0.3996568,0.10015252
2347,28,71,0.30159134,0.4017503,0.10015896
2048,24,94,0.2942158,0.39437705,0.100161254
2270,27,74,0.2999534,0.40014687,0.10019347
3202,39,91,0.2923058,0.39250302,0.100197226
2589,31,77,0.29693386,0.39713392,0.10020006
2911,35,91,0.29265347,0.39286736,0.100213885
3384,42,77,0.2807808,0.381005,0.1002242
2741,33,74,0.29644707,0.3966787,0.10023162
2188,26,72,0.3010127,0.40128872,0.10027602
2743,33,76,0.29595727,0.3962482,0.100290924
2435,29,80,0.29607657,0.39636832,0.10029176
3110,38,69,0.2922268,0.39253816,0.10031137
2269,27,73,0.30051264,0.40082753,0.100314885
3044,37,75,0.29024637,0.39056143,0.100315064
2897,35,77,0.29466766,0.39498386,0.1003162
1129,13,84,0.2987322,0.39905894,0.10032675
1128,13,83,0.2993201,0.39965847,0.10033837
1462,17,85,0.29734716,0.39769092,0.100343764
2913,35,93,0.2976261,0.3979853,0.1003592
2445,29,90,0.29555607,0.39594185,0.100385785
3689,47,93,0.292511,0.3928981,0.100387126
3667,47,58,0.29283196,0.3932266,0.10039464
2187,26,71,0.3012159,0.40161446,0.10039857
1796,21,88,0.2932854,0.39369172,0.10040632
3197,39,86,0.28916326,0.389571,0.10040775
1962,23,90,0.29403138,0.39444476,0.10041338
1545,18,85,0.29639125,0.3968063,0.10041505
3463,43,94,0.29511568,0.3955356,0.10041991
3506,44,78,0.28418678,0.38462055,0.10043377
2206,26,90,0.2952812,0.39572662,0.10044542
3165,39,52,0.310246,0.41070145,0.10045546
3127,38,86,0.28832883,0.38879532,0.10046649
2511,30,77,0.29699114,0.3974639,0.10047275
2349,28,73,0.30021602,0.40070125,0.100485235
2899,35,79,0.29544663,0.3959386,0.10049197
2524,30,90,0.29519898,0.39569554,0.10049656
3575,45,90,0.29264894,0.39315134,0.1005024
1127,13,82,0.30012143,0.40063104,0.100509614
3052,37,83,0.28893545,0.38945422,0.10051876
2350,28,74,0.29962605,0.40016577,0.100539714
3126,38,85,0.28853235,0.38912427,0.10059193
3051,37,82,0.2891023,0.3897065,0.10060421
3043,37,74,0.2893903,0.38999796,0.10060766
2668,32,78,0.29650152,0.39711034,0.100608826
1715,20,89,0.29270393,0.393321,0.10061708
1378,16,84,0.29939887,0.40002102,0.10062215
1547,18,87,0.29413283,0.39477444,0.10064161
2744,33,77,0.29602143,0.39666688,0.10064545
3248,40,69,0.29006252,0.3907219,0.10065937
2047,24,93,0.2938712,0.39456666,0.10069546
1212,14,84,0.29938668,0.40008643,0.10069975
1463,17,86,0.296166,0.39687014,0.10070413
2591,31,79,0.2962675,0.39698935,0.100721836
3555,45,58,0.2941423,0.39487144,0.10072914
2514,30,80,0.2961425,0.39687562,0.10073313
2520,30,86,0.2955424,0.39627612,0.10073373
3322,41,78,0.28152537,0.38226423,0.10073885
2184,26,68,0.30170667,0.40246415,0.10075748
2512,30,78,0.2961979,0.39695752,0.100759625
2436,29,81,0.29703906,0.3978024,0.10076335
2513,30,79,0.29582915,0.39660853,0.100779384
2600,31,88,0.2937024,0.3944938,0.100791395
3400,42,93,0.2953969,0.3961923,0.10079542
1713,20,87,0.29273427,0.39353943,0.10080516
3054,37,85,0.28833386,0.38914946,0.100815594
2601,31,89,0.29381198,0.39463562,0.10082364
2745,33,78,0.2962209,0.3970448,0.10082391
1961,23,89,0.2946528,0.39548677,0.10083398
3315,41,71,0.28477672,0.38561797,0.100841254
1797,21,89,0.29292655,0.3937811,0.100854546
2104,25,69,0.3007159,0.40158904,0.10087314
3518,44,90,0.29274234,0.3936381,0.10089576
2291,27,95,0.29825833,0.39915556,0.10089722
2976,36,81,0.29245752,0.3933608,0.10090327
2590,31,78,0.2964628,0.39737457,0.10091177
2602,31,90,0.29436618,0.39528432,0.100918144
1379,16,85,0.29810384,0.39903194,0.1009281
3745,48,95,0.29399586,0.39494404,0.100948185
3318,41,74,0.2812516,0.3822197,0.10096809
2823,34,79,0.29617563,0.39715,0.10097438
2891,35,71,0.29530096,0.39628723,0.10098627
2516,30,82,0.29753107,0.39853066,0.100999594
2742,33,75,0.29609653,0.39710948,0.101012945
2103,25,68,0.30112946,0.4021474,0.10101795
3319,41,75,0.2812448,0.3822682,0.101023376
3181,39,70,0.28928977,0.3903179,0.101028115
3333,41,89,0.29116088,0.39219072,0.10102984
2971,36,76,0.29288688,0.39392123,0.10103434
3186,39,75,0.28564098,0.38668314,0.10104215
2268,27,72,0.30101562,0.40207624,0.10106063
2680,32,90,0.29298815,0.39406192,0.10107377
1798,21,90,0.29250377,0.39358234,0.10107857
1295,15,84,0.29953277,0.4006258,0.101093024
2746,33,79,0.2964467,0.3975429,0.10109618
3691,47,95,0.29262465,0.39372587,0.10110122
3267,40,88,0.29010913,0.3912119,0.10110277
2366,28,90,0.29553878,0.396642,0.10110322
3053,37,84,0.2887752,0.38988468,0.101109475
2286,27,90,0.295468,0.3965783,0.10111031
1296,15,85,0.29849297,0.39961442,0.101121455
2966,36,71,0.29266858,0.39379713,0.10112855
2821,34,77,0.2953797,0.39652935,0.10114965
1461,17,84,0.298758,0.39991432,0.101156324
3100,38,58,0.30134308,0.40250644,0.10116336
1213,14,85,0.298638,0.39981413,0.10117614
3491,44,52,0.31312054,0.41430414,0.10118359
2978,36,83,0.29038212,0.39156818,0.10118607
3551,45,54,0.3063388,0.40752843,0.10118964
1714,20,88,0.29276192,0.3939527,0.101190776
2129,25,94,0.29490292,0.39609805,0.10119513
3059,37,90,0.29031694,0.39154175,0.10122481
2669,32,79,0.29649365,0.39772448,0.10123083
3112,38,71,0.2887767,0.39002675,0.10125005
2900,35,80,0.2951264,0.39637738,0.10125098
3459,43,90,0.2926316,0.39388272,0.101251125
2822,34,78,0.2958302,0.39708492,0.10125473
2517,30,83,0.29723576,0.39854282,0.101307064
2759,33,92,0.29484683,0.3961618,0.10131496
3677,47,81,0.29888162,0.400199,0.101317376
2592,31,80,0.29650533,0.3978284,0.10132307
2979,36,84,0.28932053,0.39064845,0.101327926
3523,44,95,0.2941315,0.39546296,0.10133147
3251,40,72,0.28429586,0.38563493,0.10133907
3445,43,76,0.28000665,0.38134986,0.101343215
1211,14,83,0.30027828,0.40163854,0.10136026
1632,19,89,0.29313138,0.39449286,0.10136148
3397,42,90,0.29227194,0.39363557,0.10136363
2046,24,92,0.29382685,0.3952147,0.10138786
3462,43,93,0.2942155,0.39560485,0.10138935
2105,25,70,0.3006529,0.40205094,0.10139805
2817,34,73,0.29535294,0.39676505,0.10141212
2515,30,81,0.29694793,0.39836517,0.10141724
1880,22,90,0.29314482,0.39457133,0.10142651
3519,44,91,0.29244792,0.39389953,0.101451606
2593,31,81,0.29689273,0.39834794,0.10145521
2207,26,91,0.29495397,0.396418,0.10146403
1879,22,89,0.29368478,0.39516047,0.101475686
2128,25,93,0.29454005,0.39603448,0.10149443
2519,30,85,0.29596168,0.39746052,0.10149884
2977,36,82,0.29147038,0.3929759,0.10150552
2902,35,82,0.2927788,0.3942924,0.101513624
3254,40,75,0.28328267,0.3847981,0.10151544
2985,36,90,0.29021153,0.39173612,0.10152459
3336,41,92,0.29433933,0.39588144,0.101542115
2910,35,90,0.29014352,0.39169666,0.10155314
2681,32,91,0.29438114,0.39594093,0.10155979
1546,18,86,0.29499248,0.39655262,0.101560146
1630,19,87,0.29304415,0.3946275,0.10158336
2599,31,87,0.2938156,0.3954194,0.101603776
2670,32,80,0.29657337,0.39818388,0.10161051
2210,26,94,0.29608223,0.39769953,0.10161731
2758,33,91,0.29296044,0.3945877,0.10162726
3317,41,73,0.28165758,0.3832945,0.10163692
3612,46,58,0.2933309,0.39498666,0.10165575
3564,45,79,0.28938347,0.39104003,0.101656556
1631,19,88,0.2929517,0.39460966,0.10165796
3198,39,87,0.2890012,0.39065957,0.101658374
3634,46,93,0.29162553,0.39328718,0.10166165
2518,30,84,0.29661116,0.39827782,0.10166666
3201,39,90,0.29077855,0.3924606,0.10168207
2747,33,80,0.29638934,0.3980739,0.10168457
2267,27,71,0.3015037,0.4031958,0.10169211
2818,34,74,0.29478517,0.39647758,0.10169241
1716,20,90,0.2926559,0.39435685,0.10170096
2967,36,72,0.29168507,0.39338952,0.10170445
2901,35,81,0.29414886,0.39587423,0.10172537
2525,30,91,0.296116,0.3978422,0.101726204
2816,34,72,0.29653502,0.398273,0.101737976
1633,19,90,0.29354072,0.39529088,0.101750165
2603,31,91,0.2956018,0.39735857,0.10175678
3576,45,91,0.29204157,0.39380145,0.10175988
3522,44,94,0.29345307,0.39523196,0.101778895
3663,47,54,0.30566412,0.40745762,0.1017935
2820,34,76,0.29501626,0.39681703,0.10180077
3690,47,94,0.29246002,0.39427215,0.101812124
2760,33,93,0.2966536,0.39849198,0.10183838
2903,35,83,0.29108426,0.39294028,0.10185602
3383,42,76,0.2801274,0.38199094,0.10186353
2679,32,89,0.29213238,0.39401507,0.101882696
2186,26,70,0.3012188,0.4031022,0.10188338
3726,48,76,0.289297,0.39123142,0.1019344
2980,36,85,0.28826562,0.3902238,0.101958185
2835,34,91,0.29230183,0.39429373,0.10199189
2825,34,81,0.29511112,0.3971143,0.10200319
3367,42,52,0.3112415,0.41324514,0.102003634
3399,42,92,0.29417834,0.39618257,0.10200423
3580,45,95,0.29272008,0.39473435,0.10201427
3131,38,90,0.2905238,0.39254206,0.10201827
2266,27,70,0.30182707,0.40385532,0.10202825
3269,40,90,0.29125574,0.39328882,0.10203308
3776,49,74,0.28688774,0.38892812,0.10204038
2671,32,81,0.2964774,0.3985219,0.10204449
2826,34,82,0.2935991,0.3956445,0.10204539
3055,37,86,0.28772134,0.3897837,0.102062374
2185,26,69,0.30137682,0.403442,0.102065176
2904,35,84,0.28946543,0.39153266,0.10206723
3335,41,91,0.2928165,0.39488813,0.10207164
3182,39,71,0.28738913,0.38946584,0.10207671
3316,41,72,0.28289664,0.38497773,0.10208109
2838,34,94,0.29816237,0.40024346,0.10208109
3038,37,69,0.2934266,0.3955078,0.10208121
2757,33,90,0.29147425,0.39355668,0.10208243
3633,46,92,0.29166624,0.39374933,0.10208309
2678,32,88,0.29173228,0.39382094,0.10208866
3521,44,93,0.29275352,0.39484492,0.1020914
1380,16,86,0.29728177,0.39939162,0.10210985
3270,40,91,0.29255804,0.39467353,0.10211548
3252,40,73,0.28320116,0.38533425,0.102133095
2837,34,93,0.29653475,0.39868966,0.10215491
2970,36,75,0.2920841,0.3942462,0.10216209
2819,34,75,0.2947709,0.3969557,0.1021848
3382,42,75,0.2798993,0.3820927,0.102193415
3128,38,87,0.28810993,0.3903107,0.10220078
3972,53,55,0.31072497,0.41292685,0.10220188
3636,46,95,0.2921025,0.39430824,0.10220575
2756,33,89,0.2903927,0.392599,0.10220629
3460,43,91,0.29295605,0.3951687,0.10221264
2824,34,80,0.29602563,0.39828214,0.10225651
2984,36,89,0.28816947,0.39048752,0.10231805
2598,31,86,0.29406914,0.39639452,0.10232538
2597,31,85,0.2944055,0.39677307,0.10236758
2748,33,81,0.295808,0.3981855,0.102377504
2834,34,90,0.29047933,0.39287275,0.10239342
2836,34,92,0.29450276,0.3968995,0.10239673
2594,31,82,0.29680708,0.3992165,0.10240942
3334,41,90,0.29174381,0.3941552,0.10241139
3255,40,76,0.28313667,0.38555387,0.1024172
2682,32,92,0.29619953,0.39866617,0.10246664
2968,36,73,0.29116976,0.39364356,0.102473795
3199,39,88,0.28910884,0.39159074,0.1024819
3381,42,74,0.27992466,0.38242313,0.10249847
3579,45,94,0.29217622,0.3946892,0.102512985
3185,39,74,0.28507712,0.38760224,0.102525115
3111,38,70,0.29039896,0.3929352,0.10253623
3635,46,94,0.29178295,0.39433387,0.102550924
2827,34,83,0.29166117,0.39422023,0.10255906
2969,36,74,0.2913553,0.39392668,0.10257137
3058,37,89,0.28849852,0.39107153,0.10257301
3398,42,91,0.2930577,0.39563423,0.102576524
2596,31,84,0.29503283,0.3977041,0.102671266
2892,35,72,0.29412332,0.39683002,0.1027067
3461,43,92,0.2934854,0.39620385,0.10271844
3577,45,92,0.2916225,0.39438722,0.102764726
3200,39,89,0.28967535,0.39245254,0.10277718
3782,49,80,0.2982633,0.40109566,0.10283235
2595,31,83,0.29597577,0.3988271,0.10285133
3268,40,89,0.29039505,0.39325577,0.10286072
3130,38,89,0.28909338,0.39196756,0.10287419
3129,38,88,0.28829342,0.39122993,0.102936506
3380,42,73,0.2804075,0.38335302,0.10294554
3578,45,93,0.29170036,0.39465284,0.10295248
2677,32,87,0.29167226,0.39462513,0.10295287
3253,40,74,0.28302395,0.386012,0.102988034
2909,35,89,0.288293,0.3912944,0.103001386
2127,25,92,0.29440123,0.39743352,0.10303229
3727,48,77,0.2914257,0.39447063,0.10304493
2895,35,75,0.29345983,0.39650968,0.103049845
2828,34,84,0.28984267,0.3929429,0.10310024
2446,29,91,0.29611236,0.39925325,0.10314089
3520,44,92,0.2923807,0.39552376,0.103143066
2749,33,82,0.29453927,0.39768523,0.10314596
2367,28,91,0.29582575,0.39900744,0.10318169
2287,27,91,0.2954559,0.39868653,0.103230625
2905,35,85,0.28810987,0.39136067,0.1032508
2833,34,89,0.28901362,0.39228034,0.103266716
2761,33,94,0.29797286,0.4012778,0.10330495
2896,35,76,0.29406753,0.3974155,0.10334796
2371,28,95,0.29917488,0.40255117,0.1033763
3056,37,87,0.2873565,0.39076006,0.10340357
2604,31,92,0.29727325,0.40072075,0.1034475
3676,47,80,0.29617223,0.39965138,0.10347915
2290,27,94,0.29742718,0.4009232,0.103496015
2676,32,86,0.2919207,0.3954357,0.103515
2839,34,95,0.2991906,0.402788,0.1035974
3777,49,75,0.28954625,0.39316198,0.10361573
2683,32,93,0.2977148,0.40134743,0.10363263
2208,26,92,0.2950748,0.3987136,0.1036388
2529,30,95,0.29942986,0.40307036,0.1036405
2526,30,92,0.29751226,0.40117934,0.10366708
3057,37,88,0.2875367,0.391206,0.103669286
3719,48,55,0.30122206,0.40492433,0.10370228
3718,48,54,0.30556676,0.40927047,0.10370371
2894,35,74,0.29307497,0.39678496,0.103709996
3247,40,68,0.29129148,0.395093,0.10380152
3443,43,74,0.2793032,0.38311133,0.103808135
3308,41,58,0.29735515,0.40116635,0.103811204
2750,33,83,0.29268467,0.39653042,0.103845745
2983,36,88,0.28712,0.3910619,0.10394189
3184,39,73,0.28493854,0.38890204,0.103963494
3444,43,75,0.2795178,0.3834855,0.1039677
2672,32,82,0.29573694,0.3997138,0.103976876
3183,39,72,0.28578305,0.38983002,0.10404697
2755,33,88,0.28974062,0.39379492,0.1040543
2893,35,73,0.2932532,0.3973165,0.10406327
2209,26,93,0.29549277,0.39960834,0.104115576
3615,46,74,0.28112894,0.3852583,0.104129344
2449,29,94,0.2991063,0.4032497,0.10414341
2908,35,88,0.28721717,0.3914124,0.10419524
2450,29,95,0.29952267,0.40375134,0.104228675
3675,47,79,0.29361987,0.39786178,0.10424191
2288,27,92,0.29593328,0.40018427,0.104251
2832,34,88,0.28812632,0.39241198,0.10428566
2684,32,94,0.29855043,0.4028705,0.10432008
2605,31,93,0.2985516,0.40292448,0.10437289
3717,48,53,0.31057853,0.41495574,0.10437721
2829,34,85,0.28848627,0.39288113,0.10439485
2981,36,86,0.28745833,0.3919463,0.104487956
3725,48,75,0.28714582,0.39165032,0.104504496
2675,32,85,0.29225063,0.3967614,0.104510754
2907,35,87,0.28692648,0.3914393,0.10451281
2674,32,84,0.29301065,0.3975666,0.104555935
3611,46,57,0.29590228,0.40050396,0.10460168
2831,34,87,0.2876721,0.39230195,0.104629844
2762,33,95,0.29861426,0.4032542,0.10463995
2754,33,87,0.28939465,0.39408034,0.104685694
2527,30,93,0.29868186,0.40340468,0.10472283
2370,28,94,0.29846627,0.4032143,0.10474804
2830,34,86,0.28780955,0.39256546,0.10475591
2673,32,83,0.2943074,0.3991277,0.10482028
2289,27,93,0.29662263,0.4014476,0.10482496
2906,35,86,0.28728923,0.39213958,0.10485035
2447,29,92,0.29727662,0.40217003,0.104893416
2528,30,94,0.29930928,0.4042315,0.104922205
3379,42,72,0.28161037,0.38654533,0.10493496
2751,33,84,0.2910353,0.39597204,0.10493675
2982,36,87,0.28694567,0.39190912,0.10496345
3236,40,53,0.3085099,0.41352478,0.10501489
2448,29,93,0.2983416,0.4033582,0.10501659
2753,33,86,0.28949085,0.39450863,0.10501778
3378,42,71,0.28329778,0.3883704,0.10507262
2752,33,85,0.28994164,0.39511493,0.10517329
3437,43,59,0.2932928,0.3985099,0.1052171
2369,28,93,0.2975754,0.40282553,0.10525012
2368,28,92,0.296661,0.40198055,0.10531956
3431,43,53,0.30959374,0.41501322,0.10541949
3242,40,59,0.29650727,0.40195566,0.105448395
3368,42,53,0.3090888,0.41454867,0.10545987
2607,31,95,0.29912245,0.40476337,0.10564092
2606,31,94,0.29911074,0.40498388,0.10587314
3501,44,73,0.27921215,0.38519663,0.10598448
2685,32,95,0.2987896,0.40481356,0.10602397
3374,42,59,0.29420677,0.40036044,0.10615367
3674,47,78,0.29139107,0.39756647,0.10617539
3030,37,61,0.30233774,0.40861443,0.10627669
3493,44,54,0.3066556,0.41296992,0.10631433
3310,41,60,0.29344684,0.399988,0.10654116
3021,37,52,0.31003892,0.4166398,0.10660088
3673,47,77,0.28906596,0.3956886,0.10662264
3022,37,53,0.30960488,0.4163164,0.10671151
3619,46,78,0.28869173,0.39567405,0.10698232
3500,44,72,0.27931243,0.3864127,0.10710028
3102,38,60,0.29978538,0.4071955,0.10741013
3244,40,61,0.29402083,0.40164202,0.10762119
3672,47,76,0.28669852,0.39433888,0.107640356
3492,44,53,0.30992243,0.4177936,0.107871175
3666,47,57,0.29517645,0.4030712,0.10789475
3723,48,73,0.282664,0.39056247,0.107898474
3671,47,75,0.28459412,0.39255756,0.10796344
3724,48,74,0.28479707,0.39282116,0.10802409
3103,38,62,0.2989913,0.40706003,0.108068734
3432,43,54,0.30683202,0.41493666,0.108104646
3029,37,60,0.3025713,0.41073197,0.108160675
3559,45,74,0.2802678,0.38856322,0.10829541
3033,37,64,0.30054718,0.409137,0.10858983
3106,38,65,0.29765412,0.4063511,0.10869697
3505,44,77,0.28189206,0.39094537,0.109053314
2957,36,62,0.3046297,0.41397318,0.10934347
3303,41,53,0.30861792,0.41798714,0.10936922
3618,46,77,0.2862597,0.3956302,0.1093705
3620,46,79,0.2914954,0.40087444,0.10937902
3606,46,52,0.31447083,0.4238551,0.10938427
3104,38,63,0.29856962,0.40806034,0.10949072
3177,39,66,0.2948836,0.40458217,0.109698564
3369,42,54,0.30675137,0.4165412,0.10978982
3031,37,62,0.30200228,0.4118236,0.10982132
3563,45,78,0.28608784,0.39590997,0.109822124
3662,47,53,0.3102847,0.42012253,0.10983783
3549,45,52,0.31392425,0.42377508,0.109850824
3174,39,61,0.2965015,0.40644318,0.10994169
3309,41,59,0.29521343,0.40515858,0.10994515
3607,46,53,0.31018433,0.42025682,0.11007249
3670,47,74,0.28264567,0.39284086,0.11019519
3661,47,52,0.3148858,0.4252954,0.11040962
3668,47,72,0.2798297,0.39034387,0.110514164
3175,39,64,0.29537946,0.40592676,0.110547304
3550,45,53,0.3100803,0.42127982,0.11119953
3245,40,66,0.29234642,0.40356487,0.11121845
3246,40,67,0.29201636,0.4033635,0.11134714
3176,39,65,0.29520115,0.40664017,0.11143902
3243,40,60,0.29508746,0.4066437,0.11155623
3171,39,58,0.2996072,0.41126904,0.11166185
3241,40,58,0.29828805,0.4100234,0.111735344
3105,38,64,0.29812694,0.41000828,0.111881346
3173,39,60,0.2972231,0.40926093,0.11203784
3166,39,53,0.30878913,0.42093492,0.11214578
3094,38,52,0.31020495,0.42240986,0.11220491
3616,46,75,0.28259423,0.39484543,0.11225119
3614,46,73,0.27999192,0.39225727,0.11226535
3557,45,72,0.27892727,0.3915477,0.11262044
3556,45,71,0.27886543,0.39155272,0.11268729
3558,45,73,0.27947077,0.39227238,0.11280161
3613,46,72,0.27907473,0.3919065,0.11283177
3311,41,67,0.28954506,0.40244105,0.112895995
3498,44,70,0.28061152,0.39358658,0.11297506
3172,39,59,0.2982651,0.4112808,0.11301571
3032,37,63,0.30139112,0.4144404,0.11304927
3669,47,73,0.28105292,0.39411014,0.113057226
3313,41,69,0.28818038,0.4013004,0.11312002
3376,42,69,0.2857587,0.39925605,0.11349735
3028,37,59,0.3029232,0.4167247,0.11380151
3442,43,73,0.2795287,0.3934012,0.1138725
3438,43,69,0.2833456,0.39731315,0.11396754
3504,44,76,0.2807457,0.3949094,0.11416373
3560,45,75,0.2812858,0.39550167,0.11421588
3375,42,68,0.28641757,0.4009005,0.11448294
3562,45,77,0.28365633,0.3982534,0.11459708
3502,44,74,0.27954173,0.3950095,0.11546776
3503,44,75,0.28012672,0.3956357,0.11550897
3439,43,70,0.2826053,0.39839134,0.115786046
3377,42,70,0.28470567,0.40059513,0.11588946
3441,43,72,0.2803586,0.39652982,0.11617121
3101,38,59,0.30041593,0.41663632,0.116220385
3312,41,68,0.28909415,0.40531692,0.11622277
3617,46,76,0.28423658,0.4006166,0.116380006
3095,38,53,0.3092497,0.42682195,0.11757225
3499,44,71,0.2799238,0.3975626,0.1176388
3440,43,71,0.28162417,0.4000459,0.11842173
3561,45,76,0.2822462,0.40142608,0.119179875
